<?xml version="1.0" ?>
<home>
	<summary>
		<price>$259,900</price>
		<bd>1</bd>
		<ba>1</ba>
		<area>801</area>
	</summary>
	<address>
		<street_address>333 W Mifflin St UNIT 1157,</street_address>
		<city_state> Madison, WI 53703</city_state>
	</address>
	<overview>Beautiful 11th floor 1-bedroom + study with Lake Monona views offers the best in city living 3 blocks from the Square! Located close to the University, both lakes, the public library and all downtown restaurants and events, this attractive condo offers maple hardwood floors, cherry cabinets, granite counters, SS appliances with gas stove, walk-in closet, private deck + separate storage. New carpet in master bedroom and freshly painted living room+kitchen. Exceptional building amenities too: onsite property management, fitness center, 1-acre park, guest parking + dog run. Parking space #2048 located on level P2 - parking condo fee $40.93. Storage Unit #347 located on the 3rd floor.Read more</overview>
	<facts>
		<key name="Type:">Condo</key>
		<key name="Year built:">2007</key>
		<key name="Heating:">Heat pump</key>
		<key name="Cooling:">Central</key>
		<key name="Parking:">Attached Garage</key>
		<key name="HOA:">No Data</key>
		<key name="Price/sqft:">$324</key>
	</facts>
	<interior_details>
		<item>
			<item>Bedrooms and bathrooms</item>
			<item>
				<item>Bedrooms: 1</item>
				<item>Bathrooms: 1</item>
				<item>Full bathrooms: 1</item>
			</item>
		</item>
		<item>
			<item>Flooring</item>
			<item>
				<item>Flooring: Hardwood</item>
			</item>
		</item>
		<item>
			<item>Heating</item>
			<item>
				<item>Heating features: Heat pump</item>
			</item>
		</item>
		<item>
			<item>Cooling</item>
			<item>
				<item>Cooling features: Central</item>
			</item>
		</item>
		<item>
			<item>Appliances</item>
			<item>
				<item>Appliances included: Dishwasher, Dryer, Microwave, Range / Oven, Refrigerator, Washer</item>
			</item>
		</item>
		<item>
			<item>Other interior features</item>
			<item>
				<item>Total interior livable area: 801 sqft</item>
				<item>Virtual tour: View virtual tour</item>
			</item>
		</item>
	</interior_details>
	<property_details>
		<item>
			<item>Parking</item>
			<item>
				<item>Parking features: Attached Garage</item>
			</item>
		</item>
		<item>
			<item>Property</item>
			<item>
				<item>Exterior features: Brick, Stone</item>
			</item>
		</item>
		<item>
			<item>Other property information</item>
			<item>
				<item>Parcel number: 070923164457</item>
			</item>
		</item>
	</property_details>
	<construction_details>
		<item>
			<item>Type and style</item>
			<item>
				<item>Home type: Condo</item>
			</item>
		</item>
		<item>
			<item>Condition</item>
			<item>
				<item>New construction: No</item>
				<item>Year built: 2007</item>
			</item>
		</item>
		<item>
			<item>Notable dates</item>
			<item>
				<item>Major remodel year: 2009</item>
			</item>
		</item>
	</construction_details>
	<utility_and_energy_details>
		<item>
			<item>Green energy</item>
			<item>
				<item>Sunscore: Great solar potentialSun Number™: 77.58</item>
			</item>
		</item>
	</utility_and_energy_details>
	<community_and_neibhourhood_details>
		<item>
			<item>Location</item>
			<item>
				<item>Region: Madison</item>
			</item>
		</item>
	</community_and_neibhourhood_details>
</home>
