<?xml version="1.0" ?>
<home>
	<summary>
		<price>$2,650,000</price>
		<bd>3</bd>
		<ba>3</ba>
		<area>2,251</area>
	</summary>
	<address>
		<street_address>640 Davis St UNIT 11,</street_address>
		<city_state> San Francisco, CA 94111</city_state>
	</address>
	<overview>This house-like condominium offers sophisticated indoor/outdoor living at its finest.  The largest floor plan at the exclusive Golden Gate Commons features 3 bedrooms, office with custom built-ins, 3 full baths, an enclosed patio and terrace, and deeded parking.  Bask in glorious sunlight year-round while enjoying Transamerica Pyramid and Coit Tower views showcased through floor to ceiling windows on the main level, while all three bedrooms on the second level also benefit from the same iconic views.  Elegantly remodeled kitchen and updated baths. Financial District, Ferry Building, Chinatown, North Beach, the Bay Club Gateway Swim and Tennis, the Embarcadero Center and Sydney Walton Park are at your doorsteps.  96 Walk score.Read more</overview>
	<facts>
		<key name="Type:">Condo</key>
		<key name="Year built:">1983</key>
		<key name="Heating:">Forced air, Gas</key>
		<key name="Cooling:">Central</key>
		<key name="Parking:">No Data</key>
		<key name="HOA:">$1,819/mo</key>
		<key name="Price/sqft:">$1,177</key>
	</facts>
	<interior_details>
		<item>
			<item>Bedrooms and bathrooms</item>
			<item>
				<item>Bedrooms: 3</item>
				<item>Bathrooms: 3</item>
			</item>
		</item>
		<item>
			<item>Flooring</item>
			<item>
				<item>Flooring: Carpet, Hardwood, Linoleum / Vinyl</item>
			</item>
		</item>
		<item>
			<item>Heating</item>
			<item>
				<item>Heating features: Forced air, Gas</item>
			</item>
		</item>
		<item>
			<item>Cooling</item>
			<item>
				<item>Cooling features: Central</item>
			</item>
		</item>
		<item>
			<item>Appliances</item>
			<item>
				<item>Appliances included: Dryer, Washer</item>
			</item>
		</item>
		<item>
			<item>Other interior features</item>
			<item>
				<item>Total interior livable area: 2,251 sqft</item>
				<item>Fireplace: Yes</item>
				<item>Virtual tour: View virtual tour</item>
			</item>
		</item>
	</interior_details>
	<property_details>
		<item>
			<item>Parking</item>
			<item>
				<item>Total spaces: 0</item>
				<item>Parking features: Garage - Attached</item>
				<item>Has garage: No</item>
				<item>Garage spaces: 0</item>
			</item>
		</item>
		<item>
			<item>Property</item>
			<item>
				<item>Stories: 2</item>
				<item>Exterior features: Brick</item>
				<item>View description: City</item>
			</item>
		</item>
		<item>
			<item>Other property information</item>
			<item>
				<item>Parcel number: 0168011</item>
			</item>
		</item>
	</property_details>
	<construction_details>
		<item>
			<item>Type and style</item>
			<item>
				<item>Home type: Condo</item>
			</item>
		</item>
		<item>
			<item>Material information</item>
			<item>
				<item>Construction materials: masonry</item>
			</item>
		</item>
		<item>
			<item>Condition</item>
			<item>
				<item>New construction: No</item>
				<item>Year built: 1983</item>
			</item>
		</item>
	</construction_details>
	<utility_and_energy_details>
		<item>
			<item>Green energy</item>
			<item>
				<item>Sunscore: Great solar potentialSun Number™: 87.34</item>
			</item>
		</item>
	</utility_and_energy_details>
	<community_and_neibhourhood_details>
		<item>
			<item>Community</item>
			<item>
				<item>Community features: On Site Laundry Available</item>
			</item>
		</item>
		<item>
			<item>Location</item>
			<item>
				<item>Region: San francisco</item>
			</item>
		</item>
	</community_and_neibhourhood_details>
</home>
