<?xml version="1.0" ?>
<home>
	<summary>
		<price>$1,049,000</price>
		<bd>2</bd>
		<ba>1</ba>
		<area>1,184</area>
	</summary>
	<address>
		<street_address>742 Enright Ave,</street_address>
		<city_state> Santa Clara, CA 95050</city_state>
	</address>
	<overview>The owner put the upmost care into this charming home in a highly desirable Santa Clara neighborhood! This oversized 2 bedroom, 1 bath home features both a living and family room, each with their own cozy custom fireplaces. Stunning kitchen with granite countertops, Thomasville cherrywood cabinets with modern hardware, stainless steel appliances including a gas range, and eat-in breakfast bar. Laminate wood flooring and crown and base molding throughout. Light and bright, this home boasts Milgard duel paned windows with custom window coverings. French doors open to a private covered patio and large backyard that is ready for your gardening touches. Low priced Santa Clara utilities! Quaint and family-friendly neighborhood! Expansive lot with plenty of opportunity to add onto the home. Close to Central Park, Central Library Center, International Swim Center, and top schools. In close proximity to Nvidia, Apple, Google and more.Read more</overview>
	<facts>
		<key name="Type:">Single Family</key>
		<key name="Year built:">1950</key>
		<key name="Heating:">Other</key>
		<key name="Cooling:">None</key>
		<key name="Parking:">1 space</key>
		<key name="HOA:">None</key>
		<key name="Lot:">5,828 sqft</key>
		<key name="Price/sqft:">$886</key>
	</facts>
	<interior_details>
		<item>
			<item>Bedrooms and bathrooms</item>
			<item>
				<item>Bedrooms: 2</item>
				<item>Bathrooms: 1</item>
				<item>Full bathrooms: 1</item>
			</item>
		</item>
		<item>
			<item>Heating</item>
			<item>
				<item>Heating features: Other</item>
			</item>
		</item>
		<item>
			<item>Cooling</item>
			<item>
				<item>Cooling features: None</item>
			</item>
		</item>
		<item>
			<item>Other interior features</item>
			<item>
				<item>Total interior livable area: 1,184 sqft</item>
				<item>Fireplace: Yes</item>
			</item>
		</item>
	</interior_details>
	<property_details>
		<item>
			<item>Parking</item>
			<item>
				<item>Parking features: Attached Garage</item>
				<item>Garage spaces: 1</item>
			</item>
		</item>
		<item>
			<item>Lot</item>
			<item>
				<item>Lot size: 0.13 acres</item>
			</item>
		</item>
		<item>
			<item>Other property information</item>
			<item>
				<item>Parcel number: 29417035</item>
			</item>
		</item>
	</property_details>
	<construction_details>
		<item>
			<item>Type and style</item>
			<item>
				<item>Home type: Single Family</item>
			</item>
		</item>
		<item>
			<item>Material information</item>
			<item>
				<item>Roof: Composition</item>
			</item>
		</item>
		<item>
			<item>Condition</item>
			<item>
				<item>New construction: No</item>
				<item>Year built: 1950</item>
			</item>
		</item>
		<item>
			<item>Notable dates</item>
			<item>
				<item>Major remodel year: 1950</item>
			</item>
		</item>
	</construction_details>
	<utility_and_energy_details>
		<item>
			<item>Utility</item>
			<item>
				<item>Utilities for property: Public Utilities</item>
			</item>
		</item>
		<item>
			<item>Green energy</item>
			<item>
				<item>Sunscore: Great solar potentialSun Number™: 92.46</item>
			</item>
		</item>
	</utility_and_energy_details>
	<community_and_neibhourhood_details>
		<item>
			<item>Location</item>
			<item>
				<item>Region: Santa Clara</item>
			</item>
		</item>
	</community_and_neibhourhood_details>
</home>
