<?xml version="1.0" ?>
<home>
	<summary>
		<price>$798,000</price>
		<bd>2</bd>
		<ba>1</ba>
		<area>1,100</area>
	</summary>
	<address>
		<street_address>1424 N Crescent Heights Blvd UNIT 24,</street_address>
		<city_state> West Hollywood, CA 90046</city_state>
	</address>
	<overview>Location is the ultimate luxury. Newly remodeled, charming French Normandy flat in the historical Granville building overlooking the idyllic garden in back imbues this residence with the feeling of a home. This two bedroom one bath unit features an open floor plan with stunning hardwood floors, abundant natural light throughout the day, close proximity of cinemas, grocery stores, restaurants and everything the Sunset Strip has to offer. Gourmet kitchen with new stainless steel appliances and generous storage is a chefs delight. Amenities of this vintage piece of Hollywood history are monitored on site security with a 24 hour concierge, controlled access and professional management. This unit qualifies for a Mills Act contract, which grants generous property tax benefits. Perfect as a main residence or pied-a-terre for the frequent traveler simply lock up and leave. Rarely does a residence of this caliber become available in this building, offering the owner a chic understated city homeRead more</overview>
	<facts>
		<key name="Type:">Condo</key>
		<key name="Year built:">1930</key>
		<key name="Heating:">Forced air</key>
		<key name="Cooling:">Central</key>
		<key name="Parking:">1 space</key>
		<key name="HOA:">$1,277/month</key>
		<key name="Price/sqft:">$725</key>
	</facts>
	<interior_details>
		<item>
			<item>Bedrooms and bathrooms</item>
			<item>
				<item>Bedrooms: 2</item>
				<item>Bathrooms: 1</item>
				<item>Full bathrooms: 1</item>
			</item>
		</item>
		<item>
			<item>Flooring</item>
			<item>
				<item>Flooring: Hardwood, Tile</item>
			</item>
		</item>
		<item>
			<item>Heating</item>
			<item>
				<item>Heating features: Gas, Forced air</item>
			</item>
		</item>
		<item>
			<item>Cooling</item>
			<item>
				<item>Cooling features: Central</item>
			</item>
		</item>
		<item>
			<item>Appliances</item>
			<item>
				<item>Appliances included: Dishwasher, Dryer, Garbage disposal, Microwave, Refrigerator, Washer</item>
			</item>
		</item>
		<item>
			<item>Other interior features</item>
			<item>
				<item>Common walls with other units/homes: Attached</item>
				<item>Total interior livable area: 1,100 sqft</item>
				<item>Virtual tour: View virtual tour</item>
			</item>
		</item>
	</interior_details>
	<property_details>
		<item>
			<item>Parking</item>
			<item>
				<item>Parking features: Attached Garage</item>
				<item>Garage spaces: 1</item>
			</item>
		</item>
		<item>
			<item>Property</item>
			<item>
				<item>Levels: One</item>
				<item>Stories: 7</item>
				<item>Private pool: Yes</item>
				<item>Spa included: Yes</item>
				<item>View description: City</item>
			</item>
		</item>
		<item>
			<item>Lot</item>
			<item>
				<item>Lot size: 0.68 acres</item>
			</item>
		</item>
		<item>
			<item>Other property information</item>
			<item>
				<item>Parcel number: 5554005032</item>
			</item>
		</item>
	</property_details>
	<construction_details>
		<item>
			<item>Type and style</item>
			<item>
				<item>Home type: Condo</item>
			</item>
		</item>
		<item>
			<item>Material information</item>
			<item>
				<item>Roof: Slate</item>
			</item>
		</item>
		<item>
			<item>Condition</item>
			<item>
				<item>Property condition: Updated/Remodeled</item>
				<item>New construction: No</item>
				<item>Year built: 1930</item>
			</item>
		</item>
		<item>
			<item>Notable dates</item>
			<item>
				<item>Major remodel year: 1952</item>
			</item>
		</item>
	</construction_details>
	<utility_and_energy_details>
		<item>
			<item>Utility</item>
			<item>
				<item>Sewer information: In Street</item>
			</item>
		</item>
		<item>
			<item>Green energy</item>
			<item>
				<item>Sunscore: Great solar potentialSun Number™: 86.62</item>
			</item>
		</item>
	</utility_and_energy_details>
	<community_and_neibhourhood_details>
		<item>
			<item>Security</item>
			<item>
				<item>Security features: Gated, Automatic Gate, Community, Exterior Security Lights, Fire and Smoke Detection System, Gated Community with Guard, Fire Sprinklers, 24 Hour, Carbon Monoxide Detector(s)</item>
			</item>
		</item>
		<item>
			<item>Location</item>
			<item>
				<item>Region: West Hollywood</item>
			</item>
		</item>
	</community_and_neibhourhood_details>
</home>
