<?xml version="1.0" ?>
<home>
	<summary>
		<price>$3,095,000</price>
		<bd>--</bd>
		<ba>--</ba>
		<area>3,640</area>
	</summary>
	<address>
		<street_address>350 Frederick St,</street_address>
		<city_state> San Francisco, CA 94117</city_state>
	</address>
	<overview>This wonderful 5-unit building is located on a premier corner block of Cole Valley, just steps from bustling Cole Street. Showcasing gorgeous period detail, amazing natural light, and lovely city views, 350 Frederick exudes classic SF charm. This property features a good unit mix including one 2BR/2BA two level penthouse with a private deck and beautiful views, one 2BR/1BA with den and a huge private deck, one 1BR/1BA corner unit with views, and two studios. The top floor penthouse will be delivered vacant, the 1BR/1BA unit will be delivered vacant, and the remaining units are tenant occupied and bring in strong income. There is 5 car side by side independent parking next to the building, and a full basement that runs the length of the building perfect for ADU development. Additionally, there is attic space with expansion potential. The building is COPA compliant, and offers an excellent opportunity to acquire a multi-unit investment with good income and strong development potentialRead more</overview>
	<facts>
		<key name="Type:">Multi Family</key>
		<key name="Year built:">No Data</key>
		<key name="Heating:">No Data</key>
		<key name="Cooling:">No Data</key>
		<key name="Parking:">5 spaces</key>
		<key name="Price/sqft:">$850</key>
	</facts>
	<interior_details>
		<item>
			<item>Bedrooms and bathrooms</item>
			<item>
				<item>Bedrooms: 0</item>
			</item>
		</item>
		<item>
			<item>Flooring</item>
			<item>
				<item>Flooring: Hardwood</item>
			</item>
		</item>
		<item>
			<item>Other interior features</item>
			<item>
				<item>Total interior livable area: 3,640 sqft</item>
				<item>Virtual tour: View virtual tour</item>
			</item>
		</item>
	</interior_details>
	<property_details>
		<item>
			<item>Parking</item>
			<item>
				<item>Parking features: Attached Garage</item>
				<item>Garage spaces: 5</item>
			</item>
		</item>
		<item>
			<item>Property</item>
			<item>
				<item>View description: City, Mountain</item>
			</item>
		</item>
		<item>
			<item>Lot</item>
			<item>
				<item>Lot size: 0.06 acres</item>
			</item>
		</item>
	</property_details>
	<construction_details>
		<item>
			<item>Type and style</item>
			<item>
				<item>Home type: Multiple Occupancy</item>
			</item>
		</item>
		<item>
			<item>Condition</item>
			<item>
				<item>New construction: No</item>
			</item>
		</item>
	</construction_details>
	<utility_and_energy_details>
		<item>
			<item>Green energy</item>
			<item>
				<item>Sunscore: Great solar potentialSun Number™: 90.84</item>
			</item>
		</item>
	</utility_and_energy_details>
	<community_and_neibhourhood_details>
		<item>
			<item>Location</item>
			<item>
				<item>Region: San Francisco</item>
			</item>
		</item>
	</community_and_neibhourhood_details>
</home>
