<?xml version="1.0" ?>
<home>
	<summary>
		<price>$174,784</price>
		<bd>3</bd>
		<ba>2</ba>
		<area>1,305</area>
	</summary>
	<address>
		<street_address>9835 Paramount Ave,</street_address>
		<city_state> Dallas, TX 75217</city_state>
	</address>
	<overview>&lt;br/&gt;&lt;br/&gt;Brokered And Advertised By: Tunmire Realty&lt;br/&gt;Listing Agent: Iliana MarroquinRead more</overview>
	<facts>
		<key name="Type:">Single Family</key>
		<key name="Year built:">2001</key>
		<key name="Heating:">Other</key>
		<key name="Cooling:">Central</key>
		<key name="Parking:">Attached Garage</key>
		<key name="Lot:">4,791 sqft</key>
	</facts>
	<interior_details>
		<item>
			<item>Bedrooms and bathrooms</item>
			<item>
				<item>Bedrooms: 3</item>
				<item>Bathrooms: 2</item>
			</item>
		</item>
		<item>
			<item>Heating</item>
			<item>
				<item>Heating features: Other</item>
			</item>
		</item>
		<item>
			<item>Cooling</item>
			<item>
				<item>Cooling features: Central</item>
			</item>
		</item>
		<item>
			<item>Other interior features</item>
			<item>
				<item>Total interior livable area: 1,305 sqft</item>
				<item>Fireplace: Yes</item>
			</item>
		</item>
	</interior_details>
	<property_details>
		<item>
			<item>Parking</item>
			<item>
				<item>Parking features: Attached Garage</item>
			</item>
		</item>
		<item>
			<item>Property</item>
			<item>
				<item>Stories: 1</item>
				<item>Exterior features: Brick</item>
			</item>
		</item>
		<item>
			<item>Lot</item>
			<item>
				<item>Lot size: 0.11 acres</item>
			</item>
		</item>
		<item>
			<item>Other property information</item>
			<item>
				<item>Parcel number: 00667700080050000</item>
			</item>
		</item>
	</property_details>
	<construction_details>
		<item>
			<item>Type and style</item>
			<item>
				<item>Home type: Single Family</item>
			</item>
		</item>
		<item>
			<item>Material information</item>
			<item>
				<item>Foundation: Slab</item>
				<item>Roof: Composition</item>
			</item>
		</item>
		<item>
			<item>Condition</item>
			<item>
				<item>New construction: No</item>
				<item>Year built: 2001</item>
			</item>
		</item>
		<item>
			<item>Notable dates</item>
			<item>
				<item>Major remodel year: 2001</item>
			</item>
		</item>
	</construction_details>
	<utility_and_energy_details>
		<item>
			<item>Green energy</item>
			<item>
				<item>Sunscore: Great solar potentialSun Number™: 70.62</item>
			</item>
		</item>
	</utility_and_energy_details>
	<community_and_neibhourhood_details>
		<item>
			<item>Location</item>
			<item>
				<item>Region: Dallas</item>
			</item>
		</item>
	</community_and_neibhourhood_details>
</home>
