<?xml version="1.0" ?>
<home>
	<summary>
		<price>$400,000</price>
		<bd>4</bd>
		<ba>3</ba>
		<area>2,350</area>
	</summary>
	<address>
		<street_address>2942 S Lyman St,</street_address>
		<city_state> Chicago, IL 60608</city_state>
	</address>
	<overview>Corner location for this Oversized large Home.  At one time - it was a Cleaners located at the corner of Lyman/Keeley.  Older Building in need of updating.  Spacious, has great potential to be modernized  for the Savvy Investor - a great potential to knock down and build Condos/Apartment Building or possibly Townhouses.  Anything is possible.   Up to new Buyer.  1st Floor - Store Front Room where Cleaners was, Liv Rm, Kitchen &amp; Eating area with 1 Bdrm &amp; 1 Bath on Main Floor.  2ndFlr has full Kitchen, Large Liv/Din Combo area, 1 Bath, 3 Bdrms.   Basement - unfinished with small older Bathroom.    baseboard Heat throughout home.  No A/C - Window unit only.  Buyers come in expecting to do some work to create your new Spacious Home.  Property sits on an over-sized lot.  PROPERTY SOLD 'AS IS&quot;, no exceptions.Read more</overview>
	<facts>
		<key name="Type:">Single Family</key>
		<key name="Year built:">1900</key>
		<key name="Heating:">Baseboard</key>
		<key name="Cooling:">No Data</key>
		<key name="Parking:">None</key>
		<key name="Lot:">3,484 sqft</key>
		<key name="Price/sqft:">$170</key>
	</facts>
	<interior_details>
		<item>
			<item>Bedrooms and bathrooms</item>
			<item>
				<item>Bedrooms: 4</item>
				<item>Bathrooms: 3</item>
				<item>Full bathrooms: 2</item>
				<item>1/2 bathrooms: 1</item>
			</item>
		</item>
		<item>
			<item>Flooring</item>
			<item>
				<item>Flooring: Carpet</item>
			</item>
		</item>
		<item>
			<item>Heating</item>
			<item>
				<item>Heating features: Baseboard</item>
			</item>
		</item>
		<item>
			<item>Appliances</item>
			<item>
				<item>Appliances included: Dryer, Range / Oven, Refrigerator, Washer</item>
			</item>
		</item>
		<item>
			<item>Other interior features</item>
			<item>
				<item>Total interior livable area: 2,350 sqft</item>
			</item>
		</item>
	</interior_details>
	<property_details>
		<item>
			<item>Parking</item>
			<item>
				<item>Parking features: None</item>
			</item>
		</item>
		<item>
			<item>Property</item>
			<item>
				<item>Exterior features: Vinyl</item>
			</item>
		</item>
		<item>
			<item>Lot</item>
			<item>
				<item>Lot size: 0.08 acres</item>
			</item>
		</item>
		<item>
			<item>Other property information</item>
			<item>
				<item>Parcel number: 1729410064</item>
			</item>
		</item>
	</property_details>
	<construction_details>
		<item>
			<item>Type and style</item>
			<item>
				<item>Home type: Single Family</item>
			</item>
		</item>
		<item>
			<item>Material information</item>
			<item>
				<item>Roof: Asphalt</item>
			</item>
		</item>
		<item>
			<item>Condition</item>
			<item>
				<item>New construction: No</item>
				<item>Year built: 1900</item>
			</item>
		</item>
	</construction_details>
	<utility_and_energy_details>
		<item>
			<item>Utility</item>
			<item>
				<item>Sewer information: Sewer-Public</item>
			</item>
		</item>
		<item>
			<item>Green energy</item>
			<item>
				<item>Sunscore: Great solar potentialSun Number™: 90.17</item>
			</item>
		</item>
	</utility_and_energy_details>
	<community_and_neibhourhood_details>
		<item>
			<item>Location</item>
			<item>
				<item>Region: Chicago</item>
			</item>
		</item>
	</community_and_neibhourhood_details>
</home>
