<?xml version="1.0" ?>
<home>
	<summary>
		<price>$148,000</price>
		<bd>4</bd>
		<ba>1</ba>
		<area>1,124</area>
	</summary>
	<address>
		<street_address>2941 S 9th St,</street_address>
		<city_state> Milwaukee, WI 53215</city_state>
	</address>
	<overview>4BR home 2 up and 2 on main floor that has been completely renovated. LR and Dr with  beautiful refinished hardwood floors throughout the first floor, Newly remodeled bathroom and kitchen Upper has 2 br with extra large living space/perfect for a rec room or family room for family gathering with kids for schooling or stay at home activities. Windows are 2 years old, roof is approx. 5 years, hot water heater 7 years and furnace/ac 5 years Dry basement with warranty from Gadisch for work completedRead more</overview>
	<facts>
		<key name="Type:">Single Family</key>
		<key name="Year built:">1922</key>
		<key name="Heating:">Forced air</key>
		<key name="Cooling:">Central</key>
		<key name="Parking:">2 spaces</key>
		<key name="Lot:">3,484 sqft</key>
		<key name="Price/sqft:">$132</key>
	</facts>
	<interior_details>
		<item>
			<item>Bedrooms and bathrooms</item>
			<item>
				<item>Bedrooms: 4</item>
				<item>Bathrooms: 1</item>
				<item>Full bathrooms: 1</item>
			</item>
		</item>
		<item>
			<item>Basement</item>
			<item>
				<item>Basement: Partially finished</item>
			</item>
		</item>
		<item>
			<item>Heating</item>
			<item>
				<item>Heating features: Gas, Forced air</item>
			</item>
		</item>
		<item>
			<item>Cooling</item>
			<item>
				<item>Cooling features: Central</item>
			</item>
		</item>
		<item>
			<item>Appliances</item>
			<item>
				<item>Appliances included: Dishwasher, Dryer, Range / Oven, Washer</item>
			</item>
		</item>
		<item>
			<item>Other interior features</item>
			<item>
				<item>Total interior livable area: 1,124 sqft</item>
			</item>
		</item>
	</interior_details>
	<property_details>
		<item>
			<item>Parking</item>
			<item>
				<item>Garage spaces: 2</item>
				<item>Has uncovered spaces: Yes</item>
			</item>
		</item>
		<item>
			<item>Accessibility</item>
			<item>
				<item>Accessibility features: Bedroom on Main Level, Full Bath on Main Level</item>
			</item>
		</item>
		<item>
			<item>Property</item>
			<item>
				<item>Exterior features: Vinyl</item>
			</item>
		</item>
		<item>
			<item>Lot</item>
			<item>
				<item>Lot size: 0.08 acres</item>
			</item>
		</item>
		<item>
			<item>Other property information</item>
			<item>
				<item>Parcel number: 5070445000</item>
			</item>
		</item>
	</property_details>
	<construction_details>
		<item>
			<item>Type and style</item>
			<item>
				<item>Home type: Single Family</item>
			</item>
		</item>
		<item>
			<item>Condition</item>
			<item>
				<item>New construction: No</item>
				<item>Year built: 1922</item>
			</item>
		</item>
	</construction_details>
	<utility_and_energy_details>
		<item>
			<item>Utility</item>
			<item>
				<item>Gas information: Natural Gas</item>
			</item>
		</item>
		<item>
			<item>Green energy</item>
			<item>
				<item>Sunscore: Great solar potentialSun Number™: 73.74</item>
			</item>
		</item>
	</utility_and_energy_details>
	<community_and_neibhourhood_details>
		<item>
			<item>Location</item>
			<item>
				<item>Region: Milwaukee</item>
			</item>
		</item>
	</community_and_neibhourhood_details>
</home>
