<?xml version="1.0" ?>
<home>
	<summary>
		<price>$284,000</price>
		<bd>1</bd>
		<ba>1</ba>
		<area>867</area>
	</summary>
	<address>
		<street_address>5410 Connecticut Ave NW APT 517,</street_address>
		<city_state> Washington, DC 20015</city_state>
	</address>
	<overview>Welcome to the Stylish 1 BR/ 1 BA Condo in the Well Managed &amp; Maintained 166-unit Mid Century Modern  Garfield Condominium. Condo Fee Includes All Utilities:  Gas, Electricity, Water &amp; Sewer, Trash/Recycling and Snow Removal; as well as the Many Building Amenities:  24/7 Front Desk/Concierge, On -Site Manager, Amazing Roof Deck,  Gym, Meeting Room,  Laundry Room and  2 Elevators. Fully Renovated Large 867 Sq foot Unit, this Unit has an Abundance of  Windows &amp; Closets as well as Wall Space and Built-Ins Ideal for Displaying Artwork. Appealing Floor Plan and Define Spaces in the Living and Dinning Areas. **Newly Updated Kitchen**Stainless Steel Appliances**Premium Fully Renovated Bathroom **Gleaming  Engineered Hardwood Floors**Tons of Storage Space** Located in the Premium Tier on the quiet side of the building with Large Windows throughout filling the Home with Natural Light. Super convenient Location Just Blocks From the Many Shopping, Dining, &amp; Community Amenities of Chevy Chase DC -- Over 50 Opportunities to &quot;Shop Local&quot; along Connecticut Ave. And, the Friendship Heights Metro and the Surrounding Shops and Restaurants are Only 5 blocks away. The Garfield has a No Pet Policy.  Call  Showing Contact for Combo Code.Read more</overview>
	<facts>
		<key name="Type:">Condo</key>
		<key name="Year built:">1957</key>
		<key name="Heating:">Forced air</key>
		<key name="Cooling:">Central, Wall</key>
		<key name="Parking:">No Data</key>
		<key name="HOA:">None</key>
		<key name="Price/sqft:">$328</key>
	</facts>
	<interior_details>
		<item>
			<item>Bedrooms and bathrooms</item>
			<item>
				<item>Bedrooms: 1</item>
				<item>Bathrooms: 1</item>
				<item>Full bathrooms: 1</item>
			</item>
		</item>
		<item>
			<item>Flooring</item>
			<item>
				<item>Flooring: Hardwood</item>
			</item>
		</item>
		<item>
			<item>Heating</item>
			<item>
				<item>Heating features: Forced air</item>
			</item>
		</item>
		<item>
			<item>Cooling</item>
			<item>
				<item>Cooling features: Central, Wall</item>
			</item>
		</item>
		<item>
			<item>Appliances</item>
			<item>
				<item>Appliances included: Dishwasher, Garbage disposal, Microwave, Range / Oven, Refrigerator</item>
			</item>
		</item>
		<item>
			<item>Other interior features</item>
			<item>
				<item>Total interior livable area: 867 sqft</item>
				<item>Finished area below ground: 0 sqft</item>
			</item>
		</item>
	</interior_details>
	<property_details>
		<item>
			<item>Accessibility</item>
			<item>
				<item>Accessibility features: Accessible Elevator Installed</item>
			</item>
		</item>
		<item>
			<item>Property</item>
			<item>
				<item>Stories: 1</item>
				<item>Exterior features: Brick, Cement concrete</item>
				<item>View description: Water</item>
			</item>
		</item>
		<item>
			<item>Lot</item>
			<item>
				<item>Lot size: 0.01 acres</item>
			</item>
		</item>
		<item>
			<item>Other property information</item>
			<item>
				<item>Parcel number: 18572088</item>
			</item>
		</item>
	</property_details>
	<construction_details>
		<item>
			<item>Type and style</item>
			<item>
				<item>Home type: Condo</item>
			</item>
		</item>
		<item>
			<item>Condition</item>
			<item>
				<item>New construction: No</item>
				<item>Year built: 1957</item>
			</item>
		</item>
		<item>
			<item>Notable dates</item>
			<item>
				<item>Major remodel year: 1978</item>
			</item>
		</item>
	</construction_details>
	<utility_and_energy_details>
		<item>
			<item>Green energy</item>
			<item>
				<item>Sunscore: Great solar potentialSun Number™: 83.64</item>
			</item>
		</item>
	</utility_and_energy_details>
	<community_and_neibhourhood_details>
		<item>
			<item>Location</item>
			<item>
				<item>Region: Washington</item>
			</item>
		</item>
	</community_and_neibhourhood_details>
</home>
