<?xml version="1.0" ?>
<home>
	<summary>
		<price>$430,000</price>
		<bd>2</bd>
		<ba>1</ba>
		<area>1,000</area>
	</summary>
	<address>
		<street_address>5015 NE 11th Ave,</street_address>
		<city_state> Portland, OR 97211</city_state>
	</address>
	<overview>The Sweet Spot in Alberta Arts Neighborhood this charming cottage is perfect for your starter or downsizing home.Patio doors in the dining room lead to deck for morning coffee, or linger on front porch. Walk score 83 &amp; Bike score 94. Be a part of the vibrant community. Detached Studio 120 is perfect for home office in fenced yard. Off street parking. Low Taxes. Only pre-approved &amp; qualified Buyers &amp; Licensed Agents are allowed to view. Home Warranty Included. Open House 9/26 Sat &amp; 9/27 Sun.Read more</overview>
	<facts>
		<key name="Type:">Single Family</key>
		<key name="Year built:">1955</key>
		<key name="Heating:">Baseboard</key>
		<key name="Cooling:">Other</key>
		<key name="Parking:">No Data</key>
		<key name="HOA:">None</key>
		<key name="Lot:">3,920 sqft</key>
		<key name="Price/sqft:">$430</key>
	</facts>
	<interior_details>
		<item>
			<item>Bedrooms and bathrooms</item>
			<item>
				<item>Bedrooms: 2</item>
				<item>Bathrooms: 1</item>
				<item>Full bathrooms: 1</item>
				<item>Main level bathrooms: 1</item>
			</item>
		</item>
		<item>
			<item>Bedroom2</item>
			<item>
				<item>Level: Main</item>
			</item>
		</item>
		<item>
			<item>DiningRoom</item>
			<item>
				<item>Level: Main</item>
			</item>
		</item>
		<item>
			<item>Kitchen</item>
			<item>
				<item>Level: Main</item>
			</item>
		</item>
		<item>
			<item>MasterBedroom</item>
			<item>
				<item>Level: Main</item>
			</item>
		</item>
		<item>
			<item>Flooring</item>
			<item>
				<item>Flooring: Hardwood</item>
			</item>
		</item>
		<item>
			<item>Heating</item>
			<item>
				<item>Heating features: Baseboard, Electric</item>
			</item>
		</item>
		<item>
			<item>Cooling</item>
			<item>
				<item>Cooling features: Other</item>
			</item>
		</item>
		<item>
			<item>Appliances</item>
			<item>
				<item>Appliances included: Dishwasher, Dryer, Range / Oven, Refrigerator, Washer</item>
			</item>
		</item>
		<item>
			<item>Other interior features</item>
			<item>
				<item>Total interior livable area: 1,000 sqft</item>
				<item>Total number of fireplaces: 1</item>
			</item>
		</item>
	</interior_details>
	<property_details>
		<item>
			<item>Property</item>
			<item>
				<item>Stories: 1</item>
				<item>Exterior features: Wood</item>
				<item>Patio and porch details: Deck, Porch</item>
				<item>Fencing: Fenced</item>
			</item>
		</item>
		<item>
			<item>Lot</item>
			<item>
				<item>Lot size: 0.09 acres</item>
			</item>
		</item>
		<item>
			<item>Other property information</item>
			<item>
				<item>Additional structures included: Outbuilding, Shed(s)</item>
				<item>Parcel number: R261205</item>
				<item>Zoning: R2.5</item>
			</item>
		</item>
	</property_details>
	<construction_details>
		<item>
			<item>Type and style</item>
			<item>
				<item>Home type: Single Family</item>
			</item>
		</item>
		<item>
			<item>Material information</item>
			<item>
				<item>Roof: Composition</item>
				<item>Windows: Wood Frames</item>
			</item>
		</item>
		<item>
			<item>Condition</item>
			<item>
				<item>Property condition: Resale</item>
				<item>New construction: No</item>
				<item>Year built: 1955</item>
			</item>
		</item>
		<item>
			<item>Notable dates</item>
			<item>
				<item>Major remodel year: 1955</item>
			</item>
		</item>
	</construction_details>
	<utility_and_energy_details>
		<item>
			<item>Utility</item>
			<item>
				<item>Sewer information: Public Sewer</item>
				<item>Utilities for property: Electricity Connected</item>
			</item>
		</item>
		<item>
			<item>Green energy</item>
			<item>
				<item>Sunscore: Limited solar potentialSun Number™: 57.34</item>
			</item>
		</item>
	</utility_and_energy_details>
	<community_and_neibhourhood_details>
		<item>
			<item>Location</item>
			<item>
				<item>Region: Portland</item>
			</item>
		</item>
	</community_and_neibhourhood_details>
</home>
