<?xml version="1.0" ?>
<home>
	<summary>
		<price>$325,000</price>
		<bd>2</bd>
		<ba>1</ba>
		<area>1,069</area>
	</summary>
	<address>
		<street_address>6936 NE 13th Ave,</street_address>
		<city_state> Portland, OR 97211</city_state>
	</address>
	<overview>Close-in living with no hassle of fixing! This bright &amp; spacious end unit is located right in the heart of Dekum and combines the feeling of living in a single family home with the convenience of condo lifestyle. Smart open floor plan with vaulted ceilings in living room, kitchen, and dining area. Remodeled kitchen, new A/C and new exterior paint coming this week. Sunny bedrooms, private yard and garage.  Quarantine never looked so cozy! [Home Energy Score = 6. HES Report at https://rpt.greenbuildingregistry.com/hes/OR10163096.pdf]Read more</overview>
	<facts>
		<key name="Type:">Condo</key>
		<key name="Year built:">1981</key>
		<key name="Heating:">Forced air, Gas</key>
		<key name="Cooling:">Central</key>
		<key name="Parking:">1 space</key>
		<key name="HOA:">$344/mo</key>
		<key name="Price/sqft:">$304</key>
	</facts>
	<interior_details>
		<item>
			<item>Bedrooms and bathrooms</item>
			<item>
				<item>Bedrooms: 2</item>
				<item>Bathrooms: 1</item>
				<item>Full bathrooms: 1</item>
			</item>
		</item>
		<item>
			<item>Basement</item>
			<item>
				<item>Basement: Finished</item>
			</item>
		</item>
		<item>
			<item>Flooring</item>
			<item>
				<item>Flooring: Carpet, Hardwood</item>
			</item>
		</item>
		<item>
			<item>Heating</item>
			<item>
				<item>Heating features: Forced air, Gas</item>
			</item>
		</item>
		<item>
			<item>Cooling</item>
			<item>
				<item>Cooling features: Central</item>
			</item>
		</item>
		<item>
			<item>Appliances</item>
			<item>
				<item>Appliances included: Dryer, Garbage disposal, Microwave, Range / Oven, Refrigerator, Washer</item>
			</item>
		</item>
		<item>
			<item>Other interior features</item>
			<item>
				<item>Total interior livable area: 1,069 sqft</item>
				<item>Fireplace: Yes</item>
			</item>
		</item>
	</interior_details>
	<property_details>
		<item>
			<item>Parking</item>
			<item>
				<item>Total spaces: 1</item>
				<item>Parking features: Garage, Garage - Attached, Covered</item>
				<item>Garage spaces: 1</item>
			</item>
		</item>
		<item>
			<item>Property</item>
			<item>
				<item>Stories: 3</item>
				<item>Entry location: Ground floor</item>
				<item>Exterior features: Wood, Brick</item>
				<item>Patio and porch details: Deck</item>
				<item>Fencing: Fenced</item>
			</item>
		</item>
		<item>
			<item>Lot</item>
			<item>
				<item>Lot size: 0.63 Acres</item>
			</item>
		</item>
		<item>
			<item>Other property information</item>
			<item>
				<item>Parcel number: R311342</item>
			</item>
		</item>
	</property_details>
	<construction_details>
		<item>
			<item>Type and style</item>
			<item>
				<item>Home type: Condo</item>
				<item>Architectural style: Contemporary</item>
			</item>
		</item>
		<item>
			<item>Material information</item>
			<item>
				<item>Roof: Composition</item>
				<item>Windows: Double Pane Windows, Vinyl Frames</item>
			</item>
		</item>
		<item>
			<item>Condition</item>
			<item>
				<item>Property condition: Resale</item>
				<item>New construction: No</item>
				<item>Year built: 1981</item>
			</item>
		</item>
		<item>
			<item>Notable dates</item>
			<item>
				<item>Major remodel year: 1981</item>
			</item>
		</item>
	</construction_details>
	<utility_and_energy_details>
		<item>
			<item>Utility</item>
			<item>
				<item>Sewer information: Public Sewer</item>
				<item>Utilities for property: Natural Gas Connected</item>
			</item>
		</item>
		<item>
			<item>Green energy</item>
			<item>
				<item>Green verification: Home Energy Score</item>
				<item>Sunscore: Great solar potentialSun Number™: 74.14</item>
			</item>
		</item>
	</utility_and_energy_details>
	<community_and_neibhourhood_details>
		<item>
			<item>Location</item>
			<item>
				<item>Region: Portland</item>
			</item>
		</item>
	</community_and_neibhourhood_details>
</home>
