<?xml version="1.0" ?>
<home>
	<summary>
		<price>$239,000</price>
		<bd>1</bd>
		<ba>1</ba>
		<area>1,001</area>
	</summary>
	<address>
		<street_address>1150 Williamson St APT 204,</street_address>
		<city_state> Madison, WI 53703</city_state>
	</address>
	<overview>Live in the heart of all that Willy St has to offer! You'll fall in love with the tall ceilings, maple hardwood floors, double sided fireplace, and modern updates in this gorgeous condo.   A large bedroom and bathroom give you plenty of personal space while the kitchen and living area give you room to entertain. In unit laundry and underground, heated parking give you easy day to day living. A large storage space with light + electricity is a great added bonus for a small workshop or space to keep your things! Fresh paint, updated appliances, and a new A/C and roof leave you with peace of mind. You'll be able to move in and make this condo home right away!Read more</overview>
	<facts>
		<key name="Type:">Condo</key>
		<key name="Year built:">1999</key>
		<key name="Heating:">Forced air</key>
		<key name="Cooling:">Central</key>
		<key name="Parking:">1 space</key>
		<key name="Price/sqft:">$239</key>
	</facts>
	<interior_details>
		<item>
			<item>Bedrooms and bathrooms</item>
			<item>
				<item>Bedrooms: 1</item>
				<item>Bathrooms: 1</item>
				<item>Full bathrooms: 1</item>
			</item>
		</item>
		<item>
			<item>Flooring</item>
			<item>
				<item>Flooring: Hardwood</item>
			</item>
		</item>
		<item>
			<item>Heating</item>
			<item>
				<item>Heating features: Forced air</item>
			</item>
		</item>
		<item>
			<item>Cooling</item>
			<item>
				<item>Cooling features: Central</item>
			</item>
		</item>
		<item>
			<item>Appliances</item>
			<item>
				<item>Appliances included: Dishwasher, Dryer, Microwave, Range / Oven, Refrigerator, Washer</item>
			</item>
		</item>
		<item>
			<item>Other interior features</item>
			<item>
				<item>Total interior livable area: 1,001 sqft</item>
				<item>Fireplace: Yes</item>
			</item>
		</item>
	</interior_details>
	<property_details>
		<item>
			<item>Parking</item>
			<item>
				<item>Total spaces: 1</item>
				<item>Parking features: Covered</item>
				<item>Garage spaces: 1</item>
			</item>
		</item>
		<item>
			<item>Property</item>
			<item>
				<item>Exterior features: Stone, Brick</item>
			</item>
		</item>
		<item>
			<item>Other property information</item>
			<item>
				<item>Parcel number: 070913128075</item>
			</item>
		</item>
	</property_details>
	<construction_details>
		<item>
			<item>Type and style</item>
			<item>
				<item>Home type: Condo</item>
			</item>
		</item>
		<item>
			<item>Material information</item>
			<item>
				<item>Roof: Other</item>
			</item>
		</item>
		<item>
			<item>Condition</item>
			<item>
				<item>New construction: No</item>
				<item>Year built: 1999</item>
			</item>
		</item>
		<item>
			<item>Notable dates</item>
			<item>
				<item>Major remodel year: 2003</item>
			</item>
		</item>
	</construction_details>
	<utility_and_energy_details>
		<item>
			<item>Green energy</item>
			<item>
				<item>Sunscore: Candidate for a community solar programSun Number™: 19.98</item>
			</item>
		</item>
	</utility_and_energy_details>
	<community_and_neibhourhood_details>
		<item>
			<item>Location</item>
			<item>
				<item>Region: Madison</item>
			</item>
		</item>
	</community_and_neibhourhood_details>
</home>
