<?xml version="1.0" ?>
<home>
	<summary>
		<price>$447,000</price>
		<bd>4</bd>
		<ba>2</ba>
		<area>1,957</area>
	</summary>
	<address>
		<street_address>315 N Ingersoll St,</street_address>
		<city_state> Madison, WI 53703</city_state>
	</address>
	<overview>If these walls could talk they'd say BUY ME! All of the heavy lifting has been done &amp; character preserved in this 4 bd/1.5 ba home, located in popular Tenney Park area. Traditional layout w/~2,000 SqFt of living space over 3 stories! Fully remodeled kitchen offers a great layout, new cabinets, backsplash, granite ctrs &amp; GE Cafe SS appliances. Add features incl original molding, trim, doors &amp; hardware, refinished hardwoods, high ceilings, built ins, fresh landscaping, new decks (front &amp; back), wood stove, 200 amp electric, PEX plumbing, upgraded bath, new ½ bath, main floor laundry, newer mechanicals (furnace, AC, water heater) &amp; roof, new windows &amp; fresh paint throughout. 1 car garage, add prkg pad &amp; cute yard! Great urban location near E Johnson St eateries, Tenney Park &amp; near downtown!Read more</overview>
	<facts>
		<key name="Type:">Single Family</key>
		<key name="Year built:">1908</key>
		<key name="Heating:">Forced air</key>
		<key name="Cooling:">Central</key>
		<key name="Parking:">1 space</key>
		<key name="Lot:">3,484 sqft</key>
		<key name="Price/sqft:">$228</key>
	</facts>
	<interior_details>
		<item>
			<item>Bedrooms and bathrooms</item>
			<item>
				<item>Bedrooms: 4</item>
				<item>Bathrooms: 2</item>
				<item>Full bathrooms: 1</item>
				<item>1/2 bathrooms: 1</item>
			</item>
		</item>
		<item>
			<item>Basement</item>
			<item>
				<item>Basement: Unfinished</item>
			</item>
		</item>
		<item>
			<item>Flooring</item>
			<item>
				<item>Flooring: Hardwood</item>
			</item>
		</item>
		<item>
			<item>Heating</item>
			<item>
				<item>Heating features: Gas, Wood / pellet, Forced air</item>
			</item>
		</item>
		<item>
			<item>Cooling</item>
			<item>
				<item>Cooling features: Central</item>
			</item>
		</item>
		<item>
			<item>Appliances</item>
			<item>
				<item>Appliances included: Dishwasher, Dryer, Microwave, Range / Oven, Refrigerator, Washer</item>
			</item>
		</item>
		<item>
			<item>Other interior features</item>
			<item>
				<item>Total interior livable area: 1,957 sqft</item>
				<item>Fireplace: Yes</item>
				<item>Virtual tour: View virtual tour</item>
			</item>
		</item>
	</interior_details>
	<property_details>
		<item>
			<item>Parking</item>
			<item>
				<item>Parking features: Detached Garage</item>
				<item>Garage spaces: 1</item>
			</item>
		</item>
		<item>
			<item>Property</item>
			<item>
				<item>Stories: 2</item>
				<item>Exterior features: Stucco</item>
				<item>View description: Territorial</item>
			</item>
		</item>
		<item>
			<item>Lot</item>
			<item>
				<item>Lot size: 0.08 acres</item>
			</item>
		</item>
		<item>
			<item>Other property information</item>
			<item>
				<item>Parcel number: 070913111129</item>
			</item>
		</item>
	</property_details>
	<construction_details>
		<item>
			<item>Type and style</item>
			<item>
				<item>Home type: Single Family</item>
			</item>
		</item>
		<item>
			<item>Material information</item>
			<item>
				<item>Roof: Asphalt</item>
			</item>
		</item>
		<item>
			<item>Condition</item>
			<item>
				<item>New construction: No</item>
				<item>Year built: 1908</item>
			</item>
		</item>
		<item>
			<item>Notable dates</item>
			<item>
				<item>Major remodel year: 1970</item>
			</item>
		</item>
	</construction_details>
	<utility_and_energy_details>
		<item>
			<item>Green energy</item>
			<item>
				<item>Sunscore: Good solar potentialSun Number™: 64.78</item>
			</item>
		</item>
	</utility_and_energy_details>
	<community_and_neibhourhood_details>
		<item>
			<item>Location</item>
			<item>
				<item>Region: Madison</item>
			</item>
		</item>
	</community_and_neibhourhood_details>
</home>
