<?xml version="1.0" ?>
<home>
	<summary>
		<price>$795,000</price>
		<bd>1</bd>
		<ba>1</ba>
		<area>656</area>
	</summary>
	<address>
		<street_address>1930 Grove St APT 1,</street_address>
		<city_state> San Francisco, CA 94117</city_state>
	</address>
	<overview>Charming one bedroom one bath Edwardian condo in NOPA .The four unit building reflects the love of owner occupants. Hardwood floors and tall ceilings. Relax in spacious bedroom with large windows and original French doors. Sun Filled living room and an airy kitchen that opens to recently renovated back staircase. A walk in closet with organizer and additional hall closet provide the space you are craving. Shared sunny backyard with raised garden beds. Perfect for quiet reflection or celebrations. Tandem parking, shared laundry and additional storage in garage. Located in the heart NOPA it's the perfect balance of all SF has to offer. A lovely home close to Divisadero street bars, restaurants, and shops, and just a few blocks from Golden Gate Park.PMRead more</overview>
	<facts>
		<key name="Type:">Condo</key>
		<key name="Year built:">1922</key>
		<key name="Heating:">Forced air</key>
		<key name="Cooling:">No Data</key>
		<key name="Parking:">1 space</key>
		<key name="HOA:">$272/month</key>
		<key name="Price/sqft:">$1,212</key>
	</facts>
	<interior_details>
		<item>
			<item>Bedrooms and bathrooms</item>
			<item>
				<item>Bedrooms: 1</item>
				<item>Bathrooms: 1</item>
				<item>Full bathrooms: 1</item>
			</item>
		</item>
		<item>
			<item>Basement</item>
			<item>
				<item>Basement: None</item>
			</item>
		</item>
		<item>
			<item>Flooring</item>
			<item>
				<item>Flooring: Hardwood, Tile</item>
			</item>
		</item>
		<item>
			<item>Heating</item>
			<item>
				<item>Heating features: Forced air</item>
			</item>
		</item>
		<item>
			<item>Appliances</item>
			<item>
				<item>Appliances included: Range / Oven, Refrigerator</item>
			</item>
		</item>
		<item>
			<item>Other interior features</item>
			<item>
				<item>Total interior livable area: 656 sqft</item>
			</item>
		</item>
	</interior_details>
	<property_details>
		<item>
			<item>Parking</item>
			<item>
				<item>Parking features: Attached Garage</item>
				<item>Garage spaces: 1</item>
			</item>
		</item>
		<item>
			<item>Property</item>
			<item>
				<item>Exterior features: Stucco</item>
			</item>
		</item>
		<item>
			<item>Other property information</item>
			<item>
				<item>Parcel number: 1188024</item>
			</item>
		</item>
	</property_details>
	<construction_details>
		<item>
			<item>Type and style</item>
			<item>
				<item>Home type: Condo</item>
			</item>
		</item>
		<item>
			<item>Material information</item>
			<item>
				<item>Roof: Asphalt</item>
			</item>
		</item>
		<item>
			<item>Condition</item>
			<item>
				<item>New construction: No</item>
				<item>Year built: 1922</item>
			</item>
		</item>
	</construction_details>
	<utility_and_energy_details>
		<item>
			<item>Green energy</item>
			<item>
				<item>Sunscore: Great solar potentialSun Number™: 86.84</item>
			</item>
		</item>
	</utility_and_energy_details>
	<community_and_neibhourhood_details>
		<item>
			<item>Location</item>
			<item>
				<item>Region: San Francisco</item>
			</item>
		</item>
	</community_and_neibhourhood_details>
</home>
