<?xml version="1.0" ?>
<home>
	<summary>
		<price>$239,900</price>
		<bd>3</bd>
		<ba>2</ba>
		<area>1,256</area>
	</summary>
	<address>
		<street_address>3640 W Fillmore St,</street_address>
		<city_state> Phoenix, AZ 85009</city_state>
	</address>
	<overview>Living is easy in this fantastic home. This home has been completely remodeled in 2019 with new flooring, new kitchen cabinets, granite counters, new appliances, new bath vanities, mirrors, lights, toilets and plumbing and electrical. This is an open kitchen great room floor plan with inside laundry and nice sized bedrooms. Additional upgrades include all new dual pane low E windows, new ceiling fans, new doors and new insulation, new landscaping, pavers and interior/exterior paint. The roof was completely replaced in 2017, the A/C Heat Pump, electrical panel and hot water heater replaced in 2014.Read more</overview>
	<facts>
		<key name="Type:">Single Family</key>
		<key name="Year built:">1979</key>
		<key name="Heating:">Forced air, Electric</key>
		<key name="Cooling:">Wall</key>
		<key name="Parking:">4 spaces</key>
		<key name="Lot:">6,346 sqft</key>
		<key name="Price/sqft:">$191</key>
	</facts>
	<interior_details>
		<item>
			<item>Bedrooms and bathrooms</item>
			<item>
				<item>Bedrooms: 3</item>
				<item>Bathrooms: 2</item>
			</item>
		</item>
		<item>
			<item>Flooring</item>
			<item>
				<item>Flooring: Tile, Carpet</item>
			</item>
		</item>
		<item>
			<item>Heating</item>
			<item>
				<item>Heating features: Forced air, Electric</item>
			</item>
		</item>
		<item>
			<item>Cooling</item>
			<item>
				<item>Cooling features: Wall</item>
			</item>
		</item>
		<item>
			<item>Appliances</item>
			<item>
				<item>Appliances included: Microwave, Range / Oven</item>
				<item>Laundry features: Wshr/Dry HookUp Only</item>
			</item>
		</item>
		<item>
			<item>Other interior features</item>
			<item>
				<item>Total interior livable area: 1,256 sqft</item>
				<item>Fireplace: Yes</item>
			</item>
		</item>
	</interior_details>
	<property_details>
		<item>
			<item>Parking</item>
			<item>
				<item>Total spaces: 4</item>
				<item>Parking features: Garage, Covered</item>
				<item>Garage spaces: 4</item>
			</item>
		</item>
		<item>
			<item>Property</item>
			<item>
				<item>Stories: 1</item>
				<item>Exterior features: Cement / Concrete</item>
				<item>Fencing: Block</item>
			</item>
		</item>
		<item>
			<item>Lot</item>
			<item>
				<item>Lot size: 6,346 sqft</item>
			</item>
		</item>
		<item>
			<item>Other property information</item>
			<item>
				<item>Parcel number: 10614068</item>
			</item>
		</item>
	</property_details>
	<construction_details>
		<item>
			<item>Type and style</item>
			<item>
				<item>Home type: Single Family</item>
			</item>
		</item>
		<item>
			<item>Material information</item>
			<item>
				<item>Roof: Other</item>
			</item>
		</item>
		<item>
			<item>Condition</item>
			<item>
				<item>New construction: No</item>
				<item>Year built: 1979</item>
			</item>
		</item>
	</construction_details>
	<utility_and_energy_details>
		<item>
			<item>Utility</item>
			<item>
				<item>Sewer information: Sewer - Public</item>
				<item>Utilities for property: APS</item>
			</item>
		</item>
		<item>
			<item>Green energy</item>
			<item>
				<item>Sunscore: Great solar potentialSun Number™: 94.5</item>
			</item>
		</item>
	</utility_and_energy_details>
	<community_and_neibhourhood_details>
		<item>
			<item>Location</item>
			<item>
				<item>Region: Phoenix</item>
			</item>
		</item>
	</community_and_neibhourhood_details>
</home>
