<?xml version="1.0" ?>
<home>
	<HomeInfo_Address>
		<street-address>5315 Connecticut Ave NW #108 </street-address>
		<locality>Washington, </locality>
		<region>DC</region>
		<postal-code>20015</postal-code>
	</HomeInfo_Address>
	<main_stats>
		<Price>$450,000</Price>
		<Beds>2</Beds>
		<Baths>2</Baths>
		<key name="$476 / Sq. Ft.">945</key>
	</main_stats>
	<text_base_description>NEW PRICE! BEST VALUE IN UPPER NW DC! 2 units beautifully combined by builder into 1 fabulous 2BR/2BA condo with private street entrance and separate lobby entrance. 1076.5 sq ft of living space documented by licensed appraiser. Experience luxury living in uniquely designed 55-unit Jocelyn House condominium convenient to Chevy Chase shops, restaurants, grocery, library, post office, and METRO (Commuter Bus and Friendship Heights METRO). Updated stylish kitchen with Shaker-style cabinets, granite counter tops, stainless appliances with pass-through, floor-to-ceiling pantry cabinet, Gas Range with fan hood vented to outside, KitchenAid Fridge. Professional landscaping - pleasant green views, lovely, quiet street and cityscape views from unit and rooftop deck. Unit 108 offers high ceilings, wood floors, 2 large Bedrooms at opposite ends of unit, En Suite Bath, Full Guest Bath, abundant closets, including double panel and single panel closets in main bedroom and walk-in closet in second bedroom. Unique and Distinctive. Perfect for easy in and out living. ALL UTILITIES INCLUDED IN CONDO FEE. OPEN SUN 9/27 2-4PM or CALL MIKE SANDIFER AT (202) 253-0179 FOR EZ SHOWINGS! </text_base_description>
	<listed_by>
		<name>Mike Sandifer</name>
		<org> • Long &amp; Foster Real Estate, Inc. </org>
	</listed_by>
	<price_insights>
		<List_Price>$450,000</List_Price>
		<Est._Mo._Payment>$1,734</Est._Mo._Payment>
		<key name="Price/Sq.Ft.">$476</key>
	</price_insights>
	<home_facts>
		<Status>Active</Status>
		<Time_on_Redfin>117 days</Time_on_Redfin>
		<HOA_Dues>$791/month</HOA_Dues>
		<Year_Built>1955</Year_Built>
		<Style>Art Deco</Style>
		<Community>CHEVY CHASE</Community>
		<key name="MLS#">DCDC470710</key>
	</home_facts>
	<property_details>
		<item>
			<item>Virtual Tour, Parking / Garage, Homeowners Association, School / Neighborhood</item>
			<item>
				<item>
					<item>Virtual Tour</item>
					<item>
						<item>Virtual Tour Unbranded (External Link)</item>
					</item>
				</item>
				<item>
					<item>Parking Information</item>
					<item>
						<item>On Street</item>
					</item>
				</item>
				<item>
					<item>Homeowners Association Information</item>
					<item>
						<item>Condo/Coop Fee: $791</item>
						<item>Condo/Coop Fee Frequency: Monthly</item>
						<item>HOA/Condo/Coop Management Type: Professional - Off-site</item>
						<item>HOA/Condo/Coop Fee Includes: Air Conditioning, Common Area Maintenance, Electricity, Ext Bldg Maint, Gas, Heat, Insurance, Laundry, Management, Reserve Funds, Sewer, Trash, Water, Other</item>
						<item>HOA/Condo/Coop Amenities: Concierge, Elevator, Laundry Facilities, Storage Bin</item>
					</item>
				</item>
				<item>
					<item>School Information</item>
					<item>
						<item>School District Name: DISTRICT OF COLUMBIA PUBLIC SCHOOLS</item>
						<item>School District Source: Listing Agent</item>
					</item>
				</item>
			</item>
		</item>
		<item>
			<item>Interior Features</item>
			<item>
				<item>
					<item>Bedroom Information</item>
					<item>
						<item># of Bedrooms On Main Level: 2</item>
					</item>
				</item>
				<item>
					<item>Bathroom Information</item>
					<item>
						<item># of Bathrooms (Full) On Main Level: 2</item>
						<item># of Bathrooms (Full): 2</item>
					</item>
				</item>
				<item>
					<item>Interior Information</item>
					<item>
						<item>Appliances: Dishwasher, Disposal, Energy Efficient Appliances, Icemaker, Oven/Range - Gas, Microwave, Range Hood, Refrigerator, Stainless Steel Appliances</item>
						<item>Common Walls: 1 Common Wall</item>
						<item>Door Features: Insulated</item>
						<item>Flooring Type: Wood, Carpet</item>
						<item>Interior Features: Entry Level Bedroom, Floor Plan - Traditional, Floor Plan - Open, Kitchen - Galley, Master Bath(s), Stall Shower, Tub Shower, Upgraded Countertops, Walk-in Closet(s), Wood Floors, Dining Area</item>
						<item>Living Area Sq.Ft. Source: Assessor</item>
						<item>Wall &amp; Ceiling Types: High</item>
					</item>
				</item>
				<item>
					<item>Room Information</item>
					<item>
						<item>Laundry Type: Common, Main Floor</item>
					</item>
				</item>
			</item>
		</item>
		<item>
			<item>Utilities, Lease / Rent Details, Location Details</item>
			<item>
				<item>
					<item>Utilities Information</item>
					<item>
						<item>Central Air</item>
						<item>Cooling Type: Central A/C, Multi Units, Wall Unit</item>
						<item>Cooling Fuel: Electric</item>
						<item>Central, Forced Air, Wall Unit</item>
						<item>Heating Fuel: Natural Gas</item>
						<item>Hot Water: Other</item>
						<item>Sewer Septic: Public Sewer</item>
						<item>Water Source: Public</item>
					</item>
				</item>
				<item>
					<item>Lease Information</item>
					<item>
						<item>Lease Considered: No</item>
					</item>
				</item>
				<item>
					<item>Location Information</item>
					<item>
						<item>In City Limits</item>
						<item>Cross Street: Connecticut Avenue and Jocelyn St NW</item>
						<item>Directions: North on Conn Ave from Albemarle; South on Conn Ave past Military to 5315, on NE corner of Jocelyn St NW. Private entrance to condo is on Jocelyn St with small stoop, colorful door mat and planter - first door to right of Jocelyn Lobby entrance. </item>
						<item>Entry Floor Number: 1</item>
						<item>Transportation: Airport less than 10 miles, Metro/Subway Station less than 1 mile</item>
					</item>
				</item>
			</item>
		</item>
		<item>
			<item>Taxes / Assessments</item>
			<item>
				<item>
					<item>Tax Information</item>
					<item>
						<item>City/Town Tax: $1,085</item>
						<item>Tax Assessed Value: $329,970</item>
						<item>Tax Year: 2019</item>
						<item>Tax Annual Amount: $1,085</item>
					</item>
				</item>
				<item>
					<item>Assessments Information</item>
					<item>
						<item>Year Assessed: 2019</item>
					</item>
				</item>
			</item>
		</item>
		<item>
			<item>Property / Lot Details</item>
			<item>
				<item>
					<item>Property Information</item>
					<item>
						<item>Not Federal Flood Zone</item>
						<item>Property Manager Present</item>
						<item>Total Below Grade Sq. Ft.: 0</item>
						<item>Accessibility Features: 36&quot;+ wide Halls</item>
						<item>Improvement Assessed Value: $230,980</item>
						<item>Ownership Interest: Condominium</item>
						<item>Property Condition: Excellent</item>
						<item>Year Built Source: Estimated</item>
					</item>
				</item>
				<item>
					<item>Building Information</item>
					<item>
						<item>Unit Building Type: Mid-Rise 5 - 8 Floors</item>
						<item>Building Name: CHEVY CHASE</item>
						<item># of Units (Total): 55</item>
						<item>Construction Materials: Brick</item>
						<item>Other Structures: Above Grade, Below Grade</item>
						<item>Outdoor Living Structures: Roof</item>
						<item>Pets Allowed: No</item>
						<item>Roof: Unknown</item>
						<item>Structure Type: Unit/Flat</item>
						<item>Window Features: Energy Efficient</item>
						<item>Building Winterized</item>
					</item>
				</item>
				<item>
					<item>Exterior Information</item>
					<item>
						<item>Street Lights, Sidewalks, Exterior Lighting</item>
					</item>
				</item>
				<item>
					<item>Lot Information</item>
					<item>
						<item>Tidal Water: No</item>
					</item>
				</item>
				<item>
					<item>Land Information</item>
					<item>
						<item>Land Assessed Value: $98,990</item>
						<item>Soil Types: Urban Land-Sassafras-Chillum</item>
					</item>
				</item>
				<item>
					<item>Above Grade Information</item>
					<item>
						<item>Finished Sq.Ft.: 945</item>
						<item>Finished Sq.Ft. Source: Assessor</item>
					</item>
				</item>
				<item>
					<item>Below Grade Information</item>
					<item>
						<item>Unfinished Sq.Ft. Source: Assessor</item>
						<item>Finished Sq.Ft. Source: Assessor</item>
					</item>
				</item>
			</item>
		</item>
	</property_details>
	<public_facts>
		<Beds>1</Beds>
		<Baths>1</Baths>
		<Finished_Sq._Ft.>—</Finished_Sq._Ft.>
		<Unfinished_Sq._Ft.>—</Unfinished_Sq._Ft.>
		<Total_Sq._Ft.>945</Total_Sq._Ft.>
		<Stories>—</Stories>
		<Lot_Size>—</Lot_Size>
		<Style>Condo/Co-op</Style>
		<Year_Built>2002</Year_Built>
		<Year_Renovated>—</Year_Renovated>
		<County>District of Columbia</County>
		<APN>1873    2072</APN>
	</public_facts>
</home>
