<?xml version="1.0" ?>
<home>
	<HomeInfo_Address>
		<street-address>8200 Southwest Pkwy #705 </street-address>
		<locality>Austin, </locality>
		<region>TX</region>
		<postal-code>78735</postal-code>
	</HomeInfo_Address>
	<main_stats>
		<Price>$695,000</Price>
		<Beds>3</Beds>
		<Baths>2</Baths>
		<key name="$383 / Sq. Ft.">1,816</key>
	</main_stats>
	<text_base_description> *  *  * THREE WISHES! Quality, Convenience, Comfort *  *  *   Make nature your neighbor with this elegant, rare, single level design. A Premium unit, on a private corner, only one neighbor, in the most desired phase of the community offering complete privacy and stunning views of the Texas Hill Country. Large comfortable patio with a wonderful breeze and all day shade, great for entertaining. Views from EVERY ROOM! Flex room good for a bed/office/exercise/study. Open concept with gourmet kitchen, added island and other designer upgrades and finishes throughout. This is truly an amazing one-of-a-kind property. Tired of mosquitos? Enjoy motorized screens to fully enclose patio without compromising the view (see photos). Refrigerator, washer/dryer included and barley used. Integrated electric charging station in garage. Amenities include resort style pool w/ cabana bath  &amp;  pavilion, fitness center, hiking  &amp;  biking throughout 50 acres of natural preserve area.  Take life easy and live in luxury without the upkeep. Close proximity to DT, SoCo, Barton Creek mall  &amp;  airport! This premier, gated , 35 unit condo community offers lock  &amp;  leave maintenance-free living at its absolute best! Lightly used unit on the occasional weekend so it feels and shows like NEW!! Spoil yourself! </text_base_description>
	<listed_by>
		<name>Nisa Alfarache</name>
		<agentLicenseDisplay>•TREC #0656232</agentLicenseDisplay>
		<org>•TREC #0656232</org>
	</listed_by>
	<price_insights>
		<List_Price>$695,000</List_Price>
		<Est._Mo._Payment>$4,208</Est._Mo._Payment>
		<key name="Price/Sq.Ft.">$383</key>
	</price_insights>
	<home_facts>
		<Status>Active</Status>
		<Time_on_Redfin>28 minutes</Time_on_Redfin>
		<Property_Type>Residential, Condominium</Property_Type>
		<HOA_Dues>$395/month</HOA_Dues>
		<Year_Built>2016</Year_Built>
		<Community>Enclave At Escondera</Community>
		<key name="MLS#">2917640</key>
	</home_facts>
	<property_details>
		<item>
			<item>Virtual Tour, Multi-Unit Information, Homeowners Association, School / Neighborhood</item>
			<item>
				<item>
					<item>Virtual Tour</item>
					<item>
						<item>Virtual Tour Branded (External Link)</item>
						<item>Virtual Tour Unbranded(External Link)</item>
					</item>
				</item>
				<item>
					<item>Multi Unit Information</item>
					<item>
						<item>Pets Allowed: No</item>
					</item>
				</item>
				<item>
					<item>HOA Information</item>
					<item>
						<item>Has Home Owners Association</item>
						<item>Association Name: Escondera HOA</item>
						<item>Association Fee: $395</item>
						<item>Monthly</item>
						<item>Association Fee Includes: Common Areas, Maintenance Grounds</item>
					</item>
				</item>
				<item>
					<item>School</item>
					<item>
						<item>Elementary School District: Austin ISD</item>
						<item>Middle Or Junior School District: Austin ISD</item>
						<item>High School District: Austin ISD</item>
						<item>Elementary School: Oak Hill</item>
						<item>Middle Or Junior School: O Henry,</item>
						<item>High School: Austin,</item>
					</item>
				</item>
			</item>
		</item>
		<item>
			<item>Interior Features</item>
			<item>
				<item>
					<item>Bedroom Information</item>
					<item>
						<item># of Main Level Bedrooms: 3</item>
					</item>
				</item>
				<item>
					<item>Bathroom Information</item>
					<item>
						<item># of Full Bathrooms: 2</item>
					</item>
				</item>
				<item>
					<item>Room 1 Information</item>
					<item>
						<item>Screened Porch</item>
						<item>Features: Ceiling Fan(s)</item>
						<item>Level: Main</item>
					</item>
				</item>
				<item>
					<item>Room 2 Information</item>
					<item>
						<item>Laundry</item>
						<item>Features: Recessed Lighting</item>
						<item>Level: Main</item>
					</item>
				</item>
				<item>
					<item>Room 3 Information</item>
					<item>
						<item>Bathroom</item>
						<item>Features: Granite Counters, Recessed Lighting</item>
						<item>Level: Main</item>
					</item>
				</item>
				<item>
					<item>Room 4 Information</item>
					<item>
						<item>Dining Room</item>
						<item>Features: Bookcases, Ceiling Fan(s), Dining Area</item>
						<item>Level: Main</item>
					</item>
				</item>
				<item>
					<item>Room 5 Information</item>
					<item>
						<item>Living Room</item>
						<item>Features: Ceiling Fan(s), High Ceilings, Recessed Lighting, Smart Thermostat</item>
						<item>Level: Main</item>
					</item>
				</item>
				<item>
					<item>Room 6 Information</item>
					<item>
						<item>Kitchen</item>
						<item>Features: Breakfast Bar, Breakfast Area, Eat-in Kitchen, Granite Counters, Gourmet Kitchen, Kitchen Island, Kitchen/Family Room Combo, Pantry, Recessed Lighting</item>
						<item>Level: Main</item>
					</item>
				</item>
				<item>
					<item>Room 7 Information</item>
					<item>
						<item>Bonus Room</item>
						<item>Features: Ceiling Fan(s)</item>
						<item>Level: Main</item>
					</item>
				</item>
				<item>
					<item>Room 8 Information</item>
					<item>
						<item>Bedroom</item>
						<item>Features: Ceiling Fan(s), Recessed Lighting, Walk-In Closet(s)</item>
						<item>Level: Main</item>
					</item>
				</item>
				<item>
					<item>Room 9 Information</item>
					<item>
						<item>Master Bathroom</item>
						<item>Features: Bidet, Granite Counters, Recessed Lighting, Walk-In Closet(s)</item>
						<item>Level: Main</item>
					</item>
				</item>
				<item>
					<item>Room 10 Information</item>
					<item>
						<item>Master Bedroom</item>
						<item>Features: Ceiling Fan(s)</item>
						<item>Level: Main</item>
					</item>
				</item>
				<item>
					<item>Laundry Information</item>
					<item>
						<item>Features: Washer Hookup</item>
					</item>
				</item>
				<item>
					<item>Fireplace Information</item>
					<item>
						<item>Has Fireplace</item>
						<item># of Fireplaces: 1</item>
						<item>Features: Decorative, Gas, Living Room, Stone</item>
					</item>
				</item>
				<item>
					<item>Equipment</item>
					<item>
						<item>Appliances: Built-In Oven, Convection Oven, Dryer, Dishwasher, Exhaust Fan, Gas Range, Gas Water Heater, Microwave, Refrigerator, Self Cleaning Oven, Stainless Steel Appliance(s), Washer</item>
					</item>
				</item>
				<item>
					<item>Interior Features</item>
					<item>
						<item>Unfurnished</item>
						<item>Flooring: Carpet, Tile, Wood</item>
						<item>Other Features: Breakfast Bar, Book Cases, Bidet, Ceiling Fan(s), Separate/Formal Dining Room, Eat-in Kitchen, High Ceilings, In-Law Floorplan, Kitchen Island, Main Level Master, Multiple Master Suites, Open Floorplan, Pantry, Recessed Lighting, Smart Thermostat, Walk-In Closet(s), Programmable Thermostat</item>
					</item>
				</item>
			</item>
		</item>
		<item>
			<item>Parking / Garage</item>
			<item>
				<item>
					<item>Garage/Carport Information</item>
					<item>
						<item>Has Garage</item>
						<item>Has Attached Garage</item>
						<item># of Garage Spaces: 2</item>
					</item>
				</item>
				<item>
					<item>Parking</item>
					<item>
						<item>Features: Additional Parking, Attached, Garage, One Car Garage, Garage Door Opener, Guest</item>
						<item># of Parking (Total): 4</item>
						<item># of Covered Spaces: 2</item>
					</item>
				</item>
			</item>
		</item>
		<item>
			<item>Exterior Features</item>
			<item>
				<item>
					<item>Building Information</item>
					<item>
						<item>Year Built Source: Builder</item>
						<item>Roof Details: Membrane</item>
						<item>Construction Details: Stucco</item>
					</item>
				</item>
				<item>
					<item>Exterior Features</item>
					<item>
						<item>Patio And Porch Features: Covered, Front Porch, Mosquito System, Patio, Screened, Terrace</item>
						<item>Other Structures: Cabana</item>
						<item>Security Features: Carbon Monoxide Detector(s), Fire Sprinkler System, 24 Hour Security, Smoke Detector(s)</item>
						<item>Fencing: Fenced, Wrought Iron</item>
					</item>
				</item>
				<item>
					<item>Pool Information</item>
					<item>
						<item>Pool Features: Community</item>
					</item>
				</item>
			</item>
		</item>
		<item>
			<item>Utilities</item>
			<item>
				<item>
					<item>Utility Information</item>
					<item>
						<item>Utilities: Electricity Connected, Natural Gas Connected, Phone Connected, Sewer Connected, Underground Utilities, Water Available</item>
						<item>Sewer: Public Sewer</item>
						<item>Water Source: Public</item>
					</item>
				</item>
				<item>
					<item>Heating &amp; Cooling</item>
					<item>
						<item>Has Cooling</item>
						<item>Cooling: Central Air, Ceiling Fan(s), Electric, Gas</item>
						<item>Has Heating</item>
						<item>Heating: Central, Electric, Natural Gas</item>
					</item>
				</item>
			</item>
		</item>
		<item>
			<item>Taxes / Assessments</item>
			<item>
				<item>
					<item>Assessment</item>
					<item>
						<item>Assessed Value: $687,197</item>
					</item>
				</item>
				<item>
					<item>Tax Information</item>
					<item>
						<item>Tax Year: 2020</item>
					</item>
				</item>
			</item>
		</item>
		<item>
			<item>Property / Lot Details</item>
			<item>
				<item>
					<item>Lot Information</item>
					<item>
						<item>Lot Features: Corner Lot, Landscaped, Private, Sprinklers In Ground, Views</item>
					</item>
				</item>
				<item>
					<item>Property Information</item>
					<item>
						<item>Direction Faces: Northeast</item>
						<item>Foundation Details: Slab</item>
						<item>Resale</item>
					</item>
				</item>
			</item>
		</item>
		<item>
			<item>Location Details</item>
			<item>
				<item>
					<item>Community Information</item>
					<item>
						<item>Community Features: Common Grounds/Area, Fitness Center, Gated, Pool, Trails/Paths</item>
					</item>
				</item>
			</item>
		</item>
	</property_details>
	<public_facts>
		<Beds>—</Beds>
		<Baths>2</Baths>
		<Finished_Sq._Ft.>1,816</Finished_Sq._Ft.>
		<Unfinished_Sq._Ft.>—</Unfinished_Sq._Ft.>
		<Total_Sq._Ft.>1,816</Total_Sq._Ft.>
		<Stories>1</Stories>
		<Lot_Size>—</Lot_Size>
		<Style>Condo/Co-op</Style>
		<Year_Built>2015</Year_Built>
		<Year_Renovated>—</Year_Renovated>
		<County>Travis County</County>
		<APN>873198</APN>
	</public_facts>
</home>
