<?xml version="1.0" ?>
<home>
	<HomeInfo_Address>
		<street-address>2250 Monroe St #213 </street-address>
		<locality>SANTA CLARA, </locality>
		<region>CA</region>
		<postal-code>95050</postal-code>
	</HomeInfo_Address>
	<main_stats>
		<Price>$549,000</Price>
		<Bed>1</Bed>
		<Bath>1</Bath>
		<key name="$767 / Sq. Ft.">716</key>
	</main_stats>
	<text_base_description>Welcome to this upper level Coronado Villas 1-bedroom condo that provides both privacy and a view of the courtyard. Bathed in afternoon sunshine, enjoy a picnic on the deck, or retreat inside to spend time with family and friends. The kitchen features granite countertops, a deep sink, maple cabinets, and stainless steel appliances. Travertine tile is found at the entryway, kitchen, and bathroom. Plush carpeting is in the bedroom and living room. Attention to detail is everywhere with warm paint tones, upgraded water fixtures, and crown molding. Laundry inside, and underground garage parking below. Coronado Villas provides the perfect balance of luxury and convenience. Enjoy the private, gated community in a park-like setting, with flowers and trees throughout. Amenities include the fitness center, BBQ area, playground, car wash, swimming pool, and two spas. Located in the heart of Silicon Valley, near 101, 880, high tech employers, Target, Santana Row, bike trails, and Levi's Stadium.  </text_base_description>
	<listed_by>
		<name>Jason Belcher</name>
		<agentLicenseDisplay>•DRE #01416754</agentLicenseDisplay>
		<org>•DRE #01416754</org>
	</listed_by>
	<price_insights>
		<List_Price>$549,000</List_Price>
		<Est._Mo._Payment>$2,518</Est._Mo._Payment>
		<Redfin_Estimate>$541,620</Redfin_Estimate>
		<key name="Price/Sq.Ft.">$767</key>
	</price_insights>
	<home_facts>
		<Status>Active</Status>
		<Time_on_Redfin>73 days</Time_on_Redfin>
		<Property_Type>Condominium</Property_Type>
		<HOA_Dues>$453</HOA_Dues>
		<Year_Built>1987</Year_Built>
		<Style>Contemporary, Mediterranean, Spanish</Style>
		<Community>SANTA CLARA</Community>
		<key name="MLS#">ML81801484</key>
	</home_facts>
	<property_details>
		<item>
			<item>Virtual Tour, Parking / Garage, Multi-Unit Information, Homeowners Association</item>
			<item>
				<item>
					<item>Virtual Tour</item>
					<item>
						<item>Branded Virtual Tour (External Link)</item>
						<item>Unbranded Virtual Tour (External Link)</item>
					</item>
				</item>
				<item>
					<item>Parking Information</item>
					<item>
						<item>Garage (Minimum): 1</item>
						<item>Garage (Maximum): 1</item>
						<item>Parking Description: Detached, Electric Gate, Gate/Door Opener, Guest/Visitor Parking, Lighted Parking Area</item>
						<item>Garage Spaces: 1</item>
					</item>
				</item>
				<item>
					<item>Multi-Unit Information</item>
					<item>
						<item># of Stories: 1</item>
					</item>
				</item>
				<item>
					<item>HOA Information</item>
					<item>
						<item>Has HOA</item>
						<item>Fees Include: Common Area Electricity, Decks, Exterior Painting, Fencing, Garbage, Hot Water, Insurance (Common Area), Landscaping/Gardening, Maintenance (Common Area), Maintenance (Exterior), Pools, Spa, or Tennis, Roof, Water, Water/Sewer</item>
						<item>HOA Amenities: Barbecue Area, Car Wash Area, Club House, Community Pool, Gym/ Exercise Facility, Playground, Sauna/ Spa/ Hot Tub</item>
						<item>HOA Fee: $453</item>
						<item>HOA Name: Coronado Villas Maintenance Corp</item>
					</item>
				</item>
			</item>
		</item>
		<item>
			<item>Interior Features</item>
			<item>
				<item>
					<item>Bedroom Information</item>
					<item>
						<item># of Bedrooms (Minimum): 1</item>
						<item># of Bedrooms (Maximum): 1</item>
						<item>Bedrooms: Walk-In Closet</item>
					</item>
				</item>
				<item>
					<item>Bathroom Information</item>
					<item>
						<item># of Baths (Full): 1</item>
						<item>Bathroom Description: Shower Over Tub, Tile, Updated Bath(s)</item>
					</item>
				</item>
				<item>
					<item>Room Information</item>
					<item>
						<item>Laundry Room</item>
						<item>Dining Room Description: Dining Area in Living Room</item>
						<item>Kitchen Description: Countertop (Granite), Dishwasher, Freezer, Garbage Disposal, Microwave, Oven (Electric), Oven (Self Cleaning), Pantry, Refrigerator(s)</item>
					</item>
				</item>
				<item>
					<item>Interior Features</item>
					<item>
						<item>Laundry: Dryer, Inside, Washer</item>
						<item>Flooring: Carpet, Tile, Travertine</item>
					</item>
				</item>
				<item>
					<item>Heating &amp; Cooling Information</item>
					<item>
						<item>Cooling: Window/Wall Unit</item>
						<item>Heating: Electric</item>
					</item>
				</item>
			</item>
		</item>
		<item>
			<item>Exterior Features</item>
			<item>
				<item>
					<item>Exterior Features</item>
					<item>
						<item>Fencing: Gate</item>
						<item>Roof: Tile</item>
						<item>Yard/Grounds: Balcony/Patio, Barbecue Area, Courtyard, Fenced, Sprinkler(s) (Auto), Sprinkler(s) (Lawn)</item>
					</item>
				</item>
				<item>
					<item>Building Information</item>
					<item>
						<item>Concrete Perimeter and Slab</item>
					</item>
				</item>
				<item>
					<item>Pool Information</item>
					<item>
						<item>Has Pool</item>
						<item>Pool Description: Fenced, Heated, In-Ground, Pool/Spa Combo, Spa - Fenced, Spa - In Ground, Spa - Jetted</item>
					</item>
				</item>
			</item>
		</item>
		<item>
			<item>School / Neighborhood, Location Details</item>
			<item>
				<item>
					<item>School Information</item>
					<item>
						<item>Elementary School District: Santa Clara Unified</item>
						<item>High School District: Santa Clara Unified</item>
					</item>
				</item>
				<item>
					<item>Location Information</item>
					<item>
						<item>Directions: From Freeway 101, exit onto San Tomas Expressway. Turn left at the 3rd traffic light that is Monroe Street. Cross Los Padres and then turn right into the driveway for Coronado Villas.</item>
					</item>
				</item>
			</item>
		</item>
		<item>
			<item>Utilities</item>
			<item>
				<item>
					<item>Utility Information</item>
					<item>
						<item>Sewer Septic: Sewer (Public)</item>
						<item>Utilities: Public Utilities</item>
					</item>
				</item>
				<item>
					<item>Water Information</item>
					<item>
						<item>Water: Public</item>
					</item>
				</item>
			</item>
		</item>
		<item>
			<item>Property / Lot Details</item>
			<item>
				<item>
					<item>Property Features</item>
					<item>
						<item>Amenities: Walk-In Closet</item>
						<item>Living Sq. Ft.: 716</item>
						<item>Security Features: Fire Alarm, Secured Garage/Parking</item>
					</item>
				</item>
				<item>
					<item>Property Information</item>
					<item>
						<item>Ownership Type: Condominium Ownership</item>
						<item>Property Master ID: 558694</item>
						<item>Restrictions: Parking Restrictions</item>
					</item>
				</item>
				<item>
					<item>Lot Information</item>
					<item>
						<item>Lot Size Source: Assessor</item>
						<item>Zoning: APD</item>
					</item>
				</item>
			</item>
		</item>
	</property_details>
	<public_facts>
		<Beds>1</Beds>
		<Baths>1</Baths>
		<Finished_Sq._Ft.>716</Finished_Sq._Ft.>
		<Unfinished_Sq._Ft.>—</Unfinished_Sq._Ft.>
		<Total_Sq._Ft.>716</Total_Sq._Ft.>
		<Stories>1</Stories>
		<Lot_Size>—</Lot_Size>
		<Style>Condo/Co-op</Style>
		<Year_Built>1987</Year_Built>
		<Year_Renovated>1987</Year_Renovated>
		<County>Santa Clara County</County>
		<APN>22473033</APN>
	</public_facts>
</home>
