<?xml version="1.0" ?>
<home>
	<HomeInfo_Address>
		<street-address>1609 N Fairfax Ave </street-address>
		<locality>Los Angeles, </locality>
		<region>CA</region>
		<postal-code>90046</postal-code>
	</HomeInfo_Address>
	<main_stats>
		<Price>$2,749,000</Price>
		<Beds>4</Beds>
		<Baths>5</Baths>
		<key name="$828 / Sq. Ft.">3,322</key>
	</main_stats>
	<text_base_description>Cool  &amp;  Sexy Modern Architecture at its finest. Incredible home built in 2017 Features 4bd 5 ba, 2 story 3,332 sq ft. Everything in this home is custom w/ designer details throughout. This private  &amp;  gated property has huge walls of glass overlooking the cozy outdoor sparkling pool/spa  &amp;  outdoor patio. Custom high-end Chefs kitchen with Italian cabinetry by Linea Quattro and Miele appliances. Stunning living room with custom F. P  &amp;  soaring high ceilings. All bedrooms are en-suite. Open floor plan w/ tons of natural light. Incredible master suite with F. P, and wonderful views, dual sinks, soaking tub, walk in closet. Outdoor rooftop deck overlooking the entire city. Steps to Sunset Plaza, the Grove, theaters, restaurants, shops  &amp;  more. Incredible location. Easy street parking in front in addition to a private 2 car garage that is gated. This is a very rare opportunity to own one of the 4 Most popular newer construction architecturals in the city. Best location  in the flats of Hollywood.  </text_base_description>
	<listed_by>
		<name>Todd Marks</name>
		<agentLicenseDisplay>•DRE #01227834</agentLicenseDisplay>
		<org>•DRE #01227834</org>
	</listed_by>
	<price_insights>
		<List_Price>$2,749,000</List_Price>
		<Est._Mo._Payment>$12,740</Est._Mo._Payment>
		<Redfin_Estimate>$2,678,567</Redfin_Estimate>
		<key name="Price/Sq.Ft.">$828</key>
	</price_insights>
	<home_facts>
		<Status>Active</Status>
		<Time_on_Redfin>43 days</Time_on_Redfin>
		<Property_Type>Single Family, Residential Single-Family</Property_Type>
		<Year_Built>2017</Year_Built>
		<Style>Modern</Style>
		<Community>Sunset Strip - Hollywood Hills West</Community>
		<Lot_Size>5,000 Sq. Ft.</Lot_Size>
		<key name="MLS#">20-607326</key>
	</home_facts>
	<property_details>
		<item>
			<item>Virtual Tour, Homeowners Association, Utilities, Taxes / Assessments</item>
			<item>
				<item>
					<item>Virtual Tour</item>
					<item>
						<item>Virtual Tour (External Link)</item>
					</item>
				</item>
				<item>
					<item>HOA Information</item>
					<item>
						<item>Fee #1 Frequency: Monthly</item>
					</item>
				</item>
				<item>
					<item>Utility Information</item>
					<item>
						<item>Water: Public</item>
					</item>
				</item>
				<item>
					<item>Assessment Information</item>
					<item>
						<item>Assessor Parcel Number: 5551-016-175</item>
					</item>
				</item>
			</item>
		</item>
		<item>
			<item>Interior Features</item>
			<item>
				<item>
					<item>Bedroom Information</item>
					<item>
						<item>Master Bedroom, WalkInCloset, Master Suite, Master Retreat</item>
					</item>
				</item>
				<item>
					<item>Bathroom Information</item>
					<item>
						<item># of Baths (Full): 5</item>
					</item>
				</item>
				<item>
					<item>Kitchen Information</item>
					<item>
						<item>Cooktop - Gas, Range, Oven</item>
						<item>Pantry, Island, Counter Top, Granite Counters</item>
					</item>
				</item>
				<item>
					<item>Laundry Information</item>
					<item>
						<item>Laundry Inside, Laundry Room</item>
					</item>
				</item>
				<item>
					<item>Additional Rooms</item>
					<item>
						<item>Breakfast Area, Dining Area, In Kitchen</item>
						<item>Breakfast Area, Guest-Maids Quarters, Powder Room, Living Room, Master Bedroom, Walk-In Closet, Patio Enclosed, Dining Area</item>
						<item>Maids Room</item>
					</item>
				</item>
				<item>
					<item>Interior Features</item>
					<item>
						<item>Turnkey</item>
						<item>Windows: Double Pane Windows</item>
					</item>
				</item>
				<item>
					<item>Fireplace Information</item>
					<item>
						<item>In Living Room, In Master Bedroom</item>
						<item># of Fireplaces: 2</item>
					</item>
				</item>
				<item>
					<item>Flooring Information</item>
					<item>
						<item>Hardwood Floors</item>
					</item>
				</item>
				<item>
					<item>Equipment</item>
					<item>
						<item>Dishwasher, Freezer, Garbage Disposal, Ice Maker, Microwave, Range/Oven, Refrigerator, Alarm System</item>
					</item>
				</item>
				<item>
					<item>Heating &amp; Cooling</item>
					<item>
						<item>Central Cooling</item>
						<item>Central Heat</item>
					</item>
				</item>
			</item>
		</item>
		<item>
			<item>Parking / Garage</item>
			<item>
				<item>
					<item>Garage</item>
					<item>
						<item>Assigned, Community Garage, Controlled Entrance, Covered Parking, Door Opener, 2 Car Garage, Tandem, Valet</item>
					</item>
				</item>
				<item>
					<item>Parking</item>
					<item>
						<item># of Parking Spaces (Total): 2</item>
						<item># of Covered Parking Spaces: 2</item>
					</item>
				</item>
			</item>
		</item>
		<item>
			<item>Exterior Features</item>
			<item>
				<item>
					<item>Building Information</item>
					<item>
						<item>Total Floors: 2</item>
						<item>Detached</item>
						<item>Detached/No Common Walls</item>
					</item>
				</item>
				<item>
					<item>Pool Information</item>
					<item>
						<item>Heated Pool, Heated And Filtered Pool, Pool Heated with Gas, In Ground Pool, Lap Pool, Private Pool</item>
						<item>Heated Spa, Heated with Gas, Private Spa, In Ground Spa</item>
					</item>
				</item>
			</item>
		</item>
		<item>
			<item>Property / Lot Details</item>
			<item>
				<item>
					<item>Property Information</item>
					<item>
						<item>Property Type: Residential Single-Family</item>
					</item>
				</item>
				<item>
					<item>Lot Information</item>
					<item>
						<item>Lot Size (Sq. Ft.): 5,000</item>
						<item>Lot Size (Acres): 0.1148</item>
						<item>Zoning: LAR1</item>
					</item>
				</item>
				<item>
					<item>Property Features</item>
					<item>
						<item>Has View</item>
						<item>View: City, City Lights, Hills, Green Belt, Mountains</item>
					</item>
				</item>
			</item>
		</item>
		<item>
			<item>Location Details, Documents &amp; Disclosures</item>
			<item>
				<item>
					<item>Location Information</item>
					<item>
						<item>Directions: Between Hollywood Blvd &amp; Sunset.</item>
					</item>
				</item>
				<item>
					<item>Documents &amp; Disclosures</item>
					<item>
						<item>Disclosures: None</item>
					</item>
				</item>
			</item>
		</item>
	</property_details>
	<public_facts>
		<Beds>4</Beds>
		<Baths>5</Baths>
		<Finished_Sq._Ft.>3,217</Finished_Sq._Ft.>
		<Unfinished_Sq._Ft.>—</Unfinished_Sq._Ft.>
		<Total_Sq._Ft.>3,217</Total_Sq._Ft.>
		<Stories>—</Stories>
		<Lot_Size>5,000 Sq. Ft.</Lot_Size>
		<Style>Single Family Residential</Style>
		<Year_Built>2016</Year_Built>
		<Year_Renovated>2016</Year_Renovated>
		<County>Los Angeles County</County>
		<APN>5551016175</APN>
	</public_facts>
</home>
