<?xml version="1.0" ?>
<home>
	<HomeInfo_Address>
		<street-address>2640 N Paradise Dr </street-address>
		<locality>El Sereno, </locality>
		<region>CA</region>
		<postal-code/>
	</HomeInfo_Address>
	<main_stats>
		<Price>$35,000</Price>
		<Beds>—</Beds>
		<Baths>—</Baths>
		<Sq._Ft.>—</Sq._Ft.>
	</main_stats>
	<text_base_description>Come build your dream home with panoramic views! This lot is being sold with 5209-022-008  &amp;  5209-022-010. Total of 6 lots for sale with endless possibilities. These lots extends from Paradise Dr. down to Forest Park Dr. Close to DTLA, Dodger Stadium, 10, 710  &amp;  101 fwy, Pasadena, Cal State LA and USC Med Center. Buyer and buyer's agent to do their own due diligence in investigating any information pertaining to parcels, permits, zoning, site address etc.  </text_base_description>
	<listed_by>
		<name>DIANA VELEZ</name>
		<agentLicenseDisplay>•DRE #01390709</agentLicenseDisplay>
		<org>•DRE #01390709</org>
	</listed_by>
	<price_insights>
		<List_Price>$35,000</List_Price>
		<Est._Mo._Payment>$163</Est._Mo._Payment>
		<Redfin_Estimate>$30,446</Redfin_Estimate>
	</price_insights>
	<home_facts>
		<Status>Active</Status>
		<Time_on_Redfin>369 days</Time_on_Redfin>
		<Community>621 - El Sereno</Community>
		<Lot_Size>5,399 Sq. Ft.</Lot_Size>
		<key name="MLS#">WS19227695</key>
	</home_facts>
	<property_details>
		<item>
			<item>School / Neighborhood, Utilities, Location Details</item>
			<item>
				<item>
					<item>Neighborhood Information</item>
					<item>
						<item>Street Lighting, Urban</item>
					</item>
				</item>
				<item>
					<item>Utilities Information</item>
					<item>
						<item>Water Source: None</item>
					</item>
				</item>
				<item>
					<item>Location Information</item>
					<item>
						<item>Directions: N. on Commodore, Right on Forest Park Dr. Left on Rising Dr. Continue on Paradise Dr</item>
						<item>Zoning: LARE20</item>
					</item>
				</item>
			</item>
		</item>
		<item>
			<item>Property / Lot Details</item>
			<item>
				<item>
					<item>Lot Information</item>
					<item>
						<item>Distance To Water Comments: 0</item>
						<item>Elevation Units: Feet</item>
						<item>Lot Size Source: Assessor's Data</item>
						<item>Lot Features: 0-1 Unit/Acre</item>
					</item>
				</item>
				<item>
					<item>Property Information</item>
					<item>
						<item>Parcel Number: 5209022009</item>
						<item>Has View</item>
					</item>
				</item>
			</item>
		</item>
	</property_details>
	<public_facts>
		<Beds>—</Beds>
		<Baths>—</Baths>
		<Finished_Sq._Ft.>—</Finished_Sq._Ft.>
		<Unfinished_Sq._Ft.>—</Unfinished_Sq._Ft.>
		<Total_Sq._Ft.>—</Total_Sq._Ft.>
		<Stories>—</Stories>
		<Lot_Size>—</Lot_Size>
		<Style>Vacant Land</Style>
		<Year_Built>—</Year_Built>
		<Year_Renovated>—</Year_Renovated>
		<County>Los Angeles County</County>
		<APN>—</APN>
	</public_facts>
</home>
