<?xml version="1.0" ?>
<home>
	<HomeInfo_Address>
		<street-address>1200 Barton Creek Blvd #30 </street-address>
		<locality>Austin, </locality>
		<region>TX</region>
		<postal-code>78735</postal-code>
	</HomeInfo_Address>
	<main_stats>
		<Price>$550,000</Price>
		<Beds>—</Beds>
		<Baths>—</Baths>
		<Sq._Ft.>—</Sq._Ft.>
	</main_stats>
	<text_base_description>#30 is the last remaining homesite in Watersmark, one of Austin's most desirable neighborhoods, Each custom home is unique  &amp;  blend in w/ the natural landscape. The 65 homes are sized appropriately, not to overpower the serene beauty of the community. Nestled behind security gates  &amp;  adjacent to the golf course, #30 offers the convenient lifestyle of lock  &amp;  leave, resort style living at its finest, including the newly renovated Barton Creek CC  &amp;  minutes away from Austin. Conceptual plans w/ Sinclair Black. Restrictions: Yes </text_base_description>
	<listed_by>
		<name>Greg Walling</name>
		<agentLicenseDisplay>•TREC #0535586</agentLicenseDisplay>
		<org>•TREC #0535586</org>
	</listed_by>
	<price_insights>
		<List_Price>$550,000</List_Price>
		<Est._Mo._Payment>$3,099</Est._Mo._Payment>
	</price_insights>
	<home_facts>
		<Status>Active</Status>
		<Time_on_Redfin>64 days</Time_on_Redfin>
		<Property_Type>Land, Unimproved Land</Property_Type>
		<HOA_Dues>$330/month</HOA_Dues>
		<Community>Watersmark At Barton Creek Con</Community>
		<key name="MLS#">4938882</key>
	</home_facts>
	<property_details>
		<item>
			<item>Interior Features, Multi-Unit Information, Homeowners Association, School / Neighborhood</item>
			<item>
				<item>
					<item>Interior Features</item>
					<item>
						<item>Unfurnished</item>
					</item>
				</item>
				<item>
					<item>Multi Unit Information</item>
					<item>
						<item>Pets Allowed: No</item>
					</item>
				</item>
				<item>
					<item>HOA Information</item>
					<item>
						<item>Has Home Owners Association</item>
						<item>Association Name: Watersmark + BCN</item>
						<item>Association Fee: $990</item>
						<item>Quarterly</item>
						<item>Association Fee Includes: Common Areas, Security</item>
						<item>Association Amenities: Concierge</item>
					</item>
				</item>
				<item>
					<item>School</item>
					<item>
						<item>Elementary School District: Austin ISD</item>
						<item>Middle Or Junior School District: Austin ISD</item>
						<item>High School District: Austin ISD</item>
						<item>Elementary School: Oak Hill</item>
						<item>Middle Or Junior School: O Henry,</item>
						<item>High School: Austin,</item>
					</item>
				</item>
			</item>
		</item>
		<item>
			<item>Utilities, Taxes / Assessments, Location Details</item>
			<item>
				<item>
					<item>Utility Information</item>
					<item>
						<item>Utilities: Electricity Available, Natural Gas Available, Phone Available, Underground Utilities</item>
						<item>Sewer: Public Sewer</item>
						<item>Water Source: Public</item>
					</item>
				</item>
				<item>
					<item>Tax Information</item>
					<item>
						<item>Annual Amount: $8,915</item>
						<item>Tax Year: 2020</item>
					</item>
				</item>
				<item>
					<item>Community Information</item>
					<item>
						<item>Community Features: Clubhouse, Community Mailbox, Fitness Center, Golf, Gated, Tennis Courts, Trails/Paths</item>
					</item>
				</item>
			</item>
		</item>
		<item>
			<item>Property / Lot Details</item>
			<item>
				<item>
					<item>Land Information</item>
					<item>
						<item>Topography: Level</item>
					</item>
				</item>
				<item>
					<item>Lot Information</item>
					<item>
						<item>Lot Features: Near Golf Course, Trees Large Size, Level</item>
						<item>Road Surface Type: Paved</item>
						<item>Zoning: Zoned</item>
					</item>
				</item>
				<item>
					<item>Property Information</item>
					<item>
						<item>Has View</item>
					</item>
				</item>
			</item>
		</item>
	</property_details>
	<public_facts>
		<Beds>—</Beds>
		<Baths>—</Baths>
		<Finished_Sq._Ft.>—</Finished_Sq._Ft.>
		<Unfinished_Sq._Ft.>—</Unfinished_Sq._Ft.>
		<Total_Sq._Ft.>—</Total_Sq._Ft.>
		<Stories>—</Stories>
		<Lot_Size>1.13 Acres</Lot_Size>
		<Style>Other</Style>
		<Year_Built>—</Year_Built>
		<Year_Renovated>—</Year_Renovated>
		<County>Travis County</County>
		<APN>473805</APN>
	</public_facts>
</home>
