<?xml version="1.0" ?>
<home>
	<HomeInfo_Address>
		<street-address>1132 N Ogden Dr </street-address>
		<locality>West Hollywood, </locality>
		<region>CA</region>
		<postal-code>90046</postal-code>
	</HomeInfo_Address>
	<main_stats>
		<Price>$1,599,000</Price>
		<Beds>3</Beds>
		<Baths>3</Baths>
		<key name="$862 / Sq. Ft.">1,854</key>
	</main_stats>
	<text_base_description>A stunning contemporary townhouse with 3 beds and 3 baths, private yard, and massive rooftop deck with views from the Hollywood Hills, to DTLA, and Santa Monica. With mesmerizing architectural design and soaring 10-foot high ceilings, this home features an abundance of natural light, American oak wood floors, and custom finishes throughout. A gourmet kitchen comes replete with a solid oak breakfast bar, Caesarstone countertops, and Subzero/Bertizzoni appliances. The luxurious owner's suite has an ensuite bathroom finished with beautiful stone tile, and a large walk-in closet with built-in cabinets. Two additional bedrooms and a spacious laundry room. The private rooftop deck is an entertainer's dream with a full outdoor kitchen, center island with bar seating, fireplace, and breathtaking views. Private attached 2-car garage with storage and direct access to unit. This property is in a prime West Hollywood location and exceeds WEHO Green and LEED Silver standards.  </text_base_description>
	<listed_by>
		<name>Shannon Casey</name>
		<agentLicenseDisplay>•DRE #02075969</agentLicenseDisplay>
		<org>•DRE #02075969</org>
	</listed_by>
	<price_insights>
		<List_Price>$1,599,000</List_Price>
		<Est._Mo._Payment>$7,410</Est._Mo._Payment>
		<key name="Price/Sq.Ft.">$862</key>
	</price_insights>
	<home_facts>
		<Status>Active</Status>
		<Time_on_Redfin>8 days</Time_on_Redfin>
		<Property_Type>Townhouse, Residential Condo/Co-Op</Property_Type>
		<HOA_Dues>$546/month</HOA_Dues>
		<Year_Built>2015</Year_Built>
		<Style>Architectural</Style>
		<Community>West Hollywood Vicinity</Community>
		<Lot_Size>7,547 Sq. Ft.</Lot_Size>
		<key name="MLS#">20-632434</key>
	</home_facts>
	<property_details>
		<item>
			<item>Interior Features</item>
			<item>
				<item>
					<item>Bathroom Information</item>
					<item>
						<item># of Baths (Full): 3</item>
					</item>
				</item>
				<item>
					<item>Laundry Information</item>
					<item>
						<item>Laundry Area</item>
					</item>
				</item>
				<item>
					<item>Additional Rooms</item>
					<item>
						<item>Breakfast Bar, Walk-In Closet</item>
					</item>
				</item>
				<item>
					<item>Flooring Information</item>
					<item>
						<item>Wood Floors</item>
					</item>
				</item>
				<item>
					<item>Equipment</item>
					<item>
						<item>Dishwasher, Dryer, Garbage Disposal, Microwave, Range/Oven, Refrigerator, Washer</item>
					</item>
				</item>
				<item>
					<item>Heating &amp; Cooling</item>
					<item>
						<item>Central Cooling</item>
						<item>Central Heat</item>
					</item>
				</item>
			</item>
		</item>
		<item>
			<item>Parking / Garage</item>
			<item>
				<item>
					<item>Garage</item>
					<item>
						<item>Attached, Driveway Gate, 2 Car Garage, Parking for Guests, Private</item>
						<item># of Garage Spaces: 2</item>
					</item>
				</item>
				<item>
					<item>Parking</item>
					<item>
						<item># of Parking Spaces (Total): 4</item>
						<item># of Covered Parking Spaces: 2</item>
					</item>
				</item>
			</item>
		</item>
		<item>
			<item>Exterior Features</item>
			<item>
				<item>
					<item>Building Information</item>
					<item>
						<item>Total Floors: 3</item>
						<item>Attached, Townhouse</item>
						<item>Attached</item>
						<item>Entry Floor Number: 1</item>
						<item>Security Features: Exterior Security Lights, Fire and Smoke Detection System, Fire Sprinklers, Gated</item>
					</item>
				</item>
				<item>
					<item>Exterior Features</item>
					<item>
						<item>Patio Features: Roof Top Deck</item>
					</item>
				</item>
			</item>
		</item>
		<item>
			<item>Homeowners Association, School / Neighborhood, Taxes / Assessments, Location Details</item>
			<item>
				<item>
					<item>HOA Information</item>
					<item>
						<item>Amenities: Other</item>
						<item>Fee #1: $546</item>
						<item>Fee #1 Frequency: Monthly</item>
						<item>AssociationPetRules: Call</item>
					</item>
				</item>
				<item>
					<item>Community Information</item>
					<item>
						<item># of Units in Complex (Total): 5</item>
					</item>
				</item>
				<item>
					<item>Assessment Information</item>
					<item>
						<item>Assessor Parcel Number: 5530-003-058</item>
					</item>
				</item>
				<item>
					<item>Location Information</item>
					<item>
						<item>Unit Floor In Building: 1</item>
						<item>Complex Name: The Ogden Five</item>
						<item>Directions: Just North of Santa Monic Bl on Ogden. Two blocks East of Fairfax.</item>
					</item>
				</item>
			</item>
		</item>
		<item>
			<item>Property / Lot Details</item>
			<item>
				<item>
					<item>Property Information</item>
					<item>
						<item>Property Type: Residential Condo/Co-Op</item>
					</item>
				</item>
				<item>
					<item>Lot Information</item>
					<item>
						<item>Lot Size (Sq. Ft.): 7,547</item>
						<item>Lot Size (Acres): 0.173</item>
						<item>Zoning: WDR3C*</item>
						<item>Special Zoning: None</item>
					</item>
				</item>
				<item>
					<item>Property Features</item>
					<item>
						<item>Has View</item>
						<item>View: City Lights, Mountains, Panoramic</item>
					</item>
				</item>
			</item>
		</item>
		<item>
			<item>Documents &amp; Disclosures</item>
			<item>
				<item>
					<item>Documents &amp; Disclosures</item>
					<item>
						<item>Disclosures: As Is, CC and R, Homeowners Association</item>
					</item>
				</item>
			</item>
		</item>
	</property_details>
	<public_facts>
		<Beds>3</Beds>
		<Baths>3</Baths>
		<Finished_Sq._Ft.>1,613</Finished_Sq._Ft.>
		<Unfinished_Sq._Ft.>—</Unfinished_Sq._Ft.>
		<Total_Sq._Ft.>1,613</Total_Sq._Ft.>
		<Stories>—</Stories>
		<Lot_Size>—</Lot_Size>
		<Style>Condo/Co-op</Style>
		<Year_Built>2015</Year_Built>
		<Year_Renovated>2015</Year_Renovated>
		<County>Los Angeles County</County>
		<APN>5530003058</APN>
	</public_facts>
</home>
