<?xml version="1.0" ?>
<home>
	<HomeInfo_Address>
		<street-address>1119 Reed St </street-address>
		<locality>SANTA CLARA, </locality>
		<region>CA</region>
		<postal-code>95050</postal-code>
	</HomeInfo_Address>
	<main_stats>
		<Price>$1,399,000</Price>
		<Beds>4</Beds>
		<Baths>3</Baths>
		<key name="$919 / Sq. Ft.">1,522</key>
	</main_stats>
	<text_base_description>Beautiful 4 bedrooms, 3 full baths in the heart of Santa Clara, expanded and updated throughout  in 2018, Like a newer home, Bright and inviting floor plan, Open kitchen with S/S appliances, center island, custom cabinetry with Quartz countertops, Designer style master bathroom with modern double vanity  &amp;  jet panel stall shower. Recessed lighting, dual pane windows, newer furnace, Nest thermostat  &amp;  brand new A/C. Detached 2 car garage with opener, Paved patio on side yard, new lawn front  &amp;  back with sprinkler system, mature orange tree, Newer electrical panel, Close proximity to Santa Clara University, high-tech companies, Minutes away from Levi's stadium, Santana Row and Valley Fair mall.  </text_base_description>
	<listed_by>
		<name>Susanna Wong</name>
		<agentLicenseDisplay>•DRE #01155469</agentLicenseDisplay>
		<org>•DRE #01155469</org>
	</listed_by>
	<price_insights>
		<List_Price>$1,399,000</List_Price>
		<Est._Mo._Payment>$6,418</Est._Mo._Payment>
		<Redfin_Estimate>$1,368,562</Redfin_Estimate>
		<key name="Price/Sq.Ft.">$919</key>
	</price_insights>
	<home_facts>
		<Status>Active</Status>
		<Time_on_Redfin>17 days</Time_on_Redfin>
		<Property_Type>Single Family Home</Property_Type>
		<Year_Built>1947</Year_Built>
		<Style>Ranch</Style>
		<Community>SANTA CLARA</Community>
		<Lot_Size>5,000 Sq. Ft.</Lot_Size>
		<key name="MLS#">ML81810039</key>
	</home_facts>
	<property_details>
		<item>
			<item>Virtual Tour, Parking / Garage, Multi-Unit Information, School / Neighborhood</item>
			<item>
				<item>
					<item>Virtual Tour</item>
					<item>
						<item>Branded Virtual Tour (External Link)</item>
						<item>Unbranded Virtual Tour (External Link)</item>
					</item>
				</item>
				<item>
					<item>Parking Information</item>
					<item>
						<item>Garage (Minimum): 2</item>
						<item>Garage (Maximum): 2</item>
						<item>Parking Description: Detached, Gate/Door Opener</item>
						<item>Garage Spaces: 2</item>
					</item>
				</item>
				<item>
					<item>Multi-Unit Information</item>
					<item>
						<item># of Stories: 1</item>
					</item>
				</item>
				<item>
					<item>School Information</item>
					<item>
						<item>Elementary School: Scott Lane Elementary</item>
						<item>Elementary School District: Santa Clara Unified</item>
						<item>Middle School: Buchser Middle</item>
						<item>High School: Santa Clara High</item>
						<item>High School District: Santa Clara Unified</item>
					</item>
				</item>
			</item>
		</item>
		<item>
			<item>Interior Features</item>
			<item>
				<item>
					<item>Bedroom Information</item>
					<item>
						<item># of Bedrooms (Minimum): 4</item>
						<item># of Bedrooms (Maximum): 4</item>
						<item>Bedrooms: Ground Floor Bedroom</item>
					</item>
				</item>
				<item>
					<item>Bathroom Information</item>
					<item>
						<item># of Baths (Full): 3</item>
						<item>Bathroom Description: Master (Stall Shower(s)), 2+ Stall Shower</item>
					</item>
				</item>
				<item>
					<item>Room Information</item>
					<item>
						<item>Dining Room Description: Breakfast Bar, Formal Dining Room</item>
						<item>Kitchen Description: Island, Microwave, Oven Range (Gas), Pantry, Refrigerator(s)</item>
					</item>
				</item>
				<item>
					<item>Interior Features</item>
					<item>
						<item>Laundry: Inside</item>
						<item>Flooring: Laminate</item>
					</item>
				</item>
				<item>
					<item>Heating &amp; Cooling Information</item>
					<item>
						<item>Cooling: Central Forced Air</item>
						<item>Heating: Forced Air</item>
					</item>
				</item>
			</item>
		</item>
		<item>
			<item>Exterior Features</item>
			<item>
				<item>
					<item>Exterior Features</item>
					<item>
						<item>Fencing: Fenced</item>
						<item>Roof: Composition</item>
						<item>Yard/Grounds: Sprinkler(s) (Auto), Sprinkler(s) (Lawn)</item>
					</item>
				</item>
				<item>
					<item>Building Information</item>
					<item>
						<item>Building Type: Detached</item>
						<item>Crawl Space</item>
					</item>
				</item>
			</item>
		</item>
		<item>
			<item>Utilities</item>
			<item>
				<item>
					<item>Utility Information</item>
					<item>
						<item>Energy Features: Thermostat Controller</item>
						<item>Sewer Septic: Sewer (Public)</item>
						<item>Utilities: Public Utilities</item>
					</item>
				</item>
				<item>
					<item>Water Information</item>
					<item>
						<item>Water: Public</item>
					</item>
				</item>
			</item>
		</item>
		<item>
			<item>Property / Lot Details</item>
			<item>
				<item>
					<item>Property Features</item>
					<item>
						<item>Amenities: Skylight(s)</item>
						<item>Communication: Cable TV</item>
						<item>Living Sq. Ft.: 1,522</item>
					</item>
				</item>
				<item>
					<item>Property Information</item>
					<item>
						<item>Property Master ID: 286778</item>
					</item>
				</item>
				<item>
					<item>Lot Information</item>
					<item>
						<item>Lot Acres: 0.1148</item>
						<item>Lot Description: Regular</item>
						<item>Lot Size Area Minimum Units: Sq. Ft.</item>
						<item>Lot Size Area Maximum Units: Sq. Ft.</item>
						<item>Lot Size Source: Other (See Remarks)</item>
						<item>Zoning: R16L</item>
					</item>
				</item>
			</item>
		</item>
	</property_details>
	<public_facts>
		<Beds>3</Beds>
		<Baths>3</Baths>
		<Finished_Sq._Ft.>1,522</Finished_Sq._Ft.>
		<Unfinished_Sq._Ft.>—</Unfinished_Sq._Ft.>
		<Total_Sq._Ft.>1,522</Total_Sq._Ft.>
		<Stories>1</Stories>
		<Lot_Size>6,603 Sq. Ft.</Lot_Size>
		<Style>Single Family Residential</Style>
		<Year_Built>1947</Year_Built>
		<Year_Renovated>1947</Year_Renovated>
		<County>Santa Clara County</County>
		<APN>22423015</APN>
	</public_facts>
</home>
