<?xml version="1.0" ?>
<home>
	<HomeInfo_Address>
		<street-address>2815 Newhall St </street-address>
		<locality>SANTA CLARA, </locality>
		<region>CA</region>
		<postal-code>95050</postal-code>
	</HomeInfo_Address>
	<main_stats>
		<Price>$850,000</Price>
		<Beds>2</Beds>
		<Baths>1.5</Baths>
		<key name="$671 / Sq. Ft.">1,267</key>
	</main_stats>
	<text_base_description>Welcome to this Mediterranean style townhome in a quaint community with only 13 families. Easy commute to major Silicon Valley employers, 1.5 miles to Santana Row and Valley Fair, 1.5 to Santa Clara University, 3.5 to Whole Foods, 5 to San Jose Airport. This is an end unit with 1 shared wall with the neighbor  &amp;  side window allows extra light into the home. Central heat, AC  &amp;  ceiling fans. New extra thick laminate floors are super comfortable  &amp;  slate tile floor in kitchen  &amp;  bathrooms are easy to clean. Brass nickel faucets throughout. Stainless steel kitchen appliances  &amp;  extra large pantry  &amp;  plenty of cabinets for storage in kitchen. Walk-in guest closet with extra storage area. Tankless water heater  &amp;  double pane windows saves electric cost. Spacious balcony. Standard size stacked washer/dryer inside the home. Community has its own bicycle storage room, electric vehicle charging stations  &amp;  gated garage. HOA dues include garbage, water, insurance, building exterior  &amp;  roof maintenance.  </text_base_description>
	<listed_by>
		<name>Jeffrey Lee</name>
		<agentLicenseDisplay>•DRE #01303684</agentLicenseDisplay>
		<org>•DRE #01303684</org>
	</listed_by>
	<price_insights>
		<List_Price>$850,000</List_Price>
		<Est._Mo._Payment>$3,899</Est._Mo._Payment>
		<Redfin_Estimate>$846,688</Redfin_Estimate>
		<key name="Price/Sq.Ft.">$671</key>
	</price_insights>
	<home_facts>
		<Status>Active</Status>
		<Time_on_Redfin>9 days</Time_on_Redfin>
		<Property_Type>Condominium</Property_Type>
		<HOA_Dues>$493</HOA_Dues>
		<Year_Built>2016</Year_Built>
		<Style>Mediterranean</Style>
		<Community>SANTA CLARA</Community>
		<key name="MLS#">ML81811644</key>
	</home_facts>
	<property_details>
		<item>
			<item>Interior Features</item>
			<item>
				<item>
					<item>Bedroom Information</item>
					<item>
						<item># of Bedrooms (Minimum): 2</item>
						<item># of Bedrooms (Maximum): 2</item>
						<item>Bedrooms: Walk-In Closet</item>
					</item>
				</item>
				<item>
					<item>Bathroom Information</item>
					<item>
						<item># of Baths (Full): 1</item>
						<item># of Baths (1/2): 1</item>
						<item>Bathroom Description: Double Sinks, Dual Flush Toilet, Half on Ground Floor, Master (Stall Shower(s))</item>
					</item>
				</item>
				<item>
					<item>Room Information</item>
					<item>
						<item>Den/Study/Office, Storage</item>
						<item>Dining Room Description: Dining Area</item>
						<item>Kitchen Description: Countertop (Granite), Dishwasher, Exhaust Fan, Garbage Disposal, Hood Over Range, Oven Range (Gas), Pantry, Refrigerator(s)</item>
					</item>
				</item>
				<item>
					<item>Interior Features</item>
					<item>
						<item>Laundry: Inside</item>
						<item>Flooring: Carpet, Laminate, Slate</item>
					</item>
				</item>
				<item>
					<item>Heating &amp; Cooling Information</item>
					<item>
						<item>Cooling: Ceiling Fan, Central Forced Air</item>
						<item>Heating: Central Forced Air</item>
					</item>
				</item>
			</item>
		</item>
		<item>
			<item>Parking / Garage, Multi-Unit Information, Homeowners Association, School / Neighborhood</item>
			<item>
				<item>
					<item>Parking Information</item>
					<item>
						<item>Garage (Minimum): 1</item>
						<item>Garage (Maximum): 1</item>
						<item>Parking Description: Assigned Spaces, Attached Garage, Underground Parking</item>
						<item>Garage Spaces: 1</item>
					</item>
				</item>
				<item>
					<item>Multi-Unit Information</item>
					<item>
						<item># of Stories: 2</item>
						<item># of Units in Building (Minimum): 13</item>
						<item># of Units in Building (Maximum): 13</item>
						<item># of Units in Complex (Minimum): 13</item>
					</item>
				</item>
				<item>
					<item>HOA Information</item>
					<item>
						<item>Has HOA</item>
						<item>Fees Include: Decks, Exterior Painting, Garbage, Insurance, Landscaping/Gardening, Maintenance (Common Area), Maintenance (Exterior), Management Fee, Reserves, Roof, Water</item>
						<item>HOA Amenities: Elevator</item>
						<item>HOA Fee: $493</item>
						<item>HOA Fee Frequency: Monthly</item>
						<item>HOA Name: Rosa Santa Clara Owners Association</item>
						<item>HOA Primary Phone: 408-217-2882</item>
					</item>
				</item>
				<item>
					<item>School Information</item>
					<item>
						<item>Elementary School District: Santa Clara Unified</item>
						<item>High School District: Santa Clara Unified</item>
					</item>
				</item>
			</item>
		</item>
		<item>
			<item>Exterior Features</item>
			<item>
				<item>
					<item>Exterior Features</item>
					<item>
						<item>Roof: Tile</item>
						<item>Yard/Grounds: Balcony/Patio, Courtyard, Drought Tolerant Plants</item>
					</item>
				</item>
				<item>
					<item>Building Information</item>
					<item>
						<item>Other</item>
					</item>
				</item>
			</item>
		</item>
		<item>
			<item>Utilities</item>
			<item>
				<item>
					<item>Utility Information</item>
					<item>
						<item>Energy Features: Double Pane Windows, Tankless Water Heater</item>
						<item>Sewer Septic: Sewer (Public)</item>
						<item>Utilities: Public Utilities</item>
					</item>
				</item>
				<item>
					<item>Water Information</item>
					<item>
						<item>Water: Public</item>
					</item>
				</item>
			</item>
		</item>
		<item>
			<item>Taxes / Assessments, Misc. Information</item>
			<item>
				<item>
					<item>Tax/Assessment Information</item>
					<item>
						<item>City Transfer Tax: No</item>
					</item>
				</item>
				<item>
					<item>Miscellaneous Information</item>
					<item>
						<item>Incorporated: No</item>
					</item>
				</item>
			</item>
		</item>
		<item>
			<item>Property / Lot Details</item>
			<item>
				<item>
					<item>Property Features</item>
					<item>
						<item>Amenities: High Ceiling, Walk-In Closet</item>
						<item>Living Sq. Ft.: 1,267</item>
						<item>Security Features: Secured Garage/Parking</item>
						<item>Special Features: Elevator/Lift</item>
					</item>
				</item>
				<item>
					<item>Property Information</item>
					<item>
						<item>Ownership Type: Condominium Ownership</item>
						<item>Property Master ID: 647723</item>
						<item>Restrictions: Age (No Restrictions)</item>
					</item>
				</item>
				<item>
					<item>Lot Information</item>
					<item>
						<item>Lot Size Source: Assessor</item>
						<item>Zoning: CN</item>
					</item>
				</item>
			</item>
		</item>
	</property_details>
	<public_facts>
		<Beds>1</Beds>
		<Baths>2</Baths>
		<Finished_Sq._Ft.>1,267</Finished_Sq._Ft.>
		<Unfinished_Sq._Ft.>—</Unfinished_Sq._Ft.>
		<Total_Sq._Ft.>1,267</Total_Sq._Ft.>
		<Stories>2</Stories>
		<Lot_Size>—</Lot_Size>
		<Style>Condo/Co-op</Style>
		<Year_Built>2016</Year_Built>
		<Year_Renovated>2016</Year_Renovated>
		<County>Santa Clara County</County>
		<APN>26961003</APN>
	</public_facts>
</home>
