<?xml version="1.0" ?>
<home>
	<HomeInfo_Address>
		<street-address>4500 Klamath </street-address>
		<locality>El Sereno, </locality>
		<region>CA</region>
		<postal-code>90032</postal-code>
	</HomeInfo_Address>
	<main_stats>
		<Price>$5,000,000</Price>
		<Beds>—</Beds>
		<Baths>—</Baths>
		<Sq._Ft.>—</Sq._Ft.>
	</main_stats>
	<text_base_description>Large (almost 10 acres) land with BEAUTIFUL views of Downtown Los Angeles. This lot is located in the up and coming El Sereno area and is only minutes away from the city. Surrounded by residential neighbors with a gentle slope yet still hidden in the hills. Land comes with three properties, APN: 5214025004, 5214025006, 5214024019, totaling around 9.7 arcs. Had plans to build 49 SFRs. Centrally located: 3 miles from DTLA, 4 miles from Pasadena and 5 miles from Alhambra </text_base_description>
	<listed_by>
		<name>BRIAN NGOY</name>
		<agentLicenseDisplay>•DRE #01821280</agentLicenseDisplay>
		<org>•DRE #01821280</org>
	</listed_by>
	<price_insights>
		<List_Price>$5,000,000</List_Price>
		<Est._Mo._Payment>$23,228</Est._Mo._Payment>
		<Redfin_Estimate>$4,221,501</Redfin_Estimate>
	</price_insights>
	<home_facts>
		<Status>Active</Status>
		<Time_on_Redfin>30 days</Time_on_Redfin>
		<Community>621 - El Sereno</Community>
		<Lot_Size>9.76 Acres</Lot_Size>
		<key name="MLS#">WS20172389</key>
	</home_facts>
	<property_details>
		<item>
			<item>School / Neighborhood, Utilities, Location Details</item>
			<item>
				<item>
					<item>Neighborhood Information</item>
					<item>
						<item>Curbs, Mountainous, Street Lighting</item>
					</item>
				</item>
				<item>
					<item>Utilities Information</item>
					<item>
						<item>Water Source: None</item>
					</item>
				</item>
				<item>
					<item>Location Information</item>
					<item>
						<item>Directions: Off of Eastern and Klamath</item>
						<item>Zoning: LAA1</item>
					</item>
				</item>
			</item>
		</item>
		<item>
			<item>Property / Lot Details</item>
			<item>
				<item>
					<item>Lot Information</item>
					<item>
						<item>Distance To Water Comments: YES</item>
						<item>Additional Parcels Description: 5214025004, 521402019</item>
						<item>Elevation Units: Feet</item>
						<item>Lot Size Source: Assessor's Data</item>
						<item>Lot Features: 6-10 Units/Acre, Down Slope from Street</item>
					</item>
				</item>
				<item>
					<item>Property Information</item>
					<item>
						<item>Parcel Number: 5214025006</item>
						<item>Has View</item>
					</item>
				</item>
			</item>
		</item>
	</property_details>
	<public_facts>
		<Beds>—</Beds>
		<Baths>—</Baths>
		<Finished_Sq._Ft.>—</Finished_Sq._Ft.>
		<Unfinished_Sq._Ft.>—</Unfinished_Sq._Ft.>
		<Total_Sq._Ft.>—</Total_Sq._Ft.>
		<Stories>—</Stories>
		<Lot_Size>—</Lot_Size>
		<Style>Vacant Land</Style>
		<Year_Built>—</Year_Built>
		<Year_Renovated>—</Year_Renovated>
		<County>Los Angeles County</County>
		<APN>5214025004</APN>
	</public_facts>
</home>
