<?xml version="1.0" ?>
<home>
	<HomeInfo_Address>
		<street-address>731 Enright Ave </street-address>
		<locality>SANTA CLARA, </locality>
		<region>CA</region>
		<postal-code>95050</postal-code>
	</HomeInfo_Address>
	<main_stats>
		<Price>$1,239,000</Price>
		<Beds>3</Beds>
		<Baths>2</Baths>
		<key name="$910 / Sq. Ft.">1,362</key>
	</main_stats>
	<text_base_description>A lovely single-family home situated in central Santa Clara. The main home with three bedrooms, two bathrooms, and a detached bonus room on the backside of the property. This home combines comfortable living and proximity to tech companies like, Apple, Nvidia, and Applied. Revel in the homes comfortable flow, newer paint inside and out, a fireplace in the living room, and laminate floors throughout. A large sliding door brings the outdoors in, allowing you to welcome in the beautiful and tranquil Japanese garden. The kitchen features gas stove, granite counters, white cabinetry and tile flooring. Soak and relax in the Japanese-style tub and shower in the hall bathroom. The spacious guestroom has a large window overlooking the garden and a bathroom with shower. The back detached bonus room, with newer paint and carpet, makes for a great home office, space for guests, or for personal enjoyment. Conveniently located for all your needs, yet tucked away in a quiet neighborhood.  </text_base_description>
	<listed_by>
		<name>Masako Takemura</name>
		<agentLicenseDisplay>•DRE #01763865</agentLicenseDisplay>
		<org>•DRE #01763865</org>
	</listed_by>
	<price_insights>
		<List_Price>$1,239,000</List_Price>
		<Est._Mo._Payment>$5,684</Est._Mo._Payment>
		<Redfin_Estimate>$1,376,558</Redfin_Estimate>
		<key name="Price/Sq.Ft.">$910</key>
	</price_insights>
	<home_facts>
		<Status>Active</Status>
		<Time_on_Redfin>9 days</Time_on_Redfin>
		<Property_Type>Single Family Home</Property_Type>
		<Year_Built>1950</Year_Built>
		<Community>SANTA CLARA</Community>
		<Lot_Size>5,670 Sq. Ft.</Lot_Size>
		<key name="MLS#">ML81811411</key>
	</home_facts>
	<property_details>
		<item>
			<item>Virtual Tour, Parking / Garage, Multi-Unit Information, School / Neighborhood</item>
			<item>
				<item>
					<item>Virtual Tour</item>
					<item>
						<item>Branded 3D Tour (External Link)</item>
						<item>Branded Virtual Tour (External Link)</item>
						<item>Unbranded 3D Tour (External Link)</item>
						<item>Unbranded Virtual Tour (External Link)</item>
					</item>
				</item>
				<item>
					<item>Parking Information</item>
					<item>
						<item>Garage (Minimum): 1</item>
						<item>Garage (Maximum): 1</item>
						<item>Parking Description: Attached Garage</item>
						<item>Garage Spaces: 1</item>
					</item>
				</item>
				<item>
					<item>Multi-Unit Information</item>
					<item>
						<item># of Stories: 1</item>
					</item>
				</item>
				<item>
					<item>School Information</item>
					<item>
						<item>Elementary School District: Santa Clara Unified</item>
						<item>High School District: Santa Clara Unified</item>
					</item>
				</item>
			</item>
		</item>
		<item>
			<item>Interior Features</item>
			<item>
				<item>
					<item>Bedroom Information</item>
					<item>
						<item># of Bedrooms (Minimum): 3</item>
						<item># of Bedrooms (Maximum): 3</item>
					</item>
				</item>
				<item>
					<item>Bathroom Information</item>
					<item>
						<item># of Baths (Full): 2</item>
						<item>Bathroom Description: Shower and Tub, Stall Shower, Other (See Remarks)</item>
					</item>
				</item>
				<item>
					<item>Room Information</item>
					<item>
						<item>Bonus/Hobby Room</item>
						<item>Dining Room Description: Dining Area</item>
						<item>Kitchen Description: Cooktop (Gas), Hood Over Range</item>
					</item>
				</item>
				<item>
					<item>Interior Features</item>
					<item>
						<item>Laundry: Inside, Washer/Dryer</item>
						<item>Flooring: Laminate, Tile</item>
					</item>
				</item>
				<item>
					<item>Fireplace Information</item>
					<item>
						<item>Has Fireplace</item>
						<item>Fireplace Description: Wood-Burning</item>
						<item>Fireplaces (Minimum): 1</item>
					</item>
				</item>
				<item>
					<item>Heating &amp; Cooling Information</item>
					<item>
						<item>Cooling: Window/Wall Unit</item>
						<item>Heating: Gas, Wall Furnace</item>
					</item>
				</item>
			</item>
		</item>
		<item>
			<item>Exterior Features</item>
			<item>
				<item>
					<item>Exterior Features</item>
					<item>
						<item>Roof: Composition</item>
						<item>Yard/Grounds: Backyard, Barbecue Area</item>
					</item>
				</item>
				<item>
					<item>Building Information</item>
					<item>
						<item>Building Type: Detached</item>
						<item>Concrete Slab</item>
					</item>
				</item>
			</item>
		</item>
		<item>
			<item>Utilities</item>
			<item>
				<item>
					<item>Utility Information</item>
					<item>
						<item>Sewer Septic: Sewer (Public)</item>
						<item>Utilities: Public Utilities</item>
					</item>
				</item>
				<item>
					<item>Water Information</item>
					<item>
						<item>Water: Public</item>
					</item>
				</item>
			</item>
		</item>
		<item>
			<item>Property / Lot Details</item>
			<item>
				<item>
					<item>Property Features</item>
					<item>
						<item>Living Sq. Ft.: 1,362</item>
					</item>
				</item>
				<item>
					<item>Property Information</item>
					<item>
						<item>Property Master ID: 647635</item>
					</item>
				</item>
				<item>
					<item>Lot Information</item>
					<item>
						<item>Lot Acres: 0.1302</item>
						<item>Lot Size Area Minimum Units: Sq. Ft.</item>
						<item>Lot Size Area Maximum Units: Sq. Ft.</item>
						<item>Lot Size Source: Assessor</item>
						<item>Zoning: R1</item>
					</item>
				</item>
			</item>
		</item>
	</property_details>
	<public_facts>
		<Beds>2</Beds>
		<Baths>1</Baths>
		<Finished_Sq._Ft.>1,362</Finished_Sq._Ft.>
		<Unfinished_Sq._Ft.>—</Unfinished_Sq._Ft.>
		<Total_Sq._Ft.>1,362</Total_Sq._Ft.>
		<Stories>1</Stories>
		<Lot_Size>5,670 Sq. Ft.</Lot_Size>
		<Style>Single Family Residential</Style>
		<Year_Built>1950</Year_Built>
		<Year_Renovated>1950</Year_Renovated>
		<County>Santa Clara County</County>
		<APN>29417041</APN>
	</public_facts>
</home>
