<?xml version="1.0" ?>
<home>
	<HomeInfo_Address>
		<street-address>2090 Main St </street-address>
		<locality>SANTA CLARA, </locality>
		<region>CA</region>
		<postal-code>95050</postal-code>
	</HomeInfo_Address>
	<main_stats>
		<Price>$1,099,000</Price>
		<Beds>2</Beds>
		<Baths>2</Baths>
		<key name="$1116 / Sq. Ft.">985</key>
	</main_stats>
	<text_base_description>COMPLETELY RENOVATED HOME WITH HIGH END FINISHES. This remarkable home features a master suite, open kitchen concept with quartz countertops, breakfast bar and stainless steel appliances, bathrooms have been beautifully designed, updated flooring throughout, new copper plumbing, tankless water heater, recessed lighting, updated electrical with 200 AMP power, new doors and baseboards, dual pane windows, indoor laundry, smooth finish exterior stucco, finished garage, and an absolutely stunning backyard with mature landscaping and various fruit trees. ADDED BONUS!!!! PROPERTY HAS APPROVED PLANS FOR THIRD BEDROOM AND ACCESSORY DWELLING UNIT </text_base_description>
	<listed_by>
		<name>Joshua Michaelian</name>
		<agentLicenseDisplay>•DRE #01768226</agentLicenseDisplay>
		<org>•DRE #01768226</org>
	</listed_by>
	<price_insights>
		<List_Price>$1,099,000</List_Price>
		<Est._Mo._Payment>$5,041</Est._Mo._Payment>
		<Redfin_Estimate>$1,121,653</Redfin_Estimate>
		<key name="Price/Sq.Ft.">$1,116</key>
	</price_insights>
	<home_facts>
		<Status>Active</Status>
		<Time_on_Redfin>9 days</Time_on_Redfin>
		<Property_Type>Single Family Home</Property_Type>
		<Year_Built>1954</Year_Built>
		<Community>SANTA CLARA</Community>
		<Lot_Size>6,019 Sq. Ft.</Lot_Size>
		<key name="MLS#">ML81811575</key>
	</home_facts>
	<property_details>
		<item>
			<item>Interior Features</item>
			<item>
				<item>
					<item>Bedroom Information</item>
					<item>
						<item># of Bedrooms (Minimum): 2</item>
						<item># of Bedrooms (Maximum): 2</item>
					</item>
				</item>
				<item>
					<item>Bathroom Information</item>
					<item>
						<item># of Baths (Full): 2</item>
					</item>
				</item>
				<item>
					<item>Room Information</item>
					<item>
						<item>Family Room Description: Separate Family Room</item>
						<item>Dining Room Description: Breakfast Bar</item>
					</item>
				</item>
				<item>
					<item>Heating &amp; Cooling Information</item>
					<item>
						<item>Heating: Wall Furnace</item>
					</item>
				</item>
			</item>
		</item>
		<item>
			<item>Parking / Garage, Multi-Unit Information, School / Neighborhood</item>
			<item>
				<item>
					<item>Parking Information</item>
					<item>
						<item>Garage (Minimum): 1</item>
						<item>Garage (Maximum): 1</item>
						<item>Parking Description: Attached Garage</item>
						<item>Garage Spaces: 1</item>
					</item>
				</item>
				<item>
					<item>Multi-Unit Information</item>
					<item>
						<item># of Stories: 1</item>
					</item>
				</item>
				<item>
					<item>School Information</item>
					<item>
						<item>Elementary School District: Santa Clara Unified</item>
						<item>High School District: Santa Clara Unified</item>
					</item>
				</item>
			</item>
		</item>
		<item>
			<item>Exterior Features</item>
			<item>
				<item>
					<item>Exterior Features</item>
					<item>
						<item>Roof: Rolled Composition</item>
					</item>
				</item>
				<item>
					<item>Building Information</item>
					<item>
						<item>Building Type: Detached</item>
						<item>Concrete Slab</item>
					</item>
				</item>
			</item>
		</item>
		<item>
			<item>Utilities</item>
			<item>
				<item>
					<item>Utility Information</item>
					<item>
						<item>Sewer Septic: Sewer (Public)</item>
						<item>Utilities: Public Utilities</item>
					</item>
				</item>
				<item>
					<item>Water Information</item>
					<item>
						<item>Water: Public</item>
					</item>
				</item>
			</item>
		</item>
		<item>
			<item>Property / Lot Details</item>
			<item>
				<item>
					<item>Property Features</item>
					<item>
						<item>Living Sq. Ft.: 985</item>
					</item>
				</item>
				<item>
					<item>Property Information</item>
					<item>
						<item>Property Master ID: 195117</item>
					</item>
				</item>
				<item>
					<item>Lot Information</item>
					<item>
						<item>Lot Acres: 0.1382</item>
						<item>Lot Size Area Minimum Units: Sq. Ft.</item>
						<item>Lot Size Area Maximum Units: Sq. Ft.</item>
						<item>Lot Size Source: Assessor</item>
						<item>Zoning: R16L</item>
					</item>
				</item>
			</item>
		</item>
	</property_details>
	<public_facts>
		<Beds>2</Beds>
		<Baths>2</Baths>
		<Finished_Sq._Ft.>985</Finished_Sq._Ft.>
		<Unfinished_Sq._Ft.>—</Unfinished_Sq._Ft.>
		<Total_Sq._Ft.>985</Total_Sq._Ft.>
		<Stories>1</Stories>
		<Lot_Size>6,019 Sq. Ft.</Lot_Size>
		<Style>Single Family Residential</Style>
		<Year_Built>1954</Year_Built>
		<Year_Renovated>1954</Year_Renovated>
		<County>Santa Clara County</County>
		<APN>22422039</APN>
	</public_facts>
</home>
