<?xml version="1.0" ?>
<home>
	<HomeInfo_Address>
		<street-address>1248 N Laurel Ave Ph 1 </street-address>
		<locality>West Hollywood, </locality>
		<region>CA</region>
		<postal-code>90046</postal-code>
	</HomeInfo_Address>
	<main_stats>
		<Price>$1,199,000</Price>
		<Beds>2</Beds>
		<Baths>2</Baths>
		<key name="$764 / Sq. Ft.">1,569</key>
	</main_stats>
	<text_base_description>A beautiful penthouse in a quiet and well-maintained 16-unit building with stunning views of the Hollywood Hills. This generously sized 2 bed / 2 bath condo features an open floor plan with a plethora of natural light, a spacious living and dining room with fireplace, gourmet chef's kitchen, and two private balconies off the living room and owner's suite. The oversized owner's suite is replete with a walk-in closet and a luxurious ensuite bathroom with soaking tub and separate rainfall shower. Low HOA dues, in-unit washer and dryer, and 3 parking spots complete this amazing opportunity in the heart of West Hollywood.  </text_base_description>
	<listed_by>
		<name>Jason Oppenheim</name>
		<agentLicenseDisplay>•DRE #01863254</agentLicenseDisplay>
		<org>•DRE #01863254</org>
	</listed_by>
	<price_insights>
		<List_Price>$1,199,000</List_Price>
		<Est._Mo._Payment>$5,557</Est._Mo._Payment>
		<key name="Price/Sq.Ft.">$764</key>
	</price_insights>
	<home_facts>
		<Status>Active</Status>
		<Time_on_Redfin>15 days</Time_on_Redfin>
		<Property_Type>Condominium, Residential Condo/Co-Op</Property_Type>
		<HOA_Dues>$565/month</HOA_Dues>
		<Year_Built>2007</Year_Built>
		<Community>West Hollywood Vicinity</Community>
		<Lot_Size>0.35 Acres</Lot_Size>
		<key name="MLS#">20-629640</key>
	</home_facts>
	<property_details>
		<item>
			<item>Interior Features</item>
			<item>
				<item>
					<item>Bathroom Information</item>
					<item>
						<item># of Baths (Full): 2</item>
					</item>
				</item>
				<item>
					<item>Laundry Information</item>
					<item>
						<item>Laundry in Unit</item>
					</item>
				</item>
				<item>
					<item>Additional Rooms</item>
					<item>
						<item>Other Room</item>
					</item>
				</item>
				<item>
					<item>Fireplace Information</item>
					<item>
						<item>In Living Room</item>
					</item>
				</item>
				<item>
					<item>Flooring Information</item>
					<item>
						<item>Hardwood Floors, Mixed Floors</item>
					</item>
				</item>
				<item>
					<item>Equipment</item>
					<item>
						<item>Dishwasher, Dryer, Washer, Refrigerator, Range/Oven, Microwave</item>
					</item>
				</item>
				<item>
					<item>Heating &amp; Cooling</item>
					<item>
						<item>Central Cooling</item>
						<item>Central Heat</item>
					</item>
				</item>
			</item>
		</item>
		<item>
			<item>Parking / Garage</item>
			<item>
				<item>
					<item>Garage</item>
					<item>
						<item>Community Garage, Controlled Entrance</item>
					</item>
				</item>
				<item>
					<item>Parking</item>
					<item>
						<item># of Parking Spaces (Total): 3</item>
						<item># of Covered Parking Spaces: 3</item>
					</item>
				</item>
			</item>
		</item>
		<item>
			<item>Exterior Features, Homeowners Association, School / Neighborhood, Taxes / Assessments</item>
			<item>
				<item>
					<item>Building Information</item>
					<item>
						<item>Condominium, Attached</item>
						<item>Attached</item>
						<item>Entry Floor Number: 4</item>
						<item>Security Features: Automatic Gate, Card/Code Access, Community</item>
					</item>
				</item>
				<item>
					<item>HOA Information</item>
					<item>
						<item>Amenities: Elevator, Gated Parking</item>
						<item>Fee #1: $565</item>
						<item>Fee #1 Frequency: Monthly</item>
						<item>AssociationPetRules: Call</item>
					</item>
				</item>
				<item>
					<item>Community Information</item>
					<item>
						<item># of Units in Complex (Total): 16</item>
					</item>
				</item>
				<item>
					<item>Assessment Information</item>
					<item>
						<item>Assessor Parcel Number: 5554-011-040</item>
					</item>
				</item>
			</item>
		</item>
		<item>
			<item>Property / Lot Details</item>
			<item>
				<item>
					<item>Property Information</item>
					<item>
						<item>Property Type: Residential Condo/Co-Op</item>
					</item>
				</item>
				<item>
					<item>Lot Information</item>
					<item>
						<item>Lot Size (Sq. Ft.): 15,337</item>
						<item>Lot Size (Acres): 0.3521</item>
						<item>Zoning: WDR4*</item>
						<item>Special Zoning: Other</item>
					</item>
				</item>
				<item>
					<item>Property Features</item>
					<item>
						<item>Has View</item>
						<item>View: City, City Lights, Tree Top, Hills</item>
					</item>
				</item>
			</item>
		</item>
		<item>
			<item>Location Details, Documents &amp; Disclosures</item>
			<item>
				<item>
					<item>Location Information</item>
					<item>
						<item>Unit Floor In Building: 4</item>
						<item>Complex Name: The Milano</item>
						<item>Directions: Between Santa Monica Blvd. and Sunset Blvd., west of Fairfax Ave.</item>
					</item>
				</item>
				<item>
					<item>Documents &amp; Disclosures</item>
					<item>
						<item>Disclosures: As Is</item>
					</item>
				</item>
			</item>
		</item>
	</property_details>
	<public_facts>
		<Beds>—</Beds>
		<Baths>—</Baths>
		<Finished_Sq._Ft.>—</Finished_Sq._Ft.>
		<Unfinished_Sq._Ft.>—</Unfinished_Sq._Ft.>
		<Total_Sq._Ft.>—</Total_Sq._Ft.>
		<Stories>—</Stories>
		<Lot_Size>—</Lot_Size>
		<Style>Condo/Co-op</Style>
		<Year_Built>—</Year_Built>
		<Year_Renovated>—</Year_Renovated>
		<County>Los Angeles County</County>
		<APN>—</APN>
	</public_facts>
</home>
