<?xml version="1.0" ?>
<home>
	<HomeInfo_Address>
		<street-address>1161 Monroe St </street-address>
		<locality>Santa Clara, </locality>
		<region>CA</region>
		<postal-code>95050</postal-code>
	</HomeInfo_Address>
	<main_stats>
		<Price>$1,300,000</Price>
		<Beds>3</Beds>
		<Baths>2</Baths>
		<key name="$860 / Sq. Ft.">1,512</key>
	</main_stats>
	<text_base_description>Craftsman Classic, Unique, Roaring 20's 3bd/2ba bright 1,512 sq ft . Single Family Home located within walking distance to downtown Santa Clara. Master located in back with private entrance. Good use for home office or guest suite. Remodeled Bath  &amp;  Kitchen w stainless steel appliances, cann lighting, high/low granite counter top island. Design your dream backyard on this 6,389 sq ft lot. Endless possibilities for expansion or add an Accessory Dwelling Unit for rental income. Build a dream Garage/ workshop. Remodel was completed with permits inc. new copper plumbing under home to the street, electrical panel box, roof  &amp;  clear pest in 2019. Ole Time Basement for hobby room / wine cellar. Conveniently located near Santa Clara University, Franklin Square, Restaurants and Farmers Market. Must See to Appreciate.  </text_base_description>
	<listed_by>
		<name>Deborah Gutierrez</name>
		<agentLicenseDisplay>•DRE #01245180</agentLicenseDisplay>
		<org>•DRE #01245180</org>
	</listed_by>
	<price_insights>
		<List_Price>$1,300,000</List_Price>
		<Est._Mo._Payment>$5,964</Est._Mo._Payment>
		<Redfin_Estimate>$1,235,688</Redfin_Estimate>
		<key name="Price/Sq.Ft.">$860</key>
	</price_insights>
	<home_facts>
		<Status>Active</Status>
		<Time_on_Redfin>33 days</Time_on_Redfin>
		<Year_Built>1920</Year_Built>
		<Community>Santa Clara County</Community>
		<Lot_Size>6,386 Sq. Ft.</Lot_Size>
		<key name="MLS#">22020214</key>
	</home_facts>
	<property_details>
		<item>
			<item>Virtual Tour, Parking / Garage, Exterior Features, Multi-Unit Information</item>
			<item>
				<item>
					<item>Virtual Tour</item>
					<item>
						<item>Virtual Tour (External Link)</item>
					</item>
				</item>
				<item>
					<item>Parking / Garage Information</item>
					<item>
						<item>Garage/Parking: Uncovered</item>
						<item>2</item>
					</item>
				</item>
				<item>
					<item>Exterior Features</item>
					<item>
						<item>Exterior: Wood Siding</item>
						<item>Drive/Sidewalk: Gravel</item>
					</item>
				</item>
				<item>
					<item>Rental Information</item>
					<item>
						<item>Min Lease per Month: 0.00</item>
					</item>
				</item>
			</item>
		</item>
		<item>
			<item>Interior Features</item>
			<item>
				<item>
					<item>Bathroom Information</item>
					<item>
						<item>Bath Type: Shower Over Tub, Stall Shower</item>
						<item># of Bathrooms (Full): 2</item>
					</item>
				</item>
				<item>
					<item>Interior Features</item>
					<item>
						<item>Energy Conservation: Ceiling Insulation, Partial Insulation</item>
						<item>Floors: Simulated Wood, Tile</item>
						<item>Main Level: Bath(s), Bedroom(s), Dining Room, Family Room, Living Room, Street Entrance, Kitchen</item>
						<item>Laundry/Appliance: 220 V, Hookups only, In Laundry Room</item>
					</item>
				</item>
				<item>
					<item>Room Information</item>
					<item>
						<item># of Rooms: 6</item>
						<item>Kitchen: Breakfast Area, Breakfast Room, Dishwasher Included, Disposal Included, Gas Range Included, Hood Over Range, Pantry, Remodeled</item>
						<item>Dining Room: Dining Area, Kitchen Combo, Living Room/Dining Room Combo</item>
						<item>Other Rooms: Basement (Full), Bonus Room</item>
					</item>
				</item>
			</item>
		</item>
		<item>
			<item>Utilities, Taxes / Assessments, Location Details, Misc. Information</item>
			<item>
				<item>
					<item>Utilities</item>
					<item>
						<item>Year Rated Green: 0</item>
						<item>Heat/Cool: Ceiling Fan(s), Gas, Wall AirConditioning</item>
						<item>Sewer/Septic: Sewer Public</item>
						<item>Well GPM: 0</item>
						<item>Well Depth: 0</item>
						<item>Water Source: Water (Public)</item>
						<item>Utilities: Cable TV Available, TV Cable</item>
					</item>
				</item>
				<item>
					<item>Taxes / Assessments</item>
					<item>
						<item>Tax Autofill: NYYYYY</item>
						<item>City Transfer Tax: Yes</item>
					</item>
				</item>
				<item>
					<item>Location Details</item>
					<item>
						<item>Area: Santa Clara County</item>
						<item>Public Transportation: 1 Block</item>
					</item>
				</item>
				<item>
					<item>Misc. Information</item>
					<item>
						<item>Miscellaneous: Window Covers Included, Window Screens</item>
					</item>
				</item>
			</item>
		</item>
		<item>
			<item>Property / Lot Details</item>
			<item>
				<item>
					<item>Land Information</item>
					<item>
						<item>Fencing: Complete</item>
						<item>Acres: 0.15</item>
					</item>
				</item>
				<item>
					<item>Lot Information</item>
					<item>
						<item>Lot Square Footage: 6,386</item>
						<item>Lot Measurement: Acres</item>
						<item>Lot Description: Level, City, Flag Lot</item>
					</item>
				</item>
				<item>
					<item>Property Information</item>
					<item>
						<item>Property Type: Residential</item>
						<item>Property Subtype 1: Single Family Residence</item>
						<item>Property Subtype 1: Single Family Residence</item>
						<item>Style: Cabin, Cottage, Farmhouse, Vintage</item>
						<item>Resale</item>
						<item>Realist Public Rec</item>
						<item>Other</item>
						<item>Age: 0</item>
						<item>Year Built: 1920</item>
						<item>Year Built Source: Realist Public Rec</item>
						<item>Square Footage: 1,512</item>
						<item>Special Zones: Historical</item>
						<item>Property Disclaimer: Information has not been verified, is not guaranteed, and is subject to change. Copyright © 2020 Bay Area Real Estate Information Services, Inc. All rights reserved. Copyright 2020 Rapattoni Corporation. All rights reserved. </item>
					</item>
				</item>
			</item>
		</item>
		<item>
			<item>Listing Information, Subdivision / Building</item>
			<item>
				<item>
					<item>Listing Information</item>
					<item>
						<item>Sale/Lease-Rent: Sale</item>
					</item>
				</item>
				<item>
					<item>Building Information</item>
					<item>
						<item>Safety/Security: Carbon Mon Detector, Smoke Alarm(s)</item>
						<item>Attach/Detach Home: Detached</item>
						<item>Common Int Dev: No</item>
						<item>Construct/Condition: Completed</item>
						<item>Construction Type: Wood Frame</item>
						<item>Roof: Composition</item>
						<item>Stories/Levels: 1 Story</item>
						<item>Foundation: Concrete Perimeter</item>
					</item>
				</item>
			</item>
		</item>
	</property_details>
	<public_facts>
		<Beds>3</Beds>
		<Baths>2</Baths>
		<Finished_Sq._Ft.>1,512</Finished_Sq._Ft.>
		<Unfinished_Sq._Ft.>—</Unfinished_Sq._Ft.>
		<Total_Sq._Ft.>1,512</Total_Sq._Ft.>
		<Stories>1</Stories>
		<Lot_Size>6,389 Sq. Ft.</Lot_Size>
		<Style>Single Family Residential</Style>
		<Year_Built>1920</Year_Built>
		<Year_Renovated>1920</Year_Renovated>
		<County>Santa Clara County</County>
		<APN>26915094</APN>
	</public_facts>
</home>
