<?xml version="1.0" ?>
<home>
	<HomeInfo_Address>
		<street-address>7320 Hawthorn Ave #411 </street-address>
		<locality>Hollywood, </locality>
		<region>CA</region>
		<postal-code>90046</postal-code>
	</HomeInfo_Address>
	<main_stats>
		<Price>$698,000</Price>
		<Beds>2</Beds>
		<Baths>2</Baths>
		<key name="$658 / Sq. Ft.">1,060</key>
	</main_stats>
	<text_base_description>This spacious 2 bed-2 bath is in the upscale Hollywood Regis community. Amenities include a resort-style pool and spa, high end fitness center, fireplace, and assigned parking with a gated 2-car garage (tandem). For this unit, location is key. You will be walking distance to attractions such as the Hollywood Walk of Fame, Dolby Theater, Hollywood Bowl and the beautiful 130-acre Runyon Canyon park, with extensive biking and hiking trails. At the same time, you will have easy accessibility to the metro rail lines, and the 101-freeway entrance. The unit features 2 large bedrooms separated by a spacious tile living and dining room. It has luxurious bathrooms with granite countertops, and a fully equipped granite countertop kitchen which includes stainless steel appliances, and a dishwasher. It also includes LG state of the art combination washer-dryer. The Master suite features a walk-in closet. You will also have your own private balcony, overlooking the pool. The building has controlled access entry with a nighttime security guard and covered and gated parking with EV Charging. The HOA fee includes a 6x6 storage area in the garage.  </text_base_description>
	<listed_by>
		<name>William Mulkey</name>
		<agentLicenseDisplay>•DRE #00986020</agentLicenseDisplay>
		<org>•DRE #00986020</org>
	</listed_by>
	<price_insights>
		<List_Price>$698,000</List_Price>
		<Est._Mo._Payment>$3,235</Est._Mo._Payment>
		<Redfin_Estimate>$695,789</Redfin_Estimate>
		<key name="Price/Sq.Ft.">$658</key>
	</price_insights>
	<home_facts>
		<Status>Active</Status>
		<Time_on_Redfin>2 days</Time_on_Redfin>
		<Property_Type>Condominium</Property_Type>
		<HOA_Dues>$500/month</HOA_Dues>
		<Year_Built>1985</Year_Built>
		<Style>Contemporary</Style>
		<Community>C20 - Hollywood</Community>
		<Lot_Size>0.84 Acres</Lot_Size>
		<key name="MLS#">SB20196256</key>
	</home_facts>
	<property_details>
		<item>
			<item>Virtual Tour, Parking / Garage, Multi-Unit Information, Homeowners Association</item>
			<item>
				<item>
					<item>Virtual Tour</item>
					<item>
						<item>Virtual Tour URL Unbranded: Virtual Tour (External Link)</item>
					</item>
				</item>
				<item>
					<item>Parking / Garage Information</item>
					<item>
						<item>Attached Garage</item>
						<item># of Garage Spaces: 2</item>
						<item>Assigned, Controlled Entrance, Driveway - Concrete, Garage - Front Entry, Garage Door Opener, Gated, Parking Space, Tandem Garage</item>
						<item>Has Parking</item>
						<item># of Parking Spaces: 2</item>
					</item>
				</item>
				<item>
					<item>Multi-Unit Information</item>
					<item>
						<item># of Units In Community: 100</item>
					</item>
				</item>
				<item>
					<item>Homeowners Association</item>
					<item>
						<item>Is Part of Association</item>
						<item>Association Name: Hollywood Regis</item>
						<item>Monthly</item>
						<item>Association Fee: $500</item>
						<item>Association Amenities: Pool, Barbecue, Gym/Ex Room, Call for Rules</item>
					</item>
				</item>
			</item>
		</item>
		<item>
			<item>Interior Features</item>
			<item>
				<item>
					<item>Laundry Information</item>
					<item>
						<item>Has Laundry</item>
						<item>Dryer Included, In Closet, Stackable, Washer Hookup, Washer Included</item>
					</item>
				</item>
				<item>
					<item>Kitchen Information</item>
					<item>
						<item>Appliances: Dishwasher, Gas Oven, Gas Range</item>
						<item>Has Appliances</item>
						<item>In Kitchen</item>
						<item>Granite Counters</item>
					</item>
				</item>
				<item>
					<item>Bathroom Information</item>
					<item>
						<item># of Baths (Full): 2</item>
					</item>
				</item>
				<item>
					<item>Cooling Information</item>
					<item>
						<item>Central, Heat Pump</item>
						<item>Has Cooling</item>
					</item>
				</item>
				<item>
					<item>Room Information</item>
					<item>
						<item>Kitchen, Living Room, Two Masters, Walk-In Closet</item>
					</item>
				</item>
				<item>
					<item>Fireplace Information</item>
					<item>
						<item>Living Room, Gas</item>
						<item>Has Fireplace</item>
					</item>
				</item>
				<item>
					<item>Heating Information</item>
					<item>
						<item>Central Furnace, See Remarks</item>
						<item>Has Heating</item>
					</item>
				</item>
				<item>
					<item>Interior Features</item>
					<item>
						<item>Entry Location: Elevator/4</item>
						<item>Elevator, Granite Counters, Living Room Balcony, Recessed Lighting</item>
						<item>Levels: One</item>
						<item>Main Level Bathrooms: 2</item>
						<item>Main Level Bedrooms: 2</item>
						<item>Security Features: Automatic Gate, Carbon Monoxide Detector(s), Card/Code Access, Fire Sprinklers, Gated Community, Resident Manager, Smoke Detector</item>
					</item>
				</item>
			</item>
		</item>
		<item>
			<item>Exterior Features</item>
			<item>
				<item>
					<item>Exterior Information</item>
					<item>
						<item>Roof: Flat Roof</item>
					</item>
				</item>
				<item>
					<item>Exterior Features</item>
					<item>
						<item>Rain Gutters</item>
						<item>Patio And Porch Features: Patio</item>
						<item>Has Patio</item>
						<item>Pool Features: Association, Community Pool</item>
					</item>
				</item>
			</item>
		</item>
		<item>
			<item>School / Neighborhood</item>
			<item>
				<item>
					<item>Neighborhood Information</item>
					<item>
						<item>Biking, Foothills, Hiking, Sidewalks, Street Lighting, Urban</item>
					</item>
				</item>
				<item>
					<item>School Information</item>
					<item>
						<item>High School: Hollywood</item>
						<item>High School District: Los Angeles Unified</item>
						<item>High School 2: HOLLYW</item>
					</item>
				</item>
			</item>
		</item>
		<item>
			<item>Utilities, Taxes / Assessments, Location Details</item>
			<item>
				<item>
					<item>Utilities Information</item>
					<item>
						<item>Sewer: Public Sewer, Soils Analysis Septic</item>
						<item>Water Source: District/Public</item>
					</item>
				</item>
				<item>
					<item>Assesments Information</item>
					<item>
						<item>Assessments: Special Assessments, Unknown</item>
					</item>
				</item>
				<item>
					<item>Location Information</item>
					<item>
						<item>Directions: Near Hollywood &amp; Vine Specifically S Of Hollywood &amp; North of Sunset W of La Brea &amp; E of Gardner</item>
						<item>Road Frontage Type: Access via City Streets</item>
						<item>Road Surface Type: Paved</item>
						<item>Zoning: LAR3</item>
					</item>
				</item>
			</item>
		</item>
		<item>
			<item>Property / Lot Details</item>
			<item>
				<item>
					<item>Lot Information</item>
					<item>
						<item>Elevation Units: Feet</item>
						<item>Lot Size Source: Assessor's Data</item>
						<item>Lot Features: 0-1 Unit/Acre</item>
					</item>
				</item>
				<item>
					<item>Property Information</item>
					<item>
						<item>Common Interest: Condominium</item>
						<item>Total # of Units: 1</item>
						<item>Common Walls: 2+ common walls</item>
						<item>Parcel Number: 5550017111</item>
						<item>Attached Property</item>
						<item>Total # of Stories: 4</item>
						<item>Has View</item>
						<item>Year Built Source: Assessor</item>
					</item>
				</item>
			</item>
		</item>
	</property_details>
	<public_facts>
		<Beds>2</Beds>
		<Baths>2</Baths>
		<Finished_Sq._Ft.>1,060</Finished_Sq._Ft.>
		<Unfinished_Sq._Ft.>—</Unfinished_Sq._Ft.>
		<Total_Sq._Ft.>1,060</Total_Sq._Ft.>
		<Stories>—</Stories>
		<Lot_Size>—</Lot_Size>
		<Style>Condo/Co-op</Style>
		<Year_Built>1985</Year_Built>
		<Year_Renovated>1988</Year_Renovated>
		<County>Los Angeles County</County>
		<APN>5550017111</APN>
	</public_facts>
</home>
