<?xml version="1.0" ?>
<home>
	<HomeInfo_Address>
		<street-address>281 Clara St #8 </street-address>
		<locality>San Francisco, </locality>
		<region>CA</region>
		<postal-code>94107</postal-code>
	</HomeInfo_Address>
	<main_stats>
		<Price>$899,000</Price>
		<Bed>1</Bed>
		<Baths>1.5</Baths>
		<key name="$909 / Sq. Ft.">989</key>
	</main_stats>
	<text_base_description>Located in a boutique 8-unit building, this 1BD/1.5BA, top floor, corner loft offers the very best of SOMA living. Meticulously updated in 2019, this expansive and stylish home showcases soaring, light-filled volumes of space grounded by refinished hardwood flooring. The primary living area has floor-to-ceiling windows, a gas fireplace, and step-out access to a south-facing deck. The remodeled gas kitchen, w/ ample room for dining, features a quartz counter w/ a subway tile backsplash, a suite of stainless steel appliances, and an adjacent Miele W/ D. Both the main level powder room and loft-level primary bath have been outfitted w/ sophisticated finishes  &amp;  fixtures that include an Axent Primus toilet, Porcelanosa tile, and Kalia hardware. The generously-scaled loft has a mirrored wall of deep closets. Unit #8 comes w/ 1-car deeded parking and garage storage. Great location with easy access to Whole Foods, Trader Joe's, neighborhood amenities, freeways, and public transportation.  </text_base_description>
	<listed_by>
		<name>Thomas Baumgartner</name>
		<agentLicenseDisplay>•DRE #01386089</agentLicenseDisplay>
		<listed_by_page>/real-estate-agents/tom-baumgartner</listed_by_page>
	</listed_by>
	<price_insights>
		<List_Price>$899,000</List_Price>
		<Est._Mo._Payment>$4,131</Est._Mo._Payment>
		<Redfin_Estimate>$899,382</Redfin_Estimate>
		<key name="Price/Sq.Ft.">$909</key>
		<key name="Buyer's Brokerage Compensation">2.5%</key>
	</price_insights>
	<home_facts>
		<Status>Active</Status>
		<Time_on_Redfin>7 days</Time_on_Redfin>
		<Property_Type>Mid-Rise (4-8), Top Floor, End Unit, 2 Level, Loft Condominium</Property_Type>
		<HOA_Dues>$536/month</HOA_Dues>
		<Year_Built>1996</Year_Built>
		<Style>Modern/High Tech</Style>
		<Community>South of Market</Community>
		<key name="MLS#">506265</key>
	</home_facts>
	<property_details>
		<item>
			<item>Virtual Tour, Parking / Garage, Exterior Features, Multi-Unit Information</item>
			<item>
				<item>
					<item>Virtual Tour</item>
					<item>
						<item>Virtual Tour (External Link)</item>
						<item>Virtual Media: 1</item>
					</item>
				</item>
				<item>
					<item>Parking Information</item>
					<item>
						<item># of Spaces: 1</item>
						<item># of Garage Spaces: 1</item>
						<item>On-Site Parking Mapped</item>
						<item>Parking Access: Side-by-Side</item>
						<item>Monthly Parking Fees: 0.00</item>
						<item>Parking Features: Attached, Interior Access, Automatic Door, Garage</item>
					</item>
				</item>
				<item>
					<item>Exterior Features</item>
					<item>
						<item>Deck, Additional Storage</item>
					</item>
				</item>
				<item>
					<item>Community Features</item>
					<item>
						<item>Transportation: 1 Block Away</item>
						<item>Shopping: 3 Blocks Away</item>
					</item>
				</item>
			</item>
		</item>
		<item>
			<item>Interior Features</item>
			<item>
				<item>
					<item>Bedroom Information</item>
					<item>
						<item># of Bedrooms: 1</item>
					</item>
				</item>
				<item>
					<item>Bathroom Information</item>
					<item>
						<item>Bath Type/Includes: Stall Shower, Tile, Remodeled</item>
						<item># of Baths: 1.5</item>
					</item>
				</item>
				<item>
					<item>Living Room Information</item>
					<item>
						<item>Has View, Deck Attached</item>
					</item>
				</item>
				<item>
					<item>Dining Room Information</item>
					<item>
						<item>Dining Room: Living/Dining Room Combo</item>
					</item>
				</item>
				<item>
					<item>Additional Rooms</item>
					<item>
						<item>Den/Bonus Room: 0</item>
					</item>
				</item>
				<item>
					<item>Fireplace Information</item>
					<item>
						<item>Fireplace(s): 1, Gas Burning, Living Room</item>
					</item>
				</item>
				<item>
					<item>Laundry Information</item>
					<item>
						<item>Washer/Dryer, In Closet</item>
					</item>
				</item>
				<item>
					<item>Floor Information</item>
					<item>
						<item>Wall-to-Wall Carpet, Hardwood, Tile</item>
					</item>
				</item>
				<item>
					<item>Kitchen Features</item>
					<item>
						<item>Kitchen: Gas Range, Refrigerator, Freezer, Dishwasher, Garbage Disposal, Remodeled</item>
					</item>
				</item>
				<item>
					<item>Interior Features</item>
					<item>
						<item>Main Level: .5 Bath/Powder, Living Room, Dining Room, Kitchen</item>
						<item>Upper Level: 1 Bedroom, 1 Bath</item>
						<item>Intercom</item>
					</item>
				</item>
			</item>
		</item>
		<item>
			<item>Homeowners Association, Location Details</item>
			<item>
				<item>
					<item>Homeowners Association Information</item>
					<item>
						<item>HOA Fee Includes: Water, Garbage, Ext Bldg Maintenance, Homeowners Insurance</item>
						<item>Has Homeowners Association</item>
						<item>Dues: $536</item>
						<item>Dues Paid: Monthly</item>
					</item>
				</item>
				<item>
					<item>Location Information</item>
					<item>
						<item>Cross Street: 6th Street</item>
					</item>
				</item>
			</item>
		</item>
		<item>
			<item>Property / Lot Details</item>
			<item>
				<item>
					<item>Lot Information</item>
					<item>
						<item>View(s): City Lights, San Francisco</item>
					</item>
				</item>
				<item>
					<item>Property Information</item>
					<item>
						<item>Loft Use: Live/Work Use</item>
						<item>Style: Modern/High Tech</item>
						<item>Type: Mid-Rise (4-8), Top Floor, End Unit, 2 Level</item>
						<item># of Units: 8</item>
						<item>Per Architect</item>
						<item>APN: 3753-165</item>
						<item>Special Features: Intercom</item>
						<item>Property Disclaimer: Copyright: 2020 by San Francisco Assoc of REALTORS - All data, including all measurements and calculations of area, is obtained from various sources and has not been, and will not be, verified by broker or MLS. All information should be independently reviewed and verified for accuracy. Properties may or may not be listed by the office/agent presenting the information.</item>
					</item>
				</item>
			</item>
		</item>
		<item>
			<item>Documents &amp; Disclosures</item>
			<item>
				<item>
					<item>Restrictions</item>
					<item>
						<item>Limited Number of Pets</item>
					</item>
				</item>
				<item>
					<item>Documents &amp; Disclosures</item>
					<item>
						<item>Documents/Disclosure: Disclosure Pkg Avail</item>
					</item>
				</item>
			</item>
		</item>
		<item>
			<item>Listing Information</item>
			<item>
				<item>
					<item>Listing Information</item>
					<item>
						<item>Original Price: $899,000</item>
						<item>On Market Date: Thursday, September 17, 2020</item>
						<item>Transfer of Possession: Close of Escrow</item>
					</item>
				</item>
				<item>
					<item>Buyer's Brokerage Compensation</item>
					<item>
						<item>2.5%</item>
					</item>
				</item>
			</item>
		</item>
	</property_details>
	<public_facts>
		<Beds>—</Beds>
		<Baths>—</Baths>
		<Finished_Sq._Ft.>—</Finished_Sq._Ft.>
		<Unfinished_Sq._Ft.>—</Unfinished_Sq._Ft.>
		<Total_Sq._Ft.>989</Total_Sq._Ft.>
		<Stories>3</Stories>
		<Lot_Size>—</Lot_Size>
		<Style>Condo/Co-op</Style>
		<Year_Built>1996</Year_Built>
		<Year_Renovated>—</Year_Renovated>
		<County>San Francisco County</County>
		<APN>3753 165</APN>
	</public_facts>
</home>
