<?xml version="1.0" ?>
<home>
	<HomeInfo_Address>
		<street-address>821 Folsom St #314 </street-address>
		<locality>San Francisco, </locality>
		<region>CA</region>
		<postal-code>94107</postal-code>
	</HomeInfo_Address>
	<main_stats>
		<Price>$1,039,000</Price>
		<Beds>2</Beds>
		<Baths>2</Baths>
		<key name="$940 / Sq. Ft.">1,105</key>
	</main_stats>
	<text_base_description>Stylish 2-bedroom residence with two master suites on opposite sides of the living area, recently remodeled with new wide-plank vinyl flooring, fresh paint and new carpet. Generously proportioned dine-in kitchen with SS appliances center island and tall interior storage cabinets creates the perfect work triangle. Large walk-in closets for both bedrooms plus in-unit laundry at front foyer. Situated in the well-managed Shipley Square complex, this boutique mid-rise condo building is located in the thriving heart of cosmopolitan life in SF, the Yerba Buena district. Amble into the nearby financial district or Embarcadero waterfront, the Ferry Building or Whole Foods for groceries, quick stroll to Oracle Park or the future subway/ BART for cross-town trips. Work outside or share with guests in the common area courtyard or rooftop garden-like patio. Deeded secure 1-car parking and secure package receiving area.  </text_base_description>
	<listed_by>
		<name>Christopher Jurach</name>
		<agentLicenseDisplay>•DRE #01864179</agentLicenseDisplay>
		<listed_by_page>/real-estate-agents/chris-jurach</listed_by_page>
	</listed_by>
	<price_insights>
		<List_Price>$1,039,000</List_Price>
		<Est._Mo._Payment>$4,775</Est._Mo._Payment>
		<Redfin_Estimate>$1,083,919</Redfin_Estimate>
		<key name="Price/Sq.Ft.">$940</key>
		<key name="Buyer's Brokerage Compensation">2.5%</key>
	</price_insights>
	<home_facts>
		<Status>Active</Status>
		<Time_on_Redfin>29 days</Time_on_Redfin>
		<Property_Type>Mid-Rise (4-8), Unit Above, Unit Below, Condominium</Property_Type>
		<HOA_Dues>$657/month</HOA_Dues>
		<Year_Built>2004</Year_Built>
		<Style>Contemporary</Style>
		<Community>Yerba Buena</Community>
		<key name="MLS#">504279</key>
	</home_facts>
	<property_details>
		<item>
			<item>Virtual Tour, Parking / Garage, Multi-Unit Information, Homeowners Association</item>
			<item>
				<item>
					<item>Virtual Tour</item>
					<item>
						<item>Virtual Tour (External Link)</item>
						<item>Virtual Media: 2</item>
					</item>
				</item>
				<item>
					<item>Parking Information</item>
					<item>
						<item># of Spaces: 1</item>
						<item># of Garage Spaces: 1</item>
						<item>Designated On-Site Parking</item>
						<item>Parking Access: Independent</item>
						<item>Monthly Parking Fees: 0.00</item>
						<item>Parking Features: Enclosed, Interior Access, Automatic Door, Garage</item>
					</item>
				</item>
				<item>
					<item>Community Features</item>
					<item>
						<item>Recreation Room, Garden/Greenbelt</item>
						<item>Transportation: 1 Block Away</item>
						<item>Shopping: 1 Block Away</item>
					</item>
				</item>
				<item>
					<item>Homeowners Association Information</item>
					<item>
						<item>HOA Fee Includes: Water, Garbage, Ext Bldg Maintenance, Grounds Maintenance, Outside Management</item>
						<item>Has Homeowners Association</item>
						<item>Dues: $657.63</item>
						<item>Dues Paid: Monthly</item>
						<item>Articles of Incorporation, CC&amp;Rs, Rules &amp; Regulations, Budget</item>
						<item>Name: Shipley Square HOA</item>
					</item>
				</item>
			</item>
		</item>
		<item>
			<item>Interior Features</item>
			<item>
				<item>
					<item>Bedroom Information</item>
					<item>
						<item># of Bedrooms: 2</item>
					</item>
				</item>
				<item>
					<item>Bathroom Information</item>
					<item>
						<item>Bath Type/Includes: Shower Over Tub, Remodeled</item>
						<item># of Baths: 2</item>
					</item>
				</item>
				<item>
					<item>Dining Room Information</item>
					<item>
						<item>Dining Room: Living/Dining Room Combo</item>
					</item>
				</item>
				<item>
					<item>Additional Rooms</item>
					<item>
						<item>Other Room(s): Storage</item>
						<item>Den/Bonus Room: 0</item>
					</item>
				</item>
				<item>
					<item>Laundry Information</item>
					<item>
						<item>Washer/Dryer, In Kitchen</item>
					</item>
				</item>
				<item>
					<item>Floor Information</item>
					<item>
						<item>Partial Carpet, Vinyl</item>
					</item>
				</item>
				<item>
					<item>Kitchen Features</item>
					<item>
						<item>Kitchen: Electric Range, Refrigerator, Dishwasher, Microwave, Garbage Disposal, Granite Counter, Island, Remodeled</item>
					</item>
				</item>
				<item>
					<item>Interior Features</item>
					<item>
						<item>Main Level: 2 Bedrooms, 2 Baths, Living Room, Kitchen</item>
						<item># of Rooms: 5</item>
						<item>Intercom</item>
					</item>
				</item>
				<item>
					<item>Heating &amp; Cooling</item>
					<item>
						<item>Electric</item>
					</item>
				</item>
			</item>
		</item>
		<item>
			<item>Exterior Features</item>
			<item>
				<item>
					<item>Building Information</item>
					<item>
						<item>Concrete Perimeter Foundation</item>
					</item>
				</item>
				<item>
					<item>Exterior Features</item>
					<item>
						<item>Exterior: Stucco</item>
					</item>
				</item>
			</item>
		</item>
		<item>
			<item>Property / Lot Details, Location Details</item>
			<item>
				<item>
					<item>Property Information</item>
					<item>
						<item>Style: Contemporary</item>
						<item>Type: Mid-Rise (4-8), Unit Above, Unit Below</item>
						<item># of Units: 78</item>
						<item>Floor #: 3</item>
						<item>Tax No Autofill</item>
						<item>APN: 3752-438</item>
						<item>Special Features: Intercom</item>
						<item>Property Disclaimer: Copyright: 2020 by San Francisco Assoc of REALTORS - All data, including all measurements and calculations of area, is obtained from various sources and has not been, and will not be, verified by broker or MLS. All information should be independently reviewed and verified for accuracy. Properties may or may not be listed by the office/agent presenting the information.</item>
					</item>
				</item>
				<item>
					<item>Location Information</item>
					<item>
						<item>Cross Street: 4th Street</item>
					</item>
				</item>
			</item>
		</item>
		<item>
			<item>Documents &amp; Disclosures</item>
			<item>
				<item>
					<item>Restrictions</item>
					<item>
						<item>Limited Number of Pets</item>
					</item>
				</item>
				<item>
					<item>Documents &amp; Disclosures</item>
					<item>
						<item>Documents/Disclosure: Disclosure Pkg Avail, Prelim Title Report, RE Transfer Discl, Gen Prop Insp Report</item>
					</item>
				</item>
			</item>
		</item>
		<item>
			<item>Listing Information</item>
			<item>
				<item>
					<item>Listing Information</item>
					<item>
						<item>Original Price: $1,095,000</item>
						<item>On Market Date: Wednesday, August 26, 2020</item>
						<item>Transfer of Possession: Close of Escrow</item>
					</item>
				</item>
				<item>
					<item>Buyer's Brokerage Compensation</item>
					<item>
						<item>2.5%</item>
					</item>
				</item>
			</item>
		</item>
	</property_details>
	<public_facts>
		<Beds>—</Beds>
		<Baths>—</Baths>
		<Finished_Sq._Ft.>—</Finished_Sq._Ft.>
		<Unfinished_Sq._Ft.>—</Unfinished_Sq._Ft.>
		<Total_Sq._Ft.>1,105</Total_Sq._Ft.>
		<Stories>—</Stories>
		<Lot_Size>—</Lot_Size>
		<Style>Condo/Co-op</Style>
		<Year_Built>2004</Year_Built>
		<Year_Renovated>—</Year_Renovated>
		<County>San Francisco County</County>
		<APN>3752 438</APN>
	</public_facts>
</home>
