<?xml version="1.0" ?>
<home>
	<HomeInfo_Address>
		<street-address>3953-3957 Locke </street-address>
		<locality>Los Angeles, </locality>
		<region>CA</region>
		<postal-code>90032</postal-code>
	</HomeInfo_Address>
	<main_stats>
		<Price>$140,000</Price>
		<Beds>—</Beds>
		<Baths>—</Baths>
		<Sq._Ft.>—</Sq._Ft.>
	</main_stats>
	<text_base_description>3953 and 3957 Locke-Two lots on raw land. Will only sell together. Drive by during daytime, only a 4X4 will go up the hill.  </text_base_description>
	<listed_by>
		<name>Griselda Espinoza</name>
		<agentLicenseDisplay>•DRE #01785581</agentLicenseDisplay>
		<org>•DRE #01785581</org>
	</listed_by>
	<price_insights>
		<List_Price>$140,000</List_Price>
		<Est._Mo._Payment>$650</Est._Mo._Payment>
		<Redfin_Estimate>$130,164</Redfin_Estimate>
	</price_insights>
	<home_facts>
		<Status>Active</Status>
		<Time_on_Redfin>75 days</Time_on_Redfin>
		<Property_Type>Residential Land</Property_Type>
		<Community>Los Angeles</Community>
		<Lot_Size>0.32 Acres</Lot_Size>
		<key name="MLS#">20-604266</key>
	</home_facts>
	<property_details>
		<item>
			<item>Virtual Tour, Exterior Features, School / Neighborhood, Utilities</item>
			<item>
				<item>
					<item>Virtual Tour</item>
					<item>
						<item>Virtual Tour (External Link)</item>
					</item>
				</item>
				<item>
					<item>Building Information</item>
					<item>
						<item>Builder's Tract Name: Pasadena Villa Tract</item>
					</item>
				</item>
				<item>
					<item>Community Information</item>
					<item>
						<item>Street Description: Dirt/Gravel</item>
					</item>
				</item>
				<item>
					<item>Utility Information</item>
					<item>
						<item>Telephone Service: None</item>
						<item>Electric: None</item>
						<item>Gas: None</item>
						<item>Sewer: None</item>
						<item>Water: No Water on Property</item>
					</item>
				</item>
			</item>
		</item>
		<item>
			<item>Taxes / Assessments, Financing, Location Details, Documents &amp; Disclosures</item>
			<item>
				<item>
					<item>Assessment Information</item>
					<item>
						<item>Assessments: None</item>
						<item>Assessor Parcel Number: UNAVAILABLE</item>
					</item>
				</item>
				<item>
					<item>Financial Information</item>
					<item>
						<item>Listing Terms: Cash To New Loan, Cash, Conventional</item>
					</item>
				</item>
				<item>
					<item>Location Information</item>
					<item>
						<item>Directions: See GPS. Lots are north of Burr East of Collis</item>
					</item>
				</item>
				<item>
					<item>Documents &amp; Disclosures</item>
					<item>
						<item>Disclosures: None</item>
					</item>
				</item>
			</item>
		</item>
		<item>
			<item>Property / Lot Details</item>
			<item>
				<item>
					<item>Property Information</item>
					<item>
						<item>Property Type: Residential Land</item>
					</item>
				</item>
				<item>
					<item>Land Information</item>
					<item>
						<item>Site Description: Hilltop</item>
						<item>0-1 Unit/Acre</item>
						<item>Present Use: Vacant lot</item>
						<item>Possible New Zone: Check with City</item>
						<item>Track Map: None</item>
						<item>Usable Land %: 100.00</item>
						<item>Topography: Uphill, Downhill, Flat</item>
						<item>Current Geological: False</item>
					</item>
				</item>
				<item>
					<item>Lot Information</item>
					<item>
						<item>Lot Size (Sq. Ft.): 14,000</item>
						<item>Special Zoning: None</item>
						<item>Is Staked</item>
						<item>Lot Location: Hilltop</item>
						<item>Lot Description: 2-4 Lots</item>
						<item>Survey: Buyer Pays</item>
					</item>
				</item>
				<item>
					<item>Property Features</item>
					<item>
						<item>Has View</item>
						<item>View: City, City Lights, Green Belt</item>
						<item>Public Street: False</item>
						<item>Street Lights: False</item>
					</item>
				</item>
			</item>
		</item>
		<item>
			<item>Listing Information</item>
			<item>
				<item>
					<item>Listing Information</item>
					<item>
						<item>Possession: Close Of Escrow</item>
						<item>Listing Terms: Cash To New Loan, Cash, Conventional</item>
					</item>
				</item>
			</item>
		</item>
	</property_details>
	<public_facts>
		<Beds>—</Beds>
		<Baths>—</Baths>
		<Finished_Sq._Ft.>—</Finished_Sq._Ft.>
		<Unfinished_Sq._Ft.>—</Unfinished_Sq._Ft.>
		<Total_Sq._Ft.>—</Total_Sq._Ft.>
		<Stories>—</Stories>
		<Lot_Size>—</Lot_Size>
		<Style>Vacant Land</Style>
		<Year_Built>—</Year_Built>
		<Year_Renovated>—</Year_Renovated>
		<County>Los Angeles County</County>
		<APN>5306009051</APN>
	</public_facts>
</home>
