<?xml version="1.0" ?>
<home>
	<HomeInfo_Address>
		<street-address>4301 Military Rd NW #315 </street-address>
		<locality>Washington, </locality>
		<region>DC</region>
		<postal-code>20015</postal-code>
	</HomeInfo_Address>
	<main_stats>
		<Price>$762,500</Price>
		<Beds>2</Beds>
		<Baths>2</Baths>
		<key name="$713 / Sq. Ft.">1,070</key>
	</main_stats>
	<text_base_description>Price reduction !!! Welcome and become the owner of the luxury condo in Chevy Chase. Cross the street from the Friendship Heights metro. Large windows, corner unit, fully equipped kitchen with Viking appliances, Marble baths and impeccable condition. This unit comes with a storage and 2 garage parking spaces. One of the greatest locations with easy access to the DC good life. Home warranty through HMS is provided. The seller is motivated.  </text_base_description>
	<listed_by>
		<name>Nicole Apanda</name>
		<org> • AveryHess, REALTORS </org>
	</listed_by>
	<price_insights>
		<List_Price>$762,500</List_Price>
		<Est._Mo._Payment>$3,283</Est._Mo._Payment>
		<Redfin_Estimate>$740,848</Redfin_Estimate>
		<key name="Price/Sq.Ft.">$713</key>
	</price_insights>
	<home_facts>
		<Status>Active</Status>
		<Time_on_Redfin>342 days</Time_on_Redfin>
		<HOA_Dues>$966/month</HOA_Dues>
		<Year_Built>2007</Year_Built>
		<Style>Condo/Unit</Style>
		<Community>CHEVY CHASE</Community>
		<key name="MLS#">DCDC444572</key>
	</home_facts>
	<property_details>
		<item>
			<item>Interior Features</item>
			<item>
				<item>
					<item>Bedroom Information</item>
					<item>
						<item># of Bedrooms On Main Level: 2</item>
					</item>
				</item>
				<item>
					<item>Bathroom Information</item>
					<item>
						<item># of Bathrooms (Full) On Main Level: 2</item>
						<item># of Bathrooms (Full): 2</item>
					</item>
				</item>
				<item>
					<item>Interior Information</item>
					<item>
						<item>Flooring Type: Hardwood</item>
						<item>Living Area Sq.Ft. Source: Estimated</item>
					</item>
				</item>
				<item>
					<item>Room Information</item>
					<item>
						<item>Laundry Type: Washer In Unit, Dryer In Unit</item>
					</item>
				</item>
			</item>
		</item>
		<item>
			<item>Parking / Garage, Homeowners Association, School / Neighborhood, Utilities</item>
			<item>
				<item>
					<item>Parking Information</item>
					<item>
						<item># of Attached Garage Spaces: 2</item>
						<item>Garage Features: Underground</item>
						<item># of Total Garage and Parking Spaces: 2</item>
						<item># of Assigned Spaces: 2</item>
						<item>Has Garage</item>
						<item># of Garage Spaces: 2</item>
						<item>Parking Fee, Assigned</item>
						<item>Attached Garage</item>
					</item>
				</item>
				<item>
					<item>Homeowners Association Information</item>
					<item>
						<item>Condo/Coop Fee: $966.37</item>
						<item>Condo/Coop Fee Frequency: Monthly</item>
						<item>HOA/Condo/Coop Management Type: Professional - On-site</item>
						<item>HOA/Condo/Coop Fee Includes: Ext Bldg Maint, Gas, Insurance, Lawn Maintenance, Management, Reserve Funds, Sewer, Snow Removal, Trash, Water, Health Club, Other, Parking Fee</item>
						<item>HOA/Condo/Coop Amenities: Concierge, Elevator, Exercise Room, Fitness Center, Meeting Room, Party Room</item>
						<item>Other Fees: $792</item>
						<item>Other Fees Frequency: One Time</item>
					</item>
				</item>
				<item>
					<item>School Information</item>
					<item>
						<item>Elementary School: JANNEY</item>
						<item>Middle Or Junior School: DEAL</item>
						<item>High School: WILSON SENIOR</item>
						<item>School District Name: DISTRICT OF COLUMBIA PUBLIC SCHOOLS</item>
						<item>Elementary School Source: 3rd Party</item>
						<item>Middle School Source: 3rd Party</item>
						<item>High School Source: 3rd Party</item>
						<item>School District Source: 3rd Party</item>
					</item>
				</item>
				<item>
					<item>Utilities Information</item>
					<item>
						<item>Central Air</item>
						<item>Cooling Type: Central A/C</item>
						<item>Cooling Fuel: Electric</item>
						<item>Heat Pump(s)</item>
						<item>Heating Fuel: Natural Gas</item>
						<item>Hot Water: Other</item>
						<item>Sewer Septic: Public Sewer</item>
						<item>Water Source: Public</item>
					</item>
				</item>
			</item>
		</item>
		<item>
			<item>Taxes / Assessments</item>
			<item>
				<item>
					<item>Tax Information</item>
					<item>
						<item>Agricultural Tax Due: No</item>
						<item>City/Town Tax: $5,984</item>
						<item>Tax Assessed Value: $704,100</item>
						<item>Tax Year: 2018</item>
						<item>Tax Annual Amount: $5,984</item>
					</item>
				</item>
				<item>
					<item>Assessments Information</item>
					<item>
						<item>Year Assessed: 2018</item>
					</item>
				</item>
			</item>
		</item>
		<item>
			<item>Lease / Rent Details, Location Details</item>
			<item>
				<item>
					<item>Lease Information</item>
					<item>
						<item>Lease Considered: No</item>
					</item>
				</item>
				<item>
					<item>Location Information</item>
					<item>
						<item>In City Limits</item>
						<item>Cross Street: Military Rd NW and Western</item>
						<item>Directions: From Wisconsin Avenue North, right on Military Road, building will be on the left side. </item>
						<item>Entry Floor Number: 3</item>
						<item>Transportation: Bus Stop less than 1 mile, Metro/Subway Station less than 1 mile</item>
					</item>
				</item>
			</item>
		</item>
		<item>
			<item>Property / Lot Details</item>
			<item>
				<item>
					<item>Property Information</item>
					<item>
						<item>Not Federal Flood Zone</item>
						<item>Property Manager Present</item>
						<item>Total Below Grade Sq. Ft.: 0</item>
						<item>Accessibility Features: Elevator</item>
						<item>Irrigation Water Rights</item>
						<item>Improvement Assessed Value: $492,870</item>
						<item>Ownership Interest: Condominium</item>
						<item>Property Condition: Very Good</item>
						<item>Year Built Source: Assessor</item>
					</item>
				</item>
				<item>
					<item>Building Information</item>
					<item>
						<item>Unit Building Type: Mid-Rise 5 - 8 Floors</item>
						<item>Building Name: CHEVY CHASE</item>
						<item>Construction Materials: Concrete</item>
						<item>Other Structures: Above Grade, Below Grade</item>
						<item>Structure Type: Unit/Flat</item>
					</item>
				</item>
				<item>
					<item>Pool Information</item>
					<item>
						<item>Community Pool</item>
					</item>
				</item>
				<item>
					<item>Lot Information</item>
					<item>
						<item>Tidal Water: No</item>
					</item>
				</item>
				<item>
					<item>Land Information</item>
					<item>
						<item>Land Assessed Value: $211,230</item>
					</item>
				</item>
				<item>
					<item>Above Grade Information</item>
					<item>
						<item>Finished Sq.Ft.: 1,070</item>
						<item>Finished Sq.Ft. Source: Estimated</item>
					</item>
				</item>
				<item>
					<item>Below Grade Information</item>
					<item>
						<item>Unfinished Sq.Ft. Source: Assessor</item>
					</item>
				</item>
			</item>
		</item>
	</property_details>
	<public_facts>
		<Beds>2</Beds>
		<Baths>2</Baths>
		<Finished_Sq._Ft.>—</Finished_Sq._Ft.>
		<Unfinished_Sq._Ft.>—</Unfinished_Sq._Ft.>
		<Total_Sq._Ft.>965</Total_Sq._Ft.>
		<Stories>—</Stories>
		<Lot_Size>—</Lot_Size>
		<Style>Condo/Co-op</Style>
		<Year_Built>2007</Year_Built>
		<Year_Renovated>—</Year_Renovated>
		<County>District of Columbia</County>
		<APN>1663    2040</APN>
	</public_facts>
</home>
