<?xml version="1.0" ?>
<home>
	<HomeInfo_Address>
		<street-address>4301 Military Rd NW #112 </street-address>
		<locality>Washington, </locality>
		<region>DC</region>
		<postal-code>20015</postal-code>
	</HomeInfo_Address>
	<main_stats>
		<Price>$489,000</Price>
		<Beds>—</Beds>
		<Bath>1</Bath>
		<key name="$870 / Sq. Ft.">562</key>
	</main_stats>
	<text_base_description>The perfect and most convenient location in Friendship Heights. This studio condominium has a gourmet kitchen with Viking appliances, granite countertops, custom made Murphy bed (matches the kitchen cabinets), walk-in closet, and Bosch washer and dryer in the unit. There are also custom made black out curtains that convey. There is one parking spot in the garage, along with one storage unit. The 1st class building features a renovated fitness room, party/meeting room, and a beautiful lobby with concierge. Close to Friendship Heights Metro and all the wonderful shopping and restaurants nearby.  </text_base_description>
	<listed_by>
		<name>Kathi Kershaw</name>
		<org> • Long &amp; Foster Real Estate, Inc. </org>
	</listed_by>
	<price_insights>
		<List_Price>$489,000</List_Price>
		<Est._Mo._Payment>$2,082</Est._Mo._Payment>
		<Redfin_Estimate>$473,714</Redfin_Estimate>
		<key name="Price/Sq.Ft.">$870</key>
	</price_insights>
	<home_facts>
		<Status>Active</Status>
		<Time_on_Redfin>152 days</Time_on_Redfin>
		<HOA_Dues>$547/month</HOA_Dues>
		<Year_Built>2007</Year_Built>
		<Style>Contemporary</Style>
		<Community>CHEVY CHASE</Community>
		<key name="MLS#">DCDC466536</key>
	</home_facts>
	<property_details>
		<item>
			<item>Virtual Tour, Parking / Garage, Homeowners Association, School / Neighborhood</item>
			<item>
				<item>
					<item>Virtual Tour</item>
					<item>
						<item>Virtual Tour Unbranded (External Link)</item>
					</item>
				</item>
				<item>
					<item>Parking Information</item>
					<item>
						<item>Garage Features: Garage Door Opener, Inside Access, Underground</item>
						<item># of Total Garage and Parking Spaces: 1</item>
						<item># of Garage Spaces: 1</item>
						<item>Parking Garage - # of Spaces: 1</item>
						<item>Parking Garage</item>
					</item>
				</item>
				<item>
					<item>Homeowners Association Information</item>
					<item>
						<item>Condo/Coop Fee: $547.70</item>
						<item>Condo/Coop Fee Frequency: Monthly</item>
						<item>HOA/Condo/Coop Fee Includes: Common Area Maintenance, Ext Bldg Maint, Health Club, Insurance, Lawn Care Front, Lawn Care Rear, Lawn Maintenance, Management, Reserve Funds, Snow Removal, Trash</item>
						<item>HOA/Condo/Coop Amenities: Concierge, Elevator, Exercise Room, Extra Storage, Game Room, Meeting Room, Party Room</item>
					</item>
				</item>
				<item>
					<item>School Information</item>
					<item>
						<item>Elementary School: JANNEY</item>
						<item>Middle Or Junior School: DEAL</item>
						<item>High School: WILSON SENIOR</item>
						<item>School District Name: DISTRICT OF COLUMBIA PUBLIC SCHOOLS</item>
						<item>Elementary School Source: 3rd Party</item>
						<item>Middle School Source: 3rd Party</item>
						<item>High School Source: 3rd Party</item>
						<item>School District Source: 3rd Party</item>
					</item>
				</item>
			</item>
		</item>
		<item>
			<item>Interior Features</item>
			<item>
				<item>
					<item>Bathroom Information</item>
					<item>
						<item># of Bathrooms (Full) On Main Level: 1</item>
						<item># of Bathrooms (Full): 1</item>
					</item>
				</item>
				<item>
					<item>Interior Information</item>
					<item>
						<item>Appliances: Built-In Microwave, Cooktop, Cooktop - Down Draft, Dishwasher, Disposal, Dryer, Exhaust Fan, Microwave, Oven - Wall, Refrigerator, Stainless Steel Appliances, Washer</item>
						<item>Interior Features: Built-Ins, CeilngFan(s), Combination Dining/Living, Combination Kitchen/Dining, Efficiency, Entry Level Bedroom, Floor Plan - Open, Kitchen - Gourmet, Recessed Lighting</item>
						<item>Living Area Sq.Ft. Source: Assessor</item>
					</item>
				</item>
				<item>
					<item>Room Information</item>
					<item>
						<item>Living Room, Kitchen</item>
						<item>Laundry Type: Washer In Unit, Dryer In Unit</item>
					</item>
				</item>
			</item>
		</item>
		<item>
			<item>Utilities, Lease / Rent Details, Location Details</item>
			<item>
				<item>
					<item>Utilities Information</item>
					<item>
						<item>Central Air</item>
						<item>Cooling Type: Central A/C</item>
						<item>Cooling Fuel: Electric</item>
						<item>Forced Air</item>
						<item>Heating Fuel: Natural Gas</item>
						<item>Hot Water: Natural Gas</item>
						<item>Sewer Septic: Public Sewer</item>
						<item>Water Source: Public</item>
					</item>
				</item>
				<item>
					<item>Lease Information</item>
					<item>
						<item>Lease Considered: No</item>
					</item>
				</item>
				<item>
					<item>Location Information</item>
					<item>
						<item>In City Limits</item>
						<item>Cross Street: Wisconsin</item>
						<item>Directions: Wisconsin to Military (parking at daycare behind the building - just let front desk know you are parking there. </item>
						<item>Entry Floor Number: 1</item>
						<item>Transportation: Bus Stop less than 1 mile, Metro/Subway Station less than 1 mile</item>
					</item>
				</item>
			</item>
		</item>
		<item>
			<item>Taxes / Assessments</item>
			<item>
				<item>
					<item>Tax Information</item>
					<item>
						<item>Agricultural Tax Due: No</item>
						<item>City/Town Tax: $3,563</item>
						<item>Tax Assessed Value: $390,810</item>
						<item>Tax Year: 2019</item>
						<item>Tax Annual Amount: $3,563</item>
					</item>
				</item>
				<item>
					<item>Assessments Information</item>
					<item>
						<item>Year Assessed: 2019</item>
					</item>
				</item>
			</item>
		</item>
		<item>
			<item>Property / Lot Details</item>
			<item>
				<item>
					<item>Property Information</item>
					<item>
						<item>Not Federal Flood Zone</item>
						<item>Property Manager Present</item>
						<item>Total Below Grade Sq. Ft.: 0</item>
						<item>Accessibility Features: Level Entry - Main, No Stairs</item>
						<item># of Floors In Unit: 1</item>
						<item>Improvement Assessed Value: $273,570</item>
						<item>Ownership Interest: Condominium</item>
						<item>Property Condition: Very Good</item>
						<item>Year Built Source: Assessor</item>
					</item>
				</item>
				<item>
					<item>Building Information</item>
					<item>
						<item>Unit Building Type: Hi-Rise 9+ Floors</item>
						<item>Building Name: CHASE POINT</item>
						<item>Construction Materials: Mixed</item>
						<item>Other Structures: Above Grade, Below Grade</item>
						<item>Pets Allowed: No</item>
						<item>Structure Type: Unit/Flat</item>
					</item>
				</item>
				<item>
					<item>Lot Information</item>
					<item>
						<item>Tidal Water: No</item>
					</item>
				</item>
				<item>
					<item>Land Information</item>
					<item>
						<item>Land Assessed Value: $117,240</item>
						<item>Soil Types: Urban Land-Sassafras-Chillum</item>
					</item>
				</item>
				<item>
					<item>Above Grade Information</item>
					<item>
						<item>Finished Sq.Ft.: 562</item>
						<item>Finished Sq.Ft. Source: Assessor</item>
					</item>
				</item>
				<item>
					<item>Below Grade Information</item>
					<item>
						<item>Unfinished Sq.Ft. Source: Assessor</item>
						<item>Finished Sq.Ft. Source: Assessor</item>
					</item>
				</item>
			</item>
		</item>
	</property_details>
	<public_facts>
		<Beds>—</Beds>
		<Baths>1</Baths>
		<Finished_Sq._Ft.>—</Finished_Sq._Ft.>
		<Unfinished_Sq._Ft.>—</Unfinished_Sq._Ft.>
		<Total_Sq._Ft.>562</Total_Sq._Ft.>
		<Stories>—</Stories>
		<Lot_Size>—</Lot_Size>
		<Style>Condo/Co-op</Style>
		<Year_Built>2007</Year_Built>
		<Year_Renovated>—</Year_Renovated>
		<County>District of Columbia</County>
		<APN>1663    2012</APN>
	</public_facts>
</home>
