<?xml version="1.0" ?>
<home>
	<HomeInfo_Address>
		<street-address>554 Los Olivos Dr </street-address>
		<locality>SANTA CLARA, </locality>
		<region>CA</region>
		<postal-code>95050</postal-code>
	</HomeInfo_Address>
	<main_stats>
		<Price>$1,199,000</Price>
		<Beds>2</Beds>
		<Baths>2</Baths>
		<key name="$705 / Sq. Ft.">1,700</key>
	</main_stats>
	<text_base_description>OUTSTANDING Central Location! You may find yourself living in this beautiful and spacious tri-level 1700 sq. ft. , sun drenched home with vaulted ceilings, skylight  &amp;  2 fireplaces after you see it. If you desire safe  &amp;  secure, tranquil living with abundant redwood trees views in a perfect area  &amp;  setting, then this is the home for you. Enjoy the private patio off living room  &amp;  pleasing balcony views from the master bedroom. You can enjoy the master suite retreat with fireplace which could be used as an office, study, or even a nursery. New flooring throughout!  New kitchen appliances!  Fresh paint!  Large 2 car garage!  Appealing locale: Mitsuwa, Santana Row, Valley Fair, Santa Clara Town Center. Apple, Nvida, Intel and Tech Centers. Parks, Hospitals, Golf, Dining  &amp;  Grocery Stores just minutes away. Owner amenities  include pool, spa, sauna  &amp;  redwoods. Convenient 280, 17, 101,85,  San Tomas Expressway / Lawrence Expressway / Stevens Creek / El Camino Real / Homestead Rd.  </text_base_description>
	<listed_by>
		<name>Steven Gary</name>
		<agentLicenseDisplay>•DRE #01895061</agentLicenseDisplay>
		<org>•DRE #01895061</org>
	</listed_by>
	<price_insights>
		<List_Price>$1,199,000</List_Price>
		<Est._Mo._Payment>$5,499</Est._Mo._Payment>
		<Redfin_Estimate>$1,192,239</Redfin_Estimate>
		<key name="Price/Sq.Ft.">$705</key>
	</price_insights>
	<home_facts>
		<Status>Active</Status>
		<Time_on_Redfin>16 days</Time_on_Redfin>
		<Property_Type>Townhouse</Property_Type>
		<HOA_Dues>$589</HOA_Dues>
		<Year_Built>1981</Year_Built>
		<Style>Contemporary</Style>
		<Community>SANTA CLARA</Community>
		<Lot_Size>1,312 Sq. Ft.</Lot_Size>
		<key name="MLS#">ML81804899</key>
	</home_facts>
	<property_details>
		<item>
			<item>Virtual Tour, Parking / Garage, Multi-Unit Information, Homeowners Association</item>
			<item>
				<item>
					<item>Virtual Tour</item>
					<item>
						<item>Branded Virtual Tour (External Link)</item>
						<item>Branded Additional Virtual Tour (External Link)</item>
					</item>
				</item>
				<item>
					<item>Parking Information</item>
					<item>
						<item>Garage (Minimum): 2</item>
						<item>Garage (Maximum): 2</item>
						<item>Parking Description: Attached Garage, Common Parking Area</item>
						<item>Garage Spaces: 2</item>
					</item>
				</item>
				<item>
					<item>Multi-Unit Information</item>
					<item>
						<item># of Stories: 2</item>
					</item>
				</item>
				<item>
					<item>HOA Information</item>
					<item>
						<item>Has HOA</item>
						<item>Fees Include: Cable/Dish, Common Area Electricity, Common Area Gas, Exterior Painting, Fencing, Maintenance (Common Area), Pools, Spa, or Tennis, Roof, Water</item>
						<item>HOA Amenities: Community Pool, Sauna/ Spa/ Hot Tub</item>
						<item>HOA Documents: Articles of Incorporation, Bylaws, CC&amp;RS, Financial Statement</item>
						<item>HOA Fee: $589</item>
						<item>HOA Name: Santa Clara Redwoods</item>
						<item>HOA Primary Phone: 408-440-3731</item>
					</item>
				</item>
			</item>
		</item>
		<item>
			<item>Interior Features</item>
			<item>
				<item>
					<item>Bedroom Information</item>
					<item>
						<item># of Bedrooms (Minimum): 2</item>
						<item># of Bedrooms (Maximum): 2</item>
						<item>Bedrooms: Master Suite/Retreat</item>
					</item>
				</item>
				<item>
					<item>Bathroom Information</item>
					<item>
						<item># of Baths (Full): 2</item>
						<item>Bathroom Description: Double Sinks</item>
					</item>
				</item>
				<item>
					<item>Room Information</item>
					<item>
						<item>Den/Study/Office</item>
						<item>Family Room Description: Other (See Remarks)</item>
						<item>Dining Room Description: Eat in Kitchen, Formal Dining Room, Skylight(s)</item>
						<item>Kitchen Description: Cooktop (Electric), Dishwasher, Microwave, Oven (Electric)</item>
					</item>
				</item>
				<item>
					<item>Interior Features</item>
					<item>
						<item>Laundry: Electricity Hookup (220V), Hookup (Gas Dryer), Upper Floor</item>
						<item>Flooring: Carpet, Laminate, Tile</item>
					</item>
				</item>
				<item>
					<item>Fireplace Information</item>
					<item>
						<item>Has Fireplace</item>
						<item>Fireplace Description: In Living Room</item>
						<item>Fireplaces (Minimum): 2</item>
					</item>
				</item>
				<item>
					<item>Heating &amp; Cooling Information</item>
					<item>
						<item>Heating: Central Forced Air (Gas)</item>
					</item>
				</item>
			</item>
		</item>
		<item>
			<item>Exterior Features</item>
			<item>
				<item>
					<item>Exterior Features</item>
					<item>
						<item>Roof: Shake</item>
						<item>Yard/Grounds: Balcony/Patio, Deck</item>
					</item>
				</item>
				<item>
					<item>Building Information</item>
					<item>
						<item>Concrete Perimeter and Slab</item>
					</item>
				</item>
				<item>
					<item>Pool Information</item>
					<item>
						<item>Has Pool</item>
						<item>Pool Description: In-Ground</item>
					</item>
				</item>
			</item>
		</item>
		<item>
			<item>School / Neighborhood, Taxes / Assessments</item>
			<item>
				<item>
					<item>School Information</item>
					<item>
						<item>Elementary School District: Santa Clara Unified</item>
						<item>High School District: Santa Clara Unified</item>
					</item>
				</item>
				<item>
					<item>Tax/Assessment Information</item>
					<item>
						<item>City Transfer Tax: No</item>
					</item>
				</item>
			</item>
		</item>
		<item>
			<item>Utilities</item>
			<item>
				<item>
					<item>Utility Information</item>
					<item>
						<item>Sewer Septic: Sewer (Public)</item>
						<item>Utilities: Public Utilities</item>
					</item>
				</item>
				<item>
					<item>Water Information</item>
					<item>
						<item>Water: Public</item>
					</item>
				</item>
			</item>
		</item>
		<item>
			<item>Property / Lot Details</item>
			<item>
				<item>
					<item>Property Features</item>
					<item>
						<item>Amenities: Garden Window(s), High Ceiling, Skylight(s), Vaulted Ceiling, Walk-In Closet</item>
						<item>Living Sq. Ft.: 1,700</item>
					</item>
				</item>
				<item>
					<item>Property Information</item>
					<item>
						<item>Ownership Type: Condominium Ownership</item>
						<item>Property Master ID: 636722</item>
					</item>
				</item>
				<item>
					<item>Lot Information</item>
					<item>
						<item>Lot Acres: 0.0301</item>
						<item>Lot Size Area Minimum Units: Sq. Ft.</item>
						<item>Lot Size Area Maximum Units: Sq. Ft.</item>
						<item>Lot Size Source: Assessor</item>
						<item>Zoning: PD</item>
					</item>
				</item>
			</item>
		</item>
	</property_details>
	<public_facts>
		<Beds>2</Beds>
		<Baths>2</Baths>
		<Finished_Sq._Ft.>1,700</Finished_Sq._Ft.>
		<Unfinished_Sq._Ft.>—</Unfinished_Sq._Ft.>
		<Total_Sq._Ft.>1,700</Total_Sq._Ft.>
		<Stories>2</Stories>
		<Lot_Size>—</Lot_Size>
		<Style>Condo/Co-op</Style>
		<Year_Built>1981</Year_Built>
		<Year_Renovated>1982</Year_Renovated>
		<County>Santa Clara County</County>
		<APN>29448030</APN>
	</public_facts>
</home>
