<?xml version="1.0" ?>
<home>
	<HomeInfo_Address>
		<street-address>1700 Civic Center Dr #513 </street-address>
		<locality>SANTA CLARA, </locality>
		<region>CA</region>
		<postal-code>95050</postal-code>
	</HomeInfo_Address>
	<main_stats>
		<Price>$505,000</Price>
		<Bed>1</Bed>
		<Bath>1</Bath>
		<key name="$773 / Sq. Ft.">653</key>
	</main_stats>
	<text_base_description>Beautiful and well maintained 1 bedroom, 1 bath condo on the 5th floor boasts a lot of natural bright light throughout. Cozy and efficient floor plan makes unit feel welcoming. Home features extra-large windows in both the living room and spacious master bedroom, newer flooring, and custom closet in the bedroom. Community includes building elevator, security entrance, pool, sauna, bicycle storage, community laundry area and secure parking. Centrally located in the heart of Silicon Valley. Close to many high tech companies, major highways, public transportation, shopping centers and dining. Included some virtual staging pictures for better visualization of use of space.  </text_base_description>
	<listed_by>
		<name>Lily Chow</name>
		<agentLicenseDisplay>•DRE #01770521</agentLicenseDisplay>
		<org>•DRE #01770521</org>
	</listed_by>
	<price_insights>
		<List_Price>$505,000</List_Price>
		<Est._Mo._Payment>$2,317</Est._Mo._Payment>
		<Redfin_Estimate>$502,883</Redfin_Estimate>
		<key name="Price/Sq.Ft.">$773</key>
	</price_insights>
	<home_facts>
		<Status>Active</Status>
		<Time_on_Redfin>25 days</Time_on_Redfin>
		<Property_Type>Condominium</Property_Type>
		<HOA_Dues>$363</HOA_Dues>
		<Year_Built>1972</Year_Built>
		<Community>SANTA CLARA</Community>
		<key name="MLS#">ML81808826</key>
	</home_facts>
	<property_details>
		<item>
			<item>Virtual Tour, Parking / Garage, Multi-Unit Information, Homeowners Association</item>
			<item>
				<item>
					<item>Virtual Tour</item>
					<item>
						<item>Unbranded 3D Tour (External Link)</item>
					</item>
				</item>
				<item>
					<item>Parking Information</item>
					<item>
						<item>Garage (Minimum): 1</item>
						<item>Garage (Maximum): 1</item>
						<item>Parking Description: Covered Parking</item>
						<item>Garage Spaces: 1</item>
					</item>
				</item>
				<item>
					<item>Multi-Unit Information</item>
					<item>
						<item># of Stories: 1</item>
					</item>
				</item>
				<item>
					<item>HOA Information</item>
					<item>
						<item>Has HOA</item>
						<item>Fees Include: Common Area Electricity, Common Area Gas, Exterior Painting, Landscaping/Gardening, Maintenance (Common Area), Pools, Spa, or Tennis, Roof</item>
						<item>HOA Fee: $363</item>
						<item>HOA Fee Frequency: Monthly</item>
						<item>HOA Name: Executive House Association</item>
						<item>HOA Primary Phone: 408-225-3001</item>
					</item>
				</item>
			</item>
		</item>
		<item>
			<item>Interior Features</item>
			<item>
				<item>
					<item>Bedroom Information</item>
					<item>
						<item># of Bedrooms (Minimum): 1</item>
						<item># of Bedrooms (Maximum): 1</item>
					</item>
				</item>
				<item>
					<item>Bathroom Information</item>
					<item>
						<item># of Baths (Full): 1</item>
					</item>
				</item>
				<item>
					<item>Room Information</item>
					<item>
						<item>Dining Room Description: Dining Area in Living Room</item>
					</item>
				</item>
			</item>
		</item>
		<item>
			<item>Exterior Features</item>
			<item>
				<item>
					<item>Exterior Features</item>
					<item>
						<item>Roof: Other (See Remarks)</item>
					</item>
				</item>
				<item>
					<item>Building Information</item>
					<item>
						<item>Concrete Slab</item>
					</item>
				</item>
				<item>
					<item>Pool Information</item>
					<item>
						<item>Has Pool</item>
					</item>
				</item>
			</item>
		</item>
		<item>
			<item>School / Neighborhood</item>
			<item>
				<item>
					<item>School Information</item>
					<item>
						<item>Elementary School District: Santa Clara Unified</item>
						<item>High School District: Santa Clara Unified</item>
					</item>
				</item>
			</item>
		</item>
		<item>
			<item>Utilities</item>
			<item>
				<item>
					<item>Utility Information</item>
					<item>
						<item>Sewer Septic: Sewer (Public)</item>
						<item>Utilities: Public Utilities</item>
					</item>
				</item>
				<item>
					<item>Water Information</item>
					<item>
						<item>Water: Public</item>
					</item>
				</item>
			</item>
		</item>
		<item>
			<item>Property / Lot Details</item>
			<item>
				<item>
					<item>Property Features</item>
					<item>
						<item>Living Sq. Ft.: 653</item>
						<item>Security Features: Security Guard</item>
					</item>
				</item>
				<item>
					<item>Property Information</item>
					<item>
						<item>Ownership Type: Common Interest Development</item>
						<item>Property Master ID: 331650</item>
						<item>Restrictions: Other (See Remarks)</item>
					</item>
				</item>
				<item>
					<item>Lot Information</item>
					<item>
						<item>Lot Size Source: Assessor</item>
						<item>Zoning: R336D</item>
					</item>
				</item>
			</item>
		</item>
	</property_details>
	<public_facts>
		<Beds>1</Beds>
		<Baths>1</Baths>
		<Finished_Sq._Ft.>653</Finished_Sq._Ft.>
		<Unfinished_Sq._Ft.>—</Unfinished_Sq._Ft.>
		<Total_Sq._Ft.>653</Total_Sq._Ft.>
		<Stories>1</Stories>
		<Lot_Size>—</Lot_Size>
		<Style>Condo/Co-op</Style>
		<Year_Built>1972</Year_Built>
		<Year_Renovated>1973</Year_Renovated>
		<County>Santa Clara County</County>
		<APN>22441073</APN>
	</public_facts>
</home>
