<?xml version="1.0" ?>
<home>
	<HomeInfo_Address>
		<street-address>429 California St </street-address>
		<locality>SANTA CLARA, </locality>
		<region>CA</region>
		<postal-code>95050</postal-code>
	</HomeInfo_Address>
	<main_stats>
		<Price>$1,425,000</Price>
		<Beds>4</Beds>
		<Baths>3</Baths>
		<key name="$1075 / Sq. Ft.">1,325</key>
	</main_stats>
	<text_base_description>Gorgeous four bedrooms, three bathrooms home nestled in the heart of Silicon Valley. This home boasts a light and bright open floor plan completely remodeled and expanded in 2018 with new laminate floors throughout, composite shingle roof, exterior/interior paint. The impeccably remodeled kitchen features custom cabinetry with Quartz countertops and stainless steel range and refrigerator. Distinctive features include  new AC with Nest thermostat, new double pane windows and exterior door, new water heater, recessed led lighting, garage door and opener and much more. Completely new yard with lots of fruit trees and one side new redwood fence. Amazing location close to commute routes, within walking distance to the park, close to Valley Fair, Santana Row, public transportation, and easy access to Freeways. Low Santa Clara Utilities  &amp;  more! </text_base_description>
	<listed_by>
		<name>Shawn Luo</name>
		<agentLicenseDisplay>•DRE #01853029</agentLicenseDisplay>
		<org>•DRE #01853029</org>
	</listed_by>
	<price_insights>
		<List_Price>$1,425,000</List_Price>
		<Est._Mo._Payment>$6,537</Est._Mo._Payment>
		<Redfin_Estimate>$1,392,549</Redfin_Estimate>
		<key name="Price/Sq.Ft.">$1,075</key>
	</price_insights>
	<home_facts>
		<Status>Active</Status>
		<Time_on_Redfin>38 days</Time_on_Redfin>
		<Property_Type>Single Family Home</Property_Type>
		<Year_Built>1951</Year_Built>
		<Community>SANTA CLARA</Community>
		<Lot_Size>5,835 Sq. Ft.</Lot_Size>
		<key name="MLS#">ML81806945</key>
	</home_facts>
	<property_details>
		<item>
			<item>Virtual Tour, Parking / Garage, Multi-Unit Information, School / Neighborhood</item>
			<item>
				<item>
					<item>Virtual Tour</item>
					<item>
						<item>Branded Virtual Tour (External Link)</item>
						<item>Branded Additional Virtual Tour (External Link)</item>
						<item>Unbranded 3D Tour (External Link)</item>
						<item>Unbranded Additional Virtual Tour (External Link)</item>
					</item>
				</item>
				<item>
					<item>Parking Information</item>
					<item>
						<item>Garage (Minimum): 1</item>
						<item>Garage (Maximum): 1</item>
						<item>Parking Description: Attached Garage</item>
						<item>Garage Spaces: 1</item>
					</item>
				</item>
				<item>
					<item>Multi-Unit Information</item>
					<item>
						<item># of Stories: 1</item>
					</item>
				</item>
				<item>
					<item>School Information</item>
					<item>
						<item>Elementary School District: Santa Clara Unified</item>
						<item>High School District: Santa Clara Unified</item>
					</item>
				</item>
			</item>
		</item>
		<item>
			<item>Interior Features</item>
			<item>
				<item>
					<item>Bedroom Information</item>
					<item>
						<item># of Bedrooms (Minimum): 4</item>
						<item># of Bedrooms (Maximum): 4</item>
						<item>Bedrooms: Master Suite/Retreat, Walk-In Closet</item>
					</item>
				</item>
				<item>
					<item>Bathroom Information</item>
					<item>
						<item># of Baths (Full): 3</item>
						<item>Bathroom Description: Double Sinks, Marble, Stall Shower, Tile, Tub</item>
					</item>
				</item>
				<item>
					<item>Room Information</item>
					<item>
						<item>Dining Room Description: Dining Area in Living Room</item>
						<item>Kitchen Description: Countertop - Quartz, Dishwasher, Garbage Disposal, Hood Over Range, Oven Range, Refrigerator(s)</item>
					</item>
				</item>
				<item>
					<item>Interior Features</item>
					<item>
						<item>Laundry: In Garage</item>
						<item>Flooring: Laminate, Tile</item>
					</item>
				</item>
				<item>
					<item>Heating &amp; Cooling Information</item>
					<item>
						<item>Cooling: Central Forced Air</item>
						<item>Heating: Central Forced Air (Gas)</item>
					</item>
				</item>
			</item>
		</item>
		<item>
			<item>Exterior Features</item>
			<item>
				<item>
					<item>Exterior Features</item>
					<item>
						<item>Fencing: Fenced</item>
						<item>Roof: Composition</item>
						<item>Yard/Grounds: Backyard, Fenced</item>
					</item>
				</item>
				<item>
					<item>Building Information</item>
					<item>
						<item>Building Type: Detached</item>
						<item>Construction Type: Concrete, Stucco, Wood Frame</item>
						<item>Concrete Perimeter and Slab</item>
					</item>
				</item>
			</item>
		</item>
		<item>
			<item>Utilities</item>
			<item>
				<item>
					<item>Utility Information</item>
					<item>
						<item>Energy Features: Double Pane Windows</item>
						<item>Sewer Septic: Sewer (Public)</item>
						<item>Utilities: Public Utilities</item>
					</item>
				</item>
				<item>
					<item>Water Information</item>
					<item>
						<item>Water: Public</item>
					</item>
				</item>
			</item>
		</item>
		<item>
			<item>Property / Lot Details</item>
			<item>
				<item>
					<item>Property Features</item>
					<item>
						<item>Living Sq. Ft.: 1,325</item>
					</item>
				</item>
				<item>
					<item>Property Information</item>
					<item>
						<item>Property Master ID: 599663</item>
					</item>
				</item>
				<item>
					<item>Lot Information</item>
					<item>
						<item>Lot Acres: 0.134</item>
						<item>Lot Size Area Minimum Units: Sq. Ft.</item>
						<item>Lot Size Area Maximum Units: Sq. Ft.</item>
						<item>Lot Size Source: Assessor</item>
						<item>Zoning: R1</item>
					</item>
				</item>
			</item>
		</item>
	</property_details>
	<public_facts>
		<Beds>3</Beds>
		<Baths>3</Baths>
		<Finished_Sq._Ft.>1,325</Finished_Sq._Ft.>
		<Unfinished_Sq._Ft.>—</Unfinished_Sq._Ft.>
		<Total_Sq._Ft.>1,325</Total_Sq._Ft.>
		<Stories>1</Stories>
		<Lot_Size>5,835 Sq. Ft.</Lot_Size>
		<Style>Single Family Residential</Style>
		<Year_Built>1951</Year_Built>
		<Year_Renovated>2018</Year_Renovated>
		<County>Santa Clara County</County>
		<APN>26939055</APN>
	</public_facts>
</home>
