<?xml version="1.0" ?>
<home>
	<HomeInfo_Address>
		<street-address>1309 Alviso St </street-address>
		<locality>SANTA CLARA, </locality>
		<region>CA</region>
		<postal-code>95050</postal-code>
	</HomeInfo_Address>
	<main_stats>
		<Price>$1,049,000</Price>
		<Beds>3</Beds>
		<Bath>1</Bath>
		<key name="$1021 / Sq. Ft.">1,027</key>
	</main_stats>
	<text_base_description>Welcome home to this beautiful historic Victorian in the heart of Silicon Valley! This lovely home, built in 1889, has been meticulously maintained and is ready for it's new owners to make it theirs. Walk up the front porch and into the open living area with high ceilings and lots of light. With 3 bedrooms and 1 bath, there is plenty of potential for additional living space in the partially finished basement. The kitchen is large, open, and bright, including a dining area  &amp;  a utility room leading out to the charming backyard. The backyard features room for outdoor dining as well as a fire pit. A 2 car detached garage in back, plus plenty of storage space behind the garage has potential for a future in-law unit. This home is in a prime location with easy access not only to the major highways, but also to the Santa Clara Caltrain station. Santa Clara University is just around the corner, as well as several of the largest tech companies in Silicon Valley. Make this your home today! </text_base_description>
	<listed_by>
		<name>Ned Laugharn</name>
		<agentLicenseDisplay>•DRE #01970404</agentLicenseDisplay>
		<org>•DRE #01970404</org>
	</listed_by>
	<price_insights>
		<List_Price>$1,049,000</List_Price>
		<Est._Mo._Payment>$4,811</Est._Mo._Payment>
		<Redfin_Estimate>$1,096,513</Redfin_Estimate>
		<key name="Price/Sq.Ft.">$1,021</key>
	</price_insights>
	<home_facts>
		<Status>Active</Status>
		<Time_on_Redfin>11 days</Time_on_Redfin>
		<Property_Type>Single Family Home</Property_Type>
		<Year_Built>1889</Year_Built>
		<Style>Victorian</Style>
		<Community>SANTA CLARA</Community>
		<Lot_Size>6,449 Sq. Ft.</Lot_Size>
		<key name="MLS#">ML81810682</key>
	</home_facts>
	<property_details>
		<item>
			<item>Virtual Tour, Parking / Garage, Multi-Unit Information, School / Neighborhood</item>
			<item>
				<item>
					<item>Virtual Tour</item>
					<item>
						<item>Branded Virtual Tour (External Link)</item>
						<item>Unbranded Virtual Tour (External Link)</item>
					</item>
				</item>
				<item>
					<item>Parking Information</item>
					<item>
						<item>Garage (Minimum): 2</item>
						<item>Garage (Maximum): 2</item>
						<item>Parking Description: Detached, On Street</item>
						<item>Garage Spaces: 2</item>
						<item>Parking Spaces: 2</item>
					</item>
				</item>
				<item>
					<item>Multi-Unit Information</item>
					<item>
						<item># of Stories: 1</item>
					</item>
				</item>
				<item>
					<item>School Information</item>
					<item>
						<item>Elementary School: Westwood Elementary</item>
						<item>Elementary School District: Santa Clara Unified</item>
						<item>Middle School: Buchser Middle</item>
						<item>High School: Santa Clara High</item>
						<item>High School District: Santa Clara Unified</item>
					</item>
				</item>
			</item>
		</item>
		<item>
			<item>Interior Features</item>
			<item>
				<item>
					<item>Bedroom Information</item>
					<item>
						<item># of Bedrooms (Minimum): 3</item>
						<item># of Bedrooms (Maximum): 3</item>
					</item>
				</item>
				<item>
					<item>Bathroom Information</item>
					<item>
						<item># of Baths (Full): 1</item>
						<item>Bathroom Description: Shower Over Tub, Solid Surface, Tile</item>
					</item>
				</item>
				<item>
					<item>Room Information</item>
					<item>
						<item>Attic, Basement (Unfinished), Storage</item>
						<item>Dining Room Description: Eat in Kitchen</item>
						<item>Kitchen Description: Countertop (Solid Surface/ Corian), Dishwasher, Garbage Disposal, Microwave, Oven Range (Gas), Refrigerator(s)</item>
					</item>
				</item>
				<item>
					<item>Interior Features</item>
					<item>
						<item>Laundry: In Utility Room</item>
						<item>Flooring: Carpet, Laminate</item>
					</item>
				</item>
				<item>
					<item>Fireplace Information</item>
					<item>
						<item>Fireplaces (Minimum): 1</item>
					</item>
				</item>
				<item>
					<item>Heating &amp; Cooling Information</item>
					<item>
						<item>Cooling: Ceiling Fan, Window/Wall Unit</item>
						<item>Heating: Wall Furnace</item>
					</item>
				</item>
			</item>
		</item>
		<item>
			<item>Exterior Features</item>
			<item>
				<item>
					<item>Exterior Features</item>
					<item>
						<item>Fencing: Fenced Back, Fenced Front, Wood</item>
						<item>Roof: Composition</item>
						<item>Yard/Grounds: Backyard, Balcony/Patio, Fenced</item>
					</item>
				</item>
				<item>
					<item>Building Information</item>
					<item>
						<item>Building Type: Detached</item>
						<item>Concrete Perimeter</item>
					</item>
				</item>
			</item>
		</item>
		<item>
			<item>Utilities</item>
			<item>
				<item>
					<item>Utility Information</item>
					<item>
						<item>Energy Features: Double Pane Windows</item>
						<item>Sewer Septic: Sewer (Public)</item>
						<item>Utilities: Public Utilities</item>
					</item>
				</item>
				<item>
					<item>Water Information</item>
					<item>
						<item>Water: Public</item>
					</item>
				</item>
			</item>
		</item>
		<item>
			<item>Taxes / Assessments, Misc. Information</item>
			<item>
				<item>
					<item>Tax/Assessment Information</item>
					<item>
						<item>City Transfer Tax: No</item>
					</item>
				</item>
				<item>
					<item>Miscellaneous Information</item>
					<item>
						<item>Incorporated: Yes</item>
					</item>
				</item>
			</item>
		</item>
		<item>
			<item>Property / Lot Details</item>
			<item>
				<item>
					<item>Property Features</item>
					<item>
						<item>Amenities: Garden Window(s), High Ceiling</item>
						<item>Living Sq. Ft.: 1,027</item>
					</item>
				</item>
				<item>
					<item>Property Information</item>
					<item>
						<item>Property Master ID: 647360</item>
					</item>
				</item>
				<item>
					<item>Lot Information</item>
					<item>
						<item>Lot Acres: 0.148</item>
						<item>Lot Size Area Minimum Units: Sq. Ft.</item>
						<item>Lot Size Area Maximum Units: Sq. Ft.</item>
						<item>Lot Size Source: Assessor</item>
						<item>Zoning: R1</item>
					</item>
				</item>
			</item>
		</item>
	</property_details>
	<public_facts>
		<Beds>3</Beds>
		<Baths>1</Baths>
		<Finished_Sq._Ft.>1,027</Finished_Sq._Ft.>
		<Unfinished_Sq._Ft.>—</Unfinished_Sq._Ft.>
		<Total_Sq._Ft.>1,027</Total_Sq._Ft.>
		<Stories>1</Stories>
		<Lot_Size>6,449 Sq. Ft.</Lot_Size>
		<Style>Single Family Residential</Style>
		<Year_Built>—</Year_Built>
		<Year_Renovated>—</Year_Renovated>
		<County>Santa Clara County</County>
		<APN>26906062</APN>
	</public_facts>
</home>
