<?xml version="1.0" ?>
<home>
	<HomeInfo_Address>
		<street-address>5344 Huntington Dr S </street-address>
		<locality>Los Angeles, </locality>
		<region>CA</region>
		<postal-code>90032</postal-code>
	</HomeInfo_Address>
	<main_stats>
		<Price>$1,150,000</Price>
		<Beds>3</Beds>
		<Baths>3</Baths>
		<Sq._Ft.>—</Sq._Ft.>
	</main_stats>
	<text_base_description>Excellent opportunity to own a mixed-use fully occupied 5 unit investment property located in El Sereno adjacent to South Pasadena. The property features two buildings, a commercial building with two store front units occupied by a bicycle shop. The second building located in the rear is comprised of three residential units consisting of 2BR-1BA, 1BR-1BA and a single + 1BA. The residential units have been extensively renovated with tankless water heaters, remodeled kitchens, new bathrooms, new flooring, new electrical, new windows and updated plumbing. The property is situated on 7,104 square foot lot, is centrally located and close to freeways.  </text_base_description>
	<listed_by>
		<name>Mary Pearce</name>
		<agentLicenseDisplay>•DRE #01853068</agentLicenseDisplay>
		<org>•DRE #01853068</org>
	</listed_by>
	<price_insights>
		<List_Price>$1,150,000</List_Price>
		<Est._Mo._Payment>$5,342</Est._Mo._Payment>
	</price_insights>
	<home_facts>
		<Status>Active</Status>
		<Time_on_Redfin>142 days</Time_on_Redfin>
		<Year_Built>1940</Year_Built>
		<Community>621 - El Sereno</Community>
		<Lot_Size>7,104 Sq. Ft.</Lot_Size>
		<key name="MLS#">P0-820001627</key>
	</home_facts>
	<property_details>
		<item>
			<item>Interior Features, Lease / Rent Details, Property / Lot Details, Location Details</item>
			<item>
				<item>
					<item>Interior Features</item>
					<item>
						<item>Levels: One</item>
					</item>
				</item>
				<item>
					<item>Lease / Rental Details</item>
					<item>
						<item>Tenant Pays: Electricity, Gas, Trash, Water</item>
					</item>
				</item>
				<item>
					<item>Property Information</item>
					<item>
						<item>Total # of Units: 5</item>
						<item>Parcel Number: 5219003010</item>
						<item>Attached Property</item>
						<item>Total # of Stories: 1</item>
						<item>Year Built Source: Assessor</item>
					</item>
				</item>
				<item>
					<item>Location Information</item>
					<item>
						<item>Other Subdivision Name: Not Applicable - 1007242</item>
						<item>Directions: Cross Street: Between Lifur Ave and Poplar Blvd;</item>
						<item>Subdivision Name: Not Applicable</item>
						<item>Zoning: LAC4</item>
					</item>
				</item>
			</item>
		</item>
		<item>
			<item>Multi-Unit Information</item>
			<item>
				<item>
					<item>Unit Type 1 Information</item>
					<item>
						<item>Actual Rent: $1,900</item>
						<item>Total # of Baths: 1</item>
						<item>Total # of Beds: 2</item>
						<item>Furnished: Unfurnished</item>
					</item>
				</item>
				<item>
					<item>Unit Type 6 Information</item>
					<item>
						<item>Total # of Baths: 1</item>
						<item>Total # of Beds: 1</item>
						<item>Furnished: Unfurnished</item>
					</item>
				</item>
				<item>
					<item>Unit Type 7 Information</item>
					<item>
						<item>Actual Rent: $1,450</item>
						<item>Total # of Baths: 1</item>
						<item>Furnished: Unfurnished</item>
					</item>
				</item>
				<item>
					<item>Unit Type 8 Information</item>
					<item>
						<item>Furnished: Unfurnished</item>
					</item>
				</item>
				<item>
					<item>Expenses</item>
					<item>
						<item>Insurance: $2,881</item>
					</item>
				</item>
				<item>
					<item>Multi-Unit Information</item>
					<item>
						<item># Of Leased Units: 5</item>
						<item># Of Separate Water Meters: 5</item>
						<item># Of Separate Gas Meters: 5</item>
						<item># Of Separate Electric Meters: 5</item>
					</item>
				</item>
			</item>
		</item>
	</property_details>
	<public_facts>
		<Beds>—</Beds>
		<Baths>—</Baths>
		<Finished_Sq._Ft.>—</Finished_Sq._Ft.>
		<Unfinished_Sq._Ft.>—</Unfinished_Sq._Ft.>
		<Total_Sq._Ft.>—</Total_Sq._Ft.>
		<Stories>—</Stories>
		<Lot_Size>—</Lot_Size>
		<Style>Multi-Family (2-4 Unit)</Style>
		<Year_Built>—</Year_Built>
		<Year_Renovated>—</Year_Renovated>
		<County>Los Angeles County</County>
		<APN>5219003010</APN>
	</public_facts>
</home>
