<?xml version="1.0" ?>
<home>
	<HomeInfo_Address>
		<street-address>3724 N Randolph Ave </street-address>
		<locality>Los Angeles, </locality>
		<region>CA</region>
		<postal-code>90032</postal-code>
	</HomeInfo_Address>
	<main_stats>
		<Price>$795,000</Price>
		<Beds>—</Beds>
		<Baths>—</Baths>
		<Sq._Ft.>—</Sq._Ft.>
	</main_stats>
	<text_base_description>Exclusively presented for sale is a Development Opportunity in hip and serene El Sereno, surrounded by single family homes and low density multifamily properties. 3 legal and separate contiguous lots that have sat vacant for years (we hear decades) lay on a downward facing slope perfect for views above rooftops and with spacious yards below!  Each lot is around 7,500 SF and zoned (Q)RD3-1D. .. with the Q and D limiting aspects but still allowing for great potential projects. Three blocks to shops at Huntington Dr. , drive a short distance to Alhambra, South Pasadena, Pasadena, Highland Park, Lincoln Heights and Downtown Los Angeles. .. homes on these lots will provide your tenants or buyers a wonderful place to live, just down the road from Ernest E. Debs Regional Park and Cal State Los Angeles. Listing includes three APNs:  5306-011-028, 5306-011-029  &amp;  5306-011-030. </text_base_description>
	<listed_by>
		<name>Dario Svidler</name>
		<agentLicenseDisplay>•DRE #01884474</agentLicenseDisplay>
		<org>•DRE #01884474</org>
	</listed_by>
	<price_insights>
		<List_Price>$795,000</List_Price>
		<Est._Mo._Payment>$3,693</Est._Mo._Payment>
		<Redfin_Estimate>$756,191</Redfin_Estimate>
	</price_insights>
	<home_facts>
		<Status>Active</Status>
		<Time_on_Redfin>12 days</Time_on_Redfin>
		<Property_Type>Residential Land</Property_Type>
		<Community>El Sereno</Community>
		<Lot_Size>0.52 Acres</Lot_Size>
		<key name="MLS#">20-632946</key>
	</home_facts>
	<property_details>
		<item>
			<item>Utilities, Taxes / Assessments, Location Details, Documents &amp; Disclosures</item>
			<item>
				<item>
					<item>Utility Information</item>
					<item>
						<item>Cable</item>
					</item>
				</item>
				<item>
					<item>Assessment Information</item>
					<item>
						<item>Assessor Parcel Number: 5306-011-028</item>
					</item>
				</item>
				<item>
					<item>Location Information</item>
					<item>
						<item>Directions: North of Huntington Dr.; East of Collis Ave.; South of Elephant Hill.</item>
					</item>
				</item>
				<item>
					<item>Documents &amp; Disclosures</item>
					<item>
						<item>Disclosures: Other</item>
					</item>
				</item>
			</item>
		</item>
		<item>
			<item>Property / Lot Details</item>
			<item>
				<item>
					<item>Property Information</item>
					<item>
						<item>Property Type: Residential Land</item>
					</item>
				</item>
				<item>
					<item>Land Information</item>
					<item>
						<item>Present Use: Vacant Lots</item>
						<item>Potential Usage: Build 3 SFRs, 3 Sets of Duplexes, Utilize the ADU Law on Each Lot or Combine all 3 Lots</item>
						<item>Road Frontage: Randolph Ave.</item>
					</item>
				</item>
				<item>
					<item>Lot Information</item>
					<item>
						<item>Lot Size (Sq. Ft.): 22,474</item>
						<item>Lot Size (Acres): 0.516</item>
						<item>Lot Size Dimensions: 150 x 150</item>
						<item>Zoning: (Q)RD3-1D</item>
						<item>Special Zoning: Other</item>
					</item>
				</item>
				<item>
					<item>Property Features</item>
					<item>
						<item>Has View</item>
						<item>View: Tree Top</item>
						<item>Telephone Service</item>
					</item>
				</item>
			</item>
		</item>
	</property_details>
	<public_facts>
		<Beds>—</Beds>
		<Baths>—</Baths>
		<Finished_Sq._Ft.>—</Finished_Sq._Ft.>
		<Unfinished_Sq._Ft.>—</Unfinished_Sq._Ft.>
		<Total_Sq._Ft.>—</Total_Sq._Ft.>
		<Stories>—</Stories>
		<Lot_Size>—</Lot_Size>
		<Style>Vacant Land</Style>
		<Year_Built>—</Year_Built>
		<Year_Renovated>—</Year_Renovated>
		<County>Los Angeles County</County>
		<APN>5306011030</APN>
	</public_facts>
</home>
