<?xml version="1.0" ?>
<home>
	<HomeInfo_Address>
		<street-address>0 Locke Ave </street-address>
		<locality>Los Angeles, </locality>
		<region>CA</region>
		<postal-code>90032</postal-code>
	</HomeInfo_Address>
	<main_stats>
		<Price>$79,999</Price>
		<Beds>—</Beds>
		<Baths>—</Baths>
		<Sq._Ft.>—</Sq._Ft.>
	</main_stats>
	<text_base_description>An AMAZING opportunity for you to build your dream home in El Sereno! This vacant residential lot, APN 5306-016-053, is approximately 7,589 sq. ft. and is an easy drive to Downtown LA, Cal State LA, Arts District, NELA, Pasadena, and many freeways. Buyer to investigate and conduct their due diligence regarding lot location, property lines, soil stability, building requirements, zoning/use and sewer  &amp;  utilities locations, and all other aspects of this property. Call or visit City of Los Angeles Building and Safety for specific questions and details. No reports, plans, or surveys are available, land sold as-is.  </text_base_description>
	<listed_by>
		<name>Cyndy Nguyen</name>
		<agentLicenseDisplay>•DRE #01433576</agentLicenseDisplay>
		<org>•DRE #01433576</org>
	</listed_by>
	<price_insights>
		<List_Price>$79,999</List_Price>
		<Est._Mo._Payment>$372</Est._Mo._Payment>
		<Redfin_Estimate>$74,874</Redfin_Estimate>
	</price_insights>
	<home_facts>
		<Status>Active</Status>
		<Time_on_Redfin>199 days</Time_on_Redfin>
		<Property_Type>Residential Land</Property_Type>
		<Community>El Sereno</Community>
		<Lot_Size>7,589 Sq. Ft.</Lot_Size>
		<key name="MLS#">20-563608</key>
	</home_facts>
	<property_details>
		<item>
			<item>Taxes / Assessments, Location Details, Documents &amp; Disclosures</item>
			<item>
				<item>
					<item>Assessment Information</item>
					<item>
						<item>Assessor Parcel Number: 5306-016-053</item>
					</item>
				</item>
				<item>
					<item>Location Information</item>
					<item>
						<item>Directions: From 110 N exit Via Marisol. Turn left onto Mia. Turn left onto Collis Avenue and right (east) on Cudahy Street. Left on Locke  Avenue (dirt road). Make sure you bring your hiking boots. (On the map, 3932 Locke is a residence next to the vacant land.)</item>
					</item>
				</item>
				<item>
					<item>Documents &amp; Disclosures</item>
					<item>
						<item>Disclosures: As Is</item>
					</item>
				</item>
			</item>
		</item>
		<item>
			<item>Property / Lot Details</item>
			<item>
				<item>
					<item>Property Information</item>
					<item>
						<item>Property Type: Residential Land</item>
					</item>
				</item>
				<item>
					<item>Lot Information</item>
					<item>
						<item>Lot Size (Sq. Ft.): 7,589</item>
						<item>Zoning: LARE20</item>
						<item>Special Zoning: None</item>
					</item>
				</item>
				<item>
					<item>Property Features</item>
					<item>
						<item>Has View</item>
					</item>
				</item>
			</item>
		</item>
	</property_details>
	<public_facts>
		<Beds>—</Beds>
		<Baths>—</Baths>
		<Finished_Sq._Ft.>—</Finished_Sq._Ft.>
		<Unfinished_Sq._Ft.>—</Unfinished_Sq._Ft.>
		<Total_Sq._Ft.>—</Total_Sq._Ft.>
		<Stories>—</Stories>
		<Lot_Size>—</Lot_Size>
		<Style>Vacant Land</Style>
		<Year_Built>—</Year_Built>
		<Year_Renovated>—</Year_Renovated>
		<County>Los Angeles County</County>
		<APN>5306017043</APN>
	</public_facts>
</home>
