<?xml version="1.0" ?>
<home>
	<HomeInfo_Address>
		<street-address>1021 N Ogden Dr </street-address>
		<locality>West Hollywood, </locality>
		<region>CA</region>
		<postal-code>90046</postal-code>
	</HomeInfo_Address>
	<main_stats>
		<Price>$4,500,000</Price>
		<Beds>11</Beds>
		<Baths>17</Baths>
		<key name="$586 / Sq. Ft.">7,679</key>
	</main_stats>
	<text_base_description>7-Unit Condominium Project with four 2br+2.5baths, two 1br+1.5baths and one 1br+1bath. Seller has started construction but is unable to complete the project. This is a great opportunity for a developer/contractor/builder to complete the job and sell the units for profit. Buyer is responsible to determine the cost of project completion. Call broker for additional details.  </text_base_description>
	<listed_by>
		<name>Tom Torabi</name>
		<agentLicenseDisplay>•DRE #00936845</agentLicenseDisplay>
		<org>•DRE #00936845</org>
	</listed_by>
	<price_insights>
		<List_Price>$4,500,000</List_Price>
		<Est._Mo._Payment>$20,855</Est._Mo._Payment>
		<key name="Price/Sq.Ft.">$586</key>
	</price_insights>
	<home_facts>
		<Status>Active</Status>
		<Time_on_Redfin>34 days</Time_on_Redfin>
		<Property_Type>Condominium</Property_Type>
		<Year_Built>2020</Year_Built>
		<Community>C10 - West Hollywood Vicinity</Community>
		<Lot_Size>6,499 Sq. Ft.</Lot_Size>
		<key name="MLS#">SB20171327</key>
	</home_facts>
	<property_details>
		<item>
			<item>Interior Features</item>
			<item>
				<item>
					<item>Laundry Information</item>
					<item>
						<item>Has Laundry</item>
						<item>Inside</item>
					</item>
				</item>
				<item>
					<item>Cooling Information</item>
					<item>
						<item>Central</item>
						<item>Has Cooling</item>
					</item>
				</item>
				<item>
					<item>Heating Information</item>
					<item>
						<item>Central Furnace</item>
						<item>Has Heating</item>
					</item>
				</item>
				<item>
					<item>Interior Features</item>
					<item>
						<item>Balcony, Elevator</item>
						<item>Levels: One, Two</item>
					</item>
				</item>
			</item>
		</item>
		<item>
			<item>Parking / Garage, Exterior Features, School / Neighborhood, Utilities</item>
			<item>
				<item>
					<item>Parking / Garage Information</item>
					<item>
						<item># of Garage Spaces: 1</item>
						<item>Subterranean</item>
						<item>Has Parking</item>
						<item># of Parking Spaces: 12</item>
					</item>
				</item>
				<item>
					<item>Exterior Features</item>
					<item>
						<item>Pool Features: None</item>
					</item>
				</item>
				<item>
					<item>Neighborhood Information</item>
					<item>
						<item>Curbs</item>
					</item>
				</item>
				<item>
					<item>Utilities Information</item>
					<item>
						<item>Sewer: Public Sewer</item>
						<item>Electricity Available</item>
						<item>Water Source: District/Public</item>
					</item>
				</item>
			</item>
		</item>
		<item>
			<item>Multi-Unit Information</item>
			<item>
				<item>
					<item>Unit Type 1 Information</item>
					<item>
						<item>Actual Rent: $1</item>
						<item>Total # of Baths: 3</item>
						<item>Total # of Beds: 2</item>
						<item>Furnished: Unfurnished</item>
						<item>Attached Garage: Yes</item>
						<item># of Garage Spaces: 1</item>
						<item>Total Rent: $1</item>
						<item>Total # of Units: 4</item>
					</item>
				</item>
				<item>
					<item>Unit Type 2 Information</item>
					<item>
						<item>Actual Rent: $1</item>
						<item>Total # of Baths: 2</item>
						<item>Total # of Beds: 1</item>
						<item>Furnished: Unfurnished</item>
						<item>Attached Garage: Yes</item>
						<item># of Garage Spaces: 1</item>
						<item>Total Rent: $1</item>
						<item>Total # of Units: 2</item>
					</item>
				</item>
				<item>
					<item>Unit Type 3 Information</item>
					<item>
						<item>Actual Rent: $1</item>
						<item>Total # of Baths: 1</item>
						<item>Total # of Beds: 1</item>
						<item>Furnished: Unfurnished</item>
						<item>Attached Garage: Yes</item>
						<item># of Garage Spaces: 1</item>
						<item>Total # of Units: 1</item>
					</item>
				</item>
				<item>
					<item>Expenses</item>
					<item>
						<item>Fuel Expense: $1</item>
						<item>Trash: $1</item>
						<item>Total: $1</item>
						<item>Insurance: $1</item>
						<item>Water Sewer: $1</item>
						<item>Electric: $1</item>
						<item>New Taxes: $1</item>
					</item>
				</item>
				<item>
					<item>Multi-Unit Information</item>
					<item>
						<item>Net Operating Income: $1</item>
						<item>Average 3 Bed Area Units: Sq. Ft.</item>
						<item>Average 2 Bed Area Units: Sq. Ft.</item>
						<item>Average 2 Bed Area: 1,200</item>
						<item>Average 1 Bed Area Units: Sq. Ft.</item>
						<item>Average 1 Bed Area: 894</item>
						<item>Sq. Ft.</item>
						<item>Total Building Area: 7,679</item>
						<item>Gross Scheduled Income: $1</item>
						<item>Gross Income: $1</item>
						<item># Of Separate Water Meters: 1</item>
						<item># Of Separate Gas Meters: 1</item>
						<item># Of Separate Electric Meters: 7</item>
						<item># Of Buildings: 1</item>
					</item>
				</item>
			</item>
		</item>
		<item>
			<item>Taxes / Assessments, Lease / Rent Details, Location Details</item>
			<item>
				<item>
					<item>Assesments Information</item>
					<item>
						<item>Assessments: Unknown</item>
					</item>
				</item>
				<item>
					<item>Lease / Rental Details</item>
					<item>
						<item>Operating Expense: $1</item>
					</item>
				</item>
				<item>
					<item>Location Information</item>
					<item>
						<item>Directions: https://www.google.com/maps/place/1021+N+Ogden+Dr,+West+Hollywood,+CA+90046/@34.0894362,-118.3619661,17z/data=!3m1!4b1!4m5!3m4!1s0x80c2becf91eec77b:0x6786bdda95081465!8m2!3d34.0894362!4d-118.3597774</item>
						<item>Zoning: WDR3C*</item>
					</item>
				</item>
			</item>
		</item>
		<item>
			<item>Property / Lot Details</item>
			<item>
				<item>
					<item>Lot Information</item>
					<item>
						<item>Elevation Units: Feet</item>
						<item>Lot Features: 6-10 Units/Acre</item>
					</item>
				</item>
				<item>
					<item>Property Information</item>
					<item>
						<item>Common Interest: Condominium</item>
						<item>Total # of Units: 7</item>
						<item>Accessibility Features: Parking</item>
						<item>Common Walls: 2+ common walls</item>
						<item>Parcel Number: 5530013032</item>
						<item>Attached Property</item>
						<item>Total # of Stories: 3</item>
						<item>Year Built Source: Seller</item>
					</item>
				</item>
			</item>
		</item>
	</property_details>
	<public_facts>
		<Beds>—</Beds>
		<Baths>—</Baths>
		<Finished_Sq._Ft.>—</Finished_Sq._Ft.>
		<Unfinished_Sq._Ft.>—</Unfinished_Sq._Ft.>
		<Total_Sq._Ft.>—</Total_Sq._Ft.>
		<Stories>—</Stories>
		<Lot_Size>6,393 Sq. Ft.</Lot_Size>
		<Style>Single Family Residential</Style>
		<Year_Built>—</Year_Built>
		<Year_Renovated>—</Year_Renovated>
		<County>Los Angeles County</County>
		<APN>5530013032</APN>
	</public_facts>
</home>
