<?xml version="1.0" ?>
<home>
	<HomeInfo_Address>
		<street-address>833 E Mifflin St </street-address>
		<locality>Madison, </locality>
		<region>WI</region>
		<postal-code>53703</postal-code>
	</HomeInfo_Address>
	<main_stats>
		<Price>$439,900</Price>
		<Beds>2</Beds>
		<Baths>2</Baths>
		<key name="$368 / Sq. Ft.">1,194</key>
	</main_stats>
	<text_base_description>Public Remarks: Immaculate  &amp;  impressive ground lvl 2 BR, 2 bath w/ private entry! This condo is like brand new  &amp;  a must see if you are looking to be close to everything dtown! Live concerts/pro soccer literally outside your front door at Breese Stevens Field, Festival Foods, Sylvee, Vintage Brewing Co. &amp;  more just a block away!  The interior is open  &amp;  spacious w/ hardwood floors throughout, lg windows w/ roller shades  &amp;  drapery for privacy, tall ceilings  &amp;  owner suite w/ walk in closet  &amp;  huge full bath w/ double vanity. Kitchen is ideal for entertaining  &amp;  has SS appliances, granite counters, lg island  &amp;  pantry.  </text_base_description>
	<listed_by>
		<name>Luke Lestikow</name>
		<org> • First Weber Inc </org>
	</listed_by>
	<price_insights>
		<List_Price>$439,900</List_Price>
		<Est._Mo._Payment>$2,389</Est._Mo._Payment>
		<Redfin_Estimate>$435,770</Redfin_Estimate>
		<key name="Price/Sq.Ft.">$368</key>
	</price_insights>
	<home_facts>
		<Status>Active</Status>
		<Time_on_Redfin>16 days</Time_on_Redfin>
		<Property_Type>Condo</Property_Type>
		<HOA_Dues>$240/month</HOA_Dues>
		<Year_Built>2017</Year_Built>
		<Community>Madison</Community>
		<key name="MLS#">1892975</key>
	</home_facts>
	<property_details>
		<item>
			<item>Interior Features</item>
			<item>
				<item>
					<item>Bedroom Information</item>
					<item>
						<item>Master Bedroom Dimensions: 13 x 11</item>
						<item>Master Bedroom Level: Main</item>
						<item>Bedroom 2 Dimensions: 11 x 10</item>
						<item>Bedroom 2 Level: Main</item>
					</item>
				</item>
				<item>
					<item>Bathroom Information</item>
					<item>
						<item>Bath Description(s): At Least 1 Tub, Master Bedroom Bath (Full), Master Bedroom Bath, Walk-In Shower  in Master Bathroom</item>
						<item># of Baths (Full): 2</item>
					</item>
				</item>
				<item>
					<item>Interior Features</item>
					<item>
						<item>Wood or Simulation Wood Floors, Walk-In Closet(s), Cable/Satellite Available, High Speed Internet</item>
					</item>
				</item>
				<item>
					<item>Room Information</item>
					<item>
						<item>Living Room Dimensions: 20 x 14</item>
						<item>Living Room Level: Main</item>
						<item>Kitchen Level: Main</item>
						<item>Kitchen Dimensions: 15 x 15</item>
					</item>
				</item>
				<item>
					<item>Equipment</item>
					<item>
						<item>Appliances: Range/Oven, Refrigerator, Dishwasher, Microwave, Garbage Disposal, Washer, Dryer</item>
					</item>
				</item>
			</item>
		</item>
		<item>
			<item>Parking / Garage</item>
			<item>
				<item>
					<item>Parking Information</item>
					<item>
						<item>Parking: Underground, 1-5 Spaces, 1 Space, Assigned</item>
					</item>
				</item>
				<item>
					<item>Garage Information</item>
					<item>
						<item>Garage: Underground, Underground Garage, Underground Space, Opener Included</item>
					</item>
				</item>
			</item>
		</item>
		<item>
			<item>Exterior Features</item>
			<item>
				<item>
					<item>Building Information</item>
					<item>
						<item>Estimated Sq. Ft. Range: 1001-1250</item>
					</item>
				</item>
				<item>
					<item>Exterior</item>
					<item>
						<item>Exterior Features: Private Entry, Patio</item>
						<item>Exterior: Wood, Brick</item>
					</item>
				</item>
			</item>
		</item>
		<item>
			<item>Multi-Unit Information</item>
			<item>
				<item>
					<item>Condo Information</item>
					<item>
						<item>Condominium Name: Starliner Condominiums</item>
						<item>Garden</item>
					</item>
				</item>
				<item>
					<item>Multi-Unit Information</item>
					<item>
						<item># of Units: 24</item>
						<item>Units In Association: 24</item>
					</item>
				</item>
			</item>
		</item>
		<item>
			<item>Homeowners Association, Utilities, Taxes / Assessments, Lease / Rent Details</item>
			<item>
				<item>
					<item>HOA Information</item>
					<item>
						<item>Condo Fee Monthly: $240</item>
						<item>Association Common Amenities: Clubhouse, Common Green Space, Exercise Room, Elevator, Rooftop Common Area</item>
					</item>
				</item>
				<item>
					<item>Utility Information</item>
					<item>
						<item>Municipal Water, Municipal Sewer</item>
						<item>Heating/Cooling: Forced Air, Central Air</item>
						<item>Natural Gas</item>
					</item>
				</item>
				<item>
					<item>Tax Information</item>
					<item>
						<item> Total Taxes: $8,918</item>
						<item> Tax Year: 2019</item>
					</item>
				</item>
				<item>
					<item>Rental Information</item>
					<item>
						<item>Pets Permitted</item>
					</item>
				</item>
			</item>
		</item>
		<item>
			<item>School / Neighborhood</item>
			<item>
				<item>
					<item>Neighborhood Information</item>
					<item>
						<item>Municipality: MADISON</item>
						<item>Municipality Type: City</item>
					</item>
				</item>
				<item>
					<item>School Information</item>
					<item>
						<item> School District: Madison</item>
						<item>Elementary School: Lapham/Marquette</item>
						<item>Middle School: Okeeffe</item>
						<item>High School: East Troy</item>
					</item>
				</item>
			</item>
		</item>
		<item>
			<item>Property / Lot Details</item>
			<item>
				<item>
					<item>Property Information</item>
					<item>
						<item>Condo</item>
						<item>Information Source Year Built: Assessor/Public Record</item>
					</item>
				</item>
				<item>
					<item>Lot Information</item>
					<item>
						<item> Zoning: TE, WP-24</item>
					</item>
				</item>
			</item>
		</item>
		<item>
			<item>Listing Information</item>
			<item>
				<item>
					<item>Listing Information</item>
					<item>
						<item>Inclusions: Refrigerator, stove, dishwasher, microwave, washer, dryer, roller shades, rods &amp; drapes throughout, built in LR shelves (etagere)</item>
						<item>Exclusions: Toaster oven in kitchen</item>
					</item>
				</item>
			</item>
		</item>
	</property_details>
	<public_facts>
		<Beds>2</Beds>
		<Baths>2</Baths>
		<Finished_Sq._Ft.>1,194</Finished_Sq._Ft.>
		<Unfinished_Sq._Ft.>—</Unfinished_Sq._Ft.>
		<Total_Sq._Ft.>1,194</Total_Sq._Ft.>
		<Stories>1</Stories>
		<Lot_Size>—</Lot_Size>
		<Style>Condo/Co-op</Style>
		<Year_Built>2017</Year_Built>
		<Year_Renovated>2017</Year_Renovated>
		<County>Dane County</County>
		<APN>070913222041</APN>
	</public_facts>
</home>
