<?xml version="1.0" ?>
<home>
	<HomeInfo_Address>
		<street-address>8200 Southwest Pkwy #303 </street-address>
		<locality>Austin, </locality>
		<region>TX</region>
		<postal-code>78735</postal-code>
	</HomeInfo_Address>
	<main_stats>
		<Price>$639,000</Price>
		<Beds>2</Beds>
		<Baths>2.5</Baths>
		<key name="$292 / Sq. Ft.">2,188</key>
	</main_stats>
	<text_base_description>Don't miss out on this well appointed, meticulously maintained condo in the upscale Enclave at Escondera. Home to 35 condos all w/ 2 car attached garages + 2 driveway spaces. Unit 303 is the popular Tejado plan w/ spacious living/dining area. open kitchen w/ breakfast area. Step outside to a covered patio w/ hot tub  &amp;   fenced in yard, a rare find. Upstairs is a huge master w/ access to a terrace  &amp;  fire pit. Seller added plantation shutters thru out  &amp;  Ring doorbell, see who's at the door from anywhere!Restrictions: Yes  Sprinkler Sys:Yes </text_base_description>
	<listed_by>
		<name>Ellen Noble</name>
		<agentLicenseDisplay>•TREC #0173926</agentLicenseDisplay>
		<org>•TREC #0173926</org>
	</listed_by>
	<price_insights>
		<List_Price>$639,000</List_Price>
		<Est._Mo._Payment>$3,809</Est._Mo._Payment>
		<key name="Price/Sq.Ft.">$292</key>
	</price_insights>
	<home_facts>
		<Status>Active</Status>
		<Time_on_Redfin>73 days</Time_on_Redfin>
		<Property_Type>Residential, Condominium</Property_Type>
		<HOA_Dues>$459/month</HOA_Dues>
		<Year_Built>2017</Year_Built>
		<Community>Enclave at Escondera</Community>
		<key name="MLS#">4320578</key>
	</home_facts>
	<property_details>
		<item>
			<item>Virtual Tour, Multi-Unit Information, Homeowners Association, School / Neighborhood</item>
			<item>
				<item>
					<item>Virtual Tour</item>
					<item>
						<item>Virtual Tour Unbranded(External Link)</item>
					</item>
				</item>
				<item>
					<item>Multi Unit Information</item>
					<item>
						<item>Pets Allowed: No</item>
					</item>
				</item>
				<item>
					<item>HOA Information</item>
					<item>
						<item>Has Home Owners Association</item>
						<item>Association Name: Escondera HOA</item>
						<item>Association Fee: $459</item>
						<item>Monthly</item>
						<item>Association Fee Includes: Common Areas, Maintenance Grounds, Maintenance Structure, Trash</item>
					</item>
				</item>
				<item>
					<item>School</item>
					<item>
						<item>Elementary School District: Austin ISD</item>
						<item>Middle Or Junior School District: Austin ISD</item>
						<item>High School District: Austin ISD</item>
						<item>Elementary School: Oak Hill</item>
						<item>Middle Or Junior School: O Henry,</item>
						<item>High School: Austin,</item>
					</item>
				</item>
			</item>
		</item>
		<item>
			<item>Interior Features</item>
			<item>
				<item>
					<item>Bathroom Information</item>
					<item>
						<item># of Full Bathrooms: 2</item>
						<item># of Half Bathrooms: 1</item>
					</item>
				</item>
				<item>
					<item>Room 1 Information</item>
					<item>
						<item>Screened Porch</item>
					</item>
				</item>
				<item>
					<item>Room 2 Information</item>
					<item>
						<item>Kitchen</item>
						<item>Features: Breakfast Bar, Breakfast Area, Granite Counters, Kitchen Island, Kitchen/Family Room Combo</item>
					</item>
				</item>
				<item>
					<item>Room 3 Information</item>
					<item>
						<item>Foyer</item>
					</item>
				</item>
				<item>
					<item>Room 4 Information</item>
					<item>
						<item>Dining Room</item>
						<item>Features: Breakfast Area</item>
					</item>
				</item>
				<item>
					<item>Room 5 Information</item>
					<item>
						<item>Master Bedroom</item>
						<item>Features: Walk-In Closet(s)</item>
					</item>
				</item>
				<item>
					<item>Room 6 Information</item>
					<item>
						<item>Loft</item>
					</item>
				</item>
				<item>
					<item>Room 7 Information</item>
					<item>
						<item>Family Room</item>
					</item>
				</item>
				<item>
					<item>Room 8 Information</item>
					<item>
						<item>Master Bathroom</item>
						<item>Features: Double Vanity, Separate Shower</item>
					</item>
				</item>
				<item>
					<item>Fireplace Information</item>
					<item>
						<item>Has Fireplace</item>
						<item># of Fireplaces: 1</item>
						<item>Features: Outside, See Remarks</item>
					</item>
				</item>
				<item>
					<item>Equipment</item>
					<item>
						<item>Appliances: Built-In Oven, Dryer, Dishwasher, Exhaust Fan, Gas Cooktop, Disposal, Gas Water Heater, Microwave, Refrigerator, Stainless Steel Appliance(s), Washer</item>
					</item>
				</item>
				<item>
					<item>Interior Features</item>
					<item>
						<item>Accessibility Features: See Remarks, Accessible Doors</item>
						<item>Unfurnished</item>
						<item>Flooring: Laminate</item>
						<item>Other Features: Breakfast Bar, Separate/Formal Dining Room, Entrance Foyer, High Ceilings, Interior Steps, Multiple Living Areas, Pantry, Walk-In Closet(s), Programmable Thermostat</item>
					</item>
				</item>
			</item>
		</item>
		<item>
			<item>Parking / Garage</item>
			<item>
				<item>
					<item>Garage/Carport Information</item>
					<item>
						<item>Has Garage</item>
						<item>Has Attached Garage</item>
						<item># of Garage Spaces: 2</item>
					</item>
				</item>
				<item>
					<item>Parking</item>
					<item>
						<item>Features: Attached, Garage, One Car Garage, Garage Door Opener</item>
						<item># of Parking (Total): 2</item>
						<item># of Covered Spaces: 2</item>
					</item>
				</item>
			</item>
		</item>
		<item>
			<item>Exterior Features</item>
			<item>
				<item>
					<item>Building Information</item>
					<item>
						<item>Year Built Source: Estimated</item>
						<item>Roof Details: Membrane</item>
						<item>Construction Details: Stucco</item>
						<item>Builder Name: Prestige Custom Homes</item>
					</item>
				</item>
				<item>
					<item>Exterior Features</item>
					<item>
						<item>Exterior Features: Balcony, No Exterior Steps, Private Yard, Rain Gutters</item>
						<item>Patio And Porch Features: Covered, Patio, Porch, Balcony</item>
						<item>Security Features: Controlled Access</item>
						<item>Fencing: Fenced, Wrought Iron</item>
					</item>
				</item>
				<item>
					<item>Pool Information</item>
					<item>
						<item>Pool Features: Community</item>
						<item>Has Spa</item>
						<item>Spa Features: Above Ground, Hot Tub</item>
					</item>
				</item>
			</item>
		</item>
		<item>
			<item>Utilities</item>
			<item>
				<item>
					<item>Utility Information</item>
					<item>
						<item>Utilities: Electricity Available, Natural Gas Available, Underground Utilities</item>
						<item>Sewer: Public Sewer</item>
						<item>Water Source: Public</item>
					</item>
				</item>
				<item>
					<item>Heating &amp; Cooling</item>
					<item>
						<item>Has Cooling</item>
						<item>Cooling: Central Air</item>
						<item>Has Heating</item>
						<item>Heating: Central, Natural Gas</item>
					</item>
				</item>
			</item>
		</item>
		<item>
			<item>Taxes / Assessments, Location Details</item>
			<item>
				<item>
					<item>Tax Information</item>
					<item>
						<item>Annual Amount: $12,832</item>
						<item>Tax Year: 2020</item>
					</item>
				</item>
				<item>
					<item>Community Information</item>
					<item>
						<item>Community Features: Common Grounds/Area, Community Mailbox, Fitness Center, Gated, Pool, Sidewalks, Trails/Paths, Curbs</item>
					</item>
				</item>
			</item>
		</item>
		<item>
			<item>Property / Lot Details</item>
			<item>
				<item>
					<item>Lot Information</item>
					<item>
						<item>Lot Features: Cul-De-Sac, Sprinklers In Rear, Sprinklers In Front, Level, Moderate Trees, Sprinklers Automatic</item>
					</item>
				</item>
				<item>
					<item>Property Information</item>
					<item>
						<item>Has View</item>
						<item>Direction Faces: East</item>
						<item>Foundation Details: Slab</item>
					</item>
				</item>
			</item>
		</item>
	</property_details>
	<public_facts>
		<Beds>—</Beds>
		<Baths>—</Baths>
		<Finished_Sq._Ft.>2,188</Finished_Sq._Ft.>
		<Unfinished_Sq._Ft.>—</Unfinished_Sq._Ft.>
		<Total_Sq._Ft.>2,188</Total_Sq._Ft.>
		<Stories>1</Stories>
		<Lot_Size>—</Lot_Size>
		<Style>Condo/Co-op</Style>
		<Year_Built>2015</Year_Built>
		<Year_Renovated>—</Year_Renovated>
		<County>Travis County</County>
		<APN>893707</APN>
	</public_facts>
</home>
