<?xml version="1.0" ?>
<home>
	<HomeInfo_Address>
		<street-address>211 S Henry St #302 </street-address>
		<locality>Madison, </locality>
		<region>WI</region>
		<postal-code>53703</postal-code>
	</HomeInfo_Address>
	<main_stats>
		<Price>$660,000</Price>
		<Beds>2</Beds>
		<Baths>2</Baths>
		<key name="$415 / Sq. Ft.">1,591</key>
	</main_stats>
	<text_base_description>Public Remarks: Estimated date of completion - 10/2020. Only 3 units left to choose from!! Barracuda Condominiums presents the next generation of condominium living in Downtown Madison! Prime location a block from the Capitol square w/ incredible views of Lake Monona, State Capitol  &amp;  Cityscape! Sophisticated modern design offering floor to ceiling windows, 10 ft ceilings, winter gardens  &amp;  sleeping porches, plaster walls, 8 ft solid core doors, Cat 5 wiring, perimeter heat at windows, heated parking  &amp;  upper units w/ landscaped terraces! Dream kitchens boast Sub Zero appliances  &amp;  quartz counter-tops! Units 202, 302 and 402 remain. Price Range $650,000 to $670,000. </text_base_description>
	<listed_by>
		<name>Liz Lauer</name>
		<org> • Lauer Realty Group, Inc. </org>
	</listed_by>
	<price_insights>
		<List_Price>$660,000</List_Price>
		<Est._Mo._Payment>$2,592</Est._Mo._Payment>
		<Redfin_Estimate>$667,015</Redfin_Estimate>
		<key name="Price/Sq.Ft.">$415</key>
	</price_insights>
	<home_facts>
		<Status>Active</Status>
		<Time_on_Redfin>688 days</Time_on_Redfin>
		<Property_Type>Condo</Property_Type>
		<HOA_Dues>$300/month</HOA_Dues>
		<Year_Built>2019</Year_Built>
		<Community>Madison</Community>
		<key name="MLS#">1845057</key>
	</home_facts>
	<property_details>
		<item>
			<item>Interior Features</item>
			<item>
				<item>
					<item>Bedroom Information</item>
					<item>
						<item>Master Bedroom Dimensions: 14 x 11</item>
						<item>Master Bedroom Level: Main</item>
						<item>Bedroom 2 Dimensions: 13 x 11</item>
						<item>Bedroom 2 Level: Main</item>
					</item>
				</item>
				<item>
					<item>Bathroom Information</item>
					<item>
						<item>Bath Description(s): At Least 1 Tub, Master Bedroom Bath (Full), Master Bedroom Bath, Walk-In Shower  in Master Bathroom</item>
						<item># of Baths (Full): 2</item>
					</item>
				</item>
				<item>
					<item>Interior Features</item>
					<item>
						<item>Wood or Simulation Wood Floors, Walk-In Closet(s), Great Room, Intercom, Cable/Satellite Available, High Speed Internet</item>
					</item>
				</item>
				<item>
					<item>Room Information</item>
					<item>
						<item>Other Room 1 Dimensions: 20 x 10</item>
						<item>Other Room 1 Level: Main</item>
						<item>Other Room 1 Name: Other</item>
						<item>Living Room Dimensions: 20 x 17</item>
						<item>Living Room Level: Main</item>
						<item>Kitchen Level: Main</item>
						<item>Kitchen Dimensions: 15 x 10</item>
					</item>
				</item>
				<item>
					<item>Equipment</item>
					<item>
						<item>Appliances: Range/Oven, Refrigerator, Dishwasher, Microwave, Washer, Dryer</item>
					</item>
				</item>
			</item>
		</item>
		<item>
			<item>Parking / Garage</item>
			<item>
				<item>
					<item>Parking Information</item>
					<item>
						<item>Parking: Underground, 1-5 Spaces, 1 Space, Assigned</item>
					</item>
				</item>
				<item>
					<item>Garage Information</item>
					<item>
						<item>Garage: 1 Car, Attached, Underground, Underground Garage, Underground Space, Opener Included</item>
					</item>
				</item>
			</item>
		</item>
		<item>
			<item>Exterior Features</item>
			<item>
				<item>
					<item>Building Information</item>
					<item>
						<item>Estimated Sq. Ft. Range: 1501-1750</item>
					</item>
				</item>
				<item>
					<item>Exterior</item>
					<item>
						<item>Exterior Features: Deck, Patio</item>
						<item>Exterior: Brick</item>
					</item>
				</item>
			</item>
		</item>
		<item>
			<item>Multi-Unit Information</item>
			<item>
				<item>
					<item>Condo Information</item>
					<item>
						<item>Condominium Name: Barracuda</item>
						<item>Garden</item>
					</item>
				</item>
				<item>
					<item>Multi-Unit Information</item>
					<item>
						<item># of Units: 19</item>
						<item>Units In Association: 19</item>
					</item>
				</item>
			</item>
		</item>
		<item>
			<item>Homeowners Association, Utilities, Taxes / Assessments, Lease / Rent Details</item>
			<item>
				<item>
					<item>HOA Information</item>
					<item>
						<item>Condo Fee Monthly: $300</item>
						<item>Association Common Amenities: Rental Allowed, Elevator</item>
					</item>
				</item>
				<item>
					<item>Utility Information</item>
					<item>
						<item>Municipal Water, Municipal Sewer</item>
						<item>Heating/Cooling: Radiant, Heat Pump, Central Air</item>
						<item>Natural Gas</item>
					</item>
				</item>
				<item>
					<item>Tax Information</item>
					<item>
						<item> Total Taxes: $1,477</item>
						<item> Tax Year: 2019</item>
					</item>
				</item>
				<item>
					<item>Rental Information</item>
					<item>
						<item>Pets Permitted</item>
					</item>
				</item>
			</item>
		</item>
		<item>
			<item>School / Neighborhood</item>
			<item>
				<item>
					<item>Neighborhood Information</item>
					<item>
						<item>Municipality: MADISON</item>
						<item>Municipality Type: City</item>
					</item>
				</item>
				<item>
					<item>School Information</item>
					<item>
						<item> School District: Madison</item>
						<item>Middle School: Hamilton</item>
						<item>High School: West</item>
					</item>
				</item>
			</item>
		</item>
		<item>
			<item>Property / Lot Details</item>
			<item>
				<item>
					<item>Property Information</item>
					<item>
						<item>Under Construction</item>
						<item>Condo</item>
						<item>Information Source Year Built: Builder</item>
					</item>
				</item>
				<item>
					<item>Property Features</item>
					<item>
						<item>Water Features: Waterview (No Frontage)</item>
					</item>
				</item>
				<item>
					<item>Lot Information</item>
					<item>
						<item> Zoning: HUD</item>
					</item>
				</item>
			</item>
		</item>
		<item>
			<item>Listing Information</item>
			<item>
				<item>
					<item>Listing Information</item>
					<item>
						<item>Inclusions: See appliance package</item>
						<item>Exclusions: N/A</item>
					</item>
				</item>
			</item>
		</item>
	</property_details>
	<public_facts>
		<Beds>2</Beds>
		<Baths>2</Baths>
		<Finished_Sq._Ft.>1,593</Finished_Sq._Ft.>
		<Unfinished_Sq._Ft.>—</Unfinished_Sq._Ft.>
		<Total_Sq._Ft.>1,593</Total_Sq._Ft.>
		<Stories>1</Stories>
		<Lot_Size>—</Lot_Size>
		<Style>Condo/Co-op</Style>
		<Year_Built>2019</Year_Built>
		<Year_Renovated>2019</Year_Renovated>
		<County>Dane County</County>
		<APN>070923179175</APN>
	</public_facts>
</home>
