<?xml version="1.0" ?>
<home>
	<HomeInfo_Address>
		<street-address>99-015 Kalaloa St #501 </street-address>
		<locality>Aiea, </locality>
		<region>HI</region>
		<postal-code>96701</postal-code>
	</HomeInfo_Address>
	<main_stats>
		<Price>$331,500</Price>
		<Beds>2</Beds>
		<Bath>1</Bath>
		<key name="$525 / Sq. Ft.">632</key>
	</main_stats>
	<text_base_description>A great opportunity to own this beautiful home on a central location.  In move-in condition. An end unit, away from the other units for more privacy.  Remodeled in 2017 and upgraded with granite countertops,, newer flooring, bathroom, kitchen cabinets and newer stainless steel appliances. Conveniently located near bus stop, aloha stadium and the Arizona Memorial.  Amenities include a community swimming pool, tennis court and a barbecue area.  A secured building.  Ideal for firs-time buyers or investors.  SPECIAL ASSESSMENT WILL BE PAID BY SELLER AT CLOSING </text_base_description>
	<listed_by>
		<name>Erma Riodil (BC)</name>
		<org> • CENTURY 21 Homefinders of HI </org>
	</listed_by>
	<price_insights>
		<List_Price>$331,500</List_Price>
		<Est._Mo._Payment>$1,530</Est._Mo._Payment>
		<Redfin_Estimate>$324,386</Redfin_Estimate>
		<key name="Price/Sq.Ft.">$525</key>
	</price_insights>
	<home_facts>
		<Status>In Escrow Showing</Status>
		<Time_on_Redfin>134 days</Time_on_Redfin>
		<Property_Type>Condo/Townhouse, High-Rise 7+ Stories</Property_Type>
		<HOA_Dues>$677/month</HOA_Dues>
		<Year_Built>1975</Year_Built>
		<Community>Halawa</Community>
		<Lot_Size>1.89 Acres</Lot_Size>
		<key name="MLS#">202010871</key>
	</home_facts>
	<property_details>
		<item>
			<item>Interior Features</item>
			<item>
				<item>
					<item>Bathroom Information</item>
					<item>
						<item># of Bathrooms (Full): 1</item>
					</item>
				</item>
				<item>
					<item>Interior Features</item>
					<item>
						<item># of Elevators: 2</item>
						<item>Inclusions: Ceiling Fan, Dishwasher, Disposal, Dryer, Microwave Hood, Range/Oven, Refrigerator, Washer</item>
						<item>Furnished: Partial</item>
						<item>Flooring: Ceramic Tile, W/W Carpet</item>
					</item>
				</item>
				<item>
					<item>Square Footage</item>
					<item>
						<item>Sq. Ft. Lanai (Open): 43</item>
						<item>Sq. Ft. Roofed (Living): 632</item>
					</item>
				</item>
			</item>
		</item>
		<item>
			<item>Parking / Garage, Multi-Unit Information, Homeowners Association, Taxes / Assessments</item>
			<item>
				<item>
					<item>Parking/Garage Information</item>
					<item>
						<item>Parking Features: Assigned, Guest, 1 Open Space</item>
						<item># of Parking Spaces (Total): 1</item>
						<item>Condo Parking Unit: 34</item>
					</item>
				</item>
				<item>
					<item>Multi-Unit Information</item>
					<item>
						<item>Unit Features: Corner/End, Single Level, Storage</item>
						<item>Amenities: BBQ, Patio/Deck, Pool, Recreation Area, Resident Manager</item>
					</item>
				</item>
				<item>
					<item>Homeowners Association Information</item>
					<item>
						<item>Association Fee 2: $99</item>
						<item>Maintenance Expense: 578.00</item>
						<item>Association Fee Total: $677</item>
						<item>Other Common Expenses, Sewer, Water</item>
						<item>Maintenance, Special Assessment</item>
					</item>
				</item>
				<item>
					<item>Tax Information</item>
					<item>
						<item>Tax Amount: 92.00</item>
						<item>Tax Year: 2019</item>
						<item>Tax Assessed Value Land: 190500.00</item>
						<item>Tax Assessed Value Improvements: $126,100</item>
						<item>Tax Assessed Value: 316600.00</item>
						<item>Tax Exemption Owner Occupancy: 0</item>
					</item>
				</item>
			</item>
		</item>
		<item>
			<item>Property / Lot Details</item>
			<item>
				<item>
					<item>Property Information</item>
					<item>
						<item>Property Type: Condo/Townhouse</item>
						<item>Architectural Style: High-Rise 7+ Stories</item>
						<item>Property Condition: Excellent</item>
						<item>Year Remodeled: 2017</item>
						<item>Year Built: 1975</item>
						<item>Construction Materials: Concrete</item>
						<item>View: Garden, Ocean</item>
						<item>Building Name: Centre Court</item>
						<item>Stories Type: One</item>
					</item>
				</item>
				<item>
					<item>Lot Information</item>
					<item>
						<item>Zoning: 12 - A-2 Medium Density Apartme</item>
						<item>Lot Size Area: 82546.00</item>
						<item>Parcel Number: 1-9-9-064-025-0029</item>
					</item>
				</item>
				<item>
					<item>Land Information</item>
					<item>
						<item>Land Tenure: FS - Fee Simple</item>
						<item>Remodelled: Partial</item>
						<item>Land Recorded: Land Court</item>
						<item>Flood Zone: Zone X</item>
					</item>
				</item>
			</item>
		</item>
		<item>
			<item>Location Details, Documents &amp; Disclosures</item>
			<item>
				<item>
					<item>Location Details</item>
					<item>
						<item>Neighbourhood: HALAWA</item>
						<item>Floor Number: 5</item>
					</item>
				</item>
				<item>
					<item>Documents &amp; Disclosures</item>
					<item>
						<item>Disclosures: Property Disclosure Stmt</item>
					</item>
				</item>
			</item>
		</item>
	</property_details>
	<public_facts>
		<Beds>—</Beds>
		<Baths>—</Baths>
		<Finished_Sq._Ft.>—</Finished_Sq._Ft.>
		<Unfinished_Sq._Ft.>—</Unfinished_Sq._Ft.>
		<Total_Sq._Ft.>—</Total_Sq._Ft.>
		<Stories>—</Stories>
		<Lot_Size>—</Lot_Size>
		<Style>Condo/Co-op</Style>
		<Year_Built>—</Year_Built>
		<Year_Renovated>—</Year_Renovated>
		<County>Honolulu County</County>
		<APN>1-9-9-064-025-0029</APN>
	</public_facts>
</home>
