<?xml version="1.0" ?>
<home>
	<HomeInfo_Address>
		<street-address>98-500 Koauka Loop Unit 11C </street-address>
		<locality>Aiea, </locality>
		<region>HI</region>
		<postal-code>96701</postal-code>
	</HomeInfo_Address>
	<main_stats>
		<Price>$315,000</Price>
		<Bed>1</Bed>
		<Bath>1</Bath>
		<key name="$521 / Sq. Ft.">605</key>
	</main_stats>
	<text_base_description>Enjoy the cool breezes of this spacious 1 bedroom, 1 bathroom, 1 parking condo at Pearl 1.  Refreshed with new interior paint, carpet, and fixtures! Owner extended bedroom for additional interior space and recently approved by the Board. Mountain views.  Conveniently located close to Pearlridge Shopping Center, restaurants, schools, and more! Tons of great amenities to enjoy including: pool, clubhouse, bbq area, basketball court, and guest parking. </text_base_description>
	<listed_by>
		<name>Mikiko Terahira (RA)</name>
		<org> • Coldwell Banker Realty </org>
	</listed_by>
	<price_insights>
		<List_Price>$315,000</List_Price>
		<Est._Mo._Payment>$1,453</Est._Mo._Payment>
		<Redfin_Estimate>$313,489</Redfin_Estimate>
		<key name="Price/Sq.Ft.">$521</key>
	</price_insights>
	<home_facts>
		<Status>Active</Status>
		<Time_on_Redfin>20 days</Time_on_Redfin>
		<Property_Type>Condo/Townhouse, High-Rise 7+ Stories</Property_Type>
		<HOA_Dues>$461/month</HOA_Dues>
		<Year_Built>1975</Year_Built>
		<Community>Pearlridge</Community>
		<Lot_Size>8.40 Acres</Lot_Size>
		<key name="MLS#">202023162</key>
	</home_facts>
	<property_details>
		<item>
			<item>Interior Features</item>
			<item>
				<item>
					<item>Bathroom Information</item>
					<item>
						<item># of Bathrooms (Full): 1</item>
					</item>
				</item>
				<item>
					<item>Interior Features</item>
					<item>
						<item># of Elevators: 3</item>
						<item>Inclusions: A/C Window Unit, Dryer, Range Hood, Range/Oven, Refrigerator, Washer</item>
						<item>Flooring: Ceramic Tile, Vinyl</item>
					</item>
				</item>
				<item>
					<item>Square Footage</item>
					<item>
						<item>Sq. Ft. Lanai (Open): 157</item>
						<item>Sq. Ft. Roofed (Living): 605</item>
					</item>
				</item>
			</item>
		</item>
		<item>
			<item>Parking / Garage, Exterior Features, Multi-Unit Information, Homeowners Association</item>
			<item>
				<item>
					<item>Parking/Garage Information</item>
					<item>
						<item>Parking Features: 1 Covered Spaces</item>
						<item># of Parking Spaces (Total): 1</item>
						<item>Condo Parking Unit: 210</item>
					</item>
				</item>
				<item>
					<item>Exterior Features</item>
					<item>
						<item>Security Features: Key, Security Patrol</item>
					</item>
				</item>
				<item>
					<item>Multi-Unit Information</item>
					<item>
						<item>Unit Features: Odd# Unit</item>
						<item>Amenities: BBQ, Club House, Patio/Deck, Pool, Private Yard, Recreation Area, Resident Manager, Security Guard</item>
					</item>
				</item>
				<item>
					<item>Homeowners Association Information</item>
					<item>
						<item>Maintenance Expense: 461.00</item>
						<item>Association Fee Total: $461</item>
						<item>Hot Water, Other Common Expenses, Sewer, Water</item>
						<item>Maintenance</item>
					</item>
				</item>
			</item>
		</item>
		<item>
			<item>Taxes / Assessments, Location Details, Documents &amp; Disclosures</item>
			<item>
				<item>
					<item>Tax Information</item>
					<item>
						<item>Tax Amount: 69.50</item>
						<item>Tax Year: 2020</item>
						<item>Tax Assessed Value Land: 127200.00</item>
						<item>Tax Assessed Value Improvements: $211,100</item>
						<item>Tax Assessed Value: 338300.00</item>
						<item>Tax Exemption Owner Occupancy: 100000</item>
					</item>
				</item>
				<item>
					<item>Location Details</item>
					<item>
						<item>Neighbourhood: PEARLRIDGE</item>
						<item>Floor Number: 11</item>
					</item>
				</item>
				<item>
					<item>Documents &amp; Disclosures</item>
					<item>
						<item>Disclosures: Property Disclosure Stmt</item>
					</item>
				</item>
			</item>
		</item>
		<item>
			<item>Property / Lot Details</item>
			<item>
				<item>
					<item>Property Information</item>
					<item>
						<item>Property Type: Condo/Townhouse</item>
						<item>Architectural Style: High-Rise 7+ Stories</item>
						<item>Property Condition: Above Average, Average</item>
						<item>Year Built: 1975</item>
						<item>Construction Materials: Concrete</item>
						<item>View: Mountain</item>
						<item>Building Name: Pearl 1</item>
					</item>
				</item>
				<item>
					<item>Lot Information</item>
					<item>
						<item>Zoning: 12 - A-2 Medium Density Apartme</item>
						<item>Lot Size Area: 365904.00</item>
						<item>Parcel Number: 1-9-8-030-053-0135</item>
					</item>
				</item>
				<item>
					<item>Land Information</item>
					<item>
						<item>Land Tenure: FS - Fee Simple</item>
						<item>Land Recorded: Regular System</item>
						<item>Flood Zone: Zone AE</item>
					</item>
				</item>
			</item>
		</item>
	</property_details>
	<public_facts>
		<Beds>—</Beds>
		<Baths>—</Baths>
		<Finished_Sq._Ft.>—</Finished_Sq._Ft.>
		<Unfinished_Sq._Ft.>—</Unfinished_Sq._Ft.>
		<Total_Sq._Ft.>—</Total_Sq._Ft.>
		<Stories>—</Stories>
		<Lot_Size>—</Lot_Size>
		<Style>Condo/Co-op</Style>
		<Year_Built>—</Year_Built>
		<Year_Renovated>—</Year_Renovated>
		<County>Honolulu County</County>
		<APN>1-9-8-030-053-0135</APN>
	</public_facts>
</home>
