<?xml version="1.0" ?>
<home>
	<HomeInfo_Address>
		<street-address>98-099 Uao Pl #2707 </street-address>
		<locality>Aiea, </locality>
		<region>HI</region>
		<postal-code>96701</postal-code>
	</HomeInfo_Address>
	<main_stats>
		<Price>$459,000</Price>
		<Beds>2</Beds>
		<Baths>2</Baths>
		<key name="$636 / Sq. Ft.">722</key>
	</main_stats>
	<text_base_description>Move in ready, this beautifully upgraded high floor unit has sweeping panoramic views from Diamond Head to the Leeward Coast! Renovated in 2013, it features newer fridge, hard wood kitchen and bathroom cabinets with granite counter tops; newer fixtures, electric blinds, ceiling fans, &amp; more!  Enjoy your large wrap around covered lanai from the living room to the master bedroom with ample space for patio furniture and plants. Secured, TWO parking stalls &amp; extra storage locker assigned to this unit. This well-managed, pet friendly building has 24-hour security, guest stalls, pool, hot tub, BBQ, &amp; car wash area and is conveniently located to Pearlridge Center (Farmer's Market on Saturday's!), hospitals, bus stops, Pearl Country Club, Pearl Harbor/Hickam military bases, and access to freeway! </text_base_description>
	<listed_by>
		<name>Antonet Barut (RA)</name>
		<org> • Trinity Properties, LLC </org>
	</listed_by>
	<price_insights>
		<List_Price>$459,000</List_Price>
		<Est._Mo._Payment>$2,118</Est._Mo._Payment>
		<Redfin_Estimate>$459,447</Redfin_Estimate>
		<key name="Price/Sq.Ft.">$636</key>
	</price_insights>
	<home_facts>
		<Status>In Escrow Showing</Status>
		<Time_on_Redfin>24 days</Time_on_Redfin>
		<Property_Type>Condo/Townhouse, High-Rise 7+ Stories</Property_Type>
		<HOA_Dues>$633/month</HOA_Dues>
		<Year_Built>1976</Year_Built>
		<Community>Pearlridge</Community>
		<Lot_Size>2.15 Acres</Lot_Size>
		<key name="MLS#">202016926</key>
	</home_facts>
	<property_details>
		<item>
			<item>Interior Features</item>
			<item>
				<item>
					<item>Bathroom Information</item>
					<item>
						<item># of Bathrooms (Full): 2</item>
					</item>
				</item>
				<item>
					<item>Interior Features</item>
					<item>
						<item># of Elevators: 3</item>
						<item>Inclusions: Auto Garage Door Opener, Blinds, Cable TV, Ceiling Fan, Dishwasher, Disposal, Dryer, Microwave Hood, Range/Oven, Refrigerator, Smoke Detector, Washer</item>
						<item>Furnished: Partial</item>
						<item>Flooring: Laminate, Other</item>
					</item>
				</item>
				<item>
					<item>Square Footage</item>
					<item>
						<item>Sq. Ft. Lanai (Open): 224</item>
						<item>Sq. Ft. Roofed (Living): 722</item>
					</item>
				</item>
			</item>
		</item>
		<item>
			<item>Parking / Garage, Exterior Features, Multi-Unit Information, Homeowners Association</item>
			<item>
				<item>
					<item>Parking/Garage Information</item>
					<item>
						<item>Parking Features: Assigned, 2 Covered Spaces, Garage, Guest, Secured Entry, Tandem</item>
						<item># of Parking Spaces (Total): 2</item>
						<item>Condo Parking Unit: 2707,2707</item>
					</item>
				</item>
				<item>
					<item>Exterior Features</item>
					<item>
						<item>Security Features: Key, Video</item>
					</item>
				</item>
				<item>
					<item>Multi-Unit Information</item>
					<item>
						<item>Unit Features: Odd# Unit, Storage</item>
						<item>Amenities: BBQ, Patio/Deck, Pool, Security Guard, Storage, Trash Chute, Whirlpool</item>
					</item>
				</item>
				<item>
					<item>Homeowners Association Information</item>
					<item>
						<item>Maintenance Expense: 633.25</item>
						<item>Association Fee Total: $633</item>
						<item>Other Common Expenses, Sewer, Water</item>
					</item>
				</item>
			</item>
		</item>
		<item>
			<item>Taxes / Assessments, Location Details, Documents &amp; Disclosures</item>
			<item>
				<item>
					<item>Tax Information</item>
					<item>
						<item>Tax Amount: 106.67</item>
						<item>Tax Year: 2019</item>
						<item>Tax Assessed Value Land: 48400.00</item>
						<item>Tax Assessed Value Improvements: $397,400</item>
						<item>Tax Assessed Value: 445800.00</item>
						<item>Tax Exemption Owner Occupancy: 80000</item>
					</item>
				</item>
				<item>
					<item>Location Details</item>
					<item>
						<item>Neighbourhood: PEARLRIDGE</item>
						<item>Floor Number: 27</item>
					</item>
				</item>
				<item>
					<item>Documents &amp; Disclosures</item>
					<item>
						<item>Disclosures: Property Disclosure Stmt</item>
					</item>
				</item>
			</item>
		</item>
		<item>
			<item>Property / Lot Details</item>
			<item>
				<item>
					<item>Property Information</item>
					<item>
						<item>Property Type: Condo/Townhouse</item>
						<item>Architectural Style: High-Rise 7+ Stories</item>
						<item>Property Frontage: Other</item>
						<item>Property Condition: Excellent</item>
						<item>Year Remodeled: 2013</item>
						<item>Year Built: 1976</item>
						<item>Construction Materials: Concrete</item>
						<item>View: City, Coastline, Diamond Head, Mountain, Ocean, Sunset</item>
						<item>Building Name: Lele Pono</item>
						<item>Stories Type: 21+</item>
					</item>
				</item>
				<item>
					<item>Lot Information</item>
					<item>
						<item>Zoning: 12 - A-2 Medium Density Apartme</item>
						<item>Lot Size Area: 93785.00</item>
						<item>Parcel Number: 1-9-8-039-009-0227</item>
					</item>
				</item>
				<item>
					<item>Land Information</item>
					<item>
						<item>Land Tenure: FS - Fee Simple</item>
						<item>Remodelled: Partial</item>
						<item>Land Recorded: Regular System</item>
						<item>Flood Zone: Zone X</item>
					</item>
				</item>
			</item>
		</item>
	</property_details>
	<public_facts>
		<Beds>—</Beds>
		<Baths>—</Baths>
		<Finished_Sq._Ft.>—</Finished_Sq._Ft.>
		<Unfinished_Sq._Ft.>—</Unfinished_Sq._Ft.>
		<Total_Sq._Ft.>—</Total_Sq._Ft.>
		<Stories>—</Stories>
		<Lot_Size>—</Lot_Size>
		<Style>Condo/Co-op</Style>
		<Year_Built>—</Year_Built>
		<Year_Renovated>—</Year_Renovated>
		<County>Honolulu County</County>
		<APN>1-9-8-039-009-0227</APN>
	</public_facts>
</home>
