<?xml version="1.0" ?>
<home>
	<HomeInfo_Address>
		<street-address>99-060 Kauhale St #202 </street-address>
		<locality>Aiea, </locality>
		<region>HI</region>
		<postal-code>96701</postal-code>
	</HomeInfo_Address>
	<main_stats>
		<Price>$299,000</Price>
		<Beds>2</Beds>
		<Bath>1</Bath>
		<key name="$451 / Sq. Ft.">663</key>
	</main_stats>
	<text_base_description>Location, Location, Location! Kauhale is located in the heart of Aiea, close to restaurants, groceries, public transportation and freeway on/off ramps. This unit is bright and breezy with newly installed vinyl plank floors throughout, no popcorn ceilings, newer appliances and freshly painted. It's Ready! Just bring your things and settle in!!! </text_base_description>
	<listed_by>
		<name>Leesa Fergerstrom (RA)</name>
		<org> • Locations LLC </org>
	</listed_by>
	<price_insights>
		<List_Price>$299,000</List_Price>
		<Est._Mo._Payment>$1,380</Est._Mo._Payment>
		<Redfin_Estimate>$299,540</Redfin_Estimate>
		<key name="Price/Sq.Ft.">$451</key>
	</price_insights>
	<home_facts>
		<Status>In Escrow Showing</Status>
		<Time_on_Redfin>12 days</Time_on_Redfin>
		<Property_Type>Condo/Townhouse, High-Rise 7+ Stories</Property_Type>
		<HOA_Dues>$470/month</HOA_Dues>
		<Year_Built>1972</Year_Built>
		<Community>Aiea Area</Community>
		<key name="MLS#">202023719</key>
	</home_facts>
	<property_details>
		<item>
			<item>Interior Features</item>
			<item>
				<item>
					<item>Bathroom Information</item>
					<item>
						<item># of Bathrooms (Full): 1</item>
					</item>
				</item>
				<item>
					<item>Interior Features</item>
					<item>
						<item># of Elevators: 1</item>
						<item>Inclusions: Blinds, Ceiling Fan, Disposal, Range/Oven, Refrigerator</item>
						<item>Flooring: Vinyl</item>
					</item>
				</item>
				<item>
					<item>Square Footage</item>
					<item>
						<item>Sq. Ft. Lanai (Open): 67</item>
						<item>Sq. Ft. Roofed (Living): 663</item>
					</item>
				</item>
			</item>
		</item>
		<item>
			<item>Parking / Garage, Exterior Features, Multi-Unit Information, Homeowners Association</item>
			<item>
				<item>
					<item>Parking/Garage Information</item>
					<item>
						<item>Parking Features: Guest, 1 Open Space, Street</item>
						<item># of Parking Spaces (Total): 1</item>
						<item>Condo Parking Unit: 68</item>
					</item>
				</item>
				<item>
					<item>Exterior Features</item>
					<item>
						<item>Security Features: Keyed Elevator</item>
					</item>
				</item>
				<item>
					<item>Multi-Unit Information</item>
					<item>
						<item>Unit Features: Even# Unit</item>
						<item>Amenities: Community Laundry</item>
					</item>
				</item>
				<item>
					<item>Homeowners Association Information</item>
					<item>
						<item>Maintenance Expense: 470.00</item>
						<item>Association Fee Total: $470</item>
						<item>Sewer, Water</item>
					</item>
				</item>
			</item>
		</item>
		<item>
			<item>Taxes / Assessments, Location Details, Documents &amp; Disclosures</item>
			<item>
				<item>
					<item>Tax Information</item>
					<item>
						<item>Tax Amount: 82.00</item>
						<item>Tax Year: 2020</item>
						<item>Tax Assessed Value Land: 55200.00</item>
						<item>Tax Assessed Value Improvements: $227,500</item>
						<item>Tax Assessed Value: 282700.00</item>
						<item>Tax Exemption Owner Occupancy: 0</item>
					</item>
				</item>
				<item>
					<item>Location Details</item>
					<item>
						<item>Neighbourhood: AIEA AREA</item>
						<item>Floor Number: 2</item>
					</item>
				</item>
				<item>
					<item>Documents &amp; Disclosures</item>
					<item>
						<item>Disclosures: None</item>
					</item>
				</item>
			</item>
		</item>
		<item>
			<item>Property / Lot Details</item>
			<item>
				<item>
					<item>Property Information</item>
					<item>
						<item>Property Type: Condo/Townhouse</item>
						<item>Architectural Style: High-Rise 7+ Stories</item>
						<item>Property Condition: Above Average</item>
						<item>Year Built: 1972</item>
						<item>Construction Materials: Concrete</item>
						<item>Building Name: Kauhale</item>
						<item>Stories Type: 8-14</item>
					</item>
				</item>
				<item>
					<item>Lot Information</item>
					<item>
						<item>Zoning: 05 - R-5 Residential District</item>
						<item>Parcel Number: 1-9-9-040-052-0003</item>
					</item>
				</item>
				<item>
					<item>Land Information</item>
					<item>
						<item>Land Tenure: FS - Fee Simple</item>
						<item>Remodelled: Partial</item>
						<item>Land Recorded: Regular System</item>
						<item>Flood Zone: Zone X</item>
					</item>
				</item>
			</item>
		</item>
	</property_details>
	<public_facts>
		<Beds>—</Beds>
		<Baths>—</Baths>
		<Finished_Sq._Ft.>—</Finished_Sq._Ft.>
		<Unfinished_Sq._Ft.>—</Unfinished_Sq._Ft.>
		<Total_Sq._Ft.>—</Total_Sq._Ft.>
		<Stories>—</Stories>
		<Lot_Size>—</Lot_Size>
		<Style>Condo/Co-op</Style>
		<Year_Built>—</Year_Built>
		<Year_Renovated>—</Year_Renovated>
		<County>Honolulu County</County>
		<APN>1-9-9-040-052-0003</APN>
	</public_facts>
</home>
