<?xml version="1.0" ?>
<home>
	<HomeInfo_Address>
		<street-address>5036 Cavanagh Rd </street-address>
		<locality>El Sereno, </locality>
		<region>CA</region>
		<postal-code/>
	</HomeInfo_Address>
	<main_stats>
		<Price>$250,000</Price>
		<Beds>—</Beds>
		<Baths>—</Baths>
		<Sq._Ft.>—</Sq._Ft.>
	</main_stats>
	<text_base_description>Great location nearby the desirable University Hills neighborhood. Upslope lot. Already removed substantial dirt making the lot more readily and cost effective to build. Walking distance to Cal State L. A. and close proximity to Downtown L. A. Buyers to verify everything with the City of Los Angeles to what the possibilities of building, utilities, sewer and the possibility of including an accessory dwelling unit. Property frontage is 55 feet wide making the lot more appealing to build. Property dimensions approximately 55x87. </text_base_description>
	<listed_by>
		<name>ZHU GONG</name>
		<agentLicenseDisplay>•DRE #01987408</agentLicenseDisplay>
		<org>•DRE #01987408</org>
	</listed_by>
	<price_insights>
		<List_Price>$250,000</List_Price>
		<Est._Mo._Payment>$1,161</Est._Mo._Payment>
		<Redfin_Estimate>$221,096</Redfin_Estimate>
	</price_insights>
	<home_facts>
		<Status>Active</Status>
		<Time_on_Redfin>174 days</Time_on_Redfin>
		<Community>621 - El Sereno</Community>
		<Lot_Size>4,841 Sq. Ft.</Lot_Size>
		<key name="MLS#">WS20070004</key>
	</home_facts>
	<property_details>
		<item>
			<item>School / Neighborhood, Utilities, Location Details</item>
			<item>
				<item>
					<item>Neighborhood Information</item>
					<item>
						<item>Gutters, Suburban</item>
					</item>
				</item>
				<item>
					<item>Utilities Information</item>
					<item>
						<item>Water Source: Other</item>
					</item>
				</item>
				<item>
					<item>Location Information</item>
					<item>
						<item>Directions: 5036 Cavanagh Rd</item>
						<item>Zoning: LAR1</item>
					</item>
				</item>
			</item>
		</item>
		<item>
			<item>Property / Lot Details</item>
			<item>
				<item>
					<item>Lot Information</item>
					<item>
						<item>Distance To Water Comments: other</item>
						<item>Elevation Units: Feet</item>
						<item>Lot Size Source: Assessor's Data</item>
						<item>Lot Features: 0-1 Unit/Acre</item>
					</item>
				</item>
				<item>
					<item>Property Information</item>
					<item>
						<item>Parcel Number: 5223005043</item>
						<item>Has View</item>
					</item>
				</item>
			</item>
		</item>
	</property_details>
	<public_facts>
		<Beds>—</Beds>
		<Baths>—</Baths>
		<Finished_Sq._Ft.>—</Finished_Sq._Ft.>
		<Unfinished_Sq._Ft.>—</Unfinished_Sq._Ft.>
		<Total_Sq._Ft.>—</Total_Sq._Ft.>
		<Stories>—</Stories>
		<Lot_Size>—</Lot_Size>
		<Style>Vacant Land</Style>
		<Year_Built>—</Year_Built>
		<Year_Renovated>—</Year_Renovated>
		<County>Los Angeles County</County>
		<APN>5223005043</APN>
	</public_facts>
</home>
