<?xml version="1.0" ?>
<home>
	<HomeInfo_Address>
		<street-address>98-099 Uao Pl #509 </street-address>
		<locality>Aiea, </locality>
		<region>HI</region>
		<postal-code>96701</postal-code>
	</HomeInfo_Address>
	<main_stats>
		<Price>$350,000</Price>
		<Beds>2</Beds>
		<Bath>1</Bath>
		<key name="$486 / Sq. Ft.">720</key>
	</main_stats>
	<text_base_description>Best of location being across from Pearlridge Shopping Center, restaurants, grocery shopping, access to freeway, and more.  Recent renovation in the kitchen, flooring, paint, and bathroom.  Priced to sell. </text_base_description>
	<listed_by>
		<name>Kwang Tabbal (DR)</name>
		<org> • Kwang Suk Tabbal </org>
	</listed_by>
	<price_insights>
		<List_Price>$350,000</List_Price>
		<Est._Mo._Payment>$1,615</Est._Mo._Payment>
		<Redfin_Estimate>$350,494</Redfin_Estimate>
		<key name="Price/Sq.Ft.">$486</key>
	</price_insights>
	<home_facts>
		<Status>In Escrow Showing</Status>
		<Time_on_Redfin>17 days</Time_on_Redfin>
		<Property_Type>Condo/Townhouse, High-Rise 7+ Stories</Property_Type>
		<HOA_Dues>$578/month</HOA_Dues>
		<Year_Built>1976</Year_Built>
		<Community>Pearlridge</Community>
		<Lot_Size>2.15 Acres</Lot_Size>
		<key name="MLS#">202023311</key>
	</home_facts>
	<property_details>
		<item>
			<item>Interior Features</item>
			<item>
				<item>
					<item>Bathroom Information</item>
					<item>
						<item># of Bathrooms (Full): 1</item>
					</item>
				</item>
				<item>
					<item>Interior Features</item>
					<item>
						<item># of Elevators: 3</item>
						<item>Inclusions: Auto Garage Door Opener, Disposal, Dryer, Intercom, Range/Oven, Refrigerator, Washer</item>
						<item>Furnished: Partial</item>
						<item>Flooring: Ceramic Tile, Laminate</item>
						<item>Exclusions: Other</item>
					</item>
				</item>
				<item>
					<item>Square Footage</item>
					<item>
						<item>Sq. Ft. Lanai (Open): 144</item>
						<item>Sq. Ft. Roofed (Living): 720</item>
					</item>
				</item>
			</item>
		</item>
		<item>
			<item>Parking / Garage, Exterior Features, Multi-Unit Information, Homeowners Association</item>
			<item>
				<item>
					<item>Parking/Garage Information</item>
					<item>
						<item>Parking Features: Assigned, 1 Open Space</item>
						<item># of Parking Spaces (Total): 1</item>
						<item># of Additional Parking Spaces: 18</item>
						<item>Condo Parking Unit: 509</item>
					</item>
				</item>
				<item>
					<item>Exterior Features</item>
					<item>
						<item>Security Features: Key, Security Patrol</item>
					</item>
				</item>
				<item>
					<item>Multi-Unit Information</item>
					<item>
						<item>Unit Features: Single Level, Storage</item>
						<item>Amenities: BBQ, Heated Pool, Recreation Area, Resident Manager, Security Guard, Trash Chute, Wall/Fence, Whirlpool</item>
					</item>
				</item>
				<item>
					<item>Homeowners Association Information</item>
					<item>
						<item>Maintenance Expense: 578.00</item>
						<item>Association Fee Total: $578</item>
						<item>Hot Water, Sewer, Water</item>
						<item>Maintenance</item>
					</item>
				</item>
			</item>
		</item>
		<item>
			<item>Taxes / Assessments, Location Details, Documents &amp; Disclosures</item>
			<item>
				<item>
					<item>Tax Information</item>
					<item>
						<item>Tax Amount: 110.75</item>
						<item>Tax Year: 2020</item>
						<item>Tax Assessed Value Land: 39200.00</item>
						<item>Tax Assessed Value Improvements: $340,500</item>
						<item>Tax Assessed Value: 379700.00</item>
						<item>Tax Exemption Owner Occupancy: 0</item>
					</item>
				</item>
				<item>
					<item>Location Details</item>
					<item>
						<item>Neighbourhood: PEARLRIDGE</item>
						<item>Floor Number: 5</item>
					</item>
				</item>
				<item>
					<item>Documents &amp; Disclosures</item>
					<item>
						<item>Disclosures: Property Disclosure Stmt</item>
					</item>
				</item>
			</item>
		</item>
		<item>
			<item>Property / Lot Details</item>
			<item>
				<item>
					<item>Property Information</item>
					<item>
						<item>Property Type: Condo/Townhouse</item>
						<item>Architectural Style: High-Rise 7+ Stories</item>
						<item>Property Frontage: Other</item>
						<item>Property Condition: Above Average</item>
						<item>Year Remodeled: 2019</item>
						<item>Year Built: 1976</item>
						<item>Construction Materials: Concrete, Double Wall</item>
						<item>View: City, Coastline, Sunset</item>
						<item>Building Name: Lele Pono</item>
						<item>Stories Type: One</item>
					</item>
				</item>
				<item>
					<item>Lot Information</item>
					<item>
						<item>Zoning: 12 - A-2 Medium Density Apartme</item>
						<item>Lot Size Area: 93785.00</item>
						<item>Parcel Number: 1-9-8-039-009-0019</item>
					</item>
				</item>
				<item>
					<item>Land Information</item>
					<item>
						<item>Land Tenure: FS - Fee Simple</item>
						<item>Remodelled: Partial</item>
						<item>Land Recorded: Regular System</item>
						<item>Flood Zone: Zone X</item>
					</item>
				</item>
			</item>
		</item>
	</property_details>
	<public_facts>
		<Beds>—</Beds>
		<Baths>—</Baths>
		<Finished_Sq._Ft.>—</Finished_Sq._Ft.>
		<Unfinished_Sq._Ft.>—</Unfinished_Sq._Ft.>
		<Total_Sq._Ft.>—</Total_Sq._Ft.>
		<Stories>—</Stories>
		<Lot_Size>—</Lot_Size>
		<Style>Condo/Co-op</Style>
		<Year_Built>—</Year_Built>
		<Year_Renovated>—</Year_Renovated>
		<County>Honolulu County</County>
		<APN>1-9-8-039-009-0019</APN>
	</public_facts>
</home>
