<?xml version="1.0" ?>
<home>
	<HomeInfo_Address>
		<street-address>2110 Rancho Mccormick Blvd </street-address>
		<locality>SANTA CLARA, </locality>
		<region>CA</region>
		<postal-code>95050</postal-code>
	</HomeInfo_Address>
	<main_stats>
		<Price>$1,195,000</Price>
		<Beds>3</Beds>
		<Baths>2.5</Baths>
		<key name="$730 / Sq. Ft.">1,636</key>
	</main_stats>
	<text_base_description>WOW!  MUST see! Wonderfully remodeled townhome in the highly sought after Rancho Palma Complex. Current owners created an awesome floor plan with 2 living spaces on the ground floor--a large living room with fireplace  &amp;  built in media center, &amp;  also, a great family room kitchen which opens up to a landscaped courtyard. In addition , there is a a dining room which overlooks a fabulous paved and landscaped backyard that features a gate to open space. Yes, this unit has TWO private outdoor spaces. Remodeled kitchen has a gas stove, ample counters  &amp;  storage  &amp;  high end appliances. Upstairs has 3 large bedrooms; a great master bedroom suite, w/ a beautifully remodeled bathroom w/ a fab walk-in shower  &amp;  a large walk-in closet. Laundry has been smartly moved to the 2nd floor and features a top of the line washer and dryer. The 2 other light  &amp;  bright bedrooms have gorgeous view of the backyard and the open space. TOTAL PRIVACY!  There is also another large  &amp;  updated bathroom. MUST SEE </text_base_description>
	<listed_by>
		<name>Timothy Foy</name>
		<agentLicenseDisplay>•DRE #00849721</agentLicenseDisplay>
		<org>•DRE #00849721</org>
	</listed_by>
	<price_insights>
		<List_Price>$1,195,000</List_Price>
		<Est._Mo._Payment>$5,481</Est._Mo._Payment>
		<Redfin_Estimate>$1,195,295</Redfin_Estimate>
		<key name="Price/Sq.Ft.">$730</key>
	</price_insights>
	<home_facts>
		<Status>Active</Status>
		<Time_on_Redfin>12 days</Time_on_Redfin>
		<Property_Type>Townhouse</Property_Type>
		<HOA_Dues>$436</HOA_Dues>
		<Year_Built>1981</Year_Built>
		<Community>SANTA CLARA</Community>
		<Lot_Size>856 Sq. Ft.</Lot_Size>
		<key name="MLS#">ML81810849</key>
	</home_facts>
	<property_details>
		<item>
			<item>Virtual Tour, Parking / Garage, Multi-Unit Information, Homeowners Association</item>
			<item>
				<item>
					<item>Virtual Tour</item>
					<item>
						<item>Branded Virtual Tour (External Link)</item>
						<item>Unbranded Virtual Tour (External Link)</item>
					</item>
				</item>
				<item>
					<item>Parking Information</item>
					<item>
						<item>Garage (Minimum): 2</item>
						<item>Garage (Maximum): 2</item>
						<item>Parking Description: Detached, Gate/Door Opener, Lighted Parking Area, Parking Area, Unassigned Spaces</item>
						<item>Garage Spaces: 2</item>
					</item>
				</item>
				<item>
					<item>Multi-Unit Information</item>
					<item>
						<item># of Stories: 2</item>
					</item>
				</item>
				<item>
					<item>HOA Information</item>
					<item>
						<item>Has HOA</item>
						<item>Fees Include: Exterior Painting, Fencing, Insurance, Landscaping/Gardening, Maintenance (Exterior), Maintenance (Road), Pools, Spa, or Tennis, Reserves</item>
						<item>HOA Amenities: Community Pool, Sauna/ Spa/ Hot Tub</item>
						<item>HOA Documents: Articles of Incorporation, Budget, Bylaws, CC&amp;RS, Financial Statement, Minutes, Reserve Study, Rules &amp; Regulations</item>
						<item>HOA Fee: $436</item>
						<item>HOA Fee Frequency: Monthly</item>
						<item>HOA Name: Rancho Palma</item>
					</item>
				</item>
			</item>
		</item>
		<item>
			<item>Interior Features</item>
			<item>
				<item>
					<item>Bedroom Information</item>
					<item>
						<item># of Bedrooms (Minimum): 3</item>
						<item># of Bedrooms (Maximum): 3</item>
						<item>Bedrooms: Master Suite/Retreat, Walk-In Closet</item>
					</item>
				</item>
				<item>
					<item>Bathroom Information</item>
					<item>
						<item># of Baths (Full): 2</item>
						<item># of Baths (1/2): 1</item>
						<item>Bathroom Description: Double Sinks, Master (Stall Shower(s)), Updated Bath(s)</item>
					</item>
				</item>
				<item>
					<item>Room Information</item>
					<item>
						<item>Family Room Description: Kitchen/Family Room Combo</item>
						<item>Dining Room Description: Dining Area</item>
						<item>Kitchen Description: Cooktop (Gas), Dishwasher, Microwave, Oven Range (Built-In, Gas), Refrigerator(s)</item>
					</item>
				</item>
				<item>
					<item>Interior Features</item>
					<item>
						<item>Laundry: Upper Floor, Washer/Dryer</item>
						<item>Flooring: Hardwood</item>
					</item>
				</item>
				<item>
					<item>Fireplace Information</item>
					<item>
						<item>Has Fireplace</item>
						<item>Fireplace Description: Other (See Remarks)</item>
						<item>Fireplaces (Minimum): 1</item>
					</item>
				</item>
				<item>
					<item>Heating &amp; Cooling Information</item>
					<item>
						<item>Cooling: Central Forced Air</item>
						<item>Heating: Central Forced Air, Central Forced Air (Gas)</item>
					</item>
				</item>
			</item>
		</item>
		<item>
			<item>Exterior Features</item>
			<item>
				<item>
					<item>Exterior Features</item>
					<item>
						<item>Roof: Composition, Shingle</item>
					</item>
				</item>
				<item>
					<item>Building Information</item>
					<item>
						<item>Concrete Perimeter</item>
					</item>
				</item>
				<item>
					<item>Pool Information</item>
					<item>
						<item>Has Pool</item>
						<item>Pool Description: Community Facility, Fenced, Spa - Fenced</item>
					</item>
				</item>
			</item>
		</item>
		<item>
			<item>School / Neighborhood, Taxes / Assessments, Misc. Information</item>
			<item>
				<item>
					<item>School Information</item>
					<item>
						<item>Elementary School District: Santa Clara Unified</item>
						<item>High School District: Santa Clara Unified</item>
					</item>
				</item>
				<item>
					<item>Tax/Assessment Information</item>
					<item>
						<item>City Transfer Tax: Yes</item>
					</item>
				</item>
				<item>
					<item>Miscellaneous Information</item>
					<item>
						<item>Incorporated: No</item>
					</item>
				</item>
			</item>
		</item>
		<item>
			<item>Utilities</item>
			<item>
				<item>
					<item>Utility Information</item>
					<item>
						<item>Sewer Septic: Sewer (Public)</item>
						<item>Utilities: Public Utilities</item>
					</item>
				</item>
				<item>
					<item>Water Information</item>
					<item>
						<item>Water: Water On Site</item>
					</item>
				</item>
			</item>
		</item>
		<item>
			<item>Property / Lot Details</item>
			<item>
				<item>
					<item>Property Features</item>
					<item>
						<item>Amenities: Walk-In Closet</item>
						<item>Living Sq. Ft.: 1,636</item>
					</item>
				</item>
				<item>
					<item>Property Information</item>
					<item>
						<item>Ownership Type: Condominium Ownership</item>
						<item>Property Master ID: 647432</item>
						<item>Restrictions: Other (See Remarks)</item>
					</item>
				</item>
				<item>
					<item>Lot Information</item>
					<item>
						<item>Lot Acres: 0.0197</item>
						<item>Lot Size Area Minimum Units: Sq. Ft.</item>
						<item>Lot Size Area Maximum Units: Sq. Ft.</item>
						<item>Lot Size Source: Assessor</item>
						<item>Zoning: PD</item>
					</item>
				</item>
			</item>
		</item>
	</property_details>
	<public_facts>
		<Beds>3</Beds>
		<Baths>3</Baths>
		<Finished_Sq._Ft.>1,636</Finished_Sq._Ft.>
		<Unfinished_Sq._Ft.>—</Unfinished_Sq._Ft.>
		<Total_Sq._Ft.>1,636</Total_Sq._Ft.>
		<Stories>2</Stories>
		<Lot_Size>—</Lot_Size>
		<Style>Condo/Co-op</Style>
		<Year_Built>1981</Year_Built>
		<Year_Renovated>1982</Year_Renovated>
		<County>Santa Clara County</County>
		<APN>22455007</APN>
	</public_facts>
</home>
