<?xml version="1.0" ?>
<home>
	<HomeInfo_Address>
		<street-address>1153 N Formosa Ave #103 </street-address>
		<locality>West Hollywood, </locality>
		<region>CA</region>
		<postal-code>90046</postal-code>
	</HomeInfo_Address>
	<main_stats>
		<Price>$1,395,000</Price>
		<Beds>3</Beds>
		<Baths>3</Baths>
		<key name="$738 / Sq. Ft.">1,890</key>
	</main_stats>
	<text_base_description>Ideally located in West Hollywood, this spacious, Architectural Townhouse blends contemporary elegance with warm and welcoming details. Hardwood floors compliment rich granite countertops and gorgeous cabinetry. The gourmet kitchen overlooks the main living space, accentuated by a fireplace, balcony, and beautiful natural lighting. Tumbled stonework outfits the bathrooms, while the master bath features dual sinks. Outside, revel in lush, grassy landscapes, or visit the oversized private rooftop deck with 360-degree views of Los Angeles, Hollywood  &amp;  the Hills! Further amenities include a gated entry with controlled access, fitness room, storage, and parking. Situated along a charming tree-lined street, this custom townhome allows easy access to studios, cafes, restaurants, shopping, and hiking trails.  </text_base_description>
	<listed_by>
		<name>Scott Howard</name>
		<agentLicenseDisplay>•DRE #01123316</agentLicenseDisplay>
		<org>•DRE #01123316</org>
	</listed_by>
	<price_insights>
		<List_Price>$1,395,000</List_Price>
		<Est._Mo._Payment>$6,463</Est._Mo._Payment>
		<Redfin_Estimate>$1,390,091</Redfin_Estimate>
		<key name="Price/Sq.Ft.">$738</key>
	</price_insights>
	<home_facts>
		<Status>Active</Status>
		<Time_on_Redfin>22 hours</Time_on_Redfin>
		<Property_Type>Townhouse, Residential Condo/Co-Op</Property_Type>
		<HOA_Dues>$375/month</HOA_Dues>
		<Year_Built>2005</Year_Built>
		<Style>Contemporary</Style>
		<Community>West Hollywood Vicinity</Community>
		<Lot_Size>6,815 Sq. Ft.</Lot_Size>
		<key name="MLS#">20-631814</key>
	</home_facts>
	<property_details>
		<item>
			<item>Interior Features</item>
			<item>
				<item>
					<item>Bathroom Information</item>
					<item>
						<item># of Baths (Full): 3</item>
					</item>
				</item>
				<item>
					<item>Laundry Information</item>
					<item>
						<item>Laundry Area</item>
					</item>
				</item>
				<item>
					<item>Additional Rooms</item>
					<item>
						<item>Family Room</item>
						<item>Den</item>
						<item>Family Room, Breakfast Bar, Den/Office, Dressing Area, Formal Entry Room, Gym, Living Room, Master Bedroom, Home Theatre, Patio Open, Walk-In Closet</item>
					</item>
				</item>
				<item>
					<item>Fireplace Information</item>
					<item>
						<item>In Living Room</item>
					</item>
				</item>
				<item>
					<item>Flooring Information</item>
					<item>
						<item>Hardwood Floors, Marble Floors</item>
					</item>
				</item>
				<item>
					<item>Equipment</item>
					<item>
						<item>Dishwasher, Dryer, Ceiling Fan, Freezer, Hood Fan, Microwave, Range/Oven, Recirculated Exhaust Fan, Refrigerator, Washer</item>
					</item>
				</item>
				<item>
					<item>Heating &amp; Cooling</item>
					<item>
						<item>Central Cooling</item>
						<item>Central Heat</item>
					</item>
				</item>
			</item>
		</item>
		<item>
			<item>Parking / Garage</item>
			<item>
				<item>
					<item>Garage</item>
					<item>
						<item>Garage, Gated</item>
					</item>
				</item>
				<item>
					<item>Parking</item>
					<item>
						<item># of Covered Parking Spaces: 2</item>
					</item>
				</item>
			</item>
		</item>
		<item>
			<item>Exterior Features, Homeowners Association, School / Neighborhood, Taxes / Assessments</item>
			<item>
				<item>
					<item>Building Information</item>
					<item>
						<item>Townhouse, Attached</item>
						<item>Attached</item>
						<item>Entry Floor Number: 2</item>
						<item>Security Features: Automatic Gate</item>
					</item>
				</item>
				<item>
					<item>HOA Information</item>
					<item>
						<item>Amenities: Exercise Room, Association Maintains Landscape</item>
						<item>Fee #1: $375</item>
						<item>Fee #1 Frequency: Monthly</item>
						<item>AssociationPetRules: Yes</item>
					</item>
				</item>
				<item>
					<item>Community Information</item>
					<item>
						<item># of Units in Complex (Total): 4</item>
					</item>
				</item>
				<item>
					<item>Assessment Information</item>
					<item>
						<item>Assessor Parcel Number: 5531-007-063</item>
					</item>
				</item>
			</item>
		</item>
		<item>
			<item>Property / Lot Details</item>
			<item>
				<item>
					<item>Property Information</item>
					<item>
						<item>Property Type: Residential Condo/Co-Op</item>
					</item>
				</item>
				<item>
					<item>Lot Information</item>
					<item>
						<item>Lot Size (Sq. Ft.): 6,815</item>
						<item>Lot Size (Acres): 0.1565</item>
						<item>Zoning: WDR3B*</item>
						<item>Special Zoning: None</item>
					</item>
				</item>
				<item>
					<item>Property Features</item>
					<item>
						<item>Has View</item>
						<item>View: City Lights</item>
					</item>
				</item>
			</item>
		</item>
		<item>
			<item>Location Details, Documents &amp; Disclosures</item>
			<item>
				<item>
					<item>Location Information</item>
					<item>
						<item>Unit Floor In Building: 2</item>
						<item>Complex Name: North Formosa</item>
						<item>Directions: North of Formosa Cafe :)</item>
					</item>
				</item>
				<item>
					<item>Documents &amp; Disclosures</item>
					<item>
						<item>Disclosures: None</item>
					</item>
				</item>
			</item>
		</item>
	</property_details>
	<public_facts>
		<Beds>—</Beds>
		<Baths>—</Baths>
		<Finished_Sq._Ft.>—</Finished_Sq._Ft.>
		<Unfinished_Sq._Ft.>—</Unfinished_Sq._Ft.>
		<Total_Sq._Ft.>—</Total_Sq._Ft.>
		<Stories>—</Stories>
		<Lot_Size>—</Lot_Size>
		<Style>Townhouse</Style>
		<Year_Built>—</Year_Built>
		<Year_Renovated>—</Year_Renovated>
		<County>Los Angeles County</County>
		<APN>5531-007-030</APN>
	</public_facts>
</home>
