<?xml version="1.0" ?>
<home>
	<HomeInfo_Address>
		<street-address>875 Madison St </street-address>
		<locality>SANTA CLARA, </locality>
		<region>CA</region>
		<postal-code>95050</postal-code>
	</HomeInfo_Address>
	<main_stats>
		<Price>$1,695,000</Price>
		<Beds>5</Beds>
		<Baths>4</Baths>
		<key name="$655 / Sq. Ft.">2,586</key>
	</main_stats>
	<text_base_description>Fantastic income property opportunity!  Compound like with 4 units on property. Main house is a beautifully recently remodeled 2 bedroom 1 Bath plus a finished basement (with egress) with a closet as well, could be 3rd bedroom. Duplex on the property as well with 2 one bedroom 1 bath units. 2 car detached garage behind duplex with shared laundry for those 2 units. Converted garage behind the main house with a full bathroom, bar, poker table. .. permits unknown. Buyer to investigate.  </text_base_description>
	<listed_by>
		<name>Perry Team</name>
		<agentLicenseDisplay>•DRE #70000661</agentLicenseDisplay>
		<org>•DRE #70000661</org>
	</listed_by>
	<price_insights>
		<List_Price>$1,695,000</List_Price>
		<Est._Mo._Payment>$7,775</Est._Mo._Payment>
		<Redfin_Estimate>$1,697,340</Redfin_Estimate>
		<key name="Price/Sq.Ft.">$655</key>
	</price_insights>
	<home_facts>
		<Status>Active</Status>
		<Time_on_Redfin>3 days</Time_on_Redfin>
		<Property_Type>Single Family Home</Property_Type>
		<Year_Built>1951</Year_Built>
		<Community>SANTA CLARA</Community>
		<Lot_Size>10,491 Sq. Ft.</Lot_Size>
		<key name="MLS#">ML81812562</key>
	</home_facts>
	<property_details>
		<item>
			<item>Virtual Tour, Parking / Garage, Multi-Unit Information, School / Neighborhood</item>
			<item>
				<item>
					<item>Virtual Tour</item>
					<item>
						<item>Branded Virtual Tour (External Link)</item>
						<item>Unbranded Virtual Tour (External Link)</item>
					</item>
				</item>
				<item>
					<item>Parking Information</item>
					<item>
						<item>Garage (Minimum): 2</item>
						<item>Garage (Maximum): 2</item>
						<item>Parking Description: Detached, On Street</item>
						<item>Garage Spaces: 2</item>
					</item>
				</item>
				<item>
					<item>Multi-Unit Information</item>
					<item>
						<item># of Stories: 1</item>
					</item>
				</item>
				<item>
					<item>School Information</item>
					<item>
						<item>Elementary School District: Santa Clara Unified</item>
						<item>High School District: Santa Clara Unified</item>
					</item>
				</item>
			</item>
		</item>
		<item>
			<item>Interior Features</item>
			<item>
				<item>
					<item>Bedroom Information</item>
					<item>
						<item># of Bedrooms (Minimum): 5</item>
						<item># of Bedrooms (Maximum): 5</item>
					</item>
				</item>
				<item>
					<item>Bathroom Information</item>
					<item>
						<item># of Baths (Full): 4</item>
					</item>
				</item>
				<item>
					<item>Room Information</item>
					<item>
						<item>Family Room Description: Separate Family Room</item>
						<item>Dining Room Description: Formal Dining Room</item>
						<item>Other</item>
					</item>
				</item>
				<item>
					<item>Interior Features</item>
					<item>
						<item>Laundry: In Garage, Inside</item>
					</item>
				</item>
				<item>
					<item>Heating &amp; Cooling Information</item>
					<item>
						<item>Cooling: Window/Wall Unit</item>
						<item>Heating: Central Forced Air (Gas), Floor Furnace</item>
					</item>
				</item>
			</item>
		</item>
		<item>
			<item>Exterior Features</item>
			<item>
				<item>
					<item>Exterior Features</item>
					<item>
						<item>Fencing: Wood</item>
						<item>Roof: Composition</item>
					</item>
				</item>
				<item>
					<item>Building Information</item>
					<item>
						<item>Building Type: Detached</item>
						<item>Concrete Perimeter, Concrete Perimeter and Slab</item>
					</item>
				</item>
			</item>
		</item>
		<item>
			<item>Utilities</item>
			<item>
				<item>
					<item>Utility Information</item>
					<item>
						<item>Sewer Septic: Sewer in Street</item>
						<item>Utilities: Public Utilities</item>
					</item>
				</item>
				<item>
					<item>Water Information</item>
					<item>
						<item>Water: Public</item>
					</item>
				</item>
			</item>
		</item>
		<item>
			<item>Taxes / Assessments</item>
			<item>
				<item>
					<item>Tax/Assessment Information</item>
					<item>
						<item>City Transfer Tax: No</item>
					</item>
				</item>
			</item>
		</item>
		<item>
			<item>Property / Lot Details</item>
			<item>
				<item>
					<item>Property Features</item>
					<item>
						<item>Living Sq. Ft.: 2,586</item>
					</item>
				</item>
				<item>
					<item>Property Information</item>
					<item>
						<item>Property Master ID: 647054</item>
					</item>
				</item>
				<item>
					<item>Lot Information</item>
					<item>
						<item>Lot Acres: 0.2408</item>
						<item>Lot Size Area Minimum Units: Sq. Ft.</item>
						<item>Lot Size Area Maximum Units: Sq. Ft.</item>
						<item>Lot Size Source: Assessor</item>
						<item>Zoning: R1</item>
					</item>
				</item>
			</item>
		</item>
	</property_details>
	<public_facts>
		<Beds>—</Beds>
		<Baths>—</Baths>
		<Finished_Sq._Ft.>2,468</Finished_Sq._Ft.>
		<Unfinished_Sq._Ft.>—</Unfinished_Sq._Ft.>
		<Total_Sq._Ft.>2,468</Total_Sq._Ft.>
		<Stories>1</Stories>
		<Lot_Size>10,491 Sq. Ft.</Lot_Size>
		<Style>Multi-Family (2-4 Unit)</Style>
		<Year_Built>1951</Year_Built>
		<Year_Renovated>1951</Year_Renovated>
		<County>Santa Clara County</County>
		<APN>26926078</APN>
	</public_facts>
</home>
