<?xml version="1.0" ?>
<home>
	<HomeInfo_Address>
		<street-address>2250 Monroe St #296 </street-address>
		<locality>SANTA CLARA, </locality>
		<region>CA</region>
		<postal-code>95050</postal-code>
	</HomeInfo_Address>
	<main_stats>
		<Price>$728,000</Price>
		<Beds>2</Beds>
		<Baths>2</Baths>
		<key name="$797 / Sq. Ft.">913</key>
	</main_stats>
	<text_base_description>TFT'd No fault of property. Coronado Villas Complex, in heart of Silicon Valley, end unit 2nd level, updated kitchen with granite countertop, maple cabinets, stainless steel appliances, tile floors, laundry area with stacked washer/dryer included. All-new carpet, updated bathrooms, 2 bedrooms including Master bedroom with adjoining bath, ample closet space, &amp;  full guest bathroom next to 2nd bedroom. Complex includes heated pool, 2 spas, fitness center, BBQ area, playground, &amp;  car wash area. 1 reserved covered carport parking space. Close to HWY 101, 880, 680, Central Expway, San Tomas Expway, Shopping centers, Downtown SJ, SC University, Levi Stadium, SAP Center, SJ Airport. Also, easy commute to high-tech companies. For health  &amp;  safety, please take precautions when touring the home and follow all CDC and Social Distancing Guidelines. Showings limited to 2 people with the agent only. Thanks. Tour: https://www. dropbox.com/s/4hdpn2qqex71ngs/Video%20Apr%20172C%203%2013%2046%20PM. mp4?dl=0 </text_base_description>
	<listed_by>
		<name>Lucy Kasparian</name>
		<agentLicenseDisplay>•DRE #00993578</agentLicenseDisplay>
		<org>•DRE #00993578</org>
	</listed_by>
	<price_insights>
		<List_Price>$728,000</List_Price>
		<Est._Mo._Payment>$3,340</Est._Mo._Payment>
		<Redfin_Estimate>$720,658</Redfin_Estimate>
		<key name="Price/Sq.Ft.">$797</key>
	</price_insights>
	<home_facts>
		<Status>Active</Status>
		<Time_on_Redfin>221 days</Time_on_Redfin>
		<Property_Type>Condominium</Property_Type>
		<HOA_Dues>$453</HOA_Dues>
		<Year_Built>1987</Year_Built>
		<Community>SANTA CLARA</Community>
		<Lot_Size>780 Sq. Ft.</Lot_Size>
		<key name="MLS#">ML81783134</key>
	</home_facts>
	<property_details>
		<item>
			<item>Virtual Tour, Parking / Garage, Homeowners Association, School / Neighborhood</item>
			<item>
				<item>
					<item>Virtual Tour</item>
					<item>
						<item>Branded Virtual Tour (External Link)</item>
						<item>Branded Additional Virtual Tour (External Link)</item>
						<item>Unbranded Virtual Tour (External Link)</item>
						<item>Unbranded Additional Virtual Tour (External Link)</item>
					</item>
				</item>
				<item>
					<item>Parking Information</item>
					<item>
						<item>Carport (Minimum): 1</item>
						<item>Parking Description: Assigned Spaces, Carport, Gate/Door Opener</item>
						<item>Parking Spaces: 1</item>
					</item>
				</item>
				<item>
					<item>HOA Information</item>
					<item>
						<item>Has HOA</item>
						<item>Fees Include: Common Area Electricity, Common Area Gas, Decks, Exterior Painting, Fencing, Garbage, Hot Water, Insurance, Insurance (Common Area), Insurance (Liability), Landscaping/Gardening, Maintenance (Common Area), Maintenance (Exterior), Maintenance (Road), Management Fee, Pools, Spa, or Tennis, Reserves, Roof, Sewer, Water, Water/Sewer</item>
						<item>HOA Documents: Articles of Incorporation, Budget, Bylaws, CC&amp;RS, Financial Statement, Minutes, Reserve Study, Rules &amp; Regulations</item>
						<item>HOA Fee: $453</item>
						<item>HOA Fee Frequency: Monthly</item>
						<item>HOA Name: Coronado Villas</item>
					</item>
				</item>
				<item>
					<item>School Information</item>
					<item>
						<item>Elementary School District: Santa Clara Unified</item>
						<item>High School District: Santa Clara Unified</item>
					</item>
				</item>
			</item>
		</item>
		<item>
			<item>Interior Features</item>
			<item>
				<item>
					<item>Bedroom Information</item>
					<item>
						<item># of Bedrooms (Minimum): 2</item>
						<item># of Bedrooms (Maximum): 2</item>
						<item>Bedrooms: Master Suite/Retreat</item>
					</item>
				</item>
				<item>
					<item>Bathroom Information</item>
					<item>
						<item># of Baths (Full): 2</item>
						<item>Bathroom Description: 2+ Showers Over Tubs</item>
					</item>
				</item>
				<item>
					<item>Room Information</item>
					<item>
						<item>Dining Room Description: Dining Area</item>
					</item>
				</item>
				<item>
					<item>Interior Features</item>
					<item>
						<item>Laundry: Washer/Dryer</item>
						<item>Flooring: Carpet</item>
					</item>
				</item>
				<item>
					<item>Heating &amp; Cooling Information</item>
					<item>
						<item>Cooling: Ceiling Fan, Window/Wall Unit</item>
						<item>Heating: Baseboard, Electric</item>
					</item>
				</item>
			</item>
		</item>
		<item>
			<item>Exterior Features</item>
			<item>
				<item>
					<item>Exterior Features</item>
					<item>
						<item>Roof: Tile</item>
						<item>Yard/Grounds: Balcony/Patio</item>
					</item>
				</item>
				<item>
					<item>Building Information</item>
					<item>
						<item>Concrete Slab</item>
						<item>Building Height (Minimum): 3</item>
						<item>Building Height (Maximum): 3</item>
					</item>
				</item>
			</item>
		</item>
		<item>
			<item>Multi-Unit Information</item>
			<item>
				<item>
					<item>Unit Information</item>
					<item>
						<item>Minimum Floor Number: 2</item>
					</item>
				</item>
				<item>
					<item>Multi-Unit Information</item>
					<item>
						<item># of Stories: 1</item>
					</item>
				</item>
			</item>
		</item>
		<item>
			<item>Utilities</item>
			<item>
				<item>
					<item>Utility Information</item>
					<item>
						<item>Sewer Septic: Sewer (Public)</item>
						<item>Utilities: Public Utilities</item>
					</item>
				</item>
				<item>
					<item>Water Information</item>
					<item>
						<item>Water: Public</item>
					</item>
				</item>
			</item>
		</item>
		<item>
			<item>Property / Lot Details</item>
			<item>
				<item>
					<item>Property Features</item>
					<item>
						<item>Living Sq. Ft.: 913</item>
						<item>Security Features: Secured Garage/Parking</item>
					</item>
				</item>
				<item>
					<item>Property Information</item>
					<item>
						<item>Ownership Type: Individual</item>
						<item>Property Master ID: 162733</item>
					</item>
				</item>
				<item>
					<item>Lot Information</item>
					<item>
						<item>Lot Acres: 0.0179</item>
						<item>Lot Size Area Minimum Units: Sq. Ft.</item>
						<item>Lot Size Area Maximum Units: Sq. Ft.</item>
						<item>Lot Size Source: Other (See Remarks)</item>
						<item>Zoning: Condominium</item>
					</item>
				</item>
			</item>
		</item>
	</property_details>
	<public_facts>
		<Beds>2</Beds>
		<Baths>2</Baths>
		<Finished_Sq._Ft.>913</Finished_Sq._Ft.>
		<Unfinished_Sq._Ft.>—</Unfinished_Sq._Ft.>
		<Total_Sq._Ft.>913</Total_Sq._Ft.>
		<Stories>1</Stories>
		<Lot_Size>—</Lot_Size>
		<Style>Condo/Co-op</Style>
		<Year_Built>1987</Year_Built>
		<Year_Renovated>1987</Year_Renovated>
		<County>Santa Clara County</County>
		<APN>22473241</APN>
	</public_facts>
</home>
