<?xml version="1.0" ?>
<home>
	<HomeInfo_Address>
		<street-address>1631 Cabrillo Ave </street-address>
		<locality>SANTA CLARA, </locality>
		<region>CA</region>
		<postal-code>95050</postal-code>
	</HomeInfo_Address>
	<main_stats>
		<Price>$999,000</Price>
		<Beds>3</Beds>
		<Bath>1</Bath>
		<key name="$1014 / Sq. Ft.">985</key>
	</main_stats>
	<text_base_description>Virtual Tour https://my. matterport.com/show/ ?m=FBahmGuiBr3 NEW PRICE! LOCATION, LOCATION! This beautifully updated home is situated on a quiet street. The entire home has been updated with custom finishes. Features include newer kitchen appliances, fresh interior paint, laminate flooring, bathrooms and PLUS many more. Central located, with easy access to major commute routes, El Camino Real, Santa Clara University, Santana Row, Valley Fair, Apple, Nvidia, Levi Stadium, and more.  </text_base_description>
	<listed_by>
		<name>Thu Le</name>
		<agentLicenseDisplay>•DRE #02058516</agentLicenseDisplay>
		<org>•DRE #02058516</org>
	</listed_by>
	<price_insights>
		<List_Price>$999,000</List_Price>
		<Est._Mo._Payment>$4,582</Est._Mo._Payment>
		<key name="Price/Sq.Ft.">$1,014</key>
	</price_insights>
	<home_facts>
		<Status>Active</Status>
		<Time_on_Redfin>29 days</Time_on_Redfin>
		<Property_Type>Single Family Home</Property_Type>
		<Year_Built>1954</Year_Built>
		<Community>SANTA CLARA</Community>
		<Lot_Size>5,101 Sq. Ft.</Lot_Size>
		<key name="MLS#">ML81806909</key>
	</home_facts>
	<property_details>
		<item>
			<item>Virtual Tour, Parking / Garage, School / Neighborhood</item>
			<item>
				<item>
					<item>Virtual Tour</item>
					<item>
						<item>Branded 3D Tour (External Link)</item>
						<item>Branded Virtual Tour (External Link)</item>
						<item>Unbranded Virtual Tour (External Link)</item>
					</item>
				</item>
				<item>
					<item>Parking Information</item>
					<item>
						<item>Garage (Minimum): 1</item>
						<item>Garage (Maximum): 1</item>
						<item>Parking Description: Attached Garage, Off-Street Parking</item>
						<item>Garage Spaces: 1</item>
					</item>
				</item>
				<item>
					<item>School Information</item>
					<item>
						<item>Elementary School: Scott Lane Elementary</item>
						<item>Elementary School District: Santa Clara Unified</item>
						<item>Middle School: Buchser Middle</item>
						<item>High School: Santa Clara High</item>
						<item>High School District: Santa Clara Unified</item>
					</item>
				</item>
			</item>
		</item>
		<item>
			<item>Interior Features</item>
			<item>
				<item>
					<item>Bedroom Information</item>
					<item>
						<item># of Bedrooms (Minimum): 3</item>
						<item># of Bedrooms (Maximum): 3</item>
						<item>Bedrooms: Ground Floor Bedroom</item>
					</item>
				</item>
				<item>
					<item>Bathroom Information</item>
					<item>
						<item># of Baths (Full): 1</item>
						<item>Bathroom Description: Updated Bath(s)</item>
					</item>
				</item>
				<item>
					<item>Room Information</item>
					<item>
						<item>Dining Room Description: Eat in Kitchen</item>
						<item>Kitchen Description: Countertop - Quartz</item>
					</item>
				</item>
				<item>
					<item>Interior Features</item>
					<item>
						<item>Laundry: Hookup (Gas Dryer)</item>
						<item>Flooring: Laminate</item>
					</item>
				</item>
				<item>
					<item>Heating &amp; Cooling Information</item>
					<item>
						<item>Heating: Wall Furnace</item>
					</item>
				</item>
			</item>
		</item>
		<item>
			<item>Exterior Features</item>
			<item>
				<item>
					<item>Exterior Features</item>
					<item>
						<item>Roof: Foam</item>
					</item>
				</item>
				<item>
					<item>Building Information</item>
					<item>
						<item>Building Type: Detached</item>
						<item>Concrete Slab</item>
					</item>
				</item>
			</item>
		</item>
		<item>
			<item>Utilities</item>
			<item>
				<item>
					<item>Utility Information</item>
					<item>
						<item>Sewer Septic: Sewer Connected</item>
						<item>Utilities: Public Utilities</item>
					</item>
				</item>
				<item>
					<item>Water Information</item>
					<item>
						<item>Water: Public</item>
					</item>
				</item>
			</item>
		</item>
		<item>
			<item>Property / Lot Details</item>
			<item>
				<item>
					<item>Property Features</item>
					<item>
						<item>Living Sq. Ft.: 985</item>
					</item>
				</item>
				<item>
					<item>Property Information</item>
					<item>
						<item>Property Master ID: 637216</item>
					</item>
				</item>
				<item>
					<item>Lot Information</item>
					<item>
						<item>Lot Acres: 0.1171</item>
						<item>Lot Size Area Minimum Units: Sq. Ft.</item>
						<item>Lot Size Area Maximum Units: Sq. Ft.</item>
						<item>Lot Size Source: Other (See Remarks)</item>
						<item>Zoning: R16L</item>
					</item>
				</item>
			</item>
		</item>
	</property_details>
	<public_facts>
		<Beds>3</Beds>
		<Baths>1</Baths>
		<Finished_Sq._Ft.>985</Finished_Sq._Ft.>
		<Unfinished_Sq._Ft.>—</Unfinished_Sq._Ft.>
		<Total_Sq._Ft.>985</Total_Sq._Ft.>
		<Stories>1</Stories>
		<Lot_Size>5,101 Sq. Ft.</Lot_Size>
		<Style>Single Family Residential</Style>
		<Year_Built>1954</Year_Built>
		<Year_Renovated>1954</Year_Renovated>
		<County>Santa Clara County</County>
		<APN>22421012</APN>
	</public_facts>
</home>
