<?xml version="1.0" ?>
<home>
	<HomeInfo_Address>
		<street-address>1997 Barnett Way </street-address>
		<locality>Los Angeles, </locality>
		<region>CA</region>
		<postal-code>90032</postal-code>
	</HomeInfo_Address>
	<main_stats>
		<Price>$1,063,999</Price>
		<Beds>3</Beds>
		<Baths>2.5</Baths>
		<key name="$445 / Sq. Ft.">2,389</key>
	</main_stats>
	<text_base_description>Beautiful newer construction tri-level 3 bedroom, 2.5 bathroom home in the University Hills neighborhood of El Sereno. Large lot perfect for adding an ADU or a spectacular garden/play area. The contemporary design dedicates an entire floor to a large great room combining living room, dining room and kitchen. Perfect for indoor/outdoor lifestyle this home features a huge elevated front deck with barbecue and city views and a private back patio, both great for entertaining. Large windows provide an abundance of natural light. Top of the line, Italian designer tile flooring, contemporary bath fixtures and finishes, privacy and security plus energy efficient construction all add to the value. Additional features include drought tolerant landscaping and a spacious two-car garage. Ground up construction - new electrical, plumbing, HVAC, roof, windows, etc. Enjoy the breezes in this quiet neighborhood with easy access to DTLA, the 10 and 110 freeways, Pasadena, Cal State LA and much more.  </text_base_description>
	<listed_by>
		<name>Janin Paine</name>
		<agentLicenseDisplay>•DRE #00926341</agentLicenseDisplay>
		<org>•DRE #00926341</org>
	</listed_by>
	<price_insights>
		<List_Price>$1,063,999</List_Price>
		<Est._Mo._Payment>$4,943</Est._Mo._Payment>
		<Redfin_Estimate>$1,025,012</Redfin_Estimate>
		<key name="Price/Sq.Ft.">$445</key>
	</price_insights>
	<home_facts>
		<Status>Active</Status>
		<Time_on_Redfin>94 days</Time_on_Redfin>
		<Property_Type>Residential Single-Family</Property_Type>
		<Year_Built>2018</Year_Built>
		<Style>Contemporary</Style>
		<Community>El Sereno</Community>
		<Lot_Size>6,658 Sq. Ft.</Lot_Size>
		<key name="MLS#">20-593562</key>
	</home_facts>
	<property_details>
		<item>
			<item>Virtual Tour, Utilities, Taxes / Assessments, Location Details</item>
			<item>
				<item>
					<item>Virtual Tour</item>
					<item>
						<item>Virtual Tour (External Link)</item>
					</item>
				</item>
				<item>
					<item>Utility Information</item>
					<item>
						<item>Sewer: In Connected and Paid</item>
						<item>Water: Water District</item>
					</item>
				</item>
				<item>
					<item>Assessment Information</item>
					<item>
						<item>Assessor Parcel Number: UNAVAILABLE</item>
					</item>
				</item>
				<item>
					<item>Location Information</item>
					<item>
						<item>Directions: Eastern Ave to Lansdowne Ave, to Barnett Way</item>
						<item>Cross Streets: Barnett Way &amp; Lansdowne Ave</item>
					</item>
				</item>
			</item>
		</item>
		<item>
			<item>Interior Features</item>
			<item>
				<item>
					<item>Bathroom Information</item>
					<item>
						<item># of Baths (Full): 2</item>
						<item># of Baths (1/2): 1</item>
					</item>
				</item>
				<item>
					<item>Kitchen Information</item>
					<item>
						<item>Oven-Gas</item>
						<item>Granite Counters, Gourmet Kitchen</item>
					</item>
				</item>
				<item>
					<item>Laundry Information</item>
					<item>
						<item>Laundry Area</item>
					</item>
				</item>
				<item>
					<item>Additional Rooms</item>
					<item>
						<item>Dining Area</item>
						<item>Dining Area, Pantry, Master Bedroom, Living Room, Patio Open, Walk-In Closet, Walk-In Pantry, Breakfast Area</item>
					</item>
				</item>
				<item>
					<item>Flooring Information</item>
					<item>
						<item>Tile Floors</item>
					</item>
				</item>
				<item>
					<item>Equipment</item>
					<item>
						<item>Dishwasher, Dryer, Garbage Disposal, Range/Oven, Refrigerator, Washer, Gas Dryer Hookup</item>
					</item>
				</item>
				<item>
					<item>Heating &amp; Cooling</item>
					<item>
						<item>Central Cooling</item>
						<item>Central Heat</item>
					</item>
				</item>
			</item>
		</item>
		<item>
			<item>Parking / Garage</item>
			<item>
				<item>
					<item>Garage</item>
					<item>
						<item>2 Car Garage</item>
						<item># of Garage Spaces: 2</item>
					</item>
				</item>
				<item>
					<item>Parking</item>
					<item>
						<item># of Parking Spaces (Total): 2</item>
						<item># of Covered Parking Spaces: 2</item>
					</item>
				</item>
			</item>
		</item>
		<item>
			<item>Exterior Features</item>
			<item>
				<item>
					<item>Building Information</item>
					<item>
						<item>Total Floors: 3</item>
						<item>Three Or More Levels</item>
						<item>Attached</item>
						<item>Attached</item>
						<item>Security Features: Other</item>
					</item>
				</item>
				<item>
					<item>Exterior Features</item>
					<item>
						<item>Patio Features: Deck(s)</item>
					</item>
				</item>
			</item>
		</item>
		<item>
			<item>Property / Lot Details</item>
			<item>
				<item>
					<item>Property Information</item>
					<item>
						<item>Property Type: Residential Single-Family</item>
					</item>
				</item>
				<item>
					<item>Lot Information</item>
					<item>
						<item>Lot Size (Sq. Ft.): 6,658</item>
						<item>Lot Description: Fenced</item>
					</item>
				</item>
				<item>
					<item>Property Features</item>
					<item>
						<item>Has View</item>
						<item>View: City, Hills</item>
					</item>
				</item>
			</item>
		</item>
		<item>
			<item>Documents &amp; Disclosures</item>
			<item>
				<item>
					<item>Documents &amp; Disclosures</item>
					<item>
						<item>Disclosures: None</item>
					</item>
				</item>
			</item>
		</item>
	</property_details>
	<public_facts>
		<Beds>3</Beds>
		<Baths>3</Baths>
		<Finished_Sq._Ft.>—</Finished_Sq._Ft.>
		<Unfinished_Sq._Ft.>—</Unfinished_Sq._Ft.>
		<Total_Sq._Ft.>2,000</Total_Sq._Ft.>
		<Stories>—</Stories>
		<Lot_Size>6,860 Sq. Ft.</Lot_Size>
		<Style>Single Family Residential</Style>
		<Year_Built>2017</Year_Built>
		<Year_Renovated>2018</Year_Renovated>
		<County>Los Angeles County</County>
		<APN>5223019034</APN>
	</public_facts>
</home>
