<?xml version="1.0" ?>
<home>
	<HomeInfo_Address>
		<street-address>4318 E Raynol St </street-address>
		<locality>Los Angeles, </locality>
		<region>CA</region>
		<postal-code>90032</postal-code>
	</HomeInfo_Address>
	<main_stats>
		<Price>$80,000</Price>
		<Beds>—</Beds>
		<Baths>—</Baths>
		<Sq._Ft.>—</Sq._Ft.>
	</main_stats>
	<text_base_description>APN: 5305-018-018. Approx 3,250 SF. Zoning LAR1. Downslope view lot for sale in the heart of El Sereno area with breathtaking hill and city views! Situated in a quiet neighborhood on top of the hill and utilities should be nearby. Old geo report available upon request. Many small lot homes built on same street!  Lots like this don't last long in this market! Buyer to verify all information and rely on their own investigations. Sold AS IS  &amp;  WHERE IS. Drive by and MAKE OFFER.  </text_base_description>
	<listed_by>
		<name>Shawn S. Kormondy</name>
		<agentLicenseDisplay>•DRE #01451888</agentLicenseDisplay>
		<org>•DRE #01451888</org>
	</listed_by>
	<price_insights>
		<List_Price>$80,000</List_Price>
		<Est._Mo._Payment>$372</Est._Mo._Payment>
		<Redfin_Estimate>$70,739</Redfin_Estimate>
	</price_insights>
	<home_facts>
		<Status>Active</Status>
		<Time_on_Redfin>207 days</Time_on_Redfin>
		<Property_Type>Residential Land</Property_Type>
		<Community>El Sereno</Community>
		<Lot_Size>3,250 Sq. Ft.</Lot_Size>
		<key name="MLS#">20-560710</key>
	</home_facts>
	<property_details>
		<item>
			<item>Taxes / Assessments, Location Details, Documents &amp; Disclosures</item>
			<item>
				<item>
					<item>Assessment Information</item>
					<item>
						<item>Assessor Parcel Number: 5305-018-018</item>
					</item>
				</item>
				<item>
					<item>Location Information</item>
					<item>
						<item>Directions: Lot is on Raynol (left of 4316 E Raynol St) between Rose Hill Dr &amp; Amethyst St</item>
					</item>
				</item>
				<item>
					<item>Documents &amp; Disclosures</item>
					<item>
						<item>Disclosures: As Is, Other</item>
					</item>
				</item>
			</item>
		</item>
		<item>
			<item>Property / Lot Details</item>
			<item>
				<item>
					<item>Property Information</item>
					<item>
						<item>Property Type: Residential Land</item>
					</item>
				</item>
				<item>
					<item>Land Information</item>
					<item>
						<item>Topography: Downhill</item>
					</item>
				</item>
				<item>
					<item>Lot Information</item>
					<item>
						<item>Lot Size (Sq. Ft.): 3,250</item>
						<item>Zoning: LAR1</item>
						<item>Special Zoning: Property Report</item>
					</item>
				</item>
				<item>
					<item>Property Features</item>
					<item>
						<item>Has View</item>
						<item>View: City, City Lights, Hills</item>
					</item>
				</item>
			</item>
		</item>
	</property_details>
	<public_facts>
		<Beds>—</Beds>
		<Baths>—</Baths>
		<Finished_Sq._Ft.>—</Finished_Sq._Ft.>
		<Unfinished_Sq._Ft.>—</Unfinished_Sq._Ft.>
		<Total_Sq._Ft.>—</Total_Sq._Ft.>
		<Stories>—</Stories>
		<Lot_Size>—</Lot_Size>
		<Style>Vacant Land</Style>
		<Year_Built>—</Year_Built>
		<Year_Renovated>—</Year_Renovated>
		<County>Los Angeles County</County>
		<APN>5305018018</APN>
	</public_facts>
</home>
