<?xml version="1.0" ?>
<home>
	<HomeInfo_Address>
		<street-address>4344 Esmeralda St </street-address>
		<locality>Los Angeles, </locality>
		<region>CA</region>
		<postal-code>90032</postal-code>
	</HomeInfo_Address>
	<main_stats>
		<Price>$104,000</Price>
		<Beds>—</Beds>
		<Baths>—</Baths>
		<Sq._Ft.>—</Sq._Ft.>
	</main_stats>
	<text_base_description>Residential Land in up and coming El Sereno neighborhood of Los Angeles. Utilities and sewer are available at street. Prior Zoning Administrator's approval. Owner states no street improvement is needed. The Land has up-slope topography and offers views of Hills and Neighborhood. The area has many New Homes recently built and several in entitlement process. New home sale are in $750K to $1.1M range. Location is near South Pasadena, Alhambra, Downtown, USC Medical, California State University-Los Angeles and Dodger Stadium.  </text_base_description>
	<listed_by>
		<name>Fernando Lara</name>
		<agentLicenseDisplay>•DRE #01120697</agentLicenseDisplay>
		<org>•DRE #01120697</org>
	</listed_by>
	<price_insights>
		<List_Price>$104,000</List_Price>
		<Est._Mo._Payment>$483</Est._Mo._Payment>
		<Redfin_Estimate>$89,778</Redfin_Estimate>
	</price_insights>
	<home_facts>
		<Status>Active</Status>
		<Time_on_Redfin>372 days</Time_on_Redfin>
		<Property_Type>Residential Land</Property_Type>
		<Community>El Sereno</Community>
		<Lot_Size>6,570 Sq. Ft.</Lot_Size>
		<key name="MLS#">19-513310</key>
	</home_facts>
	<property_details>
		<item>
			<item>School / Neighborhood</item>
			<item>
				<item>
					<item>Community Information</item>
					<item>
						<item>Street Description: Asphalt, Public</item>
					</item>
				</item>
				<item>
					<item>School Information</item>
					<item>
						<item>School District: Los Angeles Unified</item>
					</item>
				</item>
			</item>
		</item>
		<item>
			<item>Utilities, Taxes / Assessments, Financing, Location Details</item>
			<item>
				<item>
					<item>Utility Information</item>
					<item>
						<item>Cable</item>
						<item>Telephone Service: In Street</item>
						<item>Electric: In Street</item>
						<item>Gas: In Street</item>
						<item>Sewer: In Street, Public Hookup Available</item>
						<item>Water: District/Public, In Street, Public</item>
					</item>
				</item>
				<item>
					<item>Assessment Information</item>
					<item>
						<item>Assessments: Unknown</item>
						<item>Assessor Parcel Number: 5305-022-029</item>
					</item>
				</item>
				<item>
					<item>Financial Information</item>
					<item>
						<item>Listing Terms: Cash, Cash To New Loan</item>
					</item>
				</item>
				<item>
					<item>Location Information</item>
					<item>
						<item>Distance to Street: In Front</item>
						<item>Directions: Huntington Dr to Esmeralda St</item>
						<item>Cross Streets: Huntington Dr</item>
					</item>
				</item>
			</item>
		</item>
		<item>
			<item>Property / Lot Details</item>
			<item>
				<item>
					<item>Property Information</item>
					<item>
						<item>Land Lease Type: Fee</item>
						<item>Property Type: Residential Land</item>
					</item>
				</item>
				<item>
					<item>Land Information</item>
					<item>
						<item>Site Description: Hillside</item>
						<item>Present Use: Unimproved Land</item>
						<item>Potential Usage: Single Family Residence</item>
						<item>Road Frontage: Asphalt</item>
						<item>Topography: Uphill</item>
					</item>
				</item>
				<item>
					<item>Lot Information</item>
					<item>
						<item>Lot Size (Sq. Ft.): 6,570</item>
						<item>Lot Size Dimensions: 38 x 175</item>
						<item>Zoning: R1</item>
						<item>Special Zoning: Property Report</item>
						<item>Lot Location: City, Hillside</item>
						<item>Lot Description: Lot Shape-Rectangular, Single Lot, Street Asphalt, Street Paved, Utilities - Overhead</item>
					</item>
				</item>
				<item>
					<item>Property Features</item>
					<item>
						<item>Has View</item>
						<item>View: Hills</item>
						<item>Public Street: True</item>
						<item>Telephone Service</item>
					</item>
				</item>
			</item>
		</item>
		<item>
			<item>Documents &amp; Disclosures, Listing Information</item>
			<item>
				<item>
					<item>Documents &amp; Disclosures</item>
					<item>
						<item>Disclosures: Property Report</item>
					</item>
				</item>
				<item>
					<item>Listing Information</item>
					<item>
						<item>Possession: Close Of Escrow</item>
						<item>Listing Terms: Cash, Cash To New Loan</item>
					</item>
				</item>
			</item>
		</item>
	</property_details>
	<public_facts>
		<Beds>—</Beds>
		<Baths>—</Baths>
		<Finished_Sq._Ft.>—</Finished_Sq._Ft.>
		<Unfinished_Sq._Ft.>—</Unfinished_Sq._Ft.>
		<Total_Sq._Ft.>—</Total_Sq._Ft.>
		<Stories>—</Stories>
		<Lot_Size>—</Lot_Size>
		<Style>Vacant Land</Style>
		<Year_Built>—</Year_Built>
		<Year_Renovated>—</Year_Renovated>
		<County>Los Angeles County</County>
		<APN>UNAVAILABLE</APN>
	</public_facts>
</home>
