<?xml version="1.0" ?>
<home>
	<HomeInfo_Address>
		<street-address>5087 Ithaca Ave </street-address>
		<locality>El Sereno, </locality>
		<region>CA</region>
		<postal-code/>
	</HomeInfo_Address>
	<main_stats>
		<Price>$150,000</Price>
		<Beds>—</Beds>
		<Baths>—</Baths>
		<Sq._Ft.>—</Sq._Ft.>
	</main_stats>
	<text_base_description>Build your dream home. The lot is go from Street to Street (Ithaca Ave. is on the up-slope and Dartmouth Ave. is on the down-slope). Conveniently located near Schools, shops, transportation, Cal State L. A. , and Downtown L. A. Buyer and buyer's agent to do their own due diligence in investigating any information pertaining to parcels, permits, zoning, site address etc.  </text_base_description>
	<listed_by>
		<name>Jennifer Cai</name>
		<agentLicenseDisplay>•DRE #01996299</agentLicenseDisplay>
		<org>•DRE #01996299</org>
	</listed_by>
	<price_insights>
		<List_Price>$150,000</List_Price>
		<Est._Mo._Payment>$697</Est._Mo._Payment>
		<Redfin_Estimate>$129,462</Redfin_Estimate>
	</price_insights>
	<home_facts>
		<Status>Active</Status>
		<Time_on_Redfin>230 days</Time_on_Redfin>
		<Community>621 - El Sereno</Community>
		<Lot_Size>4,725 Sq. Ft.</Lot_Size>
		<key name="MLS#">TR20029590</key>
	</home_facts>
	<property_details>
		<item>
			<item>School / Neighborhood, Utilities, Location Details</item>
			<item>
				<item>
					<item>Neighborhood Information</item>
					<item>
						<item>Biking, Sidewalks, Suburban</item>
					</item>
				</item>
				<item>
					<item>Utilities Information</item>
					<item>
						<item>Water Source: None</item>
					</item>
				</item>
				<item>
					<item>Location Information</item>
					<item>
						<item>Directions: Close to FWY 60,10 and 710 . West of Alhambra and North of Eastern Ave</item>
						<item>Zoning: LAR1</item>
					</item>
				</item>
			</item>
		</item>
		<item>
			<item>Property / Lot Details</item>
			<item>
				<item>
					<item>Lot Information</item>
					<item>
						<item>Distance To Water Comments: Unknown</item>
						<item>Elevation Units: Feet</item>
						<item>Lot Size Source: Assessor's Data</item>
						<item>Lot Features: 0-1 Unit/Acre</item>
					</item>
				</item>
				<item>
					<item>Property Information</item>
					<item>
						<item>Parcel Number: 5216019007</item>
						<item>Has View</item>
					</item>
				</item>
			</item>
		</item>
	</property_details>
	<public_facts>
		<Beds>—</Beds>
		<Baths>—</Baths>
		<Finished_Sq._Ft.>—</Finished_Sq._Ft.>
		<Unfinished_Sq._Ft.>—</Unfinished_Sq._Ft.>
		<Total_Sq._Ft.>—</Total_Sq._Ft.>
		<Stories>—</Stories>
		<Lot_Size>—</Lot_Size>
		<Style>Vacant Land</Style>
		<Year_Built>—</Year_Built>
		<Year_Renovated>—</Year_Renovated>
		<County>Los Angeles County</County>
		<APN>5216019007</APN>
	</public_facts>
</home>
