<?xml version="1.0" ?>
<home>
	<HomeInfo_Address>
		<street-address>1800 N Eastern Ave </street-address>
		<locality>Los Angeles, </locality>
		<region>CA</region>
		<postal-code>90032</postal-code>
	</HomeInfo_Address>
	<main_stats>
		<Price>$329,900</Price>
		<Beds>—</Beds>
		<Baths>—</Baths>
		<Sq._Ft.>—</Sq._Ft.>
	</main_stats>
	<text_base_description>Development opportunity in burgeoning University Hills/El Sereno area of Los Angeles. 3 contiguous lots totaling ~12,396sft (APNs 5223-012-032, 5223-012-033, 5223-012-034), located in the hub of a growing biotech development area, with close proximity to USC Keck Medical Center, Cal-State LA campus and some of the hottest residential neighborhoods in the LA area. Zoned C-3. Feasibility Report available upon request. Seller may carry.  </text_base_description>
	<listed_by>
		<name>Jonathan Butler</name>
		<agentLicenseDisplay>•DRE #01883938</agentLicenseDisplay>
		<org>•DRE #01883938</org>
	</listed_by>
	<price_insights>
		<List_Price>$329,900</List_Price>
		<Est._Mo._Payment>$1,532</Est._Mo._Payment>
		<Redfin_Estimate>$318,740</Redfin_Estimate>
	</price_insights>
	<home_facts>
		<Status>Active</Status>
		<Time_on_Redfin>36 days</Time_on_Redfin>
		<Property_Type>Residential Land</Property_Type>
		<Community>El Sereno</Community>
		<Lot_Size>0.28 Acres</Lot_Size>
		<key name="MLS#">20-622404</key>
	</home_facts>
	<property_details>
		<item>
			<item>Taxes / Assessments, Location Details, Documents &amp; Disclosures</item>
			<item>
				<item>
					<item>Assessment Information</item>
					<item>
						<item>Assessor Parcel Number: 5223-012-034</item>
					</item>
				</item>
				<item>
					<item>Location Information</item>
					<item>
						<item>Directions: Eastern Ave where it turns into Marianna Ave</item>
					</item>
				</item>
				<item>
					<item>Documents &amp; Disclosures</item>
					<item>
						<item>Disclosures: None</item>
					</item>
				</item>
			</item>
		</item>
		<item>
			<item>Property / Lot Details</item>
			<item>
				<item>
					<item>Property Information</item>
					<item>
						<item>Property Type: Residential Land</item>
					</item>
				</item>
				<item>
					<item>Lot Information</item>
					<item>
						<item>Lot Size (Sq. Ft.): 12,396</item>
						<item>Zoning: LCC3*</item>
						<item>Special Zoning: Other</item>
					</item>
				</item>
				<item>
					<item>Property Features</item>
					<item>
						<item>Has View</item>
						<item>View: City</item>
					</item>
				</item>
			</item>
		</item>
	</property_details>
	<public_facts>
		<Beds>—</Beds>
		<Baths>—</Baths>
		<Finished_Sq._Ft.>—</Finished_Sq._Ft.>
		<Unfinished_Sq._Ft.>—</Unfinished_Sq._Ft.>
		<Total_Sq._Ft.>—</Total_Sq._Ft.>
		<Stories>—</Stories>
		<Lot_Size>—</Lot_Size>
		<Style>Vacant Land</Style>
		<Year_Built>—</Year_Built>
		<Year_Renovated>—</Year_Renovated>
		<County>Los Angeles County</County>
		<APN>5223-012-034</APN>
	</public_facts>
</home>
