<?xml version="1.0" ?>
<home>
	<HomeInfo_Address>
		<street-address>1360 N Fairfax Ave </street-address>
		<locality>Los Angeles, </locality>
		<region>CA</region>
		<postal-code>90046</postal-code>
	</HomeInfo_Address>
	<main_stats>
		<Price>$1,499,000</Price>
		<Beds>3</Beds>
		<Baths>3.5</Baths>
		<key name="$723 / Sq. Ft.">2,072</key>
	</main_stats>
	<text_base_description>This light-filled, brand new, single-family home is west facing and has sunsets for days from its picture windows, 2nd floor balcony and huge roof top deck (fire-pit +180degree views). Enter through your private, gated courtyard into a formal foyer or from your direct access 2-car garage. The 1st level offers a bedroom w/ bath (or home office). The 2nd level living room (w/ balcony) opens to the dining room and kitchen - perfect for entertaining. The chef's kitchen features GE Cafe appliances (matte black + brushed stainless) quartz countertops, custom tilework  &amp;  soft-close cabinetry. Upstairs is the enormous master suite with 2 walk-in closets  &amp;  opulent bath (dual sinks  &amp;  rain head shower). There is also 3rd bedroom suite and laundry. This home has incredible storage, custom window treatments and eco-conscious amenities (3 zoned climate control, pre-wired for smart tech  &amp;  prepped for EV). Steps from Bristol Farms, Whole Foods, Griddle Cafe  &amp;  Chateau Marmont - a walk score is 94/100! </text_base_description>
	<listed_by>
		<name>Alyse Livingston</name>
		<agentLicenseDisplay>•DRE #01968030</agentLicenseDisplay>
		<org>•DRE #01968030</org>
	</listed_by>
	<price_insights>
		<List_Price>$1,499,000</List_Price>
		<Est._Mo._Payment>$6,947</Est._Mo._Payment>
		<Redfin_Estimate>$1,495,407</Redfin_Estimate>
		<key name="Price/Sq.Ft.">$723</key>
	</price_insights>
	<home_facts>
		<Status>Active</Status>
		<Time_on_Redfin>9 days</Time_on_Redfin>
		<Property_Type>Single Family, Residential Single-Family</Property_Type>
		<Year_Built>2020</Year_Built>
		<Style>Modern</Style>
		<Community>Hollywood</Community>
		<Lot_Size>1,874 Sq. Ft.</Lot_Size>
		<key name="MLS#">20-632350</key>
	</home_facts>
	<property_details>
		<item>
			<item>Virtual Tour, Taxes / Assessments, Location Details, Documents &amp; Disclosures</item>
			<item>
				<item>
					<item>Virtual Tour</item>
					<item>
						<item>Virtual Tour (External Link)</item>
					</item>
				</item>
				<item>
					<item>Assessment Information</item>
					<item>
						<item>Assessor Parcel Number: UNAVAILABLE</item>
					</item>
				</item>
				<item>
					<item>Location Information</item>
					<item>
						<item>Directions: Google Maps</item>
						<item>Cross Streets: Sunset Blvd and Fairfax Avenue</item>
					</item>
				</item>
				<item>
					<item>Documents &amp; Disclosures</item>
					<item>
						<item>Disclosures: Home Warranty Plan, LA/Owner Related, Listing Broker Advantage, CC and R</item>
					</item>
				</item>
			</item>
		</item>
		<item>
			<item>Interior Features</item>
			<item>
				<item>
					<item>Bedroom Information</item>
					<item>
						<item>Master Suite, WalkInCloset</item>
					</item>
				</item>
				<item>
					<item>Bathroom Information</item>
					<item>
						<item># of Baths (Full): 3</item>
						<item># of Baths (1/2): 1</item>
						<item>Double Vanity(s), Low Flow Toilet(s), Powder Room</item>
					</item>
				</item>
				<item>
					<item>Laundry Information</item>
					<item>
						<item>Laundry in Unit, Stacked Laundry in Closet, Laundry on Upper Level</item>
					</item>
				</item>
				<item>
					<item>Additional Rooms</item>
					<item>
						<item>Dining Area, Living Room, Master Bedroom, Powder Room, Walk-In Closet</item>
					</item>
				</item>
				<item>
					<item>Interior Features</item>
					<item>
						<item>Windows: Double Pane Windows, Window Blinds</item>
					</item>
				</item>
				<item>
					<item>Flooring Information</item>
					<item>
						<item>Mixed Floors, Tile Floors, Laminate Floors</item>
					</item>
				</item>
				<item>
					<item>Equipment</item>
					<item>
						<item>Dishwasher, Freezer, Garbage Disposal, Gas Or Electric Dryer Hookup, Hood Fan, Ice Maker, Microwave, Range/Oven, Refrigerator, Stackable W/D Hookup, Water Filter, Water Line to Refrigerator</item>
					</item>
				</item>
				<item>
					<item>Heating &amp; Cooling</item>
					<item>
						<item>Central Cooling</item>
						<item>Central Heat</item>
						<item>Water Heater Features: Tankless</item>
					</item>
				</item>
			</item>
		</item>
		<item>
			<item>Parking / Garage</item>
			<item>
				<item>
					<item>Garage</item>
					<item>
						<item>Attached, Direct Entrance, 2 Car Garage, Controlled Entrance, Auto Driveway Gate, Door Opener</item>
						<item># of Garage Spaces: 2</item>
					</item>
				</item>
				<item>
					<item>Parking</item>
					<item>
						<item># of Parking Spaces (Total): 2</item>
						<item># of Covered Parking Spaces: 2</item>
					</item>
				</item>
			</item>
		</item>
		<item>
			<item>Exterior Features</item>
			<item>
				<item>
					<item>Building Information</item>
					<item>
						<item>Total Floors: 3</item>
						<item>Attached</item>
						<item>Attached</item>
						<item>Faces West</item>
						<item>Security Features: Fire Sprinklers, Prewired for alarm system, Smoke Detector, Gated, Community, Fire and Smoke Detection System</item>
						<item>Builder's Name: RC Homes</item>
					</item>
				</item>
				<item>
					<item>Exterior Features</item>
					<item>
						<item>Patio Features: Roof Top Deck</item>
						<item>Other Structural Features: Balcony, End Unit</item>
					</item>
				</item>
			</item>
		</item>
		<item>
			<item>Property / Lot Details</item>
			<item>
				<item>
					<item>Property Information</item>
					<item>
						<item>Property Type: Residential Single-Family</item>
						<item>Property Condition: New Construction</item>
					</item>
				</item>
				<item>
					<item>Lot Information</item>
					<item>
						<item>Lot Size (Sq. Ft.): 1,874</item>
					</item>
				</item>
				<item>
					<item>Property Features</item>
					<item>
						<item>Has View</item>
						<item>View: City</item>
					</item>
				</item>
			</item>
		</item>
	</property_details>
	<public_facts>
		<Beds>—</Beds>
		<Baths>—</Baths>
		<Finished_Sq._Ft.>—</Finished_Sq._Ft.>
		<Unfinished_Sq._Ft.>—</Unfinished_Sq._Ft.>
		<Total_Sq._Ft.>—</Total_Sq._Ft.>
		<Stories>—</Stories>
		<Lot_Size>—</Lot_Size>
		<Style>Single Family Residential</Style>
		<Year_Built>—</Year_Built>
		<Year_Renovated>—</Year_Renovated>
		<County>Los Angeles County</County>
		<APN>UNAVAILABLE</APN>
	</public_facts>
</home>
