<?xml version="1.0" ?>
<home>
	<HomeInfo_Address>
		<street-address>1358 N Fairfax Ave </street-address>
		<locality>Los Angeles, </locality>
		<region>CA</region>
		<postal-code>90046</postal-code>
	</HomeInfo_Address>
	<main_stats>
		<Price>$1,475,000</Price>
		<Beds>3</Beds>
		<Baths>3.5</Baths>
		<key name="$703 / Sq. Ft.">2,099</key>
	</main_stats>
	<text_base_description>A little Hollywood. A little WeHo. Totally LA. Only 2 of 8 homes remain. Nearly 2,100 sq ft, this new single-family home offers huge roof top deck (fire-pits +180degree views) atop 3 levels of luxury. Formal foyer, blonde oak wood flooring, chef's kitchen with GE Cafe appliance series (matte white + brushed stainless steel) quartz countertops, custom tile  &amp;  soft-close kitchen cabinetry. Enormous master bedroom with walk-in closet  &amp;  opulent bath (dual sinks  &amp;  rain head shower) Natural light pours through clerestory windows and high ceilings into open plan living and dining. Separate entrance on first floor guest suite is perfect for home-office or rental. Spacious rooftop terrace with fire pit to watch the sunset. Two car garage with direct access and EV capable. Eco-conscious amenities (tankless water heaters, dual-glazed low-E glass windows, drought tolerant landscaping), climate control, pre-wired for smart tech integration. Walk to Bristol Farms, Griddle Cafe and Chateau Marmont.  </text_base_description>
	<listed_by>
		<name>Alyse Livingston</name>
		<agentLicenseDisplay>•DRE #01968030</agentLicenseDisplay>
		<org>•DRE #01968030</org>
	</listed_by>
	<price_insights>
		<List_Price>$1,475,000</List_Price>
		<Est._Mo._Payment>$6,833</Est._Mo._Payment>
		<Redfin_Estimate>$1,467,565</Redfin_Estimate>
		<key name="Price/Sq.Ft.">$703</key>
	</price_insights>
	<home_facts>
		<Status>Active</Status>
		<Time_on_Redfin>9 days</Time_on_Redfin>
		<Property_Type>Single Family, Residential Single-Family</Property_Type>
		<Style>Modern</Style>
		<Community>Hollywood</Community>
		<Lot_Size>1,278 Sq. Ft.</Lot_Size>
		<key name="MLS#">20-632768</key>
	</home_facts>
	<property_details>
		<item>
			<item>Interior Features</item>
			<item>
				<item>
					<item>Bathroom Information</item>
					<item>
						<item># of Baths (Full): 3</item>
						<item># of Baths (1/2): 1</item>
					</item>
				</item>
				<item>
					<item>Laundry Information</item>
					<item>
						<item>Laundry on Upper Level, Stacked Laundry in Closet, Laundry in Unit</item>
					</item>
				</item>
				<item>
					<item>Additional Rooms</item>
					<item>
						<item>Dining Area, Master Bedroom, Walk-In Closet, Powder Room</item>
					</item>
				</item>
				<item>
					<item>Interior Features</item>
					<item>
						<item>Windows: Double Pane Windows</item>
					</item>
				</item>
				<item>
					<item>Flooring Information</item>
					<item>
						<item>Wood Floors, Mixed Floors, Tile Floors</item>
					</item>
				</item>
				<item>
					<item>Equipment</item>
					<item>
						<item>Dishwasher, Freezer, Garbage Disposal, Hood Fan, Gas Dryer Hookup, Microwave, Range/Oven, Refrigerator, Water Line to Refrigerator</item>
					</item>
				</item>
				<item>
					<item>Heating &amp; Cooling</item>
					<item>
						<item>Central Cooling</item>
						<item>Central Heat</item>
						<item>Water Heater Features: Tankless</item>
					</item>
				</item>
			</item>
		</item>
		<item>
			<item>Parking / Garage, Taxes / Assessments, Location Details, Documents &amp; Disclosures</item>
			<item>
				<item>
					<item>Garage</item>
					<item>
						<item>Attached, Direct Entrance, 2 Car Garage</item>
					</item>
				</item>
				<item>
					<item>Assessment Information</item>
					<item>
						<item>Assessor Parcel Number: UNAVAILABLE</item>
					</item>
				</item>
				<item>
					<item>Location Information</item>
					<item>
						<item>Directions: Dishwasher, Freezer, Garbage Disposal, Gas Or Electric Dryer Hookup, Hood Fan, Ice Maker, Microwave, Range/Oven, Refrigerator, Stackable W/D Hookup, Water Filter, Water Line to Refrigerator</item>
					</item>
				</item>
				<item>
					<item>Documents &amp; Disclosures</item>
					<item>
						<item>Disclosures: CC and R, Home Warranty Plan, LA/Owner Related, Listing Broker Advantage</item>
					</item>
				</item>
			</item>
		</item>
		<item>
			<item>Exterior Features</item>
			<item>
				<item>
					<item>Building Information</item>
					<item>
						<item>Total Floors: 3</item>
						<item>Detached</item>
						<item>Detached/No Common Walls</item>
						<item>Faces West</item>
					</item>
				</item>
				<item>
					<item>Exterior Features</item>
					<item>
						<item>Patio Features: Roof Top Deck</item>
					</item>
				</item>
			</item>
		</item>
		<item>
			<item>Property / Lot Details</item>
			<item>
				<item>
					<item>Property Information</item>
					<item>
						<item>Property Type: Residential Single-Family</item>
						<item>Property Condition: New Construction</item>
					</item>
				</item>
				<item>
					<item>Lot Information</item>
					<item>
						<item>Lot Size (Sq. Ft.): 1,278</item>
					</item>
				</item>
				<item>
					<item>Property Features</item>
					<item>
						<item>Manual Sprinklers</item>
						<item>Has View</item>
						<item>View: City</item>
					</item>
				</item>
			</item>
		</item>
	</property_details>
	<public_facts>
		<Beds>—</Beds>
		<Baths>—</Baths>
		<Finished_Sq._Ft.>—</Finished_Sq._Ft.>
		<Unfinished_Sq._Ft.>—</Unfinished_Sq._Ft.>
		<Total_Sq._Ft.>—</Total_Sq._Ft.>
		<Stories>—</Stories>
		<Lot_Size>—</Lot_Size>
		<Style>Single Family Residential</Style>
		<Year_Built>—</Year_Built>
		<Year_Renovated>—</Year_Renovated>
		<County>Los Angeles County</County>
		<APN>UNAVAILABLE</APN>
	</public_facts>
</home>
