<?xml version="1.0" ?>
<home>
	<HomeInfo_Address>
		<street-address>817 Guerrero St </street-address>
		<locality>San Francisco, </locality>
		<region>CA</region>
		<postal-code>94110</postal-code>
	</HomeInfo_Address>
	<main_stats>
		<Price>$2,398,000</Price>
		<Beds>2</Beds>
		<Baths>2</Baths>
		<Sq._Ft.>—</Sq._Ft.>
	</main_stats>
	<text_base_description>Situated in the highly sought-after, historic Liberty Hill district sits this impressive Victorian preserved with period details  &amp;  charm. From the parquet wood floors to the marble fireplace, this dramatic main level boasts high ceilings accented with sleek finishes throughout. An open concept floor plan flows seamlessly from a grand living room to the extravagant dining room (perfect for entertaining large groups) while just steps away from a luxuriously, newly remodeled marble full bath. The chef's kitchen features high-end appliances, pantry  &amp;  large center island w/ french doors opening up to a beautiful deck overlooking the lush, peaceful yard w/ fountain. Upper level showcases two spacious, sun-drenched bedrooms  including a master w/ sitting area  &amp;  double closets plus a 2nd marble bath w/ brass fixtures. Lrg 2-car garage  &amp;  W/ D. Located just blocks from J-Church/MUNI, Dolores Park  &amp;  Valencia St, mins to 24th St, BART/Tech Bus, 101/280 + Mission/Castro/Noe. .almost perfect 98 WalkScore! </text_base_description>
	<listed_by>
		<name>Joanna Rose</name>
		<agentLicenseDisplay>•DRE #01748746</agentLicenseDisplay>
		<listed_by_page>/real-estate-agents/joanna-rose</listed_by_page>
	</listed_by>
	<price_insights>
		<List_Price>$2,398,000</List_Price>
		<Est._Mo._Payment>$11,020</Est._Mo._Payment>
		<key name="Buyer's Brokerage Compensation">2.5%</key>
	</price_insights>
	<home_facts>
		<Status>Active</Status>
		<Time_on_Redfin>141 days</Time_on_Redfin>
		<Property_Type>Detached, 2 Story, Single-Family Home</Property_Type>
		<Year_Built>1900</Year_Built>
		<Style>Victorian</Style>
		<Community>Eureka Valley/Dolore</Community>
		<Lot_Size>2,495 Sq. Ft.</Lot_Size>
		<key name="MLS#">497382</key>
	</home_facts>
	<property_details>
		<item>
			<item>Virtual Tour, Parking / Garage, Exterior Features, Multi-Unit Information</item>
			<item>
				<item>
					<item>Virtual Tour</item>
					<item>
						<item>Virtual Tour (External Link)</item>
						<item>Virtual Media: 2</item>
					</item>
				</item>
				<item>
					<item>Parking Information</item>
					<item>
						<item>Parking Type: On Site</item>
						<item># of Garage Spaces: 2</item>
						<item># of Parking Spaces: 2</item>
						<item>Attached, Garage, Automatic Door, Interior Access</item>
					</item>
				</item>
				<item>
					<item>Exterior Features</item>
					<item>
						<item>Driveway/Sidewalks: Paved Driveway</item>
						<item>Deck(s), Fenced Yard, Garden, Landscaping (Rear), Security Gate</item>
					</item>
				</item>
				<item>
					<item>Multi-Family Features</item>
					<item>
						<item>Monthly Rent: 0.00</item>
					</item>
				</item>
			</item>
		</item>
		<item>
			<item>Interior Features</item>
			<item>
				<item>
					<item>Bedroom Information</item>
					<item>
						<item># of Bedrooms: 2</item>
						<item>2 Bedrooms on Upper Level</item>
					</item>
				</item>
				<item>
					<item>Bathroom Information</item>
					<item>
						<item># of Baths: 2</item>
						<item>1 Bath on Upper Level</item>
						<item>1 Bath on Main Level</item>
						<item>Marble, Shower over Tub, Stall Shower, Remodeled</item>
					</item>
				</item>
				<item>
					<item>Living Room Information</item>
					<item>
						<item>Living Room on Main Level</item>
					</item>
				</item>
				<item>
					<item>Dining Room Information</item>
					<item>
						<item>Dining Room on Main Level</item>
						<item>Formal</item>
					</item>
				</item>
				<item>
					<item>Additional Rooms</item>
					<item>
						<item>Den/Bonus Room: 0</item>
					</item>
				</item>
				<item>
					<item>Fireplace Information</item>
					<item>
						<item># of Fireplace(s): 1, Gas Starter, In Dining Room</item>
					</item>
				</item>
				<item>
					<item>Laundry Information</item>
					<item>
						<item>Laundry Appliances: Washer/Dryer, In Garage</item>
					</item>
				</item>
				<item>
					<item>Kitchen Features</item>
					<item>
						<item>Gas Range, Hood Over Range, Refrigerator, Dishwasher, Microwave, Garbage Disposal, Island, Breakfast Area, Pantry, Remodeled</item>
						<item>Kitchen on Main Level</item>
					</item>
				</item>
				<item>
					<item>Interior Features</item>
					<item>
						<item>Floors: Hardwood, Marble</item>
						<item># of Rooms (Total): 6</item>
						<item>1 Bath on Main Level, Living Room on Main Level, Dining Room on Main Level, Kitchen on Main Level</item>
						<item>2 Bedrooms on Upper Level, 1 Bath on Upper Level</item>
						<item>Bay Window(s), Formal Entry, Security Alarm(s)</item>
					</item>
				</item>
				<item>
					<item>Heating &amp; Cooling</item>
					<item>
						<item>Heating/Cooling: Central Heating</item>
					</item>
				</item>
			</item>
		</item>
		<item>
			<item>Homeowners Association, Location Details, Documents &amp; Disclosures</item>
			<item>
				<item>
					<item>Homeowners Association Information</item>
					<item>
						<item>Unconfirmed Co-op Fee: 0.00</item>
					</item>
				</item>
				<item>
					<item>Location Information</item>
					<item>
						<item>Cross Street: Liberty St</item>
					</item>
				</item>
				<item>
					<item>Documents &amp; Disclosures</item>
					<item>
						<item>Documents/Disclosure: Disclosure Pkg Avail</item>
					</item>
				</item>
			</item>
		</item>
		<item>
			<item>Property / Lot Details</item>
			<item>
				<item>
					<item>Lot Information</item>
					<item>
						<item>Lot Measurement: Square Feet</item>
					</item>
				</item>
				<item>
					<item>Property Information</item>
					<item>
						<item>Transportation: 1 Block</item>
						<item>Shopping: 1 Block</item>
						<item>Type: Detached, 2 Story</item>
						<item>Garden, Landscaping (Rear), Fenced Yard, Deck(s), Formal Entry, Bay Window(s), Security Alarm(s), Security Gate</item>
						<item>APN: 3608-055</item>
						<item>Property Disclaimer: Copyright: 2020 by San Francisco Assoc of REALTORS - All data, including all measurements and calculations of area, is obtained from various sources and has not been, and will not be, verified by broker or MLS. All information should be independently reviewed and verified for accuracy. Properties may or may not be listed by the office/agent presenting the information.</item>
					</item>
				</item>
			</item>
		</item>
		<item>
			<item>Listing Information</item>
			<item>
				<item>
					<item>Listing Information</item>
					<item>
						<item>Original Price: $2,600,000</item>
						<item>On Market Date: Wednesday, May 6, 2020</item>
					</item>
				</item>
				<item>
					<item>Buyer's Brokerage Compensation</item>
					<item>
						<item>2.5%</item>
					</item>
				</item>
			</item>
		</item>
	</property_details>
	<public_facts>
		<Beds>—</Beds>
		<Baths>1</Baths>
		<Finished_Sq._Ft.>—</Finished_Sq._Ft.>
		<Unfinished_Sq._Ft.>—</Unfinished_Sq._Ft.>
		<Total_Sq._Ft.>1,485</Total_Sq._Ft.>
		<Stories>2</Stories>
		<Lot_Size>2,495 Sq. Ft.</Lot_Size>
		<Style>Single Family Residential</Style>
		<Year_Built>1900</Year_Built>
		<Year_Renovated>—</Year_Renovated>
		<County>San Francisco County</County>
		<APN>3608 055</APN>
	</public_facts>
</home>
