<?xml version="1.0" ?>
<home>
	<HomeInfo_Address>
		<street-address>770 Harrison St #14 </street-address>
		<locality>SANTA CLARA, </locality>
		<region>CA</region>
		<postal-code>95050</postal-code>
	</HomeInfo_Address>
	<main_stats>
		<Price>$849,900</Price>
		<Beds>2</Beds>
		<Baths>2.5</Baths>
		<key name="$708 / Sq. Ft.">1,201</key>
	</main_stats>
	<text_base_description>This desirable end unit is light and bright with extra side windows and great air flow. You will appreciate having a bonus 3rd bedroom/office in the converted garage (also can be repurposed into garage space). Ideal for working from home. Dual master suites, wood burning fireplace, inside laundry, spacious sunny backyard as well as private entry garden area. Fabulous new kitchen appliances and new upstairs flooring and windows. Ample street parking plus a dedicated parking space. Extra storage under the stairs. Stellar location at the edge of the Santa Clara historic Old Quad and just a few blocks to Santa Clara University, CalTrain, Safeway, the post office, Franklin Mall, Starbucks, great restaurants and more. Just a block from Larry J. Marsalli Park with play area for kids and great for dogs. Also conveniently close to the San Jose International Airport. Small complex with 14 units self managed by the owners.  </text_base_description>
	<listed_by>
		<name>Jeff Hansen</name>
		<agentLicenseDisplay>•DRE #01168621</agentLicenseDisplay>
		<org>•DRE #01168621</org>
	</listed_by>
	<price_insights>
		<List_Price>$849,900</List_Price>
		<Est._Mo._Payment>$3,898</Est._Mo._Payment>
		<Redfin_Estimate>$842,770</Redfin_Estimate>
		<key name="Price/Sq.Ft.">$708</key>
	</price_insights>
	<home_facts>
		<Status>Active</Status>
		<Time_on_Redfin>28 days</Time_on_Redfin>
		<Property_Type>Townhouse</Property_Type>
		<HOA_Dues>$200</HOA_Dues>
		<Year_Built>1984</Year_Built>
		<Community>SANTA CLARA</Community>
		<Lot_Size>735 Sq. Ft.</Lot_Size>
		<key name="MLS#">ML81806695</key>
	</home_facts>
	<property_details>
		<item>
			<item>Virtual Tour, Parking / Garage, Multi-Unit Information, Homeowners Association</item>
			<item>
				<item>
					<item>Virtual Tour</item>
					<item>
						<item>Branded Virtual Tour (External Link)</item>
					</item>
				</item>
				<item>
					<item>Parking Information</item>
					<item>
						<item>Garage (Minimum): 1</item>
						<item>Garage (Maximum): 1</item>
						<item>Parking Description: Attached Garage, On Street</item>
						<item>Garage Spaces: 1</item>
					</item>
				</item>
				<item>
					<item>Multi-Unit Information</item>
					<item>
						<item># of Stories: 2</item>
						<item># of Units in Complex (Minimum): 14</item>
					</item>
				</item>
				<item>
					<item>HOA Information</item>
					<item>
						<item>Has HOA</item>
						<item>Fees Include: Common Area Electricity, Exterior Painting, Insurance, Insurance (Common Area), Landscaping/Gardening, Management Fee, Reserves</item>
						<item>HOA Fee: $200</item>
						<item>HOA Fee Frequency: Monthly</item>
						<item>HOA Name: 770 Harrison</item>
					</item>
				</item>
			</item>
		</item>
		<item>
			<item>Interior Features</item>
			<item>
				<item>
					<item>Bedroom Information</item>
					<item>
						<item># of Bedrooms (Minimum): 2</item>
						<item># of Bedrooms (Maximum): 2</item>
					</item>
				</item>
				<item>
					<item>Bathroom Information</item>
					<item>
						<item># of Baths (Full): 2</item>
						<item># of Baths (1/2): 1</item>
					</item>
				</item>
				<item>
					<item>Room Information</item>
					<item>
						<item>Family Room Description: Other (See Remarks)</item>
						<item>Dining Room Description: Eat in Kitchen</item>
					</item>
				</item>
				<item>
					<item>Fireplace Information</item>
					<item>
						<item>Has Fireplace</item>
						<item>Fireplace Description: In Living Room</item>
						<item>Fireplaces (Minimum): 1</item>
					</item>
				</item>
				<item>
					<item>Heating &amp; Cooling Information</item>
					<item>
						<item>Heating: Forced Air</item>
					</item>
				</item>
			</item>
		</item>
		<item>
			<item>Exterior Features</item>
			<item>
				<item>
					<item>Exterior Features</item>
					<item>
						<item>Roof: Other (See Remarks)</item>
					</item>
				</item>
				<item>
					<item>Building Information</item>
					<item>
						<item>Other</item>
					</item>
				</item>
			</item>
		</item>
		<item>
			<item>School / Neighborhood, Location Details</item>
			<item>
				<item>
					<item>School Information</item>
					<item>
						<item>Elementary School District: Santa Clara Unified</item>
						<item>High School District: Santa Clara Unified</item>
					</item>
				</item>
				<item>
					<item>Location Information</item>
					<item>
						<item>Directions: Plenty of street parking</item>
					</item>
				</item>
			</item>
		</item>
		<item>
			<item>Utilities</item>
			<item>
				<item>
					<item>Utility Information</item>
					<item>
						<item>Sewer Septic: Drainage (Public Storage), Sewer (Public)</item>
						<item>Utilities: Public Utilities</item>
					</item>
				</item>
				<item>
					<item>Water Information</item>
					<item>
						<item>Water: Public</item>
					</item>
				</item>
			</item>
		</item>
		<item>
			<item>Property / Lot Details</item>
			<item>
				<item>
					<item>Property Features</item>
					<item>
						<item>Living Sq. Ft.: 1,201</item>
					</item>
				</item>
				<item>
					<item>Property Information</item>
					<item>
						<item>Ownership Type: Condominium Ownership</item>
						<item>Property Master ID: 93295</item>
						<item>Restrictions: Other (See Remarks)</item>
					</item>
				</item>
				<item>
					<item>Lot Information</item>
					<item>
						<item>Lot Acres: 0.0169</item>
						<item>Lot Size Area Minimum Units: Sq. Ft.</item>
						<item>Lot Size Area Maximum Units: Sq. Ft.</item>
						<item>Lot Size Source: Assessor</item>
						<item>Zoning: R1</item>
					</item>
				</item>
			</item>
		</item>
	</property_details>
	<public_facts>
		<Beds>2</Beds>
		<Baths>3</Baths>
		<Finished_Sq._Ft.>1,201</Finished_Sq._Ft.>
		<Unfinished_Sq._Ft.>—</Unfinished_Sq._Ft.>
		<Total_Sq._Ft.>1,201</Total_Sq._Ft.>
		<Stories>2</Stories>
		<Lot_Size>—</Lot_Size>
		<Style>Condo/Co-op</Style>
		<Year_Built>1984</Year_Built>
		<Year_Renovated>1985</Year_Renovated>
		<County>Santa Clara County</County>
		<APN>26960014</APN>
	</public_facts>
</home>
