<?xml version="1.0" ?>
<home>
	<HomeInfo_Address>
		<street-address>1448 Madison St </street-address>
		<locality>SANTA CLARA, </locality>
		<region>CA</region>
		<postal-code>95050</postal-code>
	</HomeInfo_Address>
	<main_stats>
		<Price>$1,698,000</Price>
		<Beds>4</Beds>
		<Baths>3</Baths>
		<key name="$823 / Sq. Ft.">2,064</key>
	</main_stats>
	<text_base_description>$100K price reduction on the last of 3 new construction SFR's!! Magnificent 2-story home effortlessly blend classic  &amp;  timeless elegance alongside modern-chic sophistication. This spectacular home features:  * Modern designed light filled open living spaces w/ high ceilings  * Contemporary oak hardwood flooring * Custom shaker style cabinetry  * Quartz countertops, center island  &amp;  vanities * Premium SS appliances  * Designer-selected hardware  &amp;  lighting fixtures * Stylish clean lined bathrooms w/ modern porcelain tiles * Bedroom  &amp;  bathroom on 1st level * Crown molding * Mud room * Energy-efficient vinyl Milgard windows * Pre-wired home security system * Tankless water heater * Paver driveway  * Detached 2-car garage w/ 220V charger outlet  &amp;  epoxy floor coating  * Fire sprinklers  * Low maintenance front  &amp;  rear landscaping w/ paver patio  &amp;  artificial turf * A/C * Separate laundry room * No HOA fees  * Close commute access to many of Silicon Valley's largest companies * Located near shopping, entertainment  &amp;  public transportation.  </text_base_description>
	<listed_by>
		<name>Ralph &amp; Rachel</name>
		<agentLicenseDisplay>•DRE #70000813</agentLicenseDisplay>
		<org>•DRE #70000813</org>
	</listed_by>
	<price_insights>
		<List_Price>$1,698,000</List_Price>
		<Est._Mo._Payment>$7,788</Est._Mo._Payment>
		<Redfin_Estimate>$1,650,995</Redfin_Estimate>
		<key name="Price/Sq.Ft.">$823</key>
	</price_insights>
	<home_facts>
		<Status>Active</Status>
		<Time_on_Redfin>179 days</Time_on_Redfin>
		<Property_Type>Single Family Home</Property_Type>
		<Year_Built>2020</Year_Built>
		<Style>Contemporary, Farm House</Style>
		<Community>SANTA CLARA</Community>
		<Lot_Size>4,250 Sq. Ft.</Lot_Size>
		<key name="MLS#">ML81788316</key>
	</home_facts>
	<property_details>
		<item>
			<item>Virtual Tour, Parking / Garage, Multi-Unit Information, School / Neighborhood</item>
			<item>
				<item>
					<item>Virtual Tour</item>
					<item>
						<item>Branded 3D Tour (External Link)</item>
						<item>Branded Virtual Tour (External Link)</item>
						<item>Unbranded Virtual Tour (External Link)</item>
					</item>
				</item>
				<item>
					<item>Parking Information</item>
					<item>
						<item>Garage (Minimum): 2</item>
						<item>Garage (Maximum): 2</item>
						<item>Parking Description: Detached, Gate/Door Opener, On Street</item>
						<item>Electric Vehicle Hookup Type: Electric Vehicle Hookup Level 2 (240 volts)</item>
						<item>Garage Spaces: 2</item>
					</item>
				</item>
				<item>
					<item>Multi-Unit Information</item>
					<item>
						<item># of Stories: 2</item>
					</item>
				</item>
				<item>
					<item>School Information</item>
					<item>
						<item>Elementary School: C. W. Haman Elementary</item>
						<item>Elementary School District: Santa Clara Unified</item>
						<item>Middle School: Buchser Middle</item>
						<item>High School: Santa Clara High</item>
						<item>High School District: Santa Clara Unified</item>
					</item>
				</item>
			</item>
		</item>
		<item>
			<item>Interior Features</item>
			<item>
				<item>
					<item>Bedroom Information</item>
					<item>
						<item># of Bedrooms (Minimum): 4</item>
						<item># of Bedrooms (Maximum): 4</item>
						<item>Bedrooms: Ground Floor Bedroom</item>
					</item>
				</item>
				<item>
					<item>Bathroom Information</item>
					<item>
						<item># of Baths (Full): 3</item>
						<item>Bathroom Description: Double Sinks, Full on Ground Floor, Master (Stall Shower(s)), Shower and Tub, Stall Shower, Tile</item>
					</item>
				</item>
				<item>
					<item>Room Information</item>
					<item>
						<item>Laundry Room, Mud Room</item>
						<item>Dining Room Description: Breakfast Bar, Dining Area in Living Room</item>
						<item>Kitchen Description: 220 Volt Outlet, Countertop - Quartz, Dishwasher, Exhaust Fan, Garbage Disposal, Microwave, Oven Range (Gas), Refrigerator(s)</item>
					</item>
				</item>
				<item>
					<item>Interior Features</item>
					<item>
						<item>Laundry: Electricity Hookup (220V), Upper Floor</item>
						<item>Flooring: Hardwood, Tile</item>
					</item>
				</item>
				<item>
					<item>Heating &amp; Cooling Information</item>
					<item>
						<item>Cooling: Central Forced Air</item>
						<item>Heating: Central Forced Air</item>
					</item>
				</item>
			</item>
		</item>
		<item>
			<item>Exterior Features</item>
			<item>
				<item>
					<item>Exterior Features</item>
					<item>
						<item>Fencing: Fenced Back, Wood</item>
						<item>Roof: Concrete, Tile</item>
						<item>Yard/Grounds: Backyard, Balcony/Patio, Fenced, Low Maintenance, Sprinkler(s) (Auto)</item>
					</item>
				</item>
				<item>
					<item>Building Information</item>
					<item>
						<item>Building Type: Detached</item>
						<item>Construction Status: Completed (Never Occupied), New Construction</item>
						<item>Construction Type: Wood Frame</item>
						<item>Concrete Slab, Wood Frame</item>
					</item>
				</item>
			</item>
		</item>
		<item>
			<item>Utilities</item>
			<item>
				<item>
					<item>Utility Information</item>
					<item>
						<item>Sewer Septic: Sewer (Public), Sewer Connected</item>
						<item>Utilities: Public Utilities</item>
					</item>
				</item>
				<item>
					<item>Water Information</item>
					<item>
						<item>Water: Public</item>
					</item>
				</item>
			</item>
		</item>
		<item>
			<item>Taxes / Assessments, Location Details, Misc. Information</item>
			<item>
				<item>
					<item>Tax/Assessment Information</item>
					<item>
						<item>City Transfer Tax: No</item>
					</item>
				</item>
				<item>
					<item>Location Information</item>
					<item>
						<item>Directions: I-880 North, exit Coleman AVE, take Coleman AVE towards Santa Clara, use the left lane exit CA-82/Santa Clara, Merge onto De La Cruz Blvd which turns into Lewis Street, Right on Madison. When mapping use the address 1444 Madison Street.</item>
					</item>
				</item>
				<item>
					<item>Miscellaneous Information</item>
					<item>
						<item>Incorporated: Yes</item>
					</item>
				</item>
			</item>
		</item>
		<item>
			<item>Property / Lot Details</item>
			<item>
				<item>
					<item>Property Features</item>
					<item>
						<item>Amenities: High Ceiling</item>
						<item>Communication: Cable TV</item>
						<item>Living Sq. Ft.: 2,064</item>
						<item>Security Features: Fire System (Sprinkler)</item>
					</item>
				</item>
				<item>
					<item>Property Information</item>
					<item>
						<item>Property Faces: East</item>
						<item>Property Master ID: 638768</item>
					</item>
				</item>
				<item>
					<item>Lot Information</item>
					<item>
						<item>Lot Acres: 0.0976</item>
						<item>Lot Description: Grade (Level)</item>
						<item>Lot Size Area Minimum Units: Sq. Ft.</item>
						<item>Lot Size Area Maximum Units: Sq. Ft.</item>
						<item>Lot Size Source: Other (See Remarks)</item>
						<item>Zoning: R1</item>
					</item>
				</item>
			</item>
		</item>
	</property_details>
	<public_facts>
		<Beds>—</Beds>
		<Baths>—</Baths>
		<Finished_Sq._Ft.>—</Finished_Sq._Ft.>
		<Unfinished_Sq._Ft.>—</Unfinished_Sq._Ft.>
		<Total_Sq._Ft.>—</Total_Sq._Ft.>
		<Stories>—</Stories>
		<Lot_Size>—</Lot_Size>
		<Style>Single Family Residential</Style>
		<Year_Built>—</Year_Built>
		<Year_Renovated>—</Year_Renovated>
		<County>Santa Clara County</County>
		<APN>000-000-000</APN>
	</public_facts>
</home>
