<?xml version="1.0" ?>
<home>
	<HomeInfo_Address>
		<street-address>7320 Hawthorn Ave #315 </street-address>
		<locality>Los Angeles, </locality>
		<region>CA</region>
		<postal-code>90046</postal-code>
	</HomeInfo_Address>
	<main_stats>
		<Price>$449,900</Price>
		<Beds>—</Beds>
		<Bath>1</Bath>
		<key name="$818 / Sq. Ft.">550</key>
	</main_stats>
	<text_base_description>Hot modern condo w/ explosive Downtown skyline views! In one of Hollywood's more popular buildings, the Hollywood Regis, right down the street from famed Runyon Canyon, lies this designer done Jr. 1 bedroom condo. Features include a loft like open floor plan, chef's kitchen with Caesar stone counter tops and stainless steel appliances, and cool concrete like tile floors throughout. Fireplace  &amp;  large walk in closet with washer/dryer combo further add to the unit. Building features great pool and spa, cabanas for lounging, gym, &amp;  security. Sit on your balcony and soak up the views, while being able to walk to Rockin' Ralphs, restaurants and nightlife. Great opportunity to invest in and live it up in red hot Hollywood!  See matterport tour, video tour, and supplements. Contact agents for virtual showing event.  </text_base_description>
	<listed_by>
		<name>Erik Brown</name>
		<agentLicenseDisplay>•DRE #01958545</agentLicenseDisplay>
		<org>•DRE #01958545</org>
	</listed_by>
	<price_insights>
		<List_Price>$449,900</List_Price>
		<Est._Mo._Payment>$2,085</Est._Mo._Payment>
		<Redfin_Estimate>$444,726</Redfin_Estimate>
		<key name="Price/Sq.Ft.">$818</key>
	</price_insights>
	<home_facts>
		<Status>Active</Status>
		<Time_on_Redfin>41 days</Time_on_Redfin>
		<Property_Type>Condominium, Residential Condo/Co-Op</Property_Type>
		<HOA_Dues>$400/month</HOA_Dues>
		<Year_Built>1985</Year_Built>
		<Style>Low Rise</Style>
		<Community>Hollywood</Community>
		<Lot_Size>0.84 Acres</Lot_Size>
		<key name="MLS#">20-618606</key>
	</home_facts>
	<property_details>
		<item>
			<item>Virtual Tour, Multi-Unit Information, Homeowners Association, School / Neighborhood</item>
			<item>
				<item>
					<item>Virtual Tour</item>
					<item>
						<item>Virtual Tour (External Link)</item>
					</item>
				</item>
				<item>
					<item>Multi-Unit Information</item>
					<item>
						<item>Management Company Name: Seabreeze</item>
						<item>Management Company Phone: </item>
						<item># of Remote Controls: 1</item>
					</item>
				</item>
				<item>
					<item>HOA Information</item>
					<item>
						<item>Amenities: Association Pet Rules, Controlled Access, Elevator, Exercise Room, Extra Storage, Fitness Center, Gated Community, Onsite Property Management, Pool, Spa</item>
						<item>Fee #1: $399.89</item>
						<item>Fee #1 Frequency: Monthly</item>
						<item>Fees Include Building and Grounds, Fees Include Maintenance, Fees IncludeTrash, Fees Include Water and Sewer</item>
						<item>AssociationPetRules: Assoc Pet Rules, Call, Yes</item>
						<item>Association Phone: 323-969-8928</item>
					</item>
				</item>
				<item>
					<item>Community Information</item>
					<item>
						<item># of Units in Complex (Total): 100</item>
						<item>Entrance Lobby</item>
						<item>Athletic Court: None</item>
					</item>
				</item>
			</item>
		</item>
		<item>
			<item>Interior Features</item>
			<item>
				<item>
					<item>Bedroom Information</item>
					<item>
						<item>WalkInCloset</item>
					</item>
				</item>
				<item>
					<item>Bathroom Information</item>
					<item>
						<item># of Baths (Full): 1</item>
						<item>Shower Over Tub, Tile</item>
					</item>
				</item>
				<item>
					<item>Kitchen Information</item>
					<item>
						<item>Free Standing Gas, Microwave</item>
						<item>Galley Kitchen, Stone Counters</item>
					</item>
				</item>
				<item>
					<item>Laundry Information</item>
					<item>
						<item>Laundry in Closet</item>
					</item>
				</item>
				<item>
					<item>Additional Rooms</item>
					<item>
						<item>Dining Area</item>
						<item>Gym, Powder Room, Walk-In Closet</item>
					</item>
				</item>
				<item>
					<item>Interior Features</item>
					<item>
						<item>Common Walls, Living Room Balcony, Open Floor Plan, Sunken Living Room</item>
						<item>Elevator</item>
					</item>
				</item>
				<item>
					<item>Fireplace Information</item>
					<item>
						<item>Gas Fireplace, In Living Room</item>
						<item># of Fireplaces: 1</item>
					</item>
				</item>
				<item>
					<item>Flooring Information</item>
					<item>
						<item>Ceramic Tile Floors</item>
					</item>
				</item>
				<item>
					<item>Equipment</item>
					<item>
						<item>Dishwasher, Dryer, Garbage Disposal, Microwave, Range/Oven, Refrigerator, Washer</item>
						<item>Cable TV</item>
					</item>
				</item>
				<item>
					<item>Heating &amp; Cooling</item>
					<item>
						<item>A/C</item>
						<item>Fireplace Heat, Forced Air Heating</item>
						<item>Water Heater Features: Gas</item>
					</item>
				</item>
			</item>
		</item>
		<item>
			<item>Parking / Garage</item>
			<item>
				<item>
					<item>Garage</item>
					<item>
						<item>Above Street Level, Assigned, Attached, Community Garage, Controlled Entrance, Covered Parking, Door Opener, Gated</item>
						<item># of Garage Spaces: 1</item>
					</item>
				</item>
				<item>
					<item>Parking</item>
					<item>
						<item># of Parking Spaces (Total): 1</item>
						<item># of Covered Parking Spaces: 1</item>
					</item>
				</item>
			</item>
		</item>
		<item>
			<item>Exterior Features</item>
			<item>
				<item>
					<item>Building Information</item>
					<item>
						<item>Total Floors: 4</item>
						<item>One Level</item>
						<item>Attached, Low Rise</item>
						<item>Attached</item>
						<item>Entry Floor Number: 3</item>
						<item>Faces East</item>
						<item>Security Features: 24 Hour, Carbon Monoxide Detector(s), Card/Code Access, Community, Exterior Security Lights, Fire Sprinklers, Gated, Resident Manager</item>
						<item>Foundation - Concrete Block</item>
						<item>Exterior Construction: Brick, Concrete</item>
					</item>
				</item>
				<item>
					<item>Exterior Features</item>
					<item>
						<item>Patio Features: Balcony</item>
						<item>Balcony: Yes</item>
						<item>Other Structural Features: Balcony</item>
					</item>
				</item>
				<item>
					<item>Pool Information</item>
					<item>
						<item>Association Pool, In Ground Pool, Community Pool</item>
						<item>Association Spa, Community Spa</item>
					</item>
				</item>
			</item>
		</item>
		<item>
			<item>Utilities, Taxes / Assessments, Location Details, Documents &amp; Disclosures</item>
			<item>
				<item>
					<item>Utility Information</item>
					<item>
						<item>Sewer: In Street</item>
						<item>Water: Public</item>
					</item>
				</item>
				<item>
					<item>Assessment Information</item>
					<item>
						<item>Assessor Parcel Number: 5550-017-090</item>
					</item>
				</item>
				<item>
					<item>Location Information</item>
					<item>
						<item>Unit Floor In Building: 3</item>
						<item>Unit Location: 3rd floor</item>
						<item>Complex Name: Seabreeze</item>
						<item>Directions: Sunset (or Hollywood) to Fuller to Hawthorn</item>
					</item>
				</item>
				<item>
					<item>Documents &amp; Disclosures</item>
					<item>
						<item>Disclosures: CC and R</item>
					</item>
				</item>
			</item>
		</item>
		<item>
			<item>Property / Lot Details</item>
			<item>
				<item>
					<item>Property Information</item>
					<item>
						<item>Exposure: Eastern</item>
						<item>Property Type: Residential Condo/Co-Op</item>
						<item>Property Condition: Updated/Remodeled</item>
					</item>
				</item>
				<item>
					<item>Lot Information</item>
					<item>
						<item>Lot Size (Sq. Ft.): 36,439</item>
						<item>Lot Size (Acres): 0.837</item>
						<item>Zoning: LAR3</item>
						<item>Special Zoning: None</item>
						<item>Lot Description: Gated Community</item>
					</item>
				</item>
				<item>
					<item>Property Features</item>
					<item>
						<item>None</item>
						<item>Sprinkler System</item>
						<item>Has View</item>
						<item>View: City</item>
					</item>
				</item>
			</item>
		</item>
		<item>
			<item>Listing Information</item>
			<item>
				<item>
					<item>Listing Information</item>
					<item>
						<item>Possession: Close Of Escrow</item>
					</item>
				</item>
			</item>
		</item>
	</property_details>
	<public_facts>
		<Beds>—</Beds>
		<Baths>1</Baths>
		<Finished_Sq._Ft.>550</Finished_Sq._Ft.>
		<Unfinished_Sq._Ft.>—</Unfinished_Sq._Ft.>
		<Total_Sq._Ft.>550</Total_Sq._Ft.>
		<Stories>—</Stories>
		<Lot_Size>—</Lot_Size>
		<Style>Condo/Co-op</Style>
		<Year_Built>1985</Year_Built>
		<Year_Renovated>1988</Year_Renovated>
		<County>Los Angeles County</County>
		<APN>5550017090</APN>
	</public_facts>
</home>
