<?xml version="1.0" ?>
<home>
	<HomeInfo_Address>
		<street-address>98-401 Kaonohi St #4 </street-address>
		<locality>Aiea, </locality>
		<region>HI</region>
		<postal-code>96701</postal-code>
	</HomeInfo_Address>
	<main_stats>
		<Price>$650,000</Price>
		<Beds>3</Beds>
		<Baths>3</Baths>
		<key name="$459 / Sq. Ft.">1,415</key>
	</main_stats>
	<text_base_description>Excellent looking townhouse.  Well designed with lots of open space in living room.  Tri-Level townhouse.  1st floor has studio with full bath with amenities, 2nd floor has full kitchen with full bath, 3rd level has 2 separate 1 bedrooms with a master bathroom.  5 minutes walking distance to Pearl Ridge Shopping Center.  Located along bus line.  Convenient for home owners and renters.  Two separate access doors for the townhouse.  Total square footage does not agree with the City &amp; County Real Property Tax division and the building department. </text_base_description>
	<listed_by>
		<name>Gifford Chang (DR)</name>
		<org> • Ideal Properties, Inc. </org>
	</listed_by>
	<price_insights>
		<List_Price>$650,000</List_Price>
		<Est._Mo._Payment>$2,999</Est._Mo._Payment>
		<Redfin_Estimate>$633,890</Redfin_Estimate>
		<key name="Price/Sq.Ft.">$459</key>
	</price_insights>
	<home_facts>
		<Status>Active</Status>
		<Time_on_Redfin>76 days</Time_on_Redfin>
		<Property_Type>Condo/Townhouse, Townhouse, Walk-Up</Property_Type>
		<HOA_Dues>$664/month</HOA_Dues>
		<Year_Built>1971</Year_Built>
		<Community>Pearlridge</Community>
		<Lot_Size>1,415 Sq. Ft.</Lot_Size>
		<key name="MLS#">202016963</key>
	</home_facts>
	<property_details>
		<item>
			<item>Interior Features</item>
			<item>
				<item>
					<item>Bathroom Information</item>
					<item>
						<item># of Bathrooms (Full): 3</item>
					</item>
				</item>
				<item>
					<item>Interior Features</item>
					<item>
						<item>Inclusions: A/C Window Unit, Dryer, Range/Oven, Refrigerator, Solar Heater, Washer</item>
						<item>Furnished: Partial</item>
						<item>Flooring: Ceramic Tile, Vinyl</item>
						<item>Exclusions: Dryer, Refrigerator, Washer</item>
					</item>
				</item>
				<item>
					<item>Square Footage</item>
					<item>
						<item>Sq. Ft. Lanai (Open): 36</item>
						<item>Sq. Ft. Roofed (Living): 1,415</item>
					</item>
				</item>
			</item>
		</item>
		<item>
			<item>Parking / Garage, Exterior Features, Multi-Unit Information, Homeowners Association</item>
			<item>
				<item>
					<item>Parking/Garage Information</item>
					<item>
						<item>Parking Features: Assigned, 2 Open Spaces</item>
						<item># of Parking Spaces (Total): 2</item>
						<item>Condo Parking Unit: 0</item>
					</item>
				</item>
				<item>
					<item>Exterior Features</item>
					<item>
						<item>Security Features: Key</item>
					</item>
				</item>
				<item>
					<item>Multi-Unit Information</item>
					<item>
						<item>Unit Features: Bedroom on 1st Level, Full Bath on 1st Floor, Multi Level, Split Level</item>
					</item>
				</item>
				<item>
					<item>Homeowners Association Information</item>
					<item>
						<item>Maintenance Expense: 663.56</item>
						<item>Association Fee Total: $664</item>
						<item>Sewer, Water</item>
						<item>Other Common Expenses, Sewer</item>
					</item>
				</item>
			</item>
		</item>
		<item>
			<item>School / Neighborhood, Taxes / Assessments, Location Details, Documents &amp; Disclosures</item>
			<item>
				<item>
					<item>School Information</item>
					<item>
						<item>Elementary School: Aiea</item>
						<item>Middle Or Junior School: Aiea</item>
						<item>High School: Aiea</item>
					</item>
				</item>
				<item>
					<item>Tax Information</item>
					<item>
						<item>Tax Amount: 65.04</item>
						<item>Tax Year: 2020</item>
						<item>Tax Assessed Value Land: 264500.00</item>
						<item>Tax Assessed Value Improvements: $181,500</item>
						<item>Tax Assessed Value: 446000.00</item>
						<item>Tax Exemption Owner Occupancy: 0</item>
					</item>
				</item>
				<item>
					<item>Location Details</item>
					<item>
						<item>Neighbourhood: PEARLRIDGE</item>
						<item>Floor Number: 0</item>
					</item>
				</item>
				<item>
					<item>Documents &amp; Disclosures</item>
					<item>
						<item>Disclosures: 1031 Exchange, Licensed Owner, Listor Owner, Property Disclosure Stmt</item>
					</item>
				</item>
			</item>
		</item>
		<item>
			<item>Property / Lot Details</item>
			<item>
				<item>
					<item>Property Information</item>
					<item>
						<item>Property Type: Condo/Townhouse</item>
						<item>Architectural Style: Townhouse, Walk-Up</item>
						<item>Property Frontage: Golf Course, Other</item>
						<item>Property Condition: Above Average</item>
						<item>Year Remodeled: 2020</item>
						<item>Year Built: 1971</item>
						<item>Construction Materials: Above Ground, Brick, Concrete, Hollow Tile</item>
						<item>Building Name: Tropicana Village-Aiea</item>
						<item>Stories Type: Three</item>
					</item>
				</item>
				<item>
					<item>Lot Information</item>
					<item>
						<item>Zoning: 00 - Residential</item>
						<item>Lot Size Area: 1415.00</item>
						<item>Parcel Number: 1-9-8-040-002-0004</item>
					</item>
				</item>
				<item>
					<item>Land Information</item>
					<item>
						<item>Land Tenure: FS - Fee Simple</item>
						<item>Remodelled: Full</item>
						<item>Land Recorded: Land Court</item>
						<item>Flood Zone: Zone X</item>
					</item>
				</item>
			</item>
		</item>
	</property_details>
	<public_facts>
		<Beds>—</Beds>
		<Baths>—</Baths>
		<Finished_Sq._Ft.>—</Finished_Sq._Ft.>
		<Unfinished_Sq._Ft.>—</Unfinished_Sq._Ft.>
		<Total_Sq._Ft.>—</Total_Sq._Ft.>
		<Stories>—</Stories>
		<Lot_Size>—</Lot_Size>
		<Style>Condo/Co-op</Style>
		<Year_Built>—</Year_Built>
		<Year_Renovated>—</Year_Renovated>
		<County>Honolulu County</County>
		<APN>1-9-8-040-002-0004</APN>
	</public_facts>
</home>
