<?xml version="1.0" ?>
<home>
	<HomeInfo_Address>
		<street-address>2220 N Lafler Rd </street-address>
		<locality>Los Angeles, </locality>
		<region>CA</region>
		<postal-code>90032</postal-code>
	</HomeInfo_Address>
	<main_stats>
		<Price>$99,000</Price>
		<Beds>—</Beds>
		<Baths>—</Baths>
		<Sq._Ft.>—</Sq._Ft.>
	</main_stats>
	<text_base_description>APN: 5221-028-013. Appx 5,201 SF, zoned R1. Take this great opportunity to build your custom dream home  on paved road with hill and part of DTLA views! Upslope lot with utilities nearby. No reports or survey. Centrally located in El Sereno with easy access to freeway and just minutes to Cal State LA, DTLA and many restaurants nearby. Please check with city of Los Angeles Building and Safety for specific questions, details and permits. Buyer to verify all information and rely on their own investigations. Sold AS IS  &amp;  WHERE IS. Drive by and MAKE OFFER.  </text_base_description>
	<listed_by>
		<name>Shawn S. Kormondy</name>
		<agentLicenseDisplay>•DRE #01451888</agentLicenseDisplay>
		<org>•DRE #01451888</org>
	</listed_by>
	<price_insights>
		<List_Price>$99,000</List_Price>
		<Est._Mo._Payment>$460</Est._Mo._Payment>
		<Redfin_Estimate>$90,385</Redfin_Estimate>
	</price_insights>
	<home_facts>
		<Status>Active</Status>
		<Time_on_Redfin>65 days</Time_on_Redfin>
		<Property_Type>Residential Land</Property_Type>
		<Community>El Sereno</Community>
		<Lot_Size>5,202 Sq. Ft.</Lot_Size>
		<key name="MLS#">20-609206</key>
	</home_facts>
	<property_details>
		<item>
			<item>Taxes / Assessments, Location Details, Documents &amp; Disclosures</item>
			<item>
				<item>
					<item>Assessment Information</item>
					<item>
						<item>Assessor Parcel Number: 5221-028-013</item>
					</item>
				</item>
				<item>
					<item>Location Information</item>
					<item>
						<item>Directions: From Valley Blvd/Marianna Ave, go on Cavanagh Rd and left on Lafler Rd. Lot is on the right side.</item>
					</item>
				</item>
				<item>
					<item>Documents &amp; Disclosures</item>
					<item>
						<item>Disclosures: As Is</item>
					</item>
				</item>
			</item>
		</item>
		<item>
			<item>Property / Lot Details</item>
			<item>
				<item>
					<item>Property Information</item>
					<item>
						<item>Property Type: Residential Land</item>
					</item>
				</item>
				<item>
					<item>Lot Information</item>
					<item>
						<item>Lot Size (Sq. Ft.): 5,202</item>
						<item>Lot Size (Acres): 0.1194</item>
						<item>Lot Size Dimensions: 89 x 58</item>
						<item>Zoning: LAR1</item>
						<item>Special Zoning: Property Report</item>
					</item>
				</item>
				<item>
					<item>Property Features</item>
					<item>
						<item>Has View</item>
						<item>View: City, Hills</item>
					</item>
				</item>
			</item>
		</item>
	</property_details>
	<public_facts>
		<Beds>—</Beds>
		<Baths>—</Baths>
		<Finished_Sq._Ft.>—</Finished_Sq._Ft.>
		<Unfinished_Sq._Ft.>—</Unfinished_Sq._Ft.>
		<Total_Sq._Ft.>—</Total_Sq._Ft.>
		<Stories>—</Stories>
		<Lot_Size>—</Lot_Size>
		<Style>Vacant Land</Style>
		<Year_Built>—</Year_Built>
		<Year_Renovated>—</Year_Renovated>
		<County>Los Angeles County</County>
		<APN>5221-028-013</APN>
	</public_facts>
</home>
