<?xml version="1.0" ?>
<home>
	<HomeInfo_Address>
		<street-address>98-673 Kilinoe St </street-address>
		<locality>Aiea, </locality>
		<region>HI</region>
		<postal-code>96701</postal-code>
	</HomeInfo_Address>
	<main_stats>
		<Price>$3,900,000</Price>
		<Beds>—</Beds>
		<Baths>—</Baths>
		<Sq._Ft.>—</Sq._Ft.>
	</main_stats>
	<text_base_description>Rarely available 82 acre  lot in the Royal Summit  neighborhood of Aiea.  Development Opportunity, 2.66 Acres of A-1 Low Density Apartment Zoning with Bonus 78 Acres of Beautiful P-1 &amp; P-2 Zoning Preservation Land, Amazingly beautiful neighborhood right in the heart of Oahu.    Close to shopping, parks, schools, and Pearl Harbor.   Unique opportunity for the right buyer.  Videos and more pictures coming soon. </text_base_description>
	<listed_by>
		<name>Adrienne Lally (R)</name>
		<org> • Keller Williams Honolulu </org>
	</listed_by>
	<price_insights>
		<List_Price>$3,900,000</List_Price>
		<Est._Mo._Payment>$13,965</Est._Mo._Payment>
		<Redfin_Estimate>$3,823,042</Redfin_Estimate>
	</price_insights>
	<home_facts>
		<Status>Active</Status>
		<Time_on_Redfin>110 days</Time_on_Redfin>
		<Property_Type>Lots/Acres/Farms</Property_Type>
		<HOA_Dues>$33/month</HOA_Dues>
		<Community>Aiea</Community>
		<Lot_Size>82.36 Acres</Lot_Size>
		<key name="MLS#">202012459</key>
	</home_facts>
	<property_details>
		<item>
			<item>Homeowners Association, Utilities, Taxes / Assessments, Location Details</item>
			<item>
				<item>
					<item>Homeowners Association Information</item>
					<item>
						<item>Association Fee: $33</item>
						<item>Association Community Name: Newtown</item>
					</item>
				</item>
				<item>
					<item>Utility Information</item>
					<item>
						<item>Utilities: Cable, Electricity, Gas, Other, Public Water, Septic, Telephone, Water</item>
					</item>
				</item>
				<item>
					<item>Tax Information</item>
					<item>
						<item>Tax Amount: 162.33</item>
						<item>Tax Year: 2019</item>
						<item>Tax Lot: 888 B</item>
						<item>Tax Assessed Value Land: 494800.00</item>
						<item>Tax Paid By Seller </item>
						<item>Tax Assessed Value: 494800.00</item>
					</item>
				</item>
				<item>
					<item>Location Details</item>
					<item>
						<item>Location: Cul-De-Sac, Dead End</item>
					</item>
				</item>
			</item>
		</item>
		<item>
			<item>Property / Lot Details</item>
			<item>
				<item>
					<item>Property Information</item>
					<item>
						<item>Property Type: Lots/Acres/Farms</item>
						<item>Property Sub Type: Land</item>
						<item>Property Frontage: Preservation, Stream/Canal</item>
						<item>View: City, Coastline, Marina/Canal, Mountain, Ocean</item>
					</item>
				</item>
				<item>
					<item>Lot Information</item>
					<item>
						<item>Lot Features: Irregular, Other, Rim Lot, Wooded</item>
						<item>Improvements: Curbs, Driveway, Irrigation, Sidewalks</item>
						<item>Zoning: 61 - P-1 Restricted Preservatio</item>
						<item>Easements: Cable, Drainage, Driveway, Egress, Electric, Ingress, Sewer, Telephone</item>
						<item>Road Frontage: County Rd, Paved Road</item>
						<item>Possible Use: Church, Duplex, Farm, Multi Family, Nursery, Other, Park/Recreation, Single Family</item>
						<item>Lot Size Area: 3587470.00</item>
						<item>Parcel Number: 1-9-8-073-002-0000</item>
					</item>
				</item>
				<item>
					<item>Land Information</item>
					<item>
						<item>Topography: Hilly, Level</item>
						<item>Land Use: Agricultural, Other, Residential</item>
						<item>Land Tenure: FS - Fee Simple</item>
						<item>Land Recorded: Land Court</item>
						<item>Flood Zone: Zone D</item>
					</item>
				</item>
			</item>
		</item>
		<item>
			<item>Documents &amp; Disclosures</item>
			<item>
				<item>
					<item>Documents &amp; Disclosures</item>
					<item>
						<item>Documents: Title Search</item>
						<item>Disclosures: Property Disclosure Stmt</item>
					</item>
				</item>
			</item>
		</item>
	</property_details>
	<public_facts>
		<Beds>4</Beds>
		<Baths>3.5</Baths>
		<Finished_Sq._Ft.>3,208</Finished_Sq._Ft.>
		<Unfinished_Sq._Ft.>—</Unfinished_Sq._Ft.>
		<Total_Sq._Ft.>3,208</Total_Sq._Ft.>
		<Stories>2</Stories>
		<Lot_Size>82.36 Acres</Lot_Size>
		<Style>Single Family Residential</Style>
		<Year_Built>2012</Year_Built>
		<Year_Renovated>—</Year_Renovated>
		<County>Honolulu County</County>
		<APN>1 9 8 073 002 0000</APN>
	</public_facts>
</home>
