<?xml version="1.0" ?>
<home>
	<HomeInfo_Address>
		<street-address>2553 Onyx Dr </street-address>
		<locality>Los Angeles, </locality>
		<region>CA</region>
		<postal-code>90032</postal-code>
	</HomeInfo_Address>
	<main_stats>
		<Price>$115,000</Price>
		<Beds>—</Beds>
		<Baths>—</Baths>
		<Sq._Ft.>—</Sq._Ft.>
	</main_stats>
	<text_base_description>Great opportunity for developers! This lot is sorrounded by existing homes which makes it easier for utilitiy access.  </text_base_description>
	<listed_by>
		<name>Griselda Espinoza</name>
		<agentLicenseDisplay>•DRE #01785581</agentLicenseDisplay>
		<org>•DRE #01785581</org>
	</listed_by>
	<price_insights>
		<List_Price>$115,000</List_Price>
		<Est._Mo._Payment>$534</Est._Mo._Payment>
		<Redfin_Estimate>$107,507</Redfin_Estimate>
	</price_insights>
	<home_facts>
		<Status>Active</Status>
		<Time_on_Redfin>52 days</Time_on_Redfin>
		<Property_Type>Residential Land</Property_Type>
		<Community>El Sereno</Community>
		<Lot_Size>4,572 Sq. Ft.</Lot_Size>
		<key name="MLS#">20-614588</key>
	</home_facts>
	<property_details>
		<item>
			<item>School / Neighborhood, Utilities, Financing, Location Details</item>
			<item>
				<item>
					<item>Community Information</item>
					<item>
						<item>Street Description: Public, Asphalt</item>
					</item>
				</item>
				<item>
					<item>Utility Information</item>
					<item>
						<item>Cable</item>
						<item>Telephone Service: In Street</item>
						<item>Electric: None</item>
						<item>Sewer: Unknown</item>
						<item>Water: Water District</item>
					</item>
				</item>
				<item>
					<item>Financial Information</item>
					<item>
						<item>Listing Terms: Cash To New Loan, Cash To Existing Loan, Cash</item>
					</item>
				</item>
				<item>
					<item>Location Information</item>
					<item>
						<item>Directions: See GPS</item>
					</item>
				</item>
			</item>
		</item>
		<item>
			<item>Taxes / Assessments</item>
			<item>
				<item>
					<item>Assessment Information</item>
					<item>
						<item>Assessments: None</item>
						<item>Assessor Parcel Number: 5209-023-002</item>
					</item>
				</item>
				<item>
					<item>Tax Information</item>
					<item>
						<item>Tax Rate: 1.25</item>
					</item>
				</item>
			</item>
		</item>
		<item>
			<item>Property / Lot Details</item>
			<item>
				<item>
					<item>Property Information</item>
					<item>
						<item>Land Lease Type: Fee</item>
						<item>Property Type: Residential Land</item>
					</item>
				</item>
				<item>
					<item>Land Information</item>
					<item>
						<item>0-1 Unit/Acre</item>
						<item>Potential Usage: SFR</item>
						<item>Possible New Zone: LR1</item>
						<item>Usable Land %: 80.00</item>
						<item>Topography: Varied</item>
						<item>Current Geological: False</item>
					</item>
				</item>
				<item>
					<item>Lot Information</item>
					<item>
						<item>Lot Size (Sq. Ft.): 4,572</item>
						<item>Lot Size (Acres): 0.1049</item>
						<item>Zoning: LAR1</item>
						<item>Special Zoning: None</item>
						<item>Lot Location: None</item>
					</item>
				</item>
				<item>
					<item>Property Features</item>
					<item>
						<item>Has View</item>
						<item>View: City Lights, City, Walk Street</item>
						<item>Public Street: True</item>
						<item>Street Lights: True</item>
						<item>Telephone Service</item>
					</item>
				</item>
			</item>
		</item>
		<item>
			<item>Documents &amp; Disclosures, Listing Information</item>
			<item>
				<item>
					<item>Documents &amp; Disclosures</item>
					<item>
						<item>Disclosures: As Is</item>
					</item>
				</item>
				<item>
					<item>Listing Information</item>
					<item>
						<item>Possession: Close Of Escrow</item>
						<item>Listing Terms: Cash To New Loan, Cash To Existing Loan, Cash</item>
					</item>
				</item>
			</item>
		</item>
	</property_details>
	<public_facts>
		<Beds>—</Beds>
		<Baths>—</Baths>
		<Finished_Sq._Ft.>—</Finished_Sq._Ft.>
		<Unfinished_Sq._Ft.>—</Unfinished_Sq._Ft.>
		<Total_Sq._Ft.>—</Total_Sq._Ft.>
		<Stories>—</Stories>
		<Lot_Size>—</Lot_Size>
		<Style>Vacant Land</Style>
		<Year_Built>—</Year_Built>
		<Year_Renovated>—</Year_Renovated>
		<County>Los Angeles County</County>
		<APN>5209-023-002</APN>
	</public_facts>
</home>
