<?xml version="1.0" ?>
<home>
	<HomeInfo_Address>
		<street-address>4250 Raynol St </street-address>
		<locality>El Sereno, </locality>
		<region>CA</region>
		<postal-code>90032</postal-code>
	</HomeInfo_Address>
	<main_stats>
		<Price>$250,000</Price>
		<Beds>—</Beds>
		<Baths>—</Baths>
		<Sq._Ft.>—</Sq._Ft.>
	</main_stats>
	<text_base_description>ATTENTION ALL DEVELOPERS AND BUILDERS!!!. .. .. .GREAT OPPORTUNITY TO BUILT IN HIGHLY DESIRABLE LOCATION. .. 4250 Raynol St. , Los Angeles, APN # 5305-017-001. Zoned LAR1. This alluring lot for sale in the heart of El Sereno area with breathtaking Canyon and City Views!  Situated in a quiet neighborhood with lots of newly build homes and new homes being built now directly across the street and down the street. Located in the intersection of AMETHYST and RAYNOL. Buyer to verify all information and rely on their own investigations. Lot sold AS IS. Drive by and MAKE OFFER. New homes sale in the area are in the $750K to $1.1M. Slope analysis and Topographic map already done. Location is near South Pasadena, Alhambra, Downtown, USC Medical, CAL STATE LA and Dodger Stadium. SELLERS ARE VERY MOTIVATED! </text_base_description>
	<listed_by>
		<name>LILY MAJANO</name>
		<agentLicenseDisplay>•DRE #01295762</agentLicenseDisplay>
		<org>•DRE #01295762</org>
	</listed_by>
	<price_insights>
		<List_Price>$250,000</List_Price>
		<Est._Mo._Payment>$1,161</Est._Mo._Payment>
		<Redfin_Estimate>$245,529</Redfin_Estimate>
	</price_insights>
	<home_facts>
		<Status>Active</Status>
		<Time_on_Redfin>56 days</Time_on_Redfin>
		<Community>621 - El Sereno</Community>
		<Lot_Size>4,008 Sq. Ft.</Lot_Size>
		<key name="MLS#">MB20150333</key>
	</home_facts>
	<property_details>
		<item>
			<item>School / Neighborhood, Utilities, Location Details</item>
			<item>
				<item>
					<item>Neighborhood Information</item>
					<item>
						<item>Biking, Hiking, Mountainous, Ravine</item>
					</item>
				</item>
				<item>
					<item>Utilities Information</item>
					<item>
						<item>None, Cable Available, Electricity Available, Natural Gas Available, Telephone - In Street, Sewer Available, Water Available</item>
						<item>Water Source: District/Public</item>
					</item>
				</item>
				<item>
					<item>Location Information</item>
					<item>
						<item>Directions: Corner of Amethyst and Raynol</item>
						<item>Zoning: LAR1</item>
					</item>
				</item>
			</item>
		</item>
		<item>
			<item>Property / Lot Details</item>
			<item>
				<item>
					<item>Lot Information</item>
					<item>
						<item>Distance To Water Comments: at street</item>
						<item>Elevation Units: Feet</item>
						<item>Lot Size Source: Assessor's Data</item>
						<item>Lot Features: 0-1 Unit/Acre, Value In Land</item>
					</item>
				</item>
				<item>
					<item>Property Information</item>
					<item>
						<item>Parcel Number: 5305017001</item>
						<item>Has View</item>
					</item>
				</item>
			</item>
		</item>
	</property_details>
	<public_facts>
		<Beds>—</Beds>
		<Baths>—</Baths>
		<Finished_Sq._Ft.>—</Finished_Sq._Ft.>
		<Unfinished_Sq._Ft.>—</Unfinished_Sq._Ft.>
		<Total_Sq._Ft.>—</Total_Sq._Ft.>
		<Stories>—</Stories>
		<Lot_Size>—</Lot_Size>
		<Style>Vacant Land</Style>
		<Year_Built>—</Year_Built>
		<Year_Renovated>—</Year_Renovated>
		<County>Los Angeles County</County>
		<APN>5305017001</APN>
	</public_facts>
</home>
