<?xml version="1.0" ?>
<home>
	<HomeInfo_Address>
		<street-address>12434 Ambaum Blvd SW Unit B-210 </street-address>
		<locality>Burien, </locality>
		<region>WA</region>
		<postal-code>98146</postal-code>
	</HomeInfo_Address>
	<main_stats>
		<Price>$149,000</Price>
		<Beds>—</Beds>
		<Baths>—</Baths>
		<key name="$303 / Sq. Ft.">492</key>
	</main_stats>
	<text_base_description>Clean, top floor, 1-bedroom condominium featuring: full bath, open living space, new carpet, and deck with storage closet. Kitchen features breakfast bar. Bedroom has a large closet! Clubhouse and swimming pool access. Assigned parking spot included. Fantastic location! Easy bus service to Seattle, quick access to downtown Burien with shops, restaurants, transit center/P &amp; R and public spaces, including the new public library. NO rental cap! </text_base_description>
	<listed_by>
		<name>Miles Bailey</name>
		<org> • John L. Scott, Inc </org>
	</listed_by>
	<price_insights>
		<List_Price>$149,000</List_Price>
		<Est._Mo._Payment>$632</Est._Mo._Payment>
		<Redfin_Estimate>$147,969</Redfin_Estimate>
		<key name="Price/Sq.Ft.">$303</key>
		<key name="Buyer's Brokerage Compensation">3.0%</key>
	</price_insights>
	<home_facts>
		<Status>Active</Status>
		<Time_on_Redfin>48 days</Time_on_Redfin>
		<Property_Type>Condominium</Property_Type>
		<HOA_Dues>$287/month</HOA_Dues>
		<Year_Built>1983</Year_Built>
		<Style>Condominium (2 Levels)</Style>
		<Community>Burien</Community>
		<key name="MLS#">1643194</key>
	</home_facts>
	<property_details>
		<item>
			<item>Interior Features</item>
			<item>
				<item>
					<item>Flooring Information</item>
					<item>
						<item>Vinyl Floor, Wall-to-Wall Carpet</item>
					</item>
				</item>
				<item>
					<item>Equipment</item>
					<item>
						<item>Dishwasher, Range/Oven, Refrigerator</item>
						<item>Electric Range/Oven Hookup</item>
					</item>
				</item>
				<item>
					<item>Heating &amp; Cooling</item>
					<item>
						<item>Wall Heat</item>
						<item>Water Heater: Closet-Electric</item>
					</item>
				</item>
			</item>
		</item>
		<item>
			<item>Parking / Garage, Exterior Features, Multi-Unit Information, Homeowners Association</item>
			<item>
				<item>
					<item>Parking Information</item>
					<item>
						<item># of Assigned Spaces: 1</item>
						<item>Parking Space Number: 14</item>
						<item>Off-Street Parking, Uncovered</item>
					</item>
				</item>
				<item>
					<item>Building Information</item>
					<item>
						<item>Wood Exterior, Wood Products Exterior</item>
						<item>Composition Roof</item>
						<item>Storage Location: Balcony</item>
						<item>Effective Year Built Source: Public Records</item>
					</item>
				</item>
				<item>
					<item>Community Information</item>
					<item>
						<item># of Units in Complex: 32</item>
						<item>Owner Occupancy (%): 63</item>
						<item>Exercise Room, Game/Recreation Room, Laundry Room, Outdoor Pool</item>
						<item>Pets Subject to Restrictions</item>
						<item>Project Not Approved by FHA</item>
					</item>
				</item>
				<item>
					<item>Homeowners Association Information</item>
					<item>
						<item>Dues: $287</item>
						<item>Includes Garbage, Includes Water/Sewer, Common Area Maintenance, Lawn Service</item>
					</item>
				</item>
			</item>
		</item>
		<item>
			<item>School / Neighborhood, Utilities, Financing, Location Details</item>
			<item>
				<item>
					<item>School Information</item>
					<item>
						<item>School District: Highline</item>
					</item>
				</item>
				<item>
					<item>Utility Information</item>
					<item>
						<item>Energy Source: Electric</item>
					</item>
				</item>
				<item>
					<item>Financial Information</item>
					<item>
						<item>Cash Out, Conventional</item>
						<item>Annual Taxes: $1,183</item>
						<item>Tax Year: 2019</item>
						<item>No Senior Exemption</item>
					</item>
				</item>
				<item>
					<item>Location Information</item>
					<item>
						<item>Burien/Normandy Park</item>
						<item>Near Busline</item>
					</item>
				</item>
			</item>
		</item>
		<item>
			<item>Property / Lot Details</item>
			<item>
				<item>
					<item>Property Features</item>
					<item>
						<item>Balcony/Deck/Patio, Top Floor</item>
					</item>
				</item>
				<item>
					<item>Lot Information</item>
					<item>
						<item>Curbed Lot, Lot Is On Paved Street, Lot Has Sidewalks</item>
					</item>
				</item>
				<item>
					<item>Property Information</item>
					<item>
						<item># of Access Stairs: 10</item>
						<item>Preliminary Title Ordered: Yes</item>
						<item>Tax ID #: 3575000220</item>
						<item>Plat/Subdivision: Inglesea Terrace</item>
						<item>Common Interest Community</item>
					</item>
				</item>
			</item>
		</item>
		<item>
			<item>Listing Information</item>
			<item>
				<item>
					<item>Listing Information</item>
					<item>
						<item>Offers Reviewed on Receipt</item>
						<item>Possession: Closing</item>
					</item>
				</item>
				<item>
					<item>Buyer's Brokerage Compensation</item>
					<item>
						<item>3.0%</item>
					</item>
				</item>
			</item>
		</item>
	</property_details>
	<public_facts>
		<Beds>—</Beds>
		<Baths>—</Baths>
		<Finished_Sq._Ft.>—</Finished_Sq._Ft.>
		<Unfinished_Sq._Ft.>—</Unfinished_Sq._Ft.>
		<Total_Sq._Ft.>—</Total_Sq._Ft.>
		<Stories>—</Stories>
		<Lot_Size>—</Lot_Size>
		<Style>Condo/Co-op</Style>
		<Year_Built>—</Year_Built>
		<Year_Renovated>—</Year_Renovated>
		<County>Pierce County</County>
		<APN>3575000220</APN>
	</public_facts>
</home>
