<?xml version="1.0" ?>
<home>
	<HomeInfo_Address>
		<street-address>7919 Yellow Thistle Trl #8 </street-address>
		<locality>Austin, </locality>
		<region>TX</region>
		<postal-code>78735</postal-code>
	</HomeInfo_Address>
	<main_stats>
		<Price>$749,800</Price>
		<Beds>4</Beds>
		<Baths>4</Baths>
		<key name="$305 / Sq. Ft.">2,462</key>
	</main_stats>
	<text_base_description>Lot 8 Pasilla: Cayena -a new community of modern homes off Southwest Pkwy. The Pasilla floorplan includes high ceilings, hardwood floors, tile  &amp;  stainless appliances. This 3 story modern city home is equipped with covered patios on each level, an attached 2 car garage, and large casement windows providing lots of natural light. Cayena is just minutes to downtown Austin, airport  &amp;  hill country. Short walk to the new Lantana Place - Movie House  &amp;  Eatery, Perry's Steakhouse, Salons, Markets  &amp;  More! Sprinkler Sys:Yes </text_base_description>
	<listed_by>
		<name>Nicole Kessler</name>
		<agentLicenseDisplay>•TREC #0429374</agentLicenseDisplay>
		<org>•TREC #0429374</org>
	</listed_by>
	<price_insights>
		<List_Price>$749,800</List_Price>
		<Est._Mo._Payment>$4,021</Est._Mo._Payment>
		<key name="Price/Sq.Ft.">$305</key>
	</price_insights>
	<home_facts>
		<Status>Active</Status>
		<Time_on_Redfin>260 days</Time_on_Redfin>
		<Property_Type>Residential, Single Family Residence</Property_Type>
		<HOA_Dues>$175/month</HOA_Dues>
		<Year_Built>2019</Year_Built>
		<Community>Cayena</Community>
		<Lot_Size>436 Sq. Ft.</Lot_Size>
		<key name="MLS#">4310242</key>
	</home_facts>
	<property_details>
		<item>
			<item>Virtual Tour, Multi-Unit Information, Homeowners Association, School / Neighborhood</item>
			<item>
				<item>
					<item>Virtual Tour</item>
					<item>
						<item>Virtual Tour Branded (External Link)</item>
						<item>Virtual Tour Unbranded(External Link)</item>
					</item>
				</item>
				<item>
					<item>Multi Unit Information</item>
					<item>
						<item>Pets Allowed: No</item>
					</item>
				</item>
				<item>
					<item>HOA Information</item>
					<item>
						<item>Has Home Owners Association</item>
						<item>Association Name: Cayena</item>
						<item>Association Fee: $175</item>
						<item>Monthly</item>
						<item>Association Fee Includes: Common Areas, Maintenance Grounds, Water</item>
					</item>
				</item>
				<item>
					<item>School</item>
					<item>
						<item>Elementary School District: Austin ISD</item>
						<item>Middle Or Junior School District: Austin ISD</item>
						<item>High School District: Austin ISD</item>
						<item>Elementary School: Oak Hill</item>
						<item>Middle Or Junior School: Small,</item>
						<item>High School: Austin,</item>
					</item>
				</item>
			</item>
		</item>
		<item>
			<item>Interior Features</item>
			<item>
				<item>
					<item>Bedroom Information</item>
					<item>
						<item># of Main Level Bedrooms: 1</item>
					</item>
				</item>
				<item>
					<item>Bathroom Information</item>
					<item>
						<item># of Full Bathrooms: 4</item>
					</item>
				</item>
				<item>
					<item>Room 1 Information</item>
					<item>
						<item>Dining Room</item>
					</item>
				</item>
				<item>
					<item>Room 2 Information</item>
					<item>
						<item>Workshop</item>
					</item>
				</item>
				<item>
					<item>Room 3 Information</item>
					<item>
						<item>Laundry</item>
					</item>
				</item>
				<item>
					<item>Room 4 Information</item>
					<item>
						<item>Master Bathroom</item>
						<item>Features: Double Vanity, Separate Shower</item>
					</item>
				</item>
				<item>
					<item>Room 5 Information</item>
					<item>
						<item>Living Room</item>
					</item>
				</item>
				<item>
					<item>Room 6 Information</item>
					<item>
						<item>Office</item>
					</item>
				</item>
				<item>
					<item>Room 7 Information</item>
					<item>
						<item>Kitchen</item>
						<item>Features: Breakfast Bar, Kitchen Island, Kitchen/Family Room Combo, Quartz Counters</item>
					</item>
				</item>
				<item>
					<item>Room 8 Information</item>
					<item>
						<item>Master Bedroom</item>
						<item>Features: Walk-In Closet(s)</item>
					</item>
				</item>
				<item>
					<item>Fireplace Information</item>
					<item>
						<item>Has Fireplace</item>
						<item># of Fireplaces: 1</item>
						<item>Features: Living Room</item>
					</item>
				</item>
				<item>
					<item>Equipment</item>
					<item>
						<item>Appliances: Built-In Oven, Dishwasher, Free-Standing Range, Gas Cooktop, Disposal, Gas Water Heater, Microwave, Stainless Steel Appliance(s)</item>
					</item>
				</item>
				<item>
					<item>Interior Features</item>
					<item>
						<item>Unfurnished</item>
						<item>Flooring: Carpet, Tile, Wood</item>
						<item>Other Features: Breakfast Bar, Separate/Formal Dining Room, High Ceilings, Interior Steps, Multiple Living Areas</item>
					</item>
				</item>
			</item>
		</item>
		<item>
			<item>Parking / Garage</item>
			<item>
				<item>
					<item>Garage/Carport Information</item>
					<item>
						<item>Has Garage</item>
						<item>Has Attached Garage</item>
						<item># of Garage Spaces: 2</item>
					</item>
				</item>
				<item>
					<item>Parking</item>
					<item>
						<item>Features: Attached, Garage</item>
						<item># of Parking (Total): 2</item>
						<item># of Covered Spaces: 2</item>
					</item>
				</item>
			</item>
		</item>
		<item>
			<item>Exterior Features</item>
			<item>
				<item>
					<item>Building Information</item>
					<item>
						<item>New Construction</item>
						<item>Roof Details: Flat Tile</item>
						<item>Construction Details: HardiPlank Type, Stucco</item>
						<item>Builder Name: Hopper Communities</item>
					</item>
				</item>
				<item>
					<item>Exterior Features</item>
					<item>
						<item>Exterior Features: Balcony, Private Yard, Rain Gutters</item>
						<item>Patio And Porch Features: Covered, Patio, Balcony</item>
						<item>Fencing: Fenced</item>
					</item>
				</item>
			</item>
		</item>
		<item>
			<item>Utilities</item>
			<item>
				<item>
					<item>Utility Information</item>
					<item>
						<item>Utilities: Electricity Available, Natural Gas Available</item>
						<item>Sewer: Public Sewer</item>
						<item>Water Source: Public</item>
					</item>
				</item>
				<item>
					<item>Heating &amp; Cooling</item>
					<item>
						<item>Has Cooling</item>
						<item>Cooling: Central Air</item>
						<item>Has Heating</item>
						<item>Heating: Central, Heat Pump</item>
					</item>
				</item>
			</item>
		</item>
		<item>
			<item>Taxes / Assessments, Location Details</item>
			<item>
				<item>
					<item>Tax Information</item>
					<item>
						<item>Tax Year: 2019</item>
					</item>
				</item>
				<item>
					<item>Community Information</item>
					<item>
						<item>Community Features: Community Mailbox, Sidewalks</item>
					</item>
				</item>
			</item>
		</item>
		<item>
			<item>Property / Lot Details</item>
			<item>
				<item>
					<item>Lot Information</item>
					<item>
						<item>Lot Size Area: 0.01</item>
						<item>Lot Size Acres: 0.01</item>
						<item>Lot Features: Sprinklers In Rear, Sprinklers In Front, Level, Sprinklers Automatic</item>
					</item>
				</item>
				<item>
					<item>Property Information</item>
					<item>
						<item>Direction Faces: Northeast</item>
						<item>Foundation Details: Slab</item>
						<item>New Construction</item>
					</item>
				</item>
			</item>
		</item>
	</property_details>
	<public_facts>
		<Beds>—</Beds>
		<Baths>—</Baths>
		<Finished_Sq._Ft.>—</Finished_Sq._Ft.>
		<Unfinished_Sq._Ft.>—</Unfinished_Sq._Ft.>
		<Total_Sq._Ft.>—</Total_Sq._Ft.>
		<Stories>—</Stories>
		<Lot_Size>—</Lot_Size>
		<Style>Single Family Residential</Style>
		<Year_Built>—</Year_Built>
		<Year_Renovated>—</Year_Renovated>
		<County>Travis County</County>
		<APN>Lot 8</APN>
	</public_facts>
</home>
