<?xml version="1.0" ?>
<home>
	<HomeInfo_Address>
		<street-address>5017 Ithaca Ave </street-address>
		<locality>Los Angeles, </locality>
		<region>CA</region>
		<postal-code>90032</postal-code>
	</HomeInfo_Address>
	<main_stats>
		<Price>$149,900</Price>
		<Beds>—</Beds>
		<Baths>—</Baths>
		<Sq._Ft.>—</Sq._Ft.>
	</main_stats>
	<text_base_description>Fantastic home site in up and coming Los Angeles Neighborhood of El Sereno. Owner has done all the legwork and completed Architectural Plans for a Modern 3 Bedroom, 3.5 Bath residence. Plans have been submitted to plan-check and awaiting approval. Plans and reports are available upon request. The land fronts a fully paved road with curb, gutter and sidewalk in place in front of lot. Water, electrical, gas and sewer appear available at street. The property boasts fantastic views of the neighboring hills. Many new homes recently constructed and under construction throughout the area. Location is in close in proximity to DTLA, Cal State University-Los Angeles, Dodgers Stadium, South Pasadena, USC Medical Center with easy access to the 10, 5, 110 and 710 freeways. Bank financing available.  </text_base_description>
	<listed_by>
		<name>Fernando Lara</name>
		<agentLicenseDisplay>•DRE #01120697</agentLicenseDisplay>
		<org>•DRE #01120697</org>
	</listed_by>
	<price_insights>
		<List_Price>$149,900</List_Price>
		<Est._Mo._Payment>$696</Est._Mo._Payment>
		<Redfin_Estimate>$143,075</Redfin_Estimate>
	</price_insights>
	<home_facts>
		<Status>Active</Status>
		<Time_on_Redfin>61 days</Time_on_Redfin>
		<Property_Type>Residential Land</Property_Type>
		<Community>El Sereno</Community>
		<Lot_Size>6,543 Sq. Ft.</Lot_Size>
		<key name="MLS#">20-610814</key>
	</home_facts>
	<property_details>
		<item>
			<item>Virtual Tour, School / Neighborhood, Utilities, Taxes / Assessments</item>
			<item>
				<item>
					<item>Virtual Tour</item>
					<item>
						<item>Virtual Tour (External Link)</item>
					</item>
				</item>
				<item>
					<item>Community Information</item>
					<item>
						<item>Street Description: Asphalt, Curbed, Public, Sidewalk</item>
					</item>
				</item>
				<item>
					<item>Utility Information</item>
					<item>
						<item>Cable</item>
						<item>Telephone Service: In Street</item>
						<item>Electric: In Street</item>
						<item>Gas: In Street</item>
						<item>Sewer: In Street, Public Hookup Available</item>
						<item>Water: District/Public, In Street, Public Hook-Up Avail, Public, Water District</item>
					</item>
				</item>
				<item>
					<item>Assessment Information</item>
					<item>
						<item>Assessor Parcel Number: 5216-019-015</item>
					</item>
				</item>
			</item>
		</item>
		<item>
			<item>Financing, Location Details, Documents &amp; Disclosures, Listing Information</item>
			<item>
				<item>
					<item>Financial Information</item>
					<item>
						<item>Listing Terms: Cash, Cash To New Loan, Conventional</item>
					</item>
				</item>
				<item>
					<item>Location Information</item>
					<item>
						<item>Distance to Street: In front</item>
						<item>Directions: From Valley Blvd merge to Alhambra Ave, then turn Left at Gratiot St to Ithaca Ave.</item>
						<item>Cross Streets: East/Eastern Ave, North/Alhambra Ave</item>
					</item>
				</item>
				<item>
					<item>Documents &amp; Disclosures</item>
					<item>
						<item>Disclosures: As Is, Building Plans Available, Property Report, Rent Control, Soils Report</item>
					</item>
				</item>
				<item>
					<item>Listing Information</item>
					<item>
						<item>Possession: Close Of Escrow</item>
						<item>Listing Terms: Cash, Cash To New Loan, Conventional</item>
					</item>
				</item>
			</item>
		</item>
		<item>
			<item>Property / Lot Details</item>
			<item>
				<item>
					<item>Property Information</item>
					<item>
						<item>Property Type: Residential Land</item>
					</item>
				</item>
				<item>
					<item>Land Information</item>
					<item>
						<item>Site Description: Hillside</item>
						<item>Present Use: Unimproved Land</item>
						<item>Potential Usage: Single Family Residence</item>
						<item>Road Frontage: Asphalt</item>
						<item>Topography: Downhill, Uphill, Varied</item>
						<item>Current Geological: True</item>
					</item>
				</item>
				<item>
					<item>Lot Information</item>
					<item>
						<item>Lot Size (Sq. Ft.): 6,543</item>
						<item>Lot Size (Acres): 0.1502</item>
						<item>Lot Size Dimensions: 40 x 166</item>
						<item>Zoning: R1</item>
						<item>Special Zoning: Property Report</item>
						<item>Lot Location: City, Hillside</item>
						<item>Lot Description: Lot Shape-Rectangular, Single Lot, Street Asphalt, Street Paved, Utilities - Overhead</item>
					</item>
				</item>
				<item>
					<item>Property Features</item>
					<item>
						<item>Has View</item>
						<item>View: Hills</item>
						<item>Public Street: True</item>
						<item>Telephone Service</item>
					</item>
				</item>
			</item>
		</item>
	</property_details>
	<public_facts>
		<Beds>—</Beds>
		<Baths>—</Baths>
		<Finished_Sq._Ft.>—</Finished_Sq._Ft.>
		<Unfinished_Sq._Ft.>—</Unfinished_Sq._Ft.>
		<Total_Sq._Ft.>—</Total_Sq._Ft.>
		<Stories>—</Stories>
		<Lot_Size>—</Lot_Size>
		<Style>Vacant Land</Style>
		<Year_Built>—</Year_Built>
		<Year_Renovated>—</Year_Renovated>
		<County>Los Angeles County</County>
		<APN>5216-019-015</APN>
	</public_facts>
</home>
