<?xml version="1.0" ?>
<home>
	<HomeInfo_Address>
		<street-address>8212 Barton Club Dr Unit 29-12 </street-address>
		<locality>Austin, </locality>
		<region>TX</region>
		<postal-code>78735</postal-code>
	</HomeInfo_Address>
	<main_stats>
		<Price>$29,500</Price>
		<Beds>3</Beds>
		<Baths>3.5</Baths>
		<key name="$11 / Sq. Ft.">2,600</key>
	</main_stats>
	<text_base_description>FRACTIONAL OWNERSHIP! Incredible vacation home on the grounds of the luxurious Omni Barton Creek Resort  &amp;  Spa. Owners enjoy 27 days of use with the ability to purchase extra days at discounted price. Fully furnished, beautifully appointed 3 bedroom 3.5 bath home. During your 27 days in residence, enjoy golf (cart fee only) and all other resort amenities. Owners can apply days to stay at The Homestead, VA, Hilton Head, Puerto Vallarta MX. Timeshare exchange through The Registry Collection </text_base_description>
	<listed_by>
		<name>Jason Long</name>
		<agentLicenseDisplay>•TREC #0523896</agentLicenseDisplay>
		<org>•TREC #0523896</org>
	</listed_by>
	<price_insights>
		<List_Price>$29,500</List_Price>
		<Est._Mo._Payment>$158</Est._Mo._Payment>
		<key name="Price/Sq.Ft.">$11</key>
	</price_insights>
	<home_facts>
		<Status>Active</Status>
		<Time_on_Redfin>26 days</Time_on_Redfin>
		<Property_Type>Residential, Condominium</Property_Type>
		<HOA_Dues>$474/month</HOA_Dues>
		<Year_Built>2001</Year_Built>
		<Community>The Owners Club at Barton Creek</Community>
		<Lot_Size>4,533 Sq. Ft.</Lot_Size>
		<key name="MLS#">4632563</key>
	</home_facts>
	<property_details>
		<item>
			<item>Virtual Tour, Multi-Unit Information, Homeowners Association, School / Neighborhood</item>
			<item>
				<item>
					<item>Virtual Tour</item>
					<item>
						<item>Virtual Tour Branded (External Link)</item>
						<item>Virtual Tour Unbranded(External Link)</item>
					</item>
				</item>
				<item>
					<item>Multi Unit Information</item>
					<item>
						<item>Pets Allowed: No</item>
					</item>
				</item>
				<item>
					<item>HOA Information</item>
					<item>
						<item>Has Home Owners Association</item>
						<item>Association Name: The Owners Club</item>
						<item>Association Fee: $5,690</item>
						<item>Annually</item>
						<item>Association Fee Includes: Cable TV, Electricity, Insurance, Maintenance Grounds</item>
					</item>
				</item>
				<item>
					<item>School</item>
					<item>
						<item>Elementary School District: Austin ISD</item>
						<item>Middle Or Junior School District: Austin ISD</item>
						<item>High School District: Austin ISD</item>
						<item>Elementary School: Oak Hill</item>
						<item>Middle Or Junior School: O Henry,</item>
						<item>High School: Austin,</item>
					</item>
				</item>
			</item>
		</item>
		<item>
			<item>Interior Features</item>
			<item>
				<item>
					<item>Bedroom Information</item>
					<item>
						<item># of Main Level Bedrooms: 1</item>
					</item>
				</item>
				<item>
					<item>Bathroom Information</item>
					<item>
						<item># of Full Bathrooms: 3</item>
						<item># of Half Bathrooms: 1</item>
					</item>
				</item>
				<item>
					<item>Room 1 Information</item>
					<item>
						<item>Workshop</item>
					</item>
				</item>
				<item>
					<item>Room 2 Information</item>
					<item>
						<item>Kitchen</item>
						<item>Features: Breakfast Area, Granite Counters, Kitchen Island</item>
					</item>
				</item>
				<item>
					<item>Room 3 Information</item>
					<item>
						<item>Laundry</item>
						<item>Level: Main</item>
					</item>
				</item>
				<item>
					<item>Room 4 Information</item>
					<item>
						<item>Family Room</item>
					</item>
				</item>
				<item>
					<item>Room 5 Information</item>
					<item>
						<item>Master Bedroom</item>
						<item>Features: Walk-In Closet(s)</item>
						<item>Level: Main</item>
					</item>
				</item>
				<item>
					<item>Room 6 Information</item>
					<item>
						<item>Dining Room</item>
						<item>Features: Breakfast Area</item>
					</item>
				</item>
				<item>
					<item>Room 7 Information</item>
					<item>
						<item>Office</item>
					</item>
				</item>
				<item>
					<item>Room 8 Information</item>
					<item>
						<item>Master Bathroom</item>
						<item>Features: Double Vanity, Jetted Tub, Separate Shower</item>
						<item>Level: Main</item>
					</item>
				</item>
				<item>
					<item>Room 9 Information</item>
					<item>
						<item>Living Room</item>
					</item>
				</item>
				<item>
					<item>Fireplace Information</item>
					<item>
						<item>Has Fireplace</item>
						<item># of Fireplaces: 1</item>
						<item>Features: Living Room</item>
					</item>
				</item>
				<item>
					<item>Equipment</item>
					<item>
						<item>Appliances: Dryer, Dishwasher, ENERGY STAR Qualified Appliances, Electric Cooktop, Disposal, Microwave, Refrigerator, Washer</item>
					</item>
				</item>
				<item>
					<item>Interior Features</item>
					<item>
						<item>Unfurnished</item>
						<item>Flooring: Carpet, Stone, Tile</item>
						<item>Other Features: Separate/Formal Dining Room, French Door(s)/Atrium Door(s), High Ceilings, Main Level Master, Murphy Bed, Recessed Lighting, Walk-In Closet(s), Wired for Sound</item>
					</item>
				</item>
			</item>
		</item>
		<item>
			<item>Parking / Garage</item>
			<item>
				<item>
					<item>Garage/Carport Information</item>
					<item>
						<item>Has Garage</item>
						<item># of Garage Spaces: 1</item>
						<item>Has Carport</item>
					</item>
				</item>
				<item>
					<item>Parking</item>
					<item>
						<item>Features: Carport, Off Street, Outside</item>
						<item># of Covered Spaces: 1</item>
					</item>
				</item>
			</item>
		</item>
		<item>
			<item>Exterior Features</item>
			<item>
				<item>
					<item>Building Information</item>
					<item>
						<item>Roof Details: Composition</item>
						<item>Construction Details: Masonry</item>
					</item>
				</item>
				<item>
					<item>Exterior Features</item>
					<item>
						<item>Exterior Features: Exterior Steps, Rain Gutters, Barbecue</item>
						<item>Patio And Porch Features: Covered, Deck, Patio</item>
						<item>Security Features: Pre Wired, Smoke Detector(s), Security Lights</item>
					</item>
				</item>
				<item>
					<item>Green Features</item>
					<item>
						<item>Green Energy Efficient: Appliances</item>
					</item>
				</item>
				<item>
					<item>Pool Information</item>
					<item>
						<item>Has Private Pool</item>
						<item>Pool Features: Heated, Indoor, In Ground</item>
						<item>Has Spa</item>
						<item>Spa Features: Hot Tub, In Ground</item>
					</item>
				</item>
			</item>
		</item>
		<item>
			<item>Utilities</item>
			<item>
				<item>
					<item>Utility Information</item>
					<item>
						<item>Utilities: Electricity Available, Phone Connected, Underground Utilities</item>
						<item>Sewer: Public Sewer</item>
						<item>Water Source: Public</item>
					</item>
				</item>
				<item>
					<item>Heating &amp; Cooling</item>
					<item>
						<item>Has Cooling</item>
						<item>Cooling: Central Air</item>
						<item>Has Heating</item>
						<item>Heating: Central</item>
					</item>
				</item>
			</item>
		</item>
		<item>
			<item>Taxes / Assessments, Location Details</item>
			<item>
				<item>
					<item>Tax Information</item>
					<item>
						<item>Tax Year: 2020</item>
					</item>
				</item>
				<item>
					<item>Community Information</item>
					<item>
						<item>Community Features: Clubhouse, Fitness Center, Golf, Game Room, Playground, Sauna, Tennis Courts, Trails/Paths</item>
					</item>
				</item>
			</item>
		</item>
		<item>
			<item>Property / Lot Details</item>
			<item>
				<item>
					<item>Lot Information</item>
					<item>
						<item>Lot Size Area: 0.25</item>
						<item>Lot Size Acres: 0.25</item>
						<item>Lot Size Dimensions: 45 x 120</item>
						<item>Lot Features: Backs to Greenbelt/Park, Near Golf Course, Many Trees, Sprinklers Automatic, Sprinklers In Ground, Trees Large Size, Trees Medium Size</item>
					</item>
				</item>
				<item>
					<item>Property Information</item>
					<item>
						<item>Has View</item>
						<item>Direction Faces: West</item>
						<item>Foundation Details: Slab</item>
						<item>Resale</item>
					</item>
				</item>
			</item>
		</item>
	</property_details>
	<public_facts>
		<Beds>—</Beds>
		<Baths>—</Baths>
		<Finished_Sq._Ft.>—</Finished_Sq._Ft.>
		<Unfinished_Sq._Ft.>—</Unfinished_Sq._Ft.>
		<Total_Sq._Ft.>—</Total_Sq._Ft.>
		<Stories>—</Stories>
		<Lot_Size>—</Lot_Size>
		<Style>Timeshare</Style>
		<Year_Built>—</Year_Built>
		<Year_Renovated>—</Year_Renovated>
		<County>Travis County</County>
		<APN>Owners Club Home #29 Int #12</APN>
	</public_facts>
</home>
