<?xml version="1.0" ?>
<home>
	<HomeInfo_Address>
		<street-address>55 Page St #218 </street-address>
		<locality>San Francisco, </locality>
		<region>CA</region>
		<postal-code>94102</postal-code>
	</HomeInfo_Address>
	<main_stats>
		<Price>$337,200</Price>
		<Beds>—</Beds>
		<Bath>1</Bath>
		<key name="$753 / Sq. Ft.">448</key>
	</main_stats>
	<text_base_description>1 bedroom with Below Market Rate (BMR) housing opportunity available at 100% Area Median  Income (AMI). Maximum income for 1 person = $89,650, 2 people = $102,500; 3 = $115,300; 4 =  $128,100, 5 = $138,350, etc. Must be 1st-time homebuyer  &amp;  income eligible. Unit available thru  the Mayor's Office of Housing and Community Development (MOHCD)  &amp;  subject to resale  controls, monitoring  &amp;  other restrictions. Unit will be listed on DAHLIA, the SF Housing Portal  (https://housing. sfgov. org) starting on the application date, September 1st, 2020. Visit  https://housing. sfgov.org for application  &amp;  program info. Application, loan pre-approval, and  homebuyer education verification due on September 23, 2020 by 5 PM.  </text_base_description>
	<listed_by>
		<name>Christopher Jurach</name>
		<agentLicenseDisplay>•DRE #01864179</agentLicenseDisplay>
		<listed_by_page>/real-estate-agents/chris-jurach</listed_by_page>
	</listed_by>
	<price_insights>
		<List_Price>$337,200</List_Price>
		<Est._Mo._Payment>$1,550</Est._Mo._Payment>
		<Redfin_Estimate>$338,449</Redfin_Estimate>
		<key name="Price/Sq.Ft.">$753</key>
		<key name="Buyer's Brokerage Compensation">2.5%</key>
	</price_insights>
	<home_facts>
		<Status>Active</Status>
		<Time_on_Redfin>23 days</Time_on_Redfin>
		<Property_Type>Studio, Mid-Rise (4-8), Unit Above, Unit Below, Condominium</Property_Type>
		<HOA_Dues>$469/month</HOA_Dues>
		<Year_Built>2008</Year_Built>
		<Style>Contemporary</Style>
		<Community>Hayes Valley</Community>
		<key name="MLS#">504943</key>
	</home_facts>
	<property_details>
		<item>
			<item>Virtual Tour, Parking / Garage, Multi-Unit Information, Homeowners Association</item>
			<item>
				<item>
					<item>Virtual Tour</item>
					<item>
						<item>Virtual Tour (External Link)</item>
						<item>Virtual Media: 1</item>
					</item>
				</item>
				<item>
					<item>Parking Information</item>
					<item>
						<item>None</item>
						<item>Monthly Parking Fees: 0.00</item>
					</item>
				</item>
				<item>
					<item>Community Features</item>
					<item>
						<item>Recreation Room, Roof Deck, BBQ Area</item>
						<item>Transportation: 1 Block Away</item>
						<item>Shopping: 1 Block Away</item>
					</item>
				</item>
				<item>
					<item>Homeowners Association Information</item>
					<item>
						<item>HOA Fee Includes: Water, Garbage, Ext Bldg Maintenance, Door Person, Outside Management, Internet</item>
						<item>Has Homeowners Association</item>
						<item>Dues: $469.42</item>
						<item>Dues Paid: Monthly</item>
						<item>Articles of Incorporation, Bylaws, CC&amp;Rs, Rules &amp; Regulations, Financial Statements, Budget</item>
						<item>Name: The Hayes</item>
					</item>
				</item>
			</item>
		</item>
		<item>
			<item>Interior Features</item>
			<item>
				<item>
					<item>Bathroom Information</item>
					<item>
						<item>Bath Type/Includes: Shower Over Tub, Tile</item>
						<item># of Baths: 1</item>
					</item>
				</item>
				<item>
					<item>Dining Room Information</item>
					<item>
						<item>Dining Room: Living/Dining Room Combo</item>
					</item>
				</item>
				<item>
					<item>Additional Rooms</item>
					<item>
						<item>Den/Bonus Room: 0</item>
					</item>
				</item>
				<item>
					<item>Laundry Information</item>
					<item>
						<item>Washer/Dryer, In Closet</item>
					</item>
				</item>
				<item>
					<item>Floor Information</item>
					<item>
						<item>Simulated Wood</item>
					</item>
				</item>
				<item>
					<item>Kitchen Features</item>
					<item>
						<item>Kitchen: Electric Range, Refrigerator, Dishwasher, Microwave, Garbage Disposal, Granite Counter</item>
					</item>
				</item>
				<item>
					<item>Interior Features</item>
					<item>
						<item>Main Level: 1 Bedroom, 1 Bath, Living Room, Kitchen</item>
						<item># of Rooms: 1</item>
						<item>Elevator/Lift</item>
					</item>
				</item>
				<item>
					<item>Heating &amp; Cooling</item>
					<item>
						<item>Electric</item>
					</item>
				</item>
			</item>
		</item>
		<item>
			<item>Exterior Features</item>
			<item>
				<item>
					<item>Building Information</item>
					<item>
						<item>Tile Roof, Bitumen Roof</item>
						<item>Concrete Block Foundation</item>
					</item>
				</item>
				<item>
					<item>Exterior Features</item>
					<item>
						<item>Exterior: Concrete</item>
					</item>
				</item>
			</item>
		</item>
		<item>
			<item>Property / Lot Details, Location Details</item>
			<item>
				<item>
					<item>Property Information</item>
					<item>
						<item>Style: Contemporary</item>
						<item>Type: Studio, Mid-Rise (4-8), Unit Above, Unit Below</item>
						<item>Construction: Reinforced Concrete</item>
						<item># of Units: 128</item>
						<item>Floor #: 2</item>
						<item>Per Architect</item>
						<item>Wheelchair Access</item>
						<item>APN: 0854-021</item>
						<item>Special Features: Elevator/Lift, Wheelchair Access</item>
						<item>Property Disclaimer: Copyright: 2020 by San Francisco Assoc of REALTORS - All data, including all measurements and calculations of area, is obtained from various sources and has not been, and will not be, verified by broker or MLS. All information should be independently reviewed and verified for accuracy. Properties may or may not be listed by the office/agent presenting the information.</item>
					</item>
				</item>
				<item>
					<item>Location Information</item>
					<item>
						<item>Cross Street: Gough Street</item>
					</item>
				</item>
			</item>
		</item>
		<item>
			<item>Documents &amp; Disclosures</item>
			<item>
				<item>
					<item>Restrictions</item>
					<item>
						<item>Limited Number of Pets</item>
					</item>
				</item>
				<item>
					<item>Documents &amp; Disclosures</item>
					<item>
						<item>Documents/Disclosure: Disclosure Pkg Avail, Prelim Title Report, RE Transfer Discl, Gen Prop Insp Report</item>
					</item>
				</item>
			</item>
		</item>
		<item>
			<item>Listing Information</item>
			<item>
				<item>
					<item>Listing Information</item>
					<item>
						<item>Original Price: $337,200</item>
						<item>Known Below Market Rate: Known Below Market Rate</item>
						<item>On Market Date: Tuesday, September 1, 2020</item>
						<item>Transfer of Possession: Close of Escrow</item>
					</item>
				</item>
				<item>
					<item>Buyer's Brokerage Compensation</item>
					<item>
						<item>2.5%</item>
					</item>
				</item>
			</item>
		</item>
	</property_details>
	<public_facts>
		<Beds>1</Beds>
		<Baths>1</Baths>
		<Finished_Sq._Ft.>—</Finished_Sq._Ft.>
		<Unfinished_Sq._Ft.>—</Unfinished_Sq._Ft.>
		<Total_Sq._Ft.>448</Total_Sq._Ft.>
		<Stories>9</Stories>
		<Lot_Size>—</Lot_Size>
		<Style>Condo/Co-op</Style>
		<Year_Built>2008</Year_Built>
		<Year_Renovated>—</Year_Renovated>
		<County>San Francisco County</County>
		<APN>0854 021</APN>
	</public_facts>
</home>
