<?xml version="1.0" ?>
<home>
	<HomeInfo_Address>
		<street-address>1367 N Alta Vista Blvd #201 </street-address>
		<locality>Los Angeles, </locality>
		<region>CA</region>
		<postal-code>90046</postal-code>
	</HomeInfo_Address>
	<main_stats>
		<Price>$1,010,000</Price>
		<Beds>2</Beds>
		<Baths>2</Baths>
		<key name="$779 / Sq. Ft.">1,296</key>
	</main_stats>
	<text_base_description>1367 Alta Vista is a collection of twelve fitly designed modern condominiums just a few blocks from Hollywood's most famous landmarks and is only steps away from some of the best restaurants, cafes, bars and shops. Each thoughtfully designed residence is situated on a corner and draws an abundance of natural light from multiple directions, giving an airy, open plan interior with an inviting feel that connects to spacious balconies. Finishes are carefully selected to create a seamless flow between kitchen, dining and living areas with white oak hardwood floors, custom Italian cabinetry, stainless steel German appliances, Caesarstone counters, custom interior doors and modern fireplaces. Porcelain tile bathrooms with floating vanities, bathtubs and custom built closets complete the Master suites. The unit has outstanding City and Hollywood Hills views, for lounging, dining and entertaining.  </text_base_description>
	<listed_by>
		<name>Donald Heller</name>
		<agentLicenseDisplay>•DRE #01198240</agentLicenseDisplay>
		<org>•DRE #01198240</org>
	</listed_by>
	<price_insights>
		<List_Price>$1,010,000</List_Price>
		<Est._Mo._Payment>$4,681</Est._Mo._Payment>
		<Redfin_Estimate>$1,006,438</Redfin_Estimate>
		<key name="Price/Sq.Ft.">$779</key>
	</price_insights>
	<home_facts>
		<Status>Active</Status>
		<Time_on_Redfin>15 days</Time_on_Redfin>
		<Property_Type>Condominium, Residential Condo/Co-Op</Property_Type>
		<HOA_Dues>$452/month</HOA_Dues>
		<Year_Built>2020</Year_Built>
		<Style>Contemporary</Style>
		<Community>Hollywood</Community>
		<key name="MLS#">20-629712</key>
	</home_facts>
	<property_details>
		<item>
			<item>Interior Features</item>
			<item>
				<item>
					<item>Bathroom Information</item>
					<item>
						<item># of Baths (Full): 2</item>
					</item>
				</item>
				<item>
					<item>Laundry Information</item>
					<item>
						<item>Laundry in Unit</item>
					</item>
				</item>
				<item>
					<item>Additional Rooms</item>
					<item>
						<item>Other Room</item>
					</item>
				</item>
				<item>
					<item>Fireplace Information</item>
					<item>
						<item>In Living Room</item>
					</item>
				</item>
				<item>
					<item>Flooring Information</item>
					<item>
						<item>Hardwood Floors, Tile Floors</item>
					</item>
				</item>
				<item>
					<item>Equipment</item>
					<item>
						<item>Built-Ins, Dishwasher, Freezer, Microwave, Range/Oven, Refrigerator</item>
					</item>
				</item>
				<item>
					<item>Heating &amp; Cooling</item>
					<item>
						<item>A/C, Central Cooling</item>
						<item>Central Heat</item>
					</item>
				</item>
			</item>
		</item>
		<item>
			<item>Parking / Garage</item>
			<item>
				<item>
					<item>Garage</item>
					<item>
						<item>Assigned, Garage, Gated</item>
					</item>
				</item>
				<item>
					<item>Parking</item>
					<item>
						<item># of Covered Parking Spaces: 2</item>
					</item>
				</item>
			</item>
		</item>
		<item>
			<item>Exterior Features, Homeowners Association, School / Neighborhood, Taxes / Assessments</item>
			<item>
				<item>
					<item>Building Information</item>
					<item>
						<item>Total Floors: 4</item>
						<item>Condominium</item>
						<item>Attached</item>
						<item>Entry Floor Number: 2</item>
						<item>Security Features: Carbon Monoxide Detector(s), Fire and Smoke Detection System, Fire Rated Drywall, Fire Sprinklers</item>
					</item>
				</item>
				<item>
					<item>HOA Information</item>
					<item>
						<item>Amenities: None</item>
						<item>Fee #1: $452</item>
						<item>Fee #1 Frequency: Monthly</item>
						<item>AssociationPetRules: Yes</item>
					</item>
				</item>
				<item>
					<item>Community Information</item>
					<item>
						<item># of Units in Complex (Total): 12</item>
					</item>
				</item>
				<item>
					<item>Assessment Information</item>
					<item>
						<item>Assessor Parcel Number: UNAVAILABLE</item>
					</item>
				</item>
			</item>
		</item>
		<item>
			<item>Property / Lot Details</item>
			<item>
				<item>
					<item>Property Information</item>
					<item>
						<item>Property Type: Residential Condo/Co-Op</item>
					</item>
				</item>
				<item>
					<item>Lot Information</item>
					<item>
						<item>Special Zoning: None</item>
					</item>
				</item>
				<item>
					<item>Property Features</item>
					<item>
						<item>Has View</item>
						<item>View: City, Trees/Woods</item>
					</item>
				</item>
			</item>
		</item>
		<item>
			<item>Location Details, Documents &amp; Disclosures</item>
			<item>
				<item>
					<item>Location Information</item>
					<item>
						<item>Unit Floor In Building: 2</item>
						<item>Complex Name: The HOA at 1367 North Alta Vista, Inc. </item>
						<item>Directions: Between Sunset Blvd and Fountain Ave.</item>
					</item>
				</item>
				<item>
					<item>Documents &amp; Disclosures</item>
					<item>
						<item>Disclosures: As Is</item>
					</item>
				</item>
			</item>
		</item>
	</property_details>
	<public_facts>
		<Beds>—</Beds>
		<Baths>—</Baths>
		<Finished_Sq._Ft.>—</Finished_Sq._Ft.>
		<Unfinished_Sq._Ft.>—</Unfinished_Sq._Ft.>
		<Total_Sq._Ft.>—</Total_Sq._Ft.>
		<Stories>—</Stories>
		<Lot_Size>—</Lot_Size>
		<Style>Condo/Co-op</Style>
		<Year_Built>—</Year_Built>
		<Year_Renovated>—</Year_Renovated>
		<County>Los Angeles County</County>
		<APN>UNAVAILABLE</APN>
	</public_facts>
</home>
