<?xml version="1.0" ?>
<home>
	<HomeInfo_Address>
		<street-address>55 Page St #617 </street-address>
		<locality>San Francisco, </locality>
		<region>CA</region>
		<postal-code>94102</postal-code>
	</HomeInfo_Address>
	<main_stats>
		<Price>$659,000</Price>
		<Beds>—</Beds>
		<Bath>1</Bath>
		<Sq._Ft.>—</Sq._Ft.>
	</main_stats>
	<text_base_description>Contemporary turn-key studio at The Hayes, a modern condo building in desirable Hayes Valley. Meticulously maintained, well-organized floorplan with hardwood floors and an efficient kitchen with SS appliances, granite counters, Studio Becker cabinets. Complete with custom hideaway queen size bed, built-in desk, shelving, in-unit laundry, generous closet space, deeded 1-car pkg in secure garage with separate, secured storage on 2nd floor in building. Works as home/office or pied-a-terre for remoteworkers needing to be close to an office. Great investment property. Building amenities include panoramic roof deck w/ BBQ, fitness center, lobby attendant for packages, elevators, bike storage, responsive management staff. A quick stroll leads to the heart of high culture in cosmopolitan San Francisco: boutique shopping, Michelin star outdoor dining, drinking, and event spaces, tech offices or shuttle stops, SF Opera/Symphony/Jazz Ctr, Civic Center, + abundant public transit and nearby parks.  </text_base_description>
	<listed_by>
		<name>Christopher Jurach</name>
		<agentLicenseDisplay>•DRE #01864179</agentLicenseDisplay>
		<listed_by_page>/real-estate-agents/chris-jurach</listed_by_page>
	</listed_by>
	<price_insights>
		<List_Price>$659,000</List_Price>
		<Est._Mo._Payment>$3,028</Est._Mo._Payment>
		<Redfin_Estimate>$674,187</Redfin_Estimate>
		<key name="Buyer's Brokerage Compensation">2.5%</key>
	</price_insights>
	<home_facts>
		<Status>Active</Status>
		<Time_on_Redfin>23 days</Time_on_Redfin>
		<Property_Type>Studio, Hi-Rise (9+), Condominium</Property_Type>
		<HOA_Dues>$558/month</HOA_Dues>
		<Year_Built>2008</Year_Built>
		<Style>Contemporary</Style>
		<Community>Hayes Valley</Community>
		<key name="MLS#">504285</key>
	</home_facts>
	<property_details>
		<item>
			<item>Virtual Tour, Parking / Garage, Exterior Features, Multi-Unit Information</item>
			<item>
				<item>
					<item>Virtual Tour</item>
					<item>
						<item>Virtual Tour (External Link)</item>
						<item>Virtual Media: 2</item>
					</item>
				</item>
				<item>
					<item>Parking Information</item>
					<item>
						<item># of Spaces: 1</item>
						<item># of Garage Spaces: 1</item>
						<item>Designated On-Site Parking</item>
						<item>Parking Access: Independent</item>
						<item>Monthly Parking Fees: 0.00</item>
						<item>Parking Features: Interior Access, Automatic Door, Garage</item>
					</item>
				</item>
				<item>
					<item>Building Information</item>
					<item>
						<item>Tile Roof, Elastomeric Roof</item>
						<item>Concrete Perimeter Foundation</item>
					</item>
				</item>
				<item>
					<item>Community Features</item>
					<item>
						<item>Transportation: 1 Block Away</item>
						<item>Shopping: 2 Blocks Away</item>
					</item>
				</item>
			</item>
		</item>
		<item>
			<item>Interior Features</item>
			<item>
				<item>
					<item>Bathroom Information</item>
					<item>
						<item># of Baths: 1</item>
					</item>
				</item>
				<item>
					<item>Dining Room Information</item>
					<item>
						<item>Dining Room: Living/Dining Room Combo</item>
					</item>
				</item>
				<item>
					<item>Additional Rooms</item>
					<item>
						<item>Den/Bonus Room: 0</item>
					</item>
				</item>
				<item>
					<item>Laundry Information</item>
					<item>
						<item>Washer/Dryer, In Closet</item>
					</item>
				</item>
				<item>
					<item>Floor Information</item>
					<item>
						<item>Hardwood</item>
					</item>
				</item>
				<item>
					<item>Kitchen Features</item>
					<item>
						<item>Kitchen: Electric Range, Refrigerator, Dishwasher, Microwave, Garbage Disposal, Granite Counter</item>
					</item>
				</item>
				<item>
					<item>Interior Features</item>
					<item>
						<item>Main Level: 1 Bedroom, 1 Bath</item>
						<item># of Rooms: 1</item>
						<item>Elevator/Lift</item>
					</item>
				</item>
				<item>
					<item>Heating &amp; Cooling</item>
					<item>
						<item>Electric</item>
					</item>
				</item>
			</item>
		</item>
		<item>
			<item>Homeowners Association, Location Details</item>
			<item>
				<item>
					<item>Homeowners Association Information</item>
					<item>
						<item>HOA Fee Includes: Water, Garbage, Ext Bldg Maintenance, Door Person, Outside Management</item>
						<item>Has Homeowners Association</item>
						<item>Dues: $558.21</item>
						<item>Dues Paid: Monthly</item>
						<item>Articles of Incorporation, Bylaws, CC&amp;Rs, Rules &amp; Regulations, Budget</item>
						<item>Name: Titan Management</item>
						<item>Phone Number: (415) 777-5200</item>
					</item>
				</item>
				<item>
					<item>Location Information</item>
					<item>
						<item>Cross Street: Gough Street</item>
					</item>
				</item>
			</item>
		</item>
		<item>
			<item>Property / Lot Details</item>
			<item>
				<item>
					<item>Lot Information</item>
					<item>
						<item>View(s): City Lights</item>
					</item>
				</item>
				<item>
					<item>Property Information</item>
					<item>
						<item>Style: Contemporary</item>
						<item>Type: Studio, Hi-Rise (9+)</item>
						<item># of Units: 128</item>
						<item>Floor #: 6</item>
						<item>APN: 0854-096</item>
						<item>Special Features: Elevator/Lift</item>
						<item>Property Disclaimer: Copyright: 2020 by San Francisco Assoc of REALTORS - All data, including all measurements and calculations of area, is obtained from various sources and has not been, and will not be, verified by broker or MLS. All information should be independently reviewed and verified for accuracy. Properties may or may not be listed by the office/agent presenting the information.</item>
					</item>
				</item>
			</item>
		</item>
		<item>
			<item>Documents &amp; Disclosures</item>
			<item>
				<item>
					<item>Restrictions</item>
					<item>
						<item>Limited Number of Pets</item>
					</item>
				</item>
				<item>
					<item>Documents &amp; Disclosures</item>
					<item>
						<item>Documents/Disclosure: Disclosure Pkg Avail, Prelim Title Report, RE Transfer Discl, Gen Prop Insp Report</item>
					</item>
				</item>
			</item>
		</item>
		<item>
			<item>Listing Information</item>
			<item>
				<item>
					<item>Listing Information</item>
					<item>
						<item>Original Price: $675,000</item>
						<item>On Market Date: Tuesday, September 1, 2020</item>
						<item>Transfer of Possession: Close of Escrow</item>
					</item>
				</item>
				<item>
					<item>Buyer's Brokerage Compensation</item>
					<item>
						<item>2.5%</item>
					</item>
				</item>
			</item>
		</item>
	</property_details>
	<public_facts>
		<Beds>1</Beds>
		<Baths>1</Baths>
		<Finished_Sq._Ft.>—</Finished_Sq._Ft.>
		<Unfinished_Sq._Ft.>—</Unfinished_Sq._Ft.>
		<Total_Sq._Ft.>401</Total_Sq._Ft.>
		<Stories>9</Stories>
		<Lot_Size>—</Lot_Size>
		<Style>Condo/Co-op</Style>
		<Year_Built>2008</Year_Built>
		<Year_Renovated>—</Year_Renovated>
		<County>San Francisco County</County>
		<APN>0854 096</APN>
	</public_facts>
</home>
