<?xml version="1.0" ?>
<home>
	<HomeInfo_Address>
		<street-address>1445 Martel Heights Dr </street-address>
		<locality>Los Angeles, </locality>
		<region>CA</region>
		<postal-code>90046</postal-code>
	</HomeInfo_Address>
	<main_stats>
		<Price>$1,425,000</Price>
		<Beds>3</Beds>
		<Baths>2.5</Baths>
		<key name="$956 / Sq. Ft.">1,490</key>
	</main_stats>
	<text_base_description>Located in the desirable heart of West Hollywood, Martel Heights is a collection of 6 brand new construction architectural single family homes located minutes away from some of the best shopping and dining LA has to offer. This home features an artfully designed  &amp;  meticulously finished living space boasting floor to ceiling walls of glass, 12 ft ceilings, &amp;  luminous open floor plan. Designer details include imported fixtures  &amp;  materials, hardwood Oak flooring and a 220 SQFT rooftop deck w/ city views perfect for indoor/outdoor entertaining and enjoying the best of the SoCal lifestyle. This front facing home features 3 well-appointed, spacious bedrooms including an en-suite Master with spa-like bath and ample closet space. Unique features include a 2 car garage, individual and private entry, as well as the benefits of no shared common walls: perfect for enjoying a live/work lifestyle ideally located on the famed Sunset Strip.  </text_base_description>
	<listed_by>
		<name>Neyshia Go</name>
		<agentLicenseDisplay>•DRE #01933923</agentLicenseDisplay>
		<org>•DRE #01933923</org>
	</listed_by>
	<price_insights>
		<List_Price>$1,425,000</List_Price>
		<Est._Mo._Payment>$6,604</Est._Mo._Payment>
		<Redfin_Estimate>$1,403,744</Redfin_Estimate>
		<key name="Price/Sq.Ft.">$956</key>
	</price_insights>
	<home_facts>
		<Status>Active</Status>
		<Time_on_Redfin>24 days</Time_on_Redfin>
		<Property_Type>Residential Single-Family</Property_Type>
		<HOA_Dues>$99/month</HOA_Dues>
		<Year_Built>2020</Year_Built>
		<Style>Modern</Style>
		<Community>Hollywood</Community>
		<Lot_Size>7,151 Sq. Ft.</Lot_Size>
		<key name="MLS#">20-623338</key>
	</home_facts>
	<property_details>
		<item>
			<item>Virtual Tour, Exterior Features, Homeowners Association, Taxes / Assessments</item>
			<item>
				<item>
					<item>Virtual Tour</item>
					<item>
						<item>Virtual Tour (External Link)</item>
					</item>
				</item>
				<item>
					<item>Building Information</item>
					<item>
						<item>Total Floors: 3</item>
						<item>Attached</item>
						<item>Attached</item>
					</item>
				</item>
				<item>
					<item>HOA Information</item>
					<item>
						<item>Fee #1: $99</item>
						<item>Fee #1 Frequency: Monthly</item>
					</item>
				</item>
				<item>
					<item>Assessment Information</item>
					<item>
						<item>Assessor Parcel Number: UNAVAILABLE</item>
					</item>
				</item>
			</item>
		</item>
		<item>
			<item>Interior Features</item>
			<item>
				<item>
					<item>Bathroom Information</item>
					<item>
						<item># of Baths (Full): 2</item>
						<item># of Baths (1/2): 1</item>
					</item>
				</item>
				<item>
					<item>Laundry Information</item>
					<item>
						<item>Laundry Inside</item>
					</item>
				</item>
				<item>
					<item>Additional Rooms</item>
					<item>
						<item>Dining Room</item>
						<item>Family Room</item>
						<item>Breakfast Area, Dining Room, Living Room, Master Bedroom, Office, Walk-In Closet, Family Room, Other Room, Patio Covered</item>
					</item>
				</item>
				<item>
					<item>Interior Features</item>
					<item>
						<item>Furnished Or Unfurnished</item>
					</item>
				</item>
				<item>
					<item>Flooring Information</item>
					<item>
						<item>Other Floors, Hardwood Floors</item>
					</item>
				</item>
				<item>
					<item>Equipment</item>
					<item>
						<item>Alarm System, Dishwasher, Freezer, Hood Fan, Microwave, Other</item>
					</item>
				</item>
				<item>
					<item>Heating &amp; Cooling</item>
					<item>
						<item>Central Cooling</item>
						<item>Central Heat</item>
					</item>
				</item>
			</item>
		</item>
		<item>
			<item>Parking / Garage</item>
			<item>
				<item>
					<item>Garage</item>
					<item>
						<item>Attached, Driveway, Covered Parking, Garage Is Attached, 2 Car Garage, Gated</item>
					</item>
				</item>
				<item>
					<item>Parking</item>
					<item>
						<item># of Parking Spaces (Total): 2</item>
						<item># of Covered Parking Spaces: 2</item>
					</item>
				</item>
			</item>
		</item>
		<item>
			<item>Property / Lot Details</item>
			<item>
				<item>
					<item>Property Information</item>
					<item>
						<item>Property Type: Residential Single-Family</item>
					</item>
				</item>
				<item>
					<item>Lot Information</item>
					<item>
						<item>Lot Size (Sq. Ft.): 7,151</item>
					</item>
				</item>
				<item>
					<item>Property Features</item>
					<item>
						<item>Has View</item>
						<item>View: City, Hills, Mountains, Canyon</item>
					</item>
				</item>
			</item>
		</item>
		<item>
			<item>Location Details, Documents &amp; Disclosures</item>
			<item>
				<item>
					<item>Location Information</item>
					<item>
						<item>Directions: Sunset Blvd to Martel Ave.</item>
					</item>
				</item>
				<item>
					<item>Documents &amp; Disclosures</item>
					<item>
						<item>Disclosures: As Is</item>
					</item>
				</item>
			</item>
		</item>
	</property_details>
	<public_facts>
		<Beds>—</Beds>
		<Baths>—</Baths>
		<Finished_Sq._Ft.>—</Finished_Sq._Ft.>
		<Unfinished_Sq._Ft.>—</Unfinished_Sq._Ft.>
		<Total_Sq._Ft.>—</Total_Sq._Ft.>
		<Stories>—</Stories>
		<Lot_Size>—</Lot_Size>
		<Style>Single Family Residential</Style>
		<Year_Built>—</Year_Built>
		<Year_Renovated>—</Year_Renovated>
		<County>Los Angeles County</County>
		<APN>UNAVAILABLE</APN>
	</public_facts>
</home>
