<?xml version="1.0" ?>
<home>
	<HomeInfo_Address>
		<street-address>2738 N Eastern </street-address>
		<locality>Lake Los Angeles, </locality>
		<region>CA</region>
		<postal-code>90032</postal-code>
	</HomeInfo_Address>
	<main_stats>
		<Price>$380,000</Price>
		<Beds>—</Beds>
		<Baths>—</Baths>
		<Sq._Ft.>—</Sq._Ft.>
	</main_stats>
	<text_base_description>Fabulous  lot with a 2,375 square foot mixed use building situated on 2,150 square feet of land. (APN#5217-001-026). It is just two and a half  miles from CAL State and seven miles from downtown Los Angeles and  Dodger Stadium! The zoning is Housing and Business, which allows for retail and other commercial uses. All permits are completed and available. Permits are for an 881 sq ft commercial space on the first floor and a 1494 sq ft. 2 Story home (3bd/2bd, &amp;  a 2 car garage). This is  an exceptional space for owner user building as well as a great investment property.  </text_base_description>
	<listed_by>
		<name>Griselda Espinoza</name>
		<agentLicenseDisplay>•DRE #01785581</agentLicenseDisplay>
		<org>•DRE #01785581</org>
	</listed_by>
	<price_insights>
		<List_Price>$380,000</List_Price>
		<Est._Mo._Payment>$1,765</Est._Mo._Payment>
		<Redfin_Estimate>$403,399</Redfin_Estimate>
	</price_insights>
	<home_facts>
		<Status>Active</Status>
		<Time_on_Redfin>16 days</Time_on_Redfin>
		<Property_Type>Residential Land</Property_Type>
		<Community>El Sereno</Community>
		<Lot_Size>2,250 Sq. Ft.</Lot_Size>
		<key name="MLS#">20-631396</key>
	</home_facts>
	<property_details>
		<item>
			<item>Utilities, Taxes / Assessments, Financing, Location Details</item>
			<item>
				<item>
					<item>Utility Information</item>
					<item>
						<item>Electric: In Street</item>
						<item>Gas: Paid</item>
						<item>Water: Public</item>
					</item>
				</item>
				<item>
					<item>Assessment Information</item>
					<item>
						<item>Assessor Parcel Number: 5217-001-026</item>
					</item>
				</item>
				<item>
					<item>Financial Information</item>
					<item>
						<item>Listing Terms: Cash To Existing Loan, Cash To New Loan, Cash</item>
					</item>
				</item>
				<item>
					<item>Location Information</item>
					<item>
						<item>Directions: See GPS</item>
					</item>
				</item>
			</item>
		</item>
		<item>
			<item>Property / Lot Details</item>
			<item>
				<item>
					<item>Property Information</item>
					<item>
						<item>Land Lease Type: Fee</item>
						<item>Property Type: Residential Land</item>
					</item>
				</item>
				<item>
					<item>Land Information</item>
					<item>
						<item>0-1 Unit/Acre</item>
						<item>Track Map: None</item>
					</item>
				</item>
				<item>
					<item>Lot Information</item>
					<item>
						<item>Lot Size (Sq. Ft.): 2,250</item>
						<item>Lot Size (Acres): 0.0517</item>
						<item>Zoning: LAC4</item>
						<item>Special Zoning: None</item>
					</item>
				</item>
				<item>
					<item>Property Features</item>
					<item>
						<item>Has View</item>
						<item>View: Hills</item>
					</item>
				</item>
			</item>
		</item>
		<item>
			<item>Documents &amp; Disclosures, Listing Information</item>
			<item>
				<item>
					<item>Documents &amp; Disclosures</item>
					<item>
						<item>Disclosures: Building Permit, Building Plans Available, City Inspection Required</item>
					</item>
				</item>
				<item>
					<item>Listing Information</item>
					<item>
						<item>Possession: Close Of Escrow</item>
						<item>Listing Terms: Cash To Existing Loan, Cash To New Loan, Cash</item>
					</item>
				</item>
			</item>
		</item>
	</property_details>
	<public_facts>
		<Beds>—</Beds>
		<Baths>—</Baths>
		<Finished_Sq._Ft.>—</Finished_Sq._Ft.>
		<Unfinished_Sq._Ft.>—</Unfinished_Sq._Ft.>
		<Total_Sq._Ft.>—</Total_Sq._Ft.>
		<Stories>—</Stories>
		<Lot_Size>—</Lot_Size>
		<Style>Vacant Land</Style>
		<Year_Built>—</Year_Built>
		<Year_Renovated>—</Year_Renovated>
		<County>Los Angeles County</County>
		<APN>5217-001-026</APN>
	</public_facts>
</home>
