<?xml version="1.0" ?>
<home>
	<HomeInfo_Address>
		<street-address>3952 Locke </street-address>
		<locality>Los Angeles, </locality>
		<region>CA</region>
		<postal-code>90065</postal-code>
	</HomeInfo_Address>
	<main_stats>
		<Price>$78,500</Price>
		<Beds>—</Beds>
		<Baths>—</Baths>
		<Sq._Ft.>—</Sq._Ft.>
	</main_stats>
	<text_base_description>An AMAZING opportunity for you to build your dream home in El Sereno! This vacant residential lot, APN 5306-016-050, is approximately 7,591 sq. ft. and is an easy drive to Downtown LA, Cal State LA, Arts District, NELA, Pasadena, and many freeways. Buyer to investigate and conduct their due diligence regarding lot location, property lines, soil stability, building requirements, zoning/use and sewer  &amp;  utilities locations, and all other aspects of this property. Call or visit City of Los Angeles Building and Safety for specific questions and details. No reports, plans, or surveys are available, land sold as-is.  </text_base_description>
	<listed_by>
		<name>Cyndy Nguyen</name>
		<agentLicenseDisplay>•DRE #01433576</agentLicenseDisplay>
		<org>•DRE #01433576</org>
	</listed_by>
	<price_insights>
		<List_Price>$78,500</List_Price>
		<Est._Mo._Payment>$365</Est._Mo._Payment>
		<Redfin_Estimate>$80,141</Redfin_Estimate>
	</price_insights>
	<home_facts>
		<Status>Active</Status>
		<Time_on_Redfin>10 days</Time_on_Redfin>
		<Property_Type>Residential Land</Property_Type>
		<Community>El Sereno</Community>
		<Lot_Size>7,591 Sq. Ft.</Lot_Size>
		<key name="MLS#">20-633172</key>
	</home_facts>
	<property_details>
		<item>
			<item>Taxes / Assessments, Location Details, Documents &amp; Disclosures, Listing Information</item>
			<item>
				<item>
					<item>Assessment Information</item>
					<item>
						<item>Assessor Parcel Number: 5306-016-050</item>
					</item>
				</item>
				<item>
					<item>Location Information</item>
					<item>
						<item>Directions: Enter Latitude: 34.09297 N  Longitude: 118.17730 W on your GPS and it will take you to the exact location. https://www.google.com/maps/place/34%C2%B005'34.7%22N+118%C2%B010'38.3%22W/@34.09297,-118.1794887,17z/data=!3m1!4b1!4m5!3m4!1s0x0:0x0!8m2!3d34.09297!4d-118.1773?hl=en-US</item>
					</item>
				</item>
				<item>
					<item>Documents &amp; Disclosures</item>
					<item>
						<item>Disclosures: None</item>
					</item>
				</item>
				<item>
					<item>Listing Information</item>
					<item>
						<item>Possession: Close Of Escrow</item>
					</item>
				</item>
			</item>
		</item>
		<item>
			<item>Property / Lot Details</item>
			<item>
				<item>
					<item>Property Information</item>
					<item>
						<item>Land Lease Type: Fee</item>
						<item>Property Type: Residential Land</item>
					</item>
				</item>
				<item>
					<item>Lot Information</item>
					<item>
						<item>Lot Size (Sq. Ft.): 7,591</item>
						<item>Lot Size (Acres): 0.1743</item>
						<item>Lot Size Dimensions: 50 x 150</item>
						<item>Zoning: LARE20</item>
						<item>Special Zoning: None</item>
						<item>Lot Location: Hilltop</item>
					</item>
				</item>
				<item>
					<item>Property Features</item>
					<item>
						<item>Has View</item>
						<item>View: Canyon, Hills</item>
					</item>
				</item>
			</item>
		</item>
	</property_details>
	<public_facts>
		<Beds>—</Beds>
		<Baths>—</Baths>
		<Finished_Sq._Ft.>—</Finished_Sq._Ft.>
		<Unfinished_Sq._Ft.>—</Unfinished_Sq._Ft.>
		<Total_Sq._Ft.>—</Total_Sq._Ft.>
		<Stories>—</Stories>
		<Lot_Size>—</Lot_Size>
		<Style>Vacant Land</Style>
		<Year_Built>—</Year_Built>
		<Year_Renovated>—</Year_Renovated>
		<County>Los Angeles County</County>
		<APN>5306-016-050</APN>
	</public_facts>
</home>
