<?xml version="1.0" ?>
<home>
	<HomeInfo_Address>
		<street-address>7922 Yellow Thistle Trl #40 </street-address>
		<locality>Austin, </locality>
		<region>TX</region>
		<postal-code>78735</postal-code>
	</HomeInfo_Address>
	<main_stats>
		<Price>$749,800</Price>
		<Beds>3</Beds>
		<Baths>3.5</Baths>
		<key name="$305 / Sq. Ft.">2,457</key>
	</main_stats>
	<text_base_description>Lot #40 | TO BE BUILT | ESTIMATED COMPLETION Summer of 2021 - Serrano Floorplan - Roof Top Terrace - Hardwood floors throughout. Discover our 41 modern 2 and 3 story detached city homes. 9 floorplans combine contemporary architecture and high-end interiors. Close to downtown, these spacious homes are sophisticated and refined, featuring high ceilings, expansive rooftop terraces, elevator option on select plans, and two-car ground-level garages. MODEL HOURS: Sat  &amp;  Sun 11am - 5pm Sprinkler Sys:Yes </text_base_description>
	<listed_by>
		<name>Nicole Kessler</name>
		<agentLicenseDisplay>•TREC #0429374</agentLicenseDisplay>
		<org>•TREC #0429374</org>
	</listed_by>
	<price_insights>
		<List_Price>$749,800</List_Price>
		<Est._Mo._Payment>$4,017</Est._Mo._Payment>
		<key name="Price/Sq.Ft.">$305</key>
	</price_insights>
	<home_facts>
		<Status>Active</Status>
		<Time_on_Redfin>15 days</Time_on_Redfin>
		<Property_Type>Residential, Single Family Residence</Property_Type>
		<HOA_Dues>$175/month</HOA_Dues>
		<Year_Built>2021</Year_Built>
		<Community>Cayena</Community>
		<Lot_Size>4,356 Sq. Ft.</Lot_Size>
		<key name="MLS#">4918759</key>
	</home_facts>
	<property_details>
		<item>
			<item>Interior Features</item>
			<item>
				<item>
					<item>Bedroom Information</item>
					<item>
						<item># of Main Level Bedrooms: 1</item>
					</item>
				</item>
				<item>
					<item>Bathroom Information</item>
					<item>
						<item># of Full Bathrooms: 3</item>
						<item># of Half Bathrooms: 1</item>
					</item>
				</item>
				<item>
					<item>Room 1 Information</item>
					<item>
						<item>Kitchen</item>
						<item>Features: Breakfast Bar, Kitchen Island, Quartz Counters</item>
					</item>
				</item>
				<item>
					<item>Room 2 Information</item>
					<item>
						<item>Dining Room</item>
						<item>Features: Breakfast Area</item>
					</item>
				</item>
				<item>
					<item>Room 3 Information</item>
					<item>
						<item>Master Bedroom</item>
						<item>Features: Walk-In Closet(s)</item>
					</item>
				</item>
				<item>
					<item>Fireplace Information</item>
					<item>
						<item>Has Fireplace</item>
						<item># of Fireplaces: 1</item>
						<item>Features: Family Room</item>
					</item>
				</item>
				<item>
					<item>Equipment</item>
					<item>
						<item>Appliances: Down Draft, Dishwasher, Disposal, Microwave, Oven, Tankless Water Heater</item>
					</item>
				</item>
				<item>
					<item>Interior Features</item>
					<item>
						<item>Unfurnished</item>
						<item>Flooring: Tile, Wood</item>
						<item>Other Features: Breakfast Bar, Separate/Formal Dining Room, High Ceilings, Interior Steps, Multiple Living Areas</item>
					</item>
				</item>
			</item>
		</item>
		<item>
			<item>Parking / Garage</item>
			<item>
				<item>
					<item>Garage/Carport Information</item>
					<item>
						<item>Has Garage</item>
						<item>Has Attached Garage</item>
						<item># of Garage Spaces: 2</item>
					</item>
				</item>
				<item>
					<item>Parking</item>
					<item>
						<item>Features: Attached, Garage</item>
						<item># of Parking (Total): 2</item>
						<item># of Covered Spaces: 2</item>
					</item>
				</item>
			</item>
		</item>
		<item>
			<item>Exterior Features, Multi-Unit Information, Homeowners Association, School / Neighborhood</item>
			<item>
				<item>
					<item>Building Information</item>
					<item>
						<item>Roof Details: Composition</item>
						<item>Construction Details: HardiPlank Type, Stucco</item>
						<item>Builder Name: HC Cayena Homes LLC</item>
					</item>
				</item>
				<item>
					<item>Multi Unit Information</item>
					<item>
						<item>Pets Allowed: No</item>
					</item>
				</item>
				<item>
					<item>HOA Information</item>
					<item>
						<item>Has Home Owners Association</item>
						<item>Association Name: Cayena</item>
						<item>Association Fee: $175</item>
						<item>Monthly</item>
						<item>Association Fee Includes: Common Areas, Maintenance Grounds</item>
					</item>
				</item>
				<item>
					<item>School</item>
					<item>
						<item>Elementary School District: Austin ISD</item>
						<item>Middle Or Junior School District: Austin ISD</item>
						<item>High School District: Austin ISD</item>
						<item>Elementary School: Oak Hill</item>
						<item>Middle Or Junior School: Small,</item>
						<item>High School: Austin,</item>
					</item>
				</item>
			</item>
		</item>
		<item>
			<item>Utilities</item>
			<item>
				<item>
					<item>Utility Information</item>
					<item>
						<item>Utilities: Electricity Available, Natural Gas Available</item>
						<item>Sewer: Public Sewer</item>
						<item>Water Source: Public</item>
					</item>
				</item>
				<item>
					<item>Heating &amp; Cooling</item>
					<item>
						<item>Has Cooling</item>
						<item>Cooling: Central Air</item>
						<item>Has Heating</item>
						<item>Heating: Central, Heat Pump</item>
					</item>
				</item>
			</item>
		</item>
		<item>
			<item>Taxes / Assessments, Location Details</item>
			<item>
				<item>
					<item>Tax Information</item>
					<item>
						<item>Tax Year: 2020</item>
					</item>
				</item>
				<item>
					<item>Community Information</item>
					<item>
						<item>Community Features: Community Mailbox</item>
					</item>
				</item>
			</item>
		</item>
		<item>
			<item>Property / Lot Details</item>
			<item>
				<item>
					<item>Lot Information</item>
					<item>
						<item>Lot Size Area: 0.1</item>
						<item>Lot Size Acres: 0.1</item>
						<item>Lot Features: Sprinklers In Rear, Sprinklers Automatic, Sprinklers In Ground</item>
					</item>
				</item>
				<item>
					<item>Property Information</item>
					<item>
						<item>Has View</item>
						<item>Foundation Details: Slab</item>
						<item>To Be Built</item>
					</item>
				</item>
			</item>
		</item>
	</property_details>
	<public_facts>
		<Beds>—</Beds>
		<Baths>—</Baths>
		<Finished_Sq._Ft.>—</Finished_Sq._Ft.>
		<Unfinished_Sq._Ft.>—</Unfinished_Sq._Ft.>
		<Total_Sq._Ft.>—</Total_Sq._Ft.>
		<Stories>—</Stories>
		<Lot_Size>—</Lot_Size>
		<Style>Single Family Residential</Style>
		<Year_Built>—</Year_Built>
		<Year_Renovated>—</Year_Renovated>
		<County>Travis County</County>
		<APN>Unit 40</APN>
	</public_facts>
</home>
