<?xml version="1.0" ?>
<home>
	<HomeInfo_Address>
		<street-address>7313 Pyramid Pl </street-address>
		<locality>Los Angeles, </locality>
		<region>CA</region>
		<postal-code>90046</postal-code>
	</HomeInfo_Address>
	<main_stats>
		<Price>$995,000</Price>
		<Beds>—</Beds>
		<Baths>—</Baths>
		<Sq._Ft.>—</Sq._Ft.>
	</main_stats>
	<text_base_description>One of a kind property in this area. Approximately 30,000 square feet of raw land. This is the last great building site in the area. An opportunity to create your Hollywood Hills dream-home with staggering views; absolutely awesome at night. This is an incredible location as it's near Runyon Canyon, the hiking capital of LA. Extremely convenient to all the great restaurants and shopping around the city. the APN's are the following: 2428-018-001, 2428-018-002, 2428-019-007, 2428-019-008, 2428-019-009. </text_base_description>
	<listed_by>
		<name>Neal Baddin</name>
		<agentLicenseDisplay>•DRE #00759349</agentLicenseDisplay>
		<org>•DRE #00759349</org>
	</listed_by>
	<price_insights>
		<List_Price>$995,000</List_Price>
		<Est._Mo._Payment>$4,611</Est._Mo._Payment>
		<Redfin_Estimate>$986,920</Redfin_Estimate>
	</price_insights>
	<home_facts>
		<Status>Active</Status>
		<Time_on_Redfin>6 days</Time_on_Redfin>
		<Property_Type>Residential Land</Property_Type>
		<Community>Sunset Strip - Hollywood Hills West</Community>
		<Lot_Size>0.69 Acres</Lot_Size>
		<key name="MLS#">20-634462</key>
	</home_facts>
	<property_details>
		<item>
			<item>Taxes / Assessments, Location Details, Documents &amp; Disclosures</item>
			<item>
				<item>
					<item>Assessment Information</item>
					<item>
						<item>Assessor Parcel Number: 2428-018-002</item>
					</item>
				</item>
				<item>
					<item>Location Information</item>
					<item>
						<item>Directions: Where Runyon canyon and Mulholland meet, go North onto Pyramid Place. The land is just West of 7305 Pyramid Place and a canvas fence along the street runs the full length of the property.</item>
					</item>
				</item>
				<item>
					<item>Documents &amp; Disclosures</item>
					<item>
						<item>Disclosures: None</item>
					</item>
				</item>
			</item>
		</item>
		<item>
			<item>Property / Lot Details</item>
			<item>
				<item>
					<item>Property Information</item>
					<item>
						<item>Property Type: Residential Land</item>
					</item>
				</item>
				<item>
					<item>Lot Information</item>
					<item>
						<item>Lot Size (Sq. Ft.): 30,000</item>
						<item>Lot Size (Acres): 0.66</item>
						<item>Zoning: LAR1</item>
						<item>Special Zoning: None</item>
						<item>Lot Description: 5 + Lots</item>
					</item>
				</item>
				<item>
					<item>Property Features</item>
					<item>
						<item>Has View</item>
						<item>View: City, City Lights</item>
					</item>
				</item>
			</item>
		</item>
	</property_details>
	<public_facts>
		<Beds>—</Beds>
		<Baths>—</Baths>
		<Finished_Sq._Ft.>—</Finished_Sq._Ft.>
		<Unfinished_Sq._Ft.>—</Unfinished_Sq._Ft.>
		<Total_Sq._Ft.>—</Total_Sq._Ft.>
		<Stories>—</Stories>
		<Lot_Size>—</Lot_Size>
		<Style>Vacant Land</Style>
		<Year_Built>—</Year_Built>
		<Year_Renovated>—</Year_Renovated>
		<County>Los Angeles County</County>
		<APN>2428-018-002</APN>
	</public_facts>
</home>
