<?xml version="1.0" ?>
<home>
	<HomeInfo_Address>
		<street-address>1840 Catherine St </street-address>
		<locality>SANTA CLARA, </locality>
		<region>CA</region>
		<postal-code>95050</postal-code>
	</HomeInfo_Address>
	<main_stats>
		<Price>$1,249,950</Price>
		<Beds>3</Beds>
		<Baths>2.5</Baths>
		<key name="$931 / Sq. Ft.">1,342</key>
	</main_stats>
	<text_base_description>3 Bedroom/2.5 Bathrooms in the Heart of Santa Clara. Detached 2 Car Garage with long Driveway. Living Room with Large Windows for Natural Light, Cozy Fireplace, Vinyl Plank Floor  &amp;  Conveniently located Half Bath. The Cheery Eat-Kitchen will keep you smiling. Tile Counters, Recessed Lighting, Gas Cooktop, Built-In Oven, Dishwasher, Refrigerator  &amp;  WaterproofVinylPlank Floors lead to a Family Room with Views of the Tranquil Backyard. The Backyard Orchard includes many fruit trees and herbs such as Plum, Apricot, Peach, Pomegranate, Cherry, Fig, Lemon  &amp;  Orange Trees, Saffron, Rosemary, Mint  &amp;  Aloe. There is a Sunny Vegetable Patch as well. Upgraded 200 Amp Electrical Panel. Inside Laundry Area with Washer  &amp;  Dryer. Copper Plumbing. Central Forced Air Heating. Covered Storage in Backyard. Short Walk to the New Santa Clara Town Center, Sprouts, Target, Peet's  &amp;  find dining. Weekly Farmers Market. Easy Access to Freeways, Expressways, the NewAppleCampus  &amp;  manyHighTechCompanies. Low SC Utilities.  </text_base_description>
	<listed_by>
		<name>Al Moridi</name>
		<agentLicenseDisplay>•DRE #00994609</agentLicenseDisplay>
		<org>•DRE #00994609</org>
	</listed_by>
	<price_insights>
		<List_Price>$1,249,950</List_Price>
		<Est._Mo._Payment>$5,733</Est._Mo._Payment>
		<Redfin_Estimate>$1,323,207</Redfin_Estimate>
		<key name="Price/Sq.Ft.">$931</key>
	</price_insights>
	<home_facts>
		<Status>Active</Status>
		<Time_on_Redfin>11 days</Time_on_Redfin>
		<Property_Type>Single Family Home</Property_Type>
		<Year_Built>1946</Year_Built>
		<Community>SANTA CLARA</Community>
		<Lot_Size>5,848 Sq. Ft.</Lot_Size>
		<key name="MLS#">ML81811051</key>
	</home_facts>
	<property_details>
		<item>
			<item>Virtual Tour, Parking / Garage, Multi-Unit Information, School / Neighborhood</item>
			<item>
				<item>
					<item>Virtual Tour</item>
					<item>
						<item>Branded Virtual Tour (External Link)</item>
						<item>Unbranded Virtual Tour (External Link)</item>
					</item>
				</item>
				<item>
					<item>Parking Information</item>
					<item>
						<item>Garage (Minimum): 2</item>
						<item>Garage (Maximum): 2</item>
						<item>Parking Description: Detached</item>
						<item>Garage Spaces: 2</item>
					</item>
				</item>
				<item>
					<item>Multi-Unit Information</item>
					<item>
						<item># of Stories: 1</item>
					</item>
				</item>
				<item>
					<item>School Information</item>
					<item>
						<item>Elementary School District: Santa Clara Unified</item>
						<item>High School District: Santa Clara Unified</item>
					</item>
				</item>
			</item>
		</item>
		<item>
			<item>Interior Features</item>
			<item>
				<item>
					<item>Bedroom Information</item>
					<item>
						<item># of Bedrooms (Minimum): 3</item>
						<item># of Bedrooms (Maximum): 3</item>
					</item>
				</item>
				<item>
					<item>Bathroom Information</item>
					<item>
						<item># of Baths (Full): 2</item>
						<item># of Baths (1/2): 1</item>
						<item>Bathroom Description: 2+ Stall Shower</item>
					</item>
				</item>
				<item>
					<item>Room Information</item>
					<item>
						<item>Family Room Description: Separate Family Room</item>
						<item>Dining Room Description: Eat in Kitchen, No Formal Dining Room</item>
						<item>Kitchen Description: Cooktop (Gas), Countertop (Tile), Dishwasher, Refrigerator(s)</item>
					</item>
				</item>
				<item>
					<item>Interior Features</item>
					<item>
						<item>Laundry: Inside, Washer/Dryer</item>
						<item>Flooring: Carpet, Vinyl/Linoleum</item>
					</item>
				</item>
				<item>
					<item>Fireplace Information</item>
					<item>
						<item>Has Fireplace</item>
						<item>Fireplace Description: In Living Room, Wood-Burning</item>
						<item>Fireplaces (Minimum): 1</item>
					</item>
				</item>
				<item>
					<item>Heating &amp; Cooling Information</item>
					<item>
						<item>Cooling: Window/Wall Unit</item>
						<item>Heating: Forced Air</item>
					</item>
				</item>
			</item>
		</item>
		<item>
			<item>Exterior Features</item>
			<item>
				<item>
					<item>Exterior Features</item>
					<item>
						<item>Roof: Composition</item>
						<item>Yard/Grounds: Backyard, Barbecue Area, Fenced</item>
					</item>
				</item>
				<item>
					<item>Building Information</item>
					<item>
						<item>Building Type: Detached</item>
						<item>Concrete Perimeter and Slab</item>
					</item>
				</item>
			</item>
		</item>
		<item>
			<item>Utilities</item>
			<item>
				<item>
					<item>Utility Information</item>
					<item>
						<item>Sewer Septic: Sewer (Public)</item>
						<item>Utilities: Public Utilities</item>
					</item>
				</item>
				<item>
					<item>Water Information</item>
					<item>
						<item>Water: Public</item>
					</item>
				</item>
			</item>
		</item>
		<item>
			<item>Property / Lot Details</item>
			<item>
				<item>
					<item>Property Features</item>
					<item>
						<item>Living Sq. Ft.: 1,342</item>
					</item>
				</item>
				<item>
					<item>Property Information</item>
					<item>
						<item>Property Master ID: 1354</item>
					</item>
				</item>
				<item>
					<item>Lot Information</item>
					<item>
						<item>Lot Acres: 0.1343</item>
						<item>Lot Size Area Minimum Units: Sq. Ft.</item>
						<item>Lot Size Area Maximum Units: Sq. Ft.</item>
						<item>Lot Size Source: Assessor</item>
						<item>Zoning: R1</item>
					</item>
				</item>
			</item>
		</item>
	</property_details>
	<public_facts>
		<Beds>3</Beds>
		<Baths>3</Baths>
		<Finished_Sq._Ft.>1,342</Finished_Sq._Ft.>
		<Unfinished_Sq._Ft.>—</Unfinished_Sq._Ft.>
		<Total_Sq._Ft.>1,342</Total_Sq._Ft.>
		<Stories>1</Stories>
		<Lot_Size>5,848 Sq. Ft.</Lot_Size>
		<Style>Single Family Residential</Style>
		<Year_Built>1946</Year_Built>
		<Year_Renovated>1946</Year_Renovated>
		<County>Santa Clara County</County>
		<APN>26908011</APN>
	</public_facts>
</home>
