<?xml version="1.0" ?>
<home>
	<HomeInfo_Address>
		<street-address>0 NE Lookout Mountain Ave </street-address>
		<locality>Los Angeles, </locality>
		<region>CA</region>
		<postal-code>90046</postal-code>
	</HomeInfo_Address>
	<main_stats>
		<Price>$89,000</Price>
		<Beds>—</Beds>
		<Baths>—</Baths>
		<Sq._Ft.>—</Sq._Ft.>
	</main_stats>
	<text_base_description>APN: 5563-028-012, Approx. 2,501 SF ZONED LAR1 AND APN:  5563-028-031 (adjacent), Approx. 934 SF ZONED MUNI PROP. Together 3,435 SF. This is your opportunity to build your Dream Custom Home in highly desirable Laurel Canyon, in the Heart of Hollywood Hills, surrounded by multi million dollar homes. Upward slope with  37.5 ft frontage. Wonderland Elementary is 1 mile away. Cross Street  Laurel Canyon Blvd. Centrally located in Hollywood Hills with easy access to Sunset Strip, 101 freeway, and just minutes to Universal Studios, Hollywood Bowl and many restaurants and shops nearby. Motivated Seller. Please check with city of Los Angeles Building and Safety for specific questions and details. All utilities should be nearby. Lots like this don't last long in this market! Buyer to verify all information and rely on their own investigations. Sold AS IS  &amp;  WHERE IS. Drive by and MAKE OFFER.  </text_base_description>
	<listed_by>
		<name>Cindy Gunadi</name>
		<agentLicenseDisplay>•DRE #01210891</agentLicenseDisplay>
		<org>•DRE #01210891</org>
	</listed_by>
	<price_insights>
		<List_Price>$89,000</List_Price>
		<Est._Mo._Payment>$412</Est._Mo._Payment>
		<Redfin_Estimate>$81,374</Redfin_Estimate>
	</price_insights>
	<home_facts>
		<Status>Active</Status>
		<Time_on_Redfin>26 days</Time_on_Redfin>
		<Property_Type>Residential Land</Property_Type>
		<Community>Sunset Strip - Hollywood Hills West</Community>
		<Lot_Size>2,501 Sq. Ft.</Lot_Size>
		<key name="MLS#">20-624860</key>
	</home_facts>
	<property_details>
		<item>
			<item>School / Neighborhood</item>
			<item>
				<item>
					<item>Community Information</item>
					<item>
						<item>Street Description: Asphalt</item>
					</item>
				</item>
				<item>
					<item>School Information</item>
					<item>
						<item>Distance to Schools: 1 mile</item>
						<item>School District: Los Angeles Unified</item>
					</item>
				</item>
			</item>
		</item>
		<item>
			<item>Utilities, Taxes / Assessments, Financing, Location Details</item>
			<item>
				<item>
					<item>Utility Information</item>
					<item>
						<item>Telephone Service: In Street</item>
						<item>Electric: In Street</item>
						<item>Gas: In Street</item>
						<item>Sewer: In Street</item>
						<item>Water: Meter on Property</item>
						<item>Has Water Well: False</item>
					</item>
				</item>
				<item>
					<item>Assessment Information</item>
					<item>
						<item>Assessments: Unknown</item>
						<item>Assessor Parcel Number: 5563-028-012</item>
					</item>
				</item>
				<item>
					<item>Financial Information</item>
					<item>
						<item>Listing Terms: Conventional</item>
					</item>
				</item>
				<item>
					<item>Location Information</item>
					<item>
						<item>Distance to Street: Next to Street</item>
						<item>Directions: Off Laurel Canyon Blvd.</item>
						<item>Cross Streets: Appian Way</item>
					</item>
				</item>
			</item>
		</item>
		<item>
			<item>Property / Lot Details</item>
			<item>
				<item>
					<item>Property Information</item>
					<item>
						<item>Land Lease Type: Fee</item>
						<item>Property Type: Residential Land</item>
					</item>
				</item>
				<item>
					<item>Land Information</item>
					<item>
						<item>Site Description: Hillside</item>
						<item>Road Frontage: Lookout Mountain Avenue</item>
						<item>Topography: Uphill</item>
						<item>Current Geological: False</item>
					</item>
				</item>
				<item>
					<item>Lot Information</item>
					<item>
						<item>Lot Size (Sq. Ft.): 2,501</item>
						<item>Lot Size (Acres): 0.0574</item>
						<item>Zoning: LAR1</item>
						<item>Special Zoning: None</item>
						<item>Lot Location: City</item>
						<item>Lot Description: 2-4 Lots</item>
						<item>Survey: Buyer Pays</item>
					</item>
				</item>
				<item>
					<item>Property Features</item>
					<item>
						<item>Public Street: True</item>
						<item>Telephone Service</item>
					</item>
				</item>
			</item>
		</item>
		<item>
			<item>Documents &amp; Disclosures, Listing Information</item>
			<item>
				<item>
					<item>Documents &amp; Disclosures</item>
					<item>
						<item>Disclosures: None</item>
					</item>
				</item>
				<item>
					<item>Listing Information</item>
					<item>
						<item>Possession: Close Of Escrow</item>
						<item>Listing Terms: Conventional</item>
					</item>
				</item>
			</item>
		</item>
	</property_details>
	<public_facts>
		<Beds>—</Beds>
		<Baths>—</Baths>
		<Finished_Sq._Ft.>—</Finished_Sq._Ft.>
		<Unfinished_Sq._Ft.>—</Unfinished_Sq._Ft.>
		<Total_Sq._Ft.>—</Total_Sq._Ft.>
		<Stories>—</Stories>
		<Lot_Size>—</Lot_Size>
		<Style>Vacant Land</Style>
		<Year_Built>—</Year_Built>
		<Year_Renovated>—</Year_Renovated>
		<County>Los Angeles County</County>
		<APN>—</APN>
	</public_facts>
</home>
