<?xml version="1.0" ?>
<home>
	<HomeInfo_Address>
		<street-address>2368 Benton St </street-address>
		<locality>SANTA CLARA, </locality>
		<region>CA</region>
		<postal-code>95050</postal-code>
	</HomeInfo_Address>
	<main_stats>
		<Price>$1,290,000</Price>
		<Beds>3</Beds>
		<Baths>1.5</Baths>
		<key name="$970 / Sq. Ft.">1,330</key>
	</main_stats>
	<text_base_description>A Must See! Desirable 3bed, 2bath SFH with Huge Sunroom  &amp;  ADU nestled  in  heart of Silicon Valley. Beautiful hardwood flooring throughout, upgraded gourmet kitchen with Granite tops, Stainless steel appliances and skylight. Bright and spacious bonus Sunroom enjoys fireplace and extra-large windows, perfect for Entertaining and Relaxing. Detached cottage could be used as the fourth bedroom. Other features include Central AC/heating, Inside laundry, 2 car garage. Conveniently located with walking distance to Parks, Schools, and Santa Clara Town Center. Quick access to  Lawrence and San Tomas Expressways, Hwy 101/280. Minutes away from to Apple Campus, Kaiser Permante, short drive to Westfield Valley Fair and Santana Row, easy commute to Facebook, Google, and Other High Techs. Enjoy low Santa Clara Utilities.  </text_base_description>
	<listed_by>
		<name>Vicky Li</name>
		<agentLicenseDisplay>•DRE #01896360</agentLicenseDisplay>
		<org>•DRE #01896360</org>
	</listed_by>
	<price_insights>
		<List_Price>$1,290,000</List_Price>
		<Est._Mo._Payment>$5,918</Est._Mo._Payment>
		<key name="Price/Sq.Ft.">$970</key>
	</price_insights>
	<home_facts>
		<Status>Active</Status>
		<Time_on_Redfin>3 days</Time_on_Redfin>
		<Property_Type>Single Family Home</Property_Type>
		<Year_Built>1954</Year_Built>
		<Community>SANTA CLARA</Community>
		<Lot_Size>6,531 Sq. Ft.</Lot_Size>
		<key name="MLS#">ML81810113</key>
	</home_facts>
	<property_details>
		<item>
			<item>Interior Features</item>
			<item>
				<item>
					<item>Bedroom Information</item>
					<item>
						<item># of Bedrooms (Minimum): 3</item>
						<item># of Bedrooms (Maximum): 3</item>
					</item>
				</item>
				<item>
					<item>Bathroom Information</item>
					<item>
						<item># of Baths (Full): 1</item>
						<item># of Baths (1/2): 1</item>
						<item>Bathroom Description: Shower and Tub, Tile, Updated Bath(s)</item>
					</item>
				</item>
				<item>
					<item>Room Information</item>
					<item>
						<item>Family Room Description: Kitchen/Family Room Combo</item>
						<item>Dining Room Description: Dining Area in Family Room</item>
						<item>Kitchen Description: Countertop (Granite), Dishwasher, Microwave, Oven (Double), Refrigerator(s), Skylight(s)</item>
					</item>
				</item>
				<item>
					<item>Interior Features</item>
					<item>
						<item>Laundry: Inside</item>
					</item>
				</item>
				<item>
					<item>Fireplace Information</item>
					<item>
						<item>Has Fireplace</item>
						<item>Fireplace Description: In Living Room</item>
						<item>Fireplaces (Minimum): 1</item>
					</item>
				</item>
				<item>
					<item>Heating &amp; Cooling Information</item>
					<item>
						<item>Cooling: Central Forced Air</item>
						<item>Heating: Central Forced Air</item>
					</item>
				</item>
			</item>
		</item>
		<item>
			<item>Parking / Garage, Multi-Unit Information, School / Neighborhood</item>
			<item>
				<item>
					<item>Parking Information</item>
					<item>
						<item>Garage (Minimum): 2</item>
						<item>Garage (Maximum): 2</item>
						<item>Parking Description: Attached Garage</item>
						<item>Garage Spaces: 2</item>
					</item>
				</item>
				<item>
					<item>Multi-Unit Information</item>
					<item>
						<item># of Stories: 1</item>
					</item>
				</item>
				<item>
					<item>School Information</item>
					<item>
						<item>Elementary School District: Santa Clara Unified</item>
						<item>High School District: Santa Clara Unified</item>
					</item>
				</item>
			</item>
		</item>
		<item>
			<item>Exterior Features</item>
			<item>
				<item>
					<item>Exterior Features</item>
					<item>
						<item>Roof: Composition</item>
					</item>
				</item>
				<item>
					<item>Building Information</item>
					<item>
						<item>Building Type: Detached</item>
						<item>Other</item>
					</item>
				</item>
			</item>
		</item>
		<item>
			<item>Utilities</item>
			<item>
				<item>
					<item>Utility Information</item>
					<item>
						<item>Sewer Septic: Sewer (Public)</item>
						<item>Utilities: Public Utilities</item>
					</item>
				</item>
				<item>
					<item>Water Information</item>
					<item>
						<item>Water: Public</item>
					</item>
				</item>
			</item>
		</item>
		<item>
			<item>Property / Lot Details</item>
			<item>
				<item>
					<item>Property Features</item>
					<item>
						<item>Living Sq. Ft.: 1,330</item>
					</item>
				</item>
				<item>
					<item>Property Information</item>
					<item>
						<item>Property Master ID: 599638</item>
					</item>
				</item>
				<item>
					<item>Lot Information</item>
					<item>
						<item>Lot Acres: 0.1499</item>
						<item>Lot Size Area Minimum Units: Sq. Ft.</item>
						<item>Lot Size Area Maximum Units: Sq. Ft.</item>
						<item>Lot Size Source: Assessor</item>
						<item>Zoning: R1</item>
					</item>
				</item>
			</item>
		</item>
	</property_details>
	<public_facts>
		<Beds>3</Beds>
		<Baths>2</Baths>
		<Finished_Sq._Ft.>1,330</Finished_Sq._Ft.>
		<Unfinished_Sq._Ft.>—</Unfinished_Sq._Ft.>
		<Total_Sq._Ft.>1,330</Total_Sq._Ft.>
		<Stories>1</Stories>
		<Lot_Size>6,531 Sq. Ft.</Lot_Size>
		<Style>Single Family Residential</Style>
		<Year_Built>1954</Year_Built>
		<Year_Renovated>1954</Year_Renovated>
		<County>Santa Clara County</County>
		<APN>29033077</APN>
	</public_facts>
</home>
