<?xml version="1.0" ?>
<home>
	<HomeInfo_Address>
		<street-address>0 Onyx Dr </street-address>
		<locality>Los Angeles, </locality>
		<region>CA</region>
		<postal-code/>
	</HomeInfo_Address>
	<main_stats>
		<Price>$100,000</Price>
		<Beds>—</Beds>
		<Baths>—</Baths>
		<Sq._Ft.>—</Sq._Ft.>
	</main_stats>
	<text_base_description>Vacant Land in Los Angeles. APN# 5209-020-026 </text_base_description>
	<listed_by>
		<name>Henry Liu</name>
		<agentLicenseDisplay>•DRE #01378289</agentLicenseDisplay>
		<org>•DRE #01378289</org>
	</listed_by>
	<price_insights>
		<List_Price>$100,000</List_Price>
		<Est._Mo._Payment>$465</Est._Mo._Payment>
		<Redfin_Estimate>$85,111</Redfin_Estimate>
	</price_insights>
	<home_facts>
		<Status>Active</Status>
		<Time_on_Redfin>593 days</Time_on_Redfin>
		<Community>699 - Not Defined</Community>
		<Lot_Size>9,416 Sq. Ft.</Lot_Size>
		<key name="MLS#">AR19033306</key>
	</home_facts>
	<property_details>
		<item>
			<item>School / Neighborhood, Utilities, Location Details</item>
			<item>
				<item>
					<item>Neighborhood Information</item>
					<item>
						<item>Urban</item>
					</item>
				</item>
				<item>
					<item>Utilities Information</item>
					<item>
						<item>Water Source: Other</item>
					</item>
				</item>
				<item>
					<item>Location Information</item>
					<item>
						<item>Directions: Go northh along Commodore St and turn right on to Onyx Dr. Subject property is on your left.</item>
						<item>Zoning: LAR1</item>
					</item>
				</item>
			</item>
		</item>
		<item>
			<item>Property / Lot Details</item>
			<item>
				<item>
					<item>Lot Information</item>
					<item>
						<item>Distance To Water Comments: Unknown</item>
						<item>Elevation Units: Feet</item>
						<item>Lot Size Source: Assessor's Data</item>
						<item>Lot Features: Lot-Level/Flat</item>
					</item>
				</item>
				<item>
					<item>Property Information</item>
					<item>
						<item>Parcel Number: 5209020026</item>
					</item>
				</item>
			</item>
		</item>
	</property_details>
	<public_facts>
		<Beds>—</Beds>
		<Baths>—</Baths>
		<Finished_Sq._Ft.>—</Finished_Sq._Ft.>
		<Unfinished_Sq._Ft.>—</Unfinished_Sq._Ft.>
		<Total_Sq._Ft.>—</Total_Sq._Ft.>
		<Stories>—</Stories>
		<Lot_Size>—</Lot_Size>
		<Style>Vacant Land</Style>
		<Year_Built>—</Year_Built>
		<Year_Renovated>—</Year_Renovated>
		<County>Los Angeles County</County>
		<APN>—</APN>
	</public_facts>
</home>
