<?xml version="1.0" ?>
<home>
	<HomeInfo_Address>
		<street-address>470 N Winchester Blvd #104 </street-address>
		<locality>SANTA CLARA, </locality>
		<region>CA</region>
		<postal-code>95050</postal-code>
	</HomeInfo_Address>
	<main_stats>
		<Price>$695,000</Price>
		<Beds>3</Beds>
		<Baths>2</Baths>
		<key name="$541 / Sq. Ft.">1,284</key>
	</main_stats>
	<text_base_description>Huge price reduction. Welcome to Winchester Townhouses! Recently remodeled in 2017 with fully upgraded interior amenities, windows, central A/C, California closet, and two modern bathrooms. Enjoy the low price electricity bills of Santa Clara!   Enjoy a spacious living room with a fireplace and kitchen with stainless steel appliances (microwave and fridge come w/ sale), electric stove/oven and a large kitchen sink. Each bedroom includes ample storage and windows which provide sunlight through all sides of the home bringing a vibrant atmosphere. The remodeled master bathroom includes a standing shower stall, full-size washer/dryer (included w/ sale), and a beautiful end suite vanity. This home is in a prime location a mile from Valley Fair Mall, Santana Row, Santa Clara University and numerous shopping areas which include places like Target, restaurants, and grocery stores. A short distance away from the CalTrain station, I-280 or 880 making commutes and exploration easy and fast.  </text_base_description>
	<listed_by>
		<name>Dan Vo</name>
		<agentLicenseDisplay>•DRE #02096132</agentLicenseDisplay>
		<org>•DRE #02096132</org>
	</listed_by>
	<price_insights>
		<List_Price>$695,000</List_Price>
		<Est._Mo._Payment>$3,188</Est._Mo._Payment>
		<Redfin_Estimate>$694,584</Redfin_Estimate>
		<key name="Price/Sq.Ft.">$541</key>
	</price_insights>
	<home_facts>
		<Status>Active</Status>
		<Time_on_Redfin>67 days</Time_on_Redfin>
		<Property_Type>Townhouse</Property_Type>
		<HOA_Dues>$641</HOA_Dues>
		<Year_Built>1979</Year_Built>
		<Style>Traditional</Style>
		<Community>SANTA CLARA</Community>
		<Lot_Size>1,462 Sq. Ft.</Lot_Size>
		<key name="MLS#">ML81802323</key>
	</home_facts>
	<property_details>
		<item>
			<item>Virtual Tour, Parking / Garage, Multi-Unit Information, Homeowners Association</item>
			<item>
				<item>
					<item>Virtual Tour</item>
					<item>
						<item>Branded Virtual Tour (External Link)</item>
					</item>
				</item>
				<item>
					<item>Parking Information</item>
					<item>
						<item>Garage (Minimum): 1</item>
						<item>Garage (Maximum): 1</item>
						<item>Parking Description: Assigned Spaces, Attached Garage, Guest/Visitor Parking, Off-Street Parking</item>
						<item>Garage Spaces: 1</item>
						<item>Parking Spaces: 1</item>
					</item>
				</item>
				<item>
					<item>Multi-Unit Information</item>
					<item>
						<item># of Stories: 1</item>
						<item># of Units in Building (Minimum): 4</item>
						<item># of Units in Building (Maximum): 4</item>
						<item># of Units in Complex (Minimum): 16</item>
					</item>
				</item>
				<item>
					<item>HOA Information</item>
					<item>
						<item>Has HOA</item>
						<item>Fees Include: Common Area Electricity, Common Area Gas, Exterior Painting, Fencing, Garbage, Hot Water, Insurance (Common Area), Landscaping/Gardening, Maintenance (Common Area), Maintenance (Exterior), Maintenance (Road), Pools, Spa, or Tennis, Roof, Sewer, Water</item>
						<item>HOA Amenities: Community Pool</item>
						<item>HOA Fee: $641</item>
						<item>HOA Fee Frequency: Monthly</item>
						<item>HOA Name: Associa Northern California</item>
						<item>HOA Primary Phone: 408-540-5047</item>
					</item>
				</item>
			</item>
		</item>
		<item>
			<item>Interior Features</item>
			<item>
				<item>
					<item>Bedroom Information</item>
					<item>
						<item># of Bedrooms (Minimum): 3</item>
						<item># of Bedrooms (Maximum): 3</item>
					</item>
				</item>
				<item>
					<item>Bathroom Information</item>
					<item>
						<item># of Baths (Full): 2</item>
						<item>Bathroom Description: Shower and Tub, Stall Shower</item>
					</item>
				</item>
				<item>
					<item>Room Information</item>
					<item>
						<item>Storage</item>
						<item>Dining Room Description: Dining Area in Living Room</item>
						<item>Kitchen Description: Countertop (Stone), Dishwasher, Garbage Disposal, Hood Over Range, Microwave, Oven (Electric), Oven Range (Electric), Refrigerator(s)</item>
					</item>
				</item>
				<item>
					<item>Interior Features</item>
					<item>
						<item>Laundry: Inside, Washer/Dryer</item>
					</item>
				</item>
				<item>
					<item>Fireplace Information</item>
					<item>
						<item>Has Fireplace</item>
						<item>Fireplace Description: In Living Room</item>
						<item>Fireplaces (Minimum): 1</item>
					</item>
				</item>
				<item>
					<item>Heating &amp; Cooling Information</item>
					<item>
						<item>Cooling: Ceiling Fan, Central Forced Air</item>
						<item>Heating: Central Forced Air (Gas)</item>
					</item>
				</item>
			</item>
		</item>
		<item>
			<item>Exterior Features</item>
			<item>
				<item>
					<item>Exterior Features</item>
					<item>
						<item>Roof: Clay</item>
						<item>Yard/Grounds: Balcony/Patio</item>
					</item>
				</item>
				<item>
					<item>Building Information</item>
					<item>
						<item>Construction Type: Stucco</item>
						<item>Concrete Perimeter</item>
						<item>Building Height (Minimum): 2</item>
						<item>Building Height (Maximum): 2</item>
					</item>
				</item>
				<item>
					<item>Pool Information</item>
					<item>
						<item>Has Pool</item>
						<item>Pool Description: Community Facility, Fenced</item>
					</item>
				</item>
			</item>
		</item>
		<item>
			<item>School / Neighborhood</item>
			<item>
				<item>
					<item>School Information</item>
					<item>
						<item>Elementary School: Westwood Elementary</item>
						<item>Elementary School District: Santa Clara Unified</item>
						<item>Middle School: Buchser Middle</item>
						<item>High School: Santa Clara High</item>
						<item>High School District: Santa Clara Unified</item>
					</item>
				</item>
			</item>
		</item>
		<item>
			<item>Utilities</item>
			<item>
				<item>
					<item>Utility Information</item>
					<item>
						<item>Energy Features: Double Pane Windows, Thermostat Controller</item>
						<item>Sewer Septic: Sewer (Public), Sewer Connected</item>
						<item>Utilities: Individual Electric Meters, Public Utilities</item>
					</item>
				</item>
				<item>
					<item>Water Information</item>
					<item>
						<item>Water: Public</item>
					</item>
				</item>
			</item>
		</item>
		<item>
			<item>Property / Lot Details</item>
			<item>
				<item>
					<item>Property Features</item>
					<item>
						<item>Living Sq. Ft.: 1,284</item>
					</item>
				</item>
				<item>
					<item>Property Information</item>
					<item>
						<item>Ownership Type: Individual</item>
						<item>Property Master ID: 383452</item>
						<item>Restrictions: Parking Restrictions</item>
					</item>
				</item>
				<item>
					<item>Lot Information</item>
					<item>
						<item>Lot Acres: 0.0336</item>
						<item>Lot Size Area Minimum Units: Sq. Ft.</item>
						<item>Lot Size Area Maximum Units: Sq. Ft.</item>
						<item>Lot Size Source: Assessor</item>
						<item>Zoning: R1</item>
					</item>
				</item>
			</item>
		</item>
	</property_details>
	<public_facts>
		<Beds>3</Beds>
		<Baths>2</Baths>
		<Finished_Sq._Ft.>1,284</Finished_Sq._Ft.>
		<Unfinished_Sq._Ft.>—</Unfinished_Sq._Ft.>
		<Total_Sq._Ft.>1,284</Total_Sq._Ft.>
		<Stories>1</Stories>
		<Lot_Size>—</Lot_Size>
		<Style>Condo/Co-op</Style>
		<Year_Built>1979</Year_Built>
		<Year_Renovated>1979</Year_Renovated>
		<County>Santa Clara County</County>
		<APN>26954012</APN>
	</public_facts>
</home>
