<?xml version="1.0" ?>
<home>
	<HomeInfo_Address>
		<street-address>11022 19th Ave SW </street-address>
		<locality>Seattle, </locality>
		<region>WA</region>
		<postal-code>98146</postal-code>
	</HomeInfo_Address>
	<main_stats>
		<Price>$399,975</Price>
		<Beds>2</Beds>
		<Baths>1.75</Baths>
		<key name="$513 / Sq. Ft.">780</key>
	</main_stats>
	<text_base_description>Consider this combination . .. a beautifully updated one bedroom one bathroom home and a detached studio suite including a shower bathroom. Fully fenced property in an excellent location sitting up smartly to take in the territorial westerly view. New kitchen and updated bath in the main house. Large living room with fireplace. Patio. Lots of off street parking and a carport. Big front a back yard. If this configuration works for you then please take action while it's available! </text_base_description>
	<listed_by>
		<name>Mark Foley</name>
		<org> • RE/MAX Metro Realty, Inc. </org>
	</listed_by>
	<price_insights>
		<List_Price>$399,975</List_Price>
		<Est._Mo._Payment>$1,787</Est._Mo._Payment>
		<key name="Price/Sq.Ft.">$513</key>
		<key name="Buyer's Brokerage Compensation">3.0%</key>
	</price_insights>
	<home_facts>
		<Status>Active</Status>
		<Time_on_Redfin>7 days</Time_on_Redfin>
		<Property_Type>Residential</Property_Type>
		<Year_Built>1949</Year_Built>
		<Style>1 Story</Style>
		<Community>North Shorewood</Community>
		<Lot_Size>8,382 Sq. Ft.</Lot_Size>
		<key name="MLS#">1664586</key>
	</home_facts>
	<property_details>
		<item>
			<item>Interior Features</item>
			<item>
				<item>
					<item>Bedroom Information</item>
					<item>
						<item># of Bedrooms (Main): 2</item>
						<item>Accessory Dwelling Unit Bedrooms: 1</item>
					</item>
				</item>
				<item>
					<item>Bathroom Information</item>
					<item>
						<item># of Baths (Full): 1</item>
						<item># of Baths (Total): 1.75</item>
						<item># of Baths (3/4): 1</item>
						<item># of Main Baths (Full): 1</item>
						<item># of Main Baths (3/4): 1</item>
						<item>Accessory Dwelling Unit Bathrooms: 1</item>
					</item>
				</item>
				<item>
					<item>Room Information</item>
					<item>
						<item>Kitchen without Eating Space on Main Level</item>
						<item>Living Room on Main Level</item>
					</item>
				</item>
				<item>
					<item>Interior Features</item>
					<item>
						<item>Double Pane/Storm Windows</item>
					</item>
				</item>
				<item>
					<item>Fireplace Information</item>
					<item>
						<item># of Fireplaces: 1</item>
						<item># of Fireplaces (Main): 1</item>
					</item>
				</item>
				<item>
					<item>Flooring Information</item>
					<item>
						<item>Laminate Floor</item>
					</item>
				</item>
				<item>
					<item>Equipment</item>
					<item>
						<item>Dishwasher, Range/Oven, Refrigerator, Washer</item>
					</item>
				</item>
				<item>
					<item>Heating &amp; Cooling</item>
					<item>
						<item>Baseboard Heat</item>
						<item>Water Heater: Electric</item>
					</item>
				</item>
			</item>
		</item>
		<item>
			<item>Parking / Garage, Exterior Features, School / Neighborhood, Utilities</item>
			<item>
				<item>
					<item>Parking Information</item>
					<item>
						<item># of Covered Spaces: 1</item>
						<item>Attached Carport</item>
					</item>
				</item>
				<item>
					<item>Building Information</item>
					<item>
						<item>Building Condition: Very Good</item>
						<item>Built On Site</item>
						<item>Metal/Vinyl Exterior</item>
						<item>Concrete Block Foundation</item>
						<item>Composition Roof</item>
					</item>
				</item>
				<item>
					<item>School Information</item>
					<item>
						<item>School District: Highline</item>
					</item>
				</item>
				<item>
					<item>Utility Information</item>
					<item>
						<item>Energy Source: Electric</item>
						<item>Public Water Source</item>
						<item>Sewer Connected</item>
						<item>Power Company: City Light</item>
						<item>Water Company: SPU</item>
						<item>Sewer Company: SPU</item>
					</item>
				</item>
			</item>
		</item>
		<item>
			<item>Financing, Location Details</item>
			<item>
				<item>
					<item>Financial Information</item>
					<item>
						<item>Cash Out, Conventional</item>
						<item>Annual Taxes: $4,265</item>
						<item>Tax Year: 2020</item>
						<item>No Senior Exemption</item>
					</item>
				</item>
				<item>
					<item>Location Information</item>
					<item>
						<item>Block: 15</item>
						<item>Lot #: 4</item>
						<item>Burien/Normandy Park</item>
						<item>Near Busline</item>
					</item>
				</item>
			</item>
		</item>
		<item>
			<item>Property / Lot Details</item>
			<item>
				<item>
					<item>Property Features</item>
					<item>
						<item>Cable Television, Partially Fenced, Natural Gas Available, High Speed Internet, Outbuildings, Patio, RV Parking</item>
					</item>
				</item>
				<item>
					<item>Lot Information</item>
					<item>
						<item>Dimensions: 66 x 127</item>
						<item>Lot Is On Paved Street</item>
						<item>Garden Space, Level</item>
						<item>Zoning Jurisdiction: County</item>
						<item>Zoning Code: R6</item>
					</item>
				</item>
				<item>
					<item>Property Information</item>
					<item>
						<item>Sq. Ft. (Finished): 780</item>
						<item>Sq. Ft. (Unfinished): 70</item>
						<item>Sq. Ft. (Detached Dwelling Finished): 240</item>
						<item>Preliminary Title Ordered: Yes</item>
						<item>Tax ID #: 6303401235</item>
						<item>Plat/Subdivision: Oak Park</item>
						<item>Detached Dwelling</item>
					</item>
				</item>
			</item>
		</item>
		<item>
			<item>Listing Information</item>
			<item>
				<item>
					<item>Listing Information</item>
					<item>
						<item>Offers Reviewed on Receipt</item>
						<item>Possession: Closing</item>
					</item>
				</item>
				<item>
					<item>Buyer's Brokerage Compensation</item>
					<item>
						<item>3.0%</item>
					</item>
				</item>
			</item>
		</item>
	</property_details>
	<public_facts>
		<Beds>1</Beds>
		<Baths>1</Baths>
		<Finished_Sq._Ft.>530</Finished_Sq._Ft.>
		<Unfinished_Sq._Ft.>—</Unfinished_Sq._Ft.>
		<Total_Sq._Ft.>530</Total_Sq._Ft.>
		<Stories>1</Stories>
		<Lot_Size>8,382 Sq. Ft.</Lot_Size>
		<Style>Single Family Residential</Style>
		<Year_Built>1949</Year_Built>
		<Year_Renovated>—</Year_Renovated>
		<County>King County</County>
		<APN>630340 1235</APN>
	</public_facts>
</home>
