<?xml version="1.0" ?>
<home>
	<HomeInfo_Address>
		<street-address>1005 SW 120 St </street-address>
		<locality>Seattle, </locality>
		<region>WA</region>
		<postal-code>98146</postal-code>
	</HomeInfo_Address>
	<main_stats>
		<Price>$679,888</Price>
		<Beds>4</Beds>
		<Baths>4</Baths>
		<key name="$243 / Sq. Ft.">2,800</key>
	</main_stats>
	<text_base_description>This 4 bedroom, 2.75 bath home has new paint and carpet and refinished hardwood and natural stone flooring. The large kitchen has stainless steel appliances and quartz countertops. In addition to the 2 car garage with ample off-street parking, the fully fenced yard offers RV parking. The property is conveniently located near several grocery and drug stores, fast food, South Center, Boeing and the light rail station. There is easy access to Hwy 509 and 518 as well as I-405 and I-5 </text_base_description>
	<listed_by>
		<name>Cam Ho</name>
		<org> • Agencyone Realty South </org>
	</listed_by>
	<price_insights>
		<List_Price>$679,888</List_Price>
		<Est._Mo._Payment>$3,002</Est._Mo._Payment>
		<Redfin_Estimate>$669,319</Redfin_Estimate>
		<key name="Price/Sq.Ft.">$243</key>
		<key name="Buyer's Brokerage Compensation">3.0%</key>
	</price_insights>
	<home_facts>
		<Status>Active</Status>
		<Time_on_Redfin>48 days</Time_on_Redfin>
		<Property_Type>Residential</Property_Type>
		<Baths>2 full, 2 partial</Baths>
		<Year_Built>1998</Year_Built>
		<Style>2 Story</Style>
		<Community>North Burien</Community>
		<Lot_Size>7,777 Sq. Ft.</Lot_Size>
		<key name="MLS#">1640510</key>
	</home_facts>
	<property_details>
		<item>
			<item>Interior Features</item>
			<item>
				<item>
					<item>Bedroom Information</item>
					<item>
						<item># of Bedrooms (Upper): 4</item>
						<item>Master Bedroom on Upper Level</item>
					</item>
				</item>
				<item>
					<item>Bathroom Information</item>
					<item>
						<item># of Baths (Full): 2</item>
						<item># of Baths (Total): 3</item>
						<item># of Baths (1/2): 2</item>
						<item># of Upper Baths (Full): 2</item>
						<item># of Main Baths (1/2): 2</item>
					</item>
				</item>
				<item>
					<item>Room Information</item>
					<item>
						<item>Kitchen with Eating Space on Main Level</item>
						<item>Dining Room on Main Level</item>
						<item>Living Room on Main Level</item>
						<item>Family Room on Main Level</item>
						<item>Bonus Room on Main Level</item>
						<item>Utility Room on Main Level</item>
					</item>
				</item>
				<item>
					<item>Interior Features</item>
					<item>
						<item>Double Pane/Storm Windows, Dining Room</item>
					</item>
				</item>
				<item>
					<item>Fireplace Information</item>
					<item>
						<item># of Fireplaces: 1</item>
						<item># of Fireplaces (Main): 1</item>
					</item>
				</item>
				<item>
					<item>Flooring Information</item>
					<item>
						<item>Hardwood Floor, Wall-to-Wall Carpet, Stone Floor</item>
					</item>
				</item>
				<item>
					<item>Equipment</item>
					<item>
						<item>Dishwasher, Microwave, Range/Oven</item>
					</item>
				</item>
				<item>
					<item>Heating &amp; Cooling</item>
					<item>
						<item>Forced Air Heating</item>
					</item>
				</item>
			</item>
		</item>
		<item>
			<item>Parking / Garage, Exterior Features, School / Neighborhood, Utilities</item>
			<item>
				<item>
					<item>Parking Information</item>
					<item>
						<item># of Covered Spaces: 2</item>
						<item>Attached Garage, Off-Street Parking</item>
					</item>
				</item>
				<item>
					<item>Building Information</item>
					<item>
						<item>Built On Site</item>
						<item>Wood Products Exterior</item>
						<item>Poured Concrete Foundation</item>
						<item>Composition Roof</item>
						<item>Effective Year Built Source: Public Records</item>
					</item>
				</item>
				<item>
					<item>School Information</item>
					<item>
						<item>Elementary School: Buyer To Verify</item>
						<item>Junior High School: Buyer To Verify</item>
						<item>Senior High School: Buyer To Verify</item>
						<item>School District: Highline</item>
					</item>
				</item>
				<item>
					<item>Utility Information</item>
					<item>
						<item>Energy Source: Natural Gas</item>
						<item>Public Water Source</item>
						<item>Sewer Connected</item>
						<item>Power Company: PSE</item>
						<item>Water Company: City of Seattle</item>
						<item>Sewer Company: SW Suburban Sewer</item>
					</item>
				</item>
			</item>
		</item>
		<item>
			<item>Financing, Location Details</item>
			<item>
				<item>
					<item>Financial Information</item>
					<item>
						<item>Cash Out, Conventional, FHA Loan</item>
						<item>Annual Taxes: $6,832</item>
						<item>Tax Year: 2019</item>
						<item>No Senior Exemption</item>
					</item>
				</item>
				<item>
					<item>Location Information</item>
					<item>
						<item>Map Book: Thomas Guide</item>
						<item>Burien/Normandy Park</item>
						<item>Near Busline</item>
					</item>
				</item>
			</item>
		</item>
		<item>
			<item>Property / Lot Details</item>
			<item>
				<item>
					<item>Property Features</item>
					<item>
						<item>Deck, Fully Fenced, RV Parking, Shop, Sprinkler System</item>
					</item>
				</item>
				<item>
					<item>Lot Information</item>
					<item>
						<item>Dimensions: 7777</item>
						<item>Alley Adjacent to Lot, Lot Is On Paved Street</item>
						<item>Fruit Trees, Garden Space, Level</item>
						<item>Zoning Jurisdiction: City</item>
					</item>
				</item>
				<item>
					<item>Property Information</item>
					<item>
						<item>Sq. Ft. (Finished): 2,800</item>
						<item>Entry on Main Level</item>
						<item>Preliminary Title Ordered: Yes</item>
						<item>Tax ID #: 3744600070</item>
						<item>Common Interest Community</item>
					</item>
				</item>
			</item>
		</item>
		<item>
			<item>Listing Information</item>
			<item>
				<item>
					<item>Listing Information</item>
					<item>
						<item>Offers Reviewed on Receipt</item>
						<item>Possession: Closing, Negotiable</item>
					</item>
				</item>
				<item>
					<item>Buyer's Brokerage Compensation</item>
					<item>
						<item>3.0%</item>
					</item>
				</item>
			</item>
		</item>
	</property_details>
	<public_facts>
		<Beds>4</Beds>
		<Baths>2.75</Baths>
		<Finished_Sq._Ft.>2,440</Finished_Sq._Ft.>
		<Unfinished_Sq._Ft.>—</Unfinished_Sq._Ft.>
		<Total_Sq._Ft.>2,440</Total_Sq._Ft.>
		<Stories>2</Stories>
		<Lot_Size>7,777 Sq. Ft.</Lot_Size>
		<Style>Single Family Residential</Style>
		<Year_Built>1998</Year_Built>
		<Year_Renovated>—</Year_Renovated>
		<County>King County</County>
		<APN>374460 0070</APN>
	</public_facts>
</home>
