<?xml version="1.0" ?>
<home>
	<HomeInfo_Address>
		<street-address>929 SW 124th St </street-address>
		<locality>Burien, </locality>
		<region>WA</region>
		<postal-code>98146</postal-code>
	</HomeInfo_Address>
	<main_stats>
		<Price>$574,000</Price>
		<Beds>4</Beds>
		<Baths>1.75</Baths>
		<key name="$208 / Sq. Ft.">2,760</key>
	</main_stats>
	<text_base_description>This spacious 2,760 sq ft home offers an opportunity for multi-generational living or a MIL w/ 4 beds, 2 bth, small bonus kitchen downstairs and separate entrance. Enormous rec room, office space and extra storage rooms w/ endless possibilities. The large fully fenced backyard is perfect for pets, play  &amp;  gardening! Enjoy barbecues on the new deck, a storage shed and even a fig tree. Convenient location close to fwys, airport, dining, parks  &amp;  transit. All appliances stay w/ this move in ready home! </text_base_description>
	<listed_by>
		<name>Calvin Mark</name>
		<org> • Berkshire Hathaway HS NW </org>
	</listed_by>
	<price_insights>
		<List_Price>$574,000</List_Price>
		<Est._Mo._Payment>$2,625</Est._Mo._Payment>
		<Redfin_Estimate>$573,538</Redfin_Estimate>
		<key name="Price/Sq.Ft.">$208</key>
		<key name="Buyer's Brokerage Compensation">3.0%</key>
	</price_insights>
	<home_facts>
		<Status>Active</Status>
		<Time_on_Redfin>22 hours</Time_on_Redfin>
		<Property_Type>Residential</Property_Type>
		<Year_Built>1962</Year_Built>
		<Style>1 Story with Basement</Style>
		<Community>Burien</Community>
		<Lot_Size>8,099 Sq. Ft.</Lot_Size>
		<key name="MLS#">1667555</key>
	</home_facts>
	<property_details>
		<item>
			<item>Virtual Tour, Parking / Garage, Exterior Features, School / Neighborhood</item>
			<item>
				<item>
					<item>Virtual Tour</item>
					<item>
						<item>Virtual Tour 1 (External Link)</item>
					</item>
				</item>
				<item>
					<item>Parking Information</item>
					<item>
						<item>Off-Street Parking</item>
					</item>
				</item>
				<item>
					<item>Building Information</item>
					<item>
						<item>Built On Site</item>
						<item>Wood Exterior, Wood Products Exterior</item>
						<item>Poured Concrete Foundation</item>
						<item>Composition Roof</item>
					</item>
				</item>
				<item>
					<item>School Information</item>
					<item>
						<item>Elementary School: Hazel Vly Elem</item>
						<item>Junior High School: Sylvester Mid</item>
						<item>Senior High School: Highline High</item>
						<item>School District: Highline</item>
					</item>
				</item>
			</item>
		</item>
		<item>
			<item>Interior Features</item>
			<item>
				<item>
					<item>Bedroom Information</item>
					<item>
						<item># of Bedrooms (Lower): 1</item>
						<item># of Bedrooms (Main): 3</item>
					</item>
				</item>
				<item>
					<item>Bathroom Information</item>
					<item>
						<item># of Baths (Full): 1</item>
						<item># of Baths (Total): 1.75</item>
						<item># of Baths (3/4): 1</item>
						<item># of Main Baths (Full): 1</item>
						<item># of Lower Baths (3/4): 1</item>
					</item>
				</item>
				<item>
					<item>Room Information</item>
					<item>
						<item>Kitchen with Eating Space on Main Level</item>
						<item>Kitchen without Eating Space on Lower Level</item>
						<item>Dining Room on Main Level</item>
						<item>Living Room on Main Level</item>
						<item>Recreation Room on Lower Level</item>
						<item>Bonus Room on Lower Level</item>
						<item>Extra Finished Room on Lower Level</item>
						<item>Utility Room on Lower Level</item>
						<item>Daylight Basement, Fully Finished Basement</item>
					</item>
				</item>
				<item>
					<item>Interior Features</item>
					<item>
						<item>Second Kitchen, Double Pane/Storm Windows</item>
					</item>
				</item>
				<item>
					<item>Fireplace Information</item>
					<item>
						<item># of Fireplaces: 2</item>
						<item># of Fireplaces (Lower): 1</item>
						<item># of Fireplaces (Main): 1</item>
					</item>
				</item>
				<item>
					<item>Flooring Information</item>
					<item>
						<item>Ceramic Tile Floor, Hardwood Floor, Laminate Floor, Vinyl Floor</item>
					</item>
				</item>
				<item>
					<item>Equipment</item>
					<item>
						<item>Dishwasher, Dryer, Garbage Disposal, Range/Oven, Refrigerator, Other (See Remarks), Washer</item>
					</item>
				</item>
				<item>
					<item>Heating &amp; Cooling</item>
					<item>
						<item>Forced Air Heating</item>
					</item>
				</item>
			</item>
		</item>
		<item>
			<item>Utilities, Financing, Location Details</item>
			<item>
				<item>
					<item>Utility Information</item>
					<item>
						<item>Energy Source: Natural Gas</item>
						<item>Public Water Source</item>
						<item>Sewer Connected</item>
						<item>Power Company: PSE</item>
						<item>Water Company: Water District 20</item>
						<item>Sewer Company: Southwest Suburban Sewer District</item>
					</item>
				</item>
				<item>
					<item>Financial Information</item>
					<item>
						<item>Cash Out, Conventional, FHA Loan, VA</item>
						<item>Annual Taxes: $6,857</item>
						<item>Tax Year: 2020</item>
						<item>No Senior Exemption</item>
					</item>
				</item>
				<item>
					<item>Location Information</item>
					<item>
						<item>Burien/Normandy Park</item>
						<item>Near Busline</item>
					</item>
				</item>
			</item>
		</item>
		<item>
			<item>Property / Lot Details</item>
			<item>
				<item>
					<item>Property Features</item>
					<item>
						<item>Deck, Partially Fenced, Natural Gas Available, High Speed Internet, Outbuildings, Patio, RV Parking</item>
					</item>
				</item>
				<item>
					<item>Lot Information</item>
					<item>
						<item>Lot Is On Paved Street</item>
						<item>Fruit Trees, Garden Space, Level, Partial Slope</item>
					</item>
				</item>
				<item>
					<item>Property Information</item>
					<item>
						<item>Sq. Ft. (Finished): 2,760</item>
						<item>Entry on Main Level</item>
						<item>Preliminary Title Ordered: Yes</item>
						<item>Tax ID #: 7141600010</item>
					</item>
				</item>
			</item>
		</item>
		<item>
			<item>Listing Information</item>
			<item>
				<item>
					<item>Listing Information</item>
					<item>
						<item>Offers Reviewed on Receipt</item>
						<item>Possession: Closing</item>
					</item>
				</item>
				<item>
					<item>Buyer's Brokerage Compensation</item>
					<item>
						<item>3.0%</item>
					</item>
				</item>
			</item>
		</item>
	</property_details>
	<public_facts>
		<Beds>4</Beds>
		<Baths>1.75</Baths>
		<Finished_Sq._Ft.>2,760</Finished_Sq._Ft.>
		<Unfinished_Sq._Ft.>—</Unfinished_Sq._Ft.>
		<Total_Sq._Ft.>2,760</Total_Sq._Ft.>
		<Stories>1</Stories>
		<Lot_Size>8,099 Sq. Ft.</Lot_Size>
		<Style>Single Family Residential</Style>
		<Year_Built>1962</Year_Built>
		<Year_Renovated>—</Year_Renovated>
		<County>King County</County>
		<APN>714160 0010</APN>
	</public_facts>
</home>
