<?xml version="1.0" ?>
<home>
	<HomeInfo_Address>
		<street-address>10615 12th Ave SW </street-address>
		<locality>Seattle, </locality>
		<region>WA</region>
		<postal-code>98146</postal-code>
	</HomeInfo_Address>
	<main_stats>
		<Price>$480,000</Price>
		<Beds>4</Beds>
		<Baths>1.5</Baths>
		<key name="$170 / Sq. Ft.">2,820</key>
	</main_stats>
	<text_base_description>Location is everything in this must see home! With 4 large bedrooms, 2 on main floor  &amp;  2 upstairs. Kitchen w/ eating space that leads to your huge deck. Open/large storage area in basement, w/ multiple access, and exterior access to basement as well; convert finished basement to more bedrooms or MIL/duplex or leave as large bonus room, brand new furnace. Zoning R24, buyer to verify all info. Walking distance to schools, &amp;  mins from freeways, downtown, &amp;  more! Previously successful Airbnb! </text_base_description>
	<listed_by>
		<name>Sarah Robbins</name>
		<org> • Keller Williams Realty PS </org>
	</listed_by>
	<price_insights>
		<List_Price>$480,000</List_Price>
		<Est._Mo._Payment>$2,075</Est._Mo._Payment>
		<Redfin_Estimate>$492,226</Redfin_Estimate>
		<key name="Price/Sq.Ft.">$170</key>
		<key name="Buyer's Brokerage Compensation">2.5%</key>
	</price_insights>
	<home_facts>
		<Status>Active</Status>
		<Time_on_Redfin>66 days</Time_on_Redfin>
		<Property_Type>Residential</Property_Type>
		<Year_Built>1945</Year_Built>
		<Style>1 1/2 Story with Basement</Style>
		<Community>White Center</Community>
		<Lot_Size>3,736 Sq. Ft.</Lot_Size>
		<key name="MLS#">1619841</key>
	</home_facts>
	<property_details>
		<item>
			<item>Interior Features</item>
			<item>
				<item>
					<item>Bedroom Information</item>
					<item>
						<item># of Bedrooms (Main): 2</item>
						<item># of Bedrooms (Upper): 2</item>
					</item>
				</item>
				<item>
					<item>Bathroom Information</item>
					<item>
						<item># of Baths (Full): 1</item>
						<item># of Baths (Total): 1.5</item>
						<item># of Baths (1/2): 1</item>
						<item># of Main Baths (Full): 1</item>
						<item># of Upper Baths (1/2): 1</item>
					</item>
				</item>
				<item>
					<item>Room Information</item>
					<item>
						<item>Kitchen with Eating Space on Main Level</item>
						<item>Dining Room on Main Level</item>
						<item>Living Room on Main Level</item>
						<item>Family Room on Lower Level</item>
						<item>Bonus Room on Lower Level</item>
						<item>Extra Finished Room on Lower Level</item>
						<item>Utility Room on Lower Level</item>
						<item>Daylight Basement, Partially Finished Basement</item>
					</item>
				</item>
				<item>
					<item>Interior Features</item>
					<item>
						<item>Dining Room</item>
					</item>
				</item>
				<item>
					<item>Flooring Information</item>
					<item>
						<item>Ceramic Tile Floor, Fir/Softwood Floor, Hardwood Floor, Vinyl Floor, Wall-to-Wall Carpet</item>
					</item>
				</item>
				<item>
					<item>Equipment</item>
					<item>
						<item>Dishwasher, Dryer, Garbage Disposal, Microwave, Range/Oven, Refrigerator, Other (See Remarks), Washer</item>
					</item>
				</item>
				<item>
					<item>Heating &amp; Cooling</item>
					<item>
						<item>Forced Air Heating</item>
						<item>Water Heater: Gas</item>
					</item>
				</item>
			</item>
		</item>
		<item>
			<item>Parking / Garage, Exterior Features, School / Neighborhood, Utilities</item>
			<item>
				<item>
					<item>Parking Information</item>
					<item>
						<item>Off-Street Parking</item>
					</item>
				</item>
				<item>
					<item>Building Information</item>
					<item>
						<item>Building Condition: Good</item>
						<item>Built On Site</item>
						<item>Metal/Vinyl Exterior</item>
						<item>Poured Concrete Foundation</item>
						<item>Composition Roof</item>
						<item>Effective Year Built Source: Public Records</item>
					</item>
				</item>
				<item>
					<item>School Information</item>
					<item>
						<item>Elementary School: Mount View Elem</item>
						<item>Junior High School: Cascade Mid</item>
						<item>Senior High School: Buyer To Verify</item>
						<item>School District: Highline</item>
					</item>
				</item>
				<item>
					<item>Utility Information</item>
					<item>
						<item>Energy Source: Electric, Natural Gas</item>
						<item>Public Water Source</item>
						<item>Sewer Connected</item>
						<item>Power Company: Seattle City Light/PSE</item>
						<item>Water Company: City of Seattle</item>
						<item>Sewer Company: Southwest Suburban Sewer District</item>
					</item>
				</item>
			</item>
		</item>
		<item>
			<item>Financing, Location Details</item>
			<item>
				<item>
					<item>Financial Information</item>
					<item>
						<item>Cash Out, Conventional, FHA Loan, VA</item>
						<item>Annual Taxes: $4,289</item>
						<item>Tax Year: 2019</item>
						<item>No Senior Exemption</item>
					</item>
				</item>
				<item>
					<item>Location Information</item>
					<item>
						<item>Burien/Normandy Park</item>
					</item>
				</item>
			</item>
		</item>
		<item>
			<item>Property / Lot Details</item>
			<item>
				<item>
					<item>Property Features</item>
					<item>
						<item>Cable Television, Deck, Partially Fenced</item>
					</item>
				</item>
				<item>
					<item>Lot Information</item>
					<item>
						<item>Dimensions: 44'x87'</item>
						<item>Lot Is On Paved Street</item>
						<item>Level</item>
						<item>Zoning Jurisdiction: City</item>
						<item>Zoning Code: R24</item>
					</item>
				</item>
				<item>
					<item>Property Information</item>
					<item>
						<item>Sq. Ft. (Finished): 2,820</item>
						<item>Entry on Main Level</item>
						<item>Preliminary Title Ordered: Yes</item>
						<item>Tax ID #: 3451000174</item>
					</item>
				</item>
			</item>
		</item>
		<item>
			<item>Listing Information</item>
			<item>
				<item>
					<item>Listing Information</item>
					<item>
						<item>Offers Reviewed on Receipt</item>
						<item>Possession: Closing</item>
					</item>
				</item>
				<item>
					<item>Buyer's Brokerage Compensation</item>
					<item>
						<item>2.5%</item>
					</item>
				</item>
			</item>
		</item>
	</property_details>
	<public_facts>
		<Beds>4</Beds>
		<Baths>2</Baths>
		<Finished_Sq._Ft.>1,690</Finished_Sq._Ft.>
		<Unfinished_Sq._Ft.>—</Unfinished_Sq._Ft.>
		<Total_Sq._Ft.>1,690</Total_Sq._Ft.>
		<Stories>1.5</Stories>
		<Lot_Size>3,736 Sq. Ft.</Lot_Size>
		<Style>Single Family Residential</Style>
		<Year_Built>1945</Year_Built>
		<Year_Renovated>—</Year_Renovated>
		<County>King County</County>
		<APN>345100 0174</APN>
	</public_facts>
</home>
