<?xml version="1.0" ?>
<home>
	<HomeInfo_Address>
		<street-address>1453 Franklin St </street-address>
		<locality>SANTA CLARA, </locality>
		<region>CA</region>
		<postal-code>95050</postal-code>
	</HomeInfo_Address>
	<main_stats>
		<Price>$1,675,000</Price>
		<Beds>4</Beds>
		<Baths>2.5</Baths>
		<key name="$670 / Sq. Ft.">2,500</key>
	</main_stats>
	<text_base_description>Beautifully remodeled spacious 4 bedroom 3 bathroom home in the highly desirable &quot;Old Quad&quot; area of Santa Clara. Wonderful side street and set back from the road. Bright  &amp;  airy open floor plan featuring brand new wide-plank Bamboo floors, fresh paint, high ceilings, stainless steel appliances, granite counters. Sizable family room boasts a gas fireplace. Peaceful and private backyard and patio with fresh low maintenance landscaping. Huge master bedroom, dual vanities, 2 spacious closets with ample storage. Roomy 2 car garage, paver driveway and plenty of parking. This home is centrally located near Santa Clara University, Franklin Square, restaurants, parks, the New Apple Campus and more! </text_base_description>
	<listed_by>
		<name>Ryan Hafich</name>
		<agentLicenseDisplay>•DRE #02025809</agentLicenseDisplay>
		<org>•DRE #02025809</org>
	</listed_by>
	<price_insights>
		<List_Price>$1,675,000</List_Price>
		<Est._Mo._Payment>$7,684</Est._Mo._Payment>
		<Redfin_Estimate>$1,708,956</Redfin_Estimate>
		<key name="Price/Sq.Ft.">$670</key>
	</price_insights>
	<home_facts>
		<Status>Active</Status>
		<Time_on_Redfin>18 days</Time_on_Redfin>
		<Property_Type>Single Family Home</Property_Type>
		<Year_Built>1999</Year_Built>
		<Community>SANTA CLARA</Community>
		<Lot_Size>3,757 Sq. Ft.</Lot_Size>
		<key name="MLS#">ML81809547</key>
	</home_facts>
	<property_details>
		<item>
			<item>Virtual Tour, Parking / Garage, Multi-Unit Information, School / Neighborhood</item>
			<item>
				<item>
					<item>Virtual Tour</item>
					<item>
						<item>Branded 3D Tour (External Link)</item>
						<item>Branded Virtual Tour (External Link)</item>
						<item>Branded Additional Virtual Tour (External Link)</item>
						<item>Branded Drone Tour (External Link)</item>
						<item>Unbranded 3D Tour (External Link)</item>
						<item>Unbranded Virtual Tour (External Link)</item>
						<item>Unbranded Drone Tour (External Link)</item>
					</item>
				</item>
				<item>
					<item>Parking Information</item>
					<item>
						<item>Garage (Minimum): 2</item>
						<item>Garage (Maximum): 2</item>
						<item>Parking Description: Attached Garage, Common Parking Area, On Street</item>
						<item>Garage Spaces: 2</item>
					</item>
				</item>
				<item>
					<item>Multi-Unit Information</item>
					<item>
						<item># of Stories: 2</item>
					</item>
				</item>
				<item>
					<item>School Information</item>
					<item>
						<item>Elementary School District: Santa Clara Unified</item>
						<item>High School District: Santa Clara Unified</item>
					</item>
				</item>
			</item>
		</item>
		<item>
			<item>Interior Features</item>
			<item>
				<item>
					<item>Bedroom Information</item>
					<item>
						<item># of Bedrooms (Minimum): 4</item>
						<item># of Bedrooms (Maximum): 4</item>
					</item>
				</item>
				<item>
					<item>Bathroom Information</item>
					<item>
						<item># of Baths (Full): 2</item>
						<item># of Baths (1/2): 1</item>
					</item>
				</item>
				<item>
					<item>Room Information</item>
					<item>
						<item>Family Room Description: Kitchen/Family Room Combo</item>
						<item>Dining Room Description: Breakfast Nook, Dining Area in Living Room</item>
					</item>
				</item>
				<item>
					<item>Fireplace Information</item>
					<item>
						<item>Has Fireplace</item>
						<item>Fireplace Description: In Family Room, Gas Log</item>
						<item>Fireplaces (Minimum): 1</item>
					</item>
				</item>
				<item>
					<item>Heating &amp; Cooling Information</item>
					<item>
						<item>Cooling: Central Forced Air, Whole House Fan</item>
						<item>Heating: Forced Air</item>
					</item>
				</item>
			</item>
		</item>
		<item>
			<item>Exterior Features</item>
			<item>
				<item>
					<item>Exterior Features</item>
					<item>
						<item>Roof: Composition</item>
					</item>
				</item>
				<item>
					<item>Building Information</item>
					<item>
						<item>Building Type: Attached</item>
						<item>Concrete Slab</item>
					</item>
				</item>
			</item>
		</item>
		<item>
			<item>Utilities</item>
			<item>
				<item>
					<item>Utility Information</item>
					<item>
						<item>Sewer Septic: Sewer (Public)</item>
						<item>Utilities: Public Utilities</item>
					</item>
				</item>
				<item>
					<item>Water Information</item>
					<item>
						<item>Water: Public</item>
					</item>
				</item>
			</item>
		</item>
		<item>
			<item>Taxes / Assessments</item>
			<item>
				<item>
					<item>Tax/Assessment Information</item>
					<item>
						<item>City Transfer Tax: No</item>
					</item>
				</item>
			</item>
		</item>
		<item>
			<item>Property / Lot Details</item>
			<item>
				<item>
					<item>Property Features</item>
					<item>
						<item>Living Sq. Ft.: 2,500</item>
					</item>
				</item>
				<item>
					<item>Property Information</item>
					<item>
						<item>Property Master ID: 241554</item>
					</item>
				</item>
				<item>
					<item>Lot Information</item>
					<item>
						<item>Lot Acres: 0.0862</item>
						<item>Lot Size Area Minimum Units: Sq. Ft.</item>
						<item>Lot Size Area Maximum Units: Sq. Ft.</item>
						<item>Lot Size Source: Assessor</item>
						<item>Zoning: PD</item>
					</item>
				</item>
			</item>
		</item>
	</property_details>
	<public_facts>
		<Beds>4</Beds>
		<Baths>3</Baths>
		<Finished_Sq._Ft.>2,281</Finished_Sq._Ft.>
		<Unfinished_Sq._Ft.>—</Unfinished_Sq._Ft.>
		<Total_Sq._Ft.>2,281</Total_Sq._Ft.>
		<Stories>2</Stories>
		<Lot_Size>3,757 Sq. Ft.</Lot_Size>
		<Style>Single Family Residential</Style>
		<Year_Built>1999</Year_Built>
		<Year_Renovated>2000</Year_Renovated>
		<County>Santa Clara County</County>
		<APN>26920101</APN>
	</public_facts>
</home>
