<?xml version="1.0" ?>
<home>
	<HomeInfo_Address>
		<street-address>2201 Monroe St #1301 </street-address>
		<locality>SANTA CLARA, </locality>
		<region>CA</region>
		<postal-code>95050</postal-code>
	</HomeInfo_Address>
	<main_stats>
		<Price>$650,000</Price>
		<Beds>2</Beds>
		<Bath>1</Bath>
		<key name="$762 / Sq. Ft.">853</key>
	</main_stats>
	<text_base_description>Nestled in a highly desirable location filled with the green scenery of trees, quietness and a friendly community. Highly sought after first floor end unit boasts an open floor plan. The unit has been recently updated: Freshly painted, new stackable washer/dryer, new dishwasher and carpet will be installed prior to close. The open living area leads to a roomy backyard patio with two private storage areas and is perfect for a small pet. This well managed HOA has a park like setting surrounded by Redwood trees. It offers tennis courts, pool, plenty of guest parking, dog-friendly, playground and community garden. Excellent central location with easy access to many tech companies, SJ International Airport, Facebook/Google shuttle stop just steps from the complex. San Thomas Aquino Creek Trail, Levi Stadium, Santana Row, Walk to Santa Clara Town Center for great shopping, Target, Sprouts, The Habit, Walgreens, Smart  &amp;  Final, restaurants and beauty services. Close to freeways (101/280/87).  </text_base_description>
	<listed_by>
		<name>Frank Liu</name>
		<agentLicenseDisplay>•DRE #00991680</agentLicenseDisplay>
		<org>•DRE #00991680</org>
	</listed_by>
	<price_insights>
		<List_Price>$650,000</List_Price>
		<Est._Mo._Payment>$2,981</Est._Mo._Payment>
		<Redfin_Estimate>$633,574</Redfin_Estimate>
		<key name="Price/Sq.Ft.">$762</key>
	</price_insights>
	<home_facts>
		<Status>Active</Status>
		<Time_on_Redfin>190 days</Time_on_Redfin>
		<Property_Type>Condominium</Property_Type>
		<HOA_Dues>$342</HOA_Dues>
		<Year_Built>1978</Year_Built>
		<Community>SANTA CLARA</Community>
		<key name="MLS#">ML81787554</key>
	</home_facts>
	<property_details>
		<item>
			<item>Interior Features</item>
			<item>
				<item>
					<item>Bedroom Information</item>
					<item>
						<item># of Bedrooms (Minimum): 2</item>
						<item># of Bedrooms (Maximum): 2</item>
					</item>
				</item>
				<item>
					<item>Bathroom Information</item>
					<item>
						<item># of Baths (Full): 1</item>
					</item>
				</item>
				<item>
					<item>Room Information</item>
					<item>
						<item>Storage, Utility Room</item>
						<item>Family Room Description: Kitchen/Family Room Combo</item>
						<item>Dining Room Description: Breakfast Nook</item>
						<item>Kitchen Description: Dishwasher, Garbage Disposal, Oven Range (Electric), Refrigerator(s)</item>
					</item>
				</item>
				<item>
					<item>Interior Features</item>
					<item>
						<item>Laundry: Inside</item>
						<item>Flooring: Carpet</item>
					</item>
				</item>
				<item>
					<item>Heating &amp; Cooling Information</item>
					<item>
						<item>Heating: Central Forced Air</item>
					</item>
				</item>
			</item>
		</item>
		<item>
			<item>Parking / Garage, Multi-Unit Information, Homeowners Association, School / Neighborhood</item>
			<item>
				<item>
					<item>Parking Information</item>
					<item>
						<item>Carport (Minimum): 1</item>
						<item>Parking Description: Attached Garage, Common Parking Area, Guest/Visitor Parking</item>
					</item>
				</item>
				<item>
					<item>Multi-Unit Information</item>
					<item>
						<item># of Stories: 1</item>
					</item>
				</item>
				<item>
					<item>HOA Information</item>
					<item>
						<item>Has HOA</item>
						<item>Fees Include: Common Area Electricity, Common Area Gas, Exterior Painting, Pools, Spa, or Tennis, Roof, Sewer</item>
						<item>HOA Fee: $342</item>
						<item>HOA Fee Frequency: Monthly</item>
						<item>HOA Name: Community Management</item>
					</item>
				</item>
				<item>
					<item>School Information</item>
					<item>
						<item>Elementary School District: Santa Clara Unified</item>
						<item>High School District: Santa Clara Unified</item>
					</item>
				</item>
			</item>
		</item>
		<item>
			<item>Exterior Features</item>
			<item>
				<item>
					<item>Exterior Features</item>
					<item>
						<item>Roof: Other (See Remarks)</item>
					</item>
				</item>
				<item>
					<item>Building Information</item>
					<item>
						<item>Concrete Slab</item>
					</item>
				</item>
				<item>
					<item>Pool Information</item>
					<item>
						<item>Has Pool</item>
						<item>Pool Description: In-Ground</item>
					</item>
				</item>
			</item>
		</item>
		<item>
			<item>Utilities</item>
			<item>
				<item>
					<item>Utility Information</item>
					<item>
						<item>Sewer Septic: Sewer Connected</item>
						<item>Utilities: Public Utilities</item>
					</item>
				</item>
				<item>
					<item>Water Information</item>
					<item>
						<item>Water: Public</item>
					</item>
				</item>
			</item>
		</item>
		<item>
			<item>Property / Lot Details</item>
			<item>
				<item>
					<item>Property Features</item>
					<item>
						<item>Living Sq. Ft.: 853</item>
					</item>
				</item>
				<item>
					<item>Property Information</item>
					<item>
						<item>Ownership Type: Condominium Ownership</item>
						<item>Property Master ID: 638444</item>
						<item>Restrictions: Other (See Remarks)</item>
					</item>
				</item>
				<item>
					<item>Lot Information</item>
					<item>
						<item>Lot Size Source: Assessor</item>
						<item>Zoning: PD</item>
					</item>
				</item>
			</item>
		</item>
	</property_details>
	<public_facts>
		<Beds>2</Beds>
		<Baths>1</Baths>
		<Finished_Sq._Ft.>853</Finished_Sq._Ft.>
		<Unfinished_Sq._Ft.>—</Unfinished_Sq._Ft.>
		<Total_Sq._Ft.>853</Total_Sq._Ft.>
		<Stories>1</Stories>
		<Lot_Size>—</Lot_Size>
		<Style>Condo/Co-op</Style>
		<Year_Built>1978</Year_Built>
		<Year_Renovated>1978</Year_Renovated>
		<County>Santa Clara County</County>
		<APN>22452043</APN>
	</public_facts>
</home>
