<?xml version="1.0" ?>
<home>
	<HomeInfo_Address>
		<street-address>8581 Cole Crest Dr </street-address>
		<locality>Los Angeles, </locality>
		<region>CA</region>
		<postal-code>90046</postal-code>
	</HomeInfo_Address>
	<main_stats>
		<Price>$1,999,900</Price>
		<Beds>5</Beds>
		<Baths>5</Baths>
		<key name="$465 / Sq. Ft.">4,300</key>
	</main_stats>
	<text_base_description>Beautifully done , 5 bedroom + 5 baths, hip contemporary w/ spectacular canyon/city views on a quiet St. Newer sunny designer kitchen w/ stainless steel Boshe appliances limestone floors, large pantry. Huge great room w/ fireplace, vaulted ceilings, and picture windows leads to a spacious deck. Soaring ceilings, architectural lighting, hardwoods, custom European cabinetry, imported glass tile/stone baths complement the bright spacious interior. The master has a frplc, huge walk-in closet  &amp;  spa like bath. One bedroom could also serve as a separate media rm while another has its own entry. The home has four large decks. New wide plank hardwood floors recently installed and freshly painted. Buyer to verify ALL MLS info, including but not limited to, permits and uses, bed/bath count, all square footage  &amp;  school availability ! </text_base_description>
	<listed_by>
		<name>Robert Walters</name>
		<agentLicenseDisplay>•DRE #01052638</agentLicenseDisplay>
		<org>•DRE #01052638</org>
	</listed_by>
	<price_insights>
		<List_Price>$1,999,900</List_Price>
		<Est._Mo._Payment>$9,268</Est._Mo._Payment>
		<Redfin_Estimate>$1,956,293</Redfin_Estimate>
		<key name="Price/Sq.Ft.">$465</key>
	</price_insights>
	<home_facts>
		<Status>Active</Status>
		<Time_on_Redfin>30 hours</Time_on_Redfin>
		<Property_Type>Single Family, Residential Single-Family</Property_Type>
		<Baths>2 full, 3 partial</Baths>
		<Year_Built>1989</Year_Built>
		<Style>Modern</Style>
		<Community>Sunset Strip - Hollywood Hills West</Community>
		<Lot_Size>3,000 Sq. Ft.</Lot_Size>
		<key name="MLS#">20-636048</key>
	</home_facts>
	<property_details>
		<item>
			<item>Interior Features</item>
			<item>
				<item>
					<item>Bedroom Information</item>
					<item>
						<item>2 Master Bedrooms</item>
					</item>
				</item>
				<item>
					<item>Bathroom Information</item>
					<item>
						<item># of Baths (Full): 2</item>
						<item># of Baths (3/4): 3</item>
						<item>Remodeled, Shower Stall, Double Shower, Travertine, Low Flow Toilet(s), Shower and Tub</item>
					</item>
				</item>
				<item>
					<item>Kitchen Information</item>
					<item>
						<item>Built-In Gas, Cooktop - Gas, Oven-Gas</item>
						<item>Stone Counters, Pantry, Remodeled</item>
					</item>
				</item>
				<item>
					<item>Laundry Information</item>
					<item>
						<item>Laundry Room</item>
					</item>
				</item>
				<item>
					<item>Additional Rooms</item>
					<item>
						<item>Breakfast Area, Family Room, Formal Dining Room</item>
						<item>Dining Room</item>
						<item>Family Room</item>
						<item>Art Studio, Bar Room, Bonus Room, Breakfast Area, Dressing Area, Family Room, Separate Family Room, Master Bedroom, Living Room, Studio, Guest-Maids Quarters, Two Masters, Dining Room, Patio Open, Entry Room, Pantry</item>
					</item>
				</item>
				<item>
					<item>Interior Features</item>
					<item>
						<item>Built-Ins, Cathedral-Vaulted Ceilings, Bar, 2 Staircases, Wet Bar, Living Room Deck Attached</item>
						<item>Main Level</item>
						<item>Windows: Skylights</item>
					</item>
				</item>
				<item>
					<item>Fireplace Information</item>
					<item>
						<item>In Living Room, In Master Bedroom</item>
						<item># of Fireplaces: 2</item>
					</item>
				</item>
				<item>
					<item>Flooring Information</item>
					<item>
						<item>Hardwood Floors, Stone Floors</item>
					</item>
				</item>
				<item>
					<item>Equipment</item>
					<item>
						<item>Dishwasher, Garbage Disposal, Hood Fan, Refrigerator, Range/Oven</item>
						<item>Cable TV</item>
					</item>
				</item>
				<item>
					<item>Heating &amp; Cooling</item>
					<item>
						<item>A/C, Multi/Zone Cooling</item>
						<item>Central Heat, Forced Air Heating</item>
						<item>Water Heater Features: Gas</item>
					</item>
				</item>
			</item>
		</item>
		<item>
			<item>Parking / Garage</item>
			<item>
				<item>
					<item>Garage</item>
					<item>
						<item>Door Opener, Direct Entrance, 2 Car Garage, Garage Is Attached, Controlled Entrance, Side By Side</item>
						<item># of Garage Spaces: 2</item>
					</item>
				</item>
				<item>
					<item>Parking</item>
					<item>
						<item># of Parking Spaces (Total): 2</item>
						<item># of Covered Parking Spaces: 2</item>
						<item># of Open Other Spaces: 1</item>
					</item>
				</item>
			</item>
		</item>
		<item>
			<item>Exterior Features</item>
			<item>
				<item>
					<item>Building Information</item>
					<item>
						<item>Total Floors: 4</item>
						<item>Multi Levels</item>
						<item>Detached</item>
						<item>Detached/No Common Walls</item>
						<item>Faces North</item>
						<item>Security Features: Exterior Security Lights, Prewired for alarm system</item>
						<item>Guest House: Attached</item>
						<item>Foundation - Pier and Beam</item>
						<item>Exterior Construction: Stucco</item>
					</item>
				</item>
				<item>
					<item>Exterior Features</item>
					<item>
						<item>Patio Features: Balcony, Deck(s), Living Room Balcony, Living Room Deck Attached</item>
						<item>Other Structural Features: Balcony, French Doors</item>
					</item>
				</item>
			</item>
		</item>
		<item>
			<item>School / Neighborhood, Utilities, Taxes / Assessments, Location Details</item>
			<item>
				<item>
					<item>Community Information</item>
					<item>
						<item>Athletic Court: None</item>
					</item>
				</item>
				<item>
					<item>Utility Information</item>
					<item>
						<item>Sewer: Unknown</item>
						<item>Water: Public</item>
					</item>
				</item>
				<item>
					<item>Assessment Information</item>
					<item>
						<item>Assessor Parcel Number: 5556-014-030</item>
					</item>
				</item>
				<item>
					<item>Location Information</item>
					<item>
						<item>Directions: From Sunset Plaza...to Blue Heights to Close Crest (call agent) From Laurel Canyon...Kirkwood ( to the end) left on Grand view ; hard right on Cole Crest to the very top</item>
					</item>
				</item>
			</item>
		</item>
		<item>
			<item>Property / Lot Details</item>
			<item>
				<item>
					<item>Property Information</item>
					<item>
						<item>Land Lease Type: Fee</item>
						<item>Property Type: Residential Single-Family</item>
						<item>Property Condition: Additions/Alter, Updated/Remodeled, Under Construction</item>
					</item>
				</item>
				<item>
					<item>Lot Information</item>
					<item>
						<item>Lot Size (Sq. Ft.): 3,000</item>
						<item>Lot Size (Acres): 0.0689</item>
						<item>Zoning: LAR1</item>
						<item>Lot Location: Hilltop</item>
					</item>
				</item>
				<item>
					<item>Property Features</item>
					<item>
						<item>None</item>
						<item>None</item>
						<item>Has View</item>
						<item>View: Canyon, City, Valley, Landmark, Panoramic, Hills</item>
					</item>
				</item>
			</item>
		</item>
		<item>
			<item>Documents &amp; Disclosures, Listing Information</item>
			<item>
				<item>
					<item>Documents &amp; Disclosures</item>
					<item>
						<item>Disclosures: Lender Owned/REO</item>
					</item>
				</item>
				<item>
					<item>Listing Information</item>
					<item>
						<item>Possession: Close Of Escrow</item>
					</item>
				</item>
			</item>
		</item>
	</property_details>
	<public_facts>
		<Beds>2</Beds>
		<Baths>2</Baths>
		<Finished_Sq._Ft.>2,892</Finished_Sq._Ft.>
		<Unfinished_Sq._Ft.>—</Unfinished_Sq._Ft.>
		<Total_Sq._Ft.>2,892</Total_Sq._Ft.>
		<Stories>—</Stories>
		<Lot_Size>3,000 Sq. Ft.</Lot_Size>
		<Style>Single Family Residential</Style>
		<Year_Built>1989</Year_Built>
		<Year_Renovated>1989</Year_Renovated>
		<County>Los Angeles County</County>
		<APN>5556014030</APN>
	</public_facts>
</home>
