<?xml version="1.0" ?>
<home>
	<HomeInfo_Address>
		<street-address>12425 3rd Ave SW </street-address>
		<locality>Seattle, </locality>
		<region>WA</region>
		<postal-code>98146</postal-code>
	</HomeInfo_Address>
	<main_stats>
		<Price>$525,000</Price>
		<Beds>3</Beds>
		<Baths>2</Baths>
		<key name="$357 / Sq. Ft.">1,470</key>
	</main_stats>
	<text_base_description>Charming updated 2-story, natural light filled home conveniently located 15 minutes from downtown Seattle. Recently updated, open concept, with soaring ceilings, features kitchen with ss appliances, gas range oven, subway tiles, amble cabinet space. Newer laminate floors, cozy fireplace, double pane windows. Spacious bedrooms! Flex backyard optimized for recreation and entertaining guests. Walking distance to Hazel Valley Park, short commute to library, West Seattle, downtown Burien. Wow! </text_base_description>
	<listed_by>
		<name>Adriano Tori</name>
		<org> • RexMont Real Estate Group </org>
	</listed_by>
	<price_insights>
		<List_Price>$525,000</List_Price>
		<Est._Mo._Payment>$2,356</Est._Mo._Payment>
		<key name="Price/Sq.Ft.">$357</key>
		<key name="Buyer's Brokerage Compensation">2.5%</key>
	</price_insights>
	<home_facts>
		<Status>Active</Status>
		<Time_on_Redfin>10 days</Time_on_Redfin>
		<Property_Type>Residential</Property_Type>
		<Year_Built>2005</Year_Built>
		<Style>2 Story, Contemporary</Style>
		<Community>Seattle</Community>
		<Lot_Size>3,300 Sq. Ft.</Lot_Size>
		<key name="MLS#">1663284</key>
	</home_facts>
	<property_details>
		<item>
			<item>Virtual Tour, Parking / Garage, Exterior Features, School / Neighborhood</item>
			<item>
				<item>
					<item>Virtual Tour</item>
					<item>
						<item>Virtual Tour 1 (External Link)</item>
					</item>
				</item>
				<item>
					<item>Parking Information</item>
					<item>
						<item># of Covered Spaces: 2</item>
						<item>Attached Garage</item>
					</item>
				</item>
				<item>
					<item>Building Information</item>
					<item>
						<item>Building Condition: Good</item>
						<item>Built On Site</item>
						<item>Wood Products Exterior</item>
						<item>Poured Concrete Foundation</item>
						<item>Composition Roof</item>
					</item>
				</item>
				<item>
					<item>School Information</item>
					<item>
						<item>Elementary School: Hazel Vly Elem</item>
						<item>Junior High School: Sylvester Mid</item>
						<item>Senior High School: Highline High</item>
						<item>School District: Highline</item>
					</item>
				</item>
			</item>
		</item>
		<item>
			<item>Interior Features</item>
			<item>
				<item>
					<item>Bedroom Information</item>
					<item>
						<item># of Bedrooms (Main): 1</item>
						<item># of Bedrooms (Upper): 2</item>
					</item>
				</item>
				<item>
					<item>Bathroom Information</item>
					<item>
						<item># of Baths (Full): 2</item>
						<item># of Baths (Total): 2</item>
						<item># of Main Baths (Full): 1</item>
						<item># of Upper Baths (Full): 1</item>
					</item>
				</item>
				<item>
					<item>Room Information</item>
					<item>
						<item>Kitchen with Eating Space on Upper Level</item>
						<item>Family Room on Upper Level</item>
					</item>
				</item>
				<item>
					<item>Interior Features</item>
					<item>
						<item>Walk-In Closet</item>
					</item>
				</item>
				<item>
					<item>Fireplace Information</item>
					<item>
						<item># of Fireplaces: 1</item>
						<item># of Fireplaces (Upper): 1</item>
					</item>
				</item>
				<item>
					<item>Flooring Information</item>
					<item>
						<item>Laminate Floor, Vinyl Floor</item>
					</item>
				</item>
				<item>
					<item>Equipment</item>
					<item>
						<item>Dishwasher, Dryer, Garbage Disposal, Range/Oven, Refrigerator</item>
					</item>
				</item>
				<item>
					<item>Heating &amp; Cooling</item>
					<item>
						<item>Forced Air Heating</item>
						<item>Water Heater: Garage-Gas</item>
					</item>
				</item>
			</item>
		</item>
		<item>
			<item>Utilities, Financing, Location Details</item>
			<item>
				<item>
					<item>Utility Information</item>
					<item>
						<item>Energy Source: Electric, Natural Gas</item>
						<item>Public Water Source</item>
						<item>Sewer Connected</item>
						<item>Power Company: Seattle City Light</item>
					</item>
				</item>
				<item>
					<item>Financial Information</item>
					<item>
						<item>Cash Out, Conventional, FHA Loan, State Bond, VA</item>
						<item>Annual Taxes: $5,726</item>
						<item>Tax Year: 2020</item>
						<item>No Senior Exemption</item>
					</item>
				</item>
				<item>
					<item>Location Information</item>
					<item>
						<item>Burien/Normandy Park</item>
						<item>Near Busline</item>
						<item>Bus Route Number: 131</item>
					</item>
				</item>
			</item>
		</item>
		<item>
			<item>Property / Lot Details</item>
			<item>
				<item>
					<item>Property Features</item>
					<item>
						<item>Cable Television, Deck, Partially Fenced, Natural Gas Available, High Speed Internet, Patio</item>
					</item>
				</item>
				<item>
					<item>Lot Information</item>
					<item>
						<item>Curbed Lot, Lot Is On Paved Street, Secluded Lot</item>
						<item>Garden Space, Level</item>
						<item>Zoning Jurisdiction: City</item>
					</item>
				</item>
				<item>
					<item>Property Information</item>
					<item>
						<item>Sq. Ft. (Finished): 1,470</item>
						<item>Preliminary Title Ordered: Yes</item>
						<item>Tax ID #: 7889602030</item>
					</item>
				</item>
			</item>
		</item>
		<item>
			<item>Listing Information</item>
			<item>
				<item>
					<item>Listing Information</item>
					<item>
						<item>Offers Reviewed on Receipt</item>
						<item>Possession: Closing</item>
					</item>
				</item>
				<item>
					<item>Buyer's Brokerage Compensation</item>
					<item>
						<item>2.5%</item>
					</item>
				</item>
			</item>
		</item>
	</property_details>
	<public_facts>
		<Beds>3</Beds>
		<Baths>2</Baths>
		<Finished_Sq._Ft.>1,470</Finished_Sq._Ft.>
		<Unfinished_Sq._Ft.>—</Unfinished_Sq._Ft.>
		<Total_Sq._Ft.>1,470</Total_Sq._Ft.>
		<Stories>1</Stories>
		<Lot_Size>3,300 Sq. Ft.</Lot_Size>
		<Style>Single Family Residential</Style>
		<Year_Built>2005</Year_Built>
		<Year_Renovated>—</Year_Renovated>
		<County>King County</County>
		<APN>788960 2030</APN>
	</public_facts>
</home>
