<?xml version="1.0" ?>
<home>
	<HomeInfo_Address>
		<street-address>821 N Formosa Ave #101 </street-address>
		<locality>Los Angeles, </locality>
		<region>CA</region>
		<postal-code>90046</postal-code>
	</HomeInfo_Address>
	<main_stats>
		<Price>$1,299,000</Price>
		<Beds>4</Beds>
		<Baths>4</Baths>
		<key name="$553 / Sq. Ft.">2,350</key>
	</main_stats>
	<text_base_description>Lovely condo located in the heart of West Hollywood. It is perfect for a large family or someone that could use the extra bedrooms to run their business from home. Lots of light!!! The living room is huge and has a nice small balcony with a lovely view that invites the light of the Sunrise and the Sunset into the house! There is a large door that separates the living room from two of the bedrooms, creating privacy when you have company. Gated parking for 2 cars, In-Unit laundry hookups and hardwood floors throughout. Walking distance to all upscale restaurants, shops, religious organizations and entertainment industry! </text_base_description>
	<listed_by>
		<name>Yamile Pittol</name>
		<agentLicenseDisplay>•DRE #01963630</agentLicenseDisplay>
		<org>•DRE #01963630</org>
	</listed_by>
	<price_insights>
		<List_Price>$1,299,000</List_Price>
		<Est._Mo._Payment>$6,018</Est._Mo._Payment>
		<Redfin_Estimate>$1,272,139</Redfin_Estimate>
		<key name="Price/Sq.Ft.">$553</key>
	</price_insights>
	<home_facts>
		<Status>Active</Status>
		<Time_on_Redfin>14 days</Time_on_Redfin>
		<Property_Type>Condominium, Residential Condo/Co-Op</Property_Type>
		<HOA_Dues>$600/month</HOA_Dues>
		<Year_Built>1992</Year_Built>
		<Style>Traditional</Style>
		<Community>West Hollywood Vicinity</Community>
		<Lot_Size>0.35 Acres</Lot_Size>
		<key name="MLS#">20-630324</key>
	</home_facts>
	<property_details>
		<item>
			<item>Virtual Tour, Exterior Features, Homeowners Association, School / Neighborhood</item>
			<item>
				<item>
					<item>Virtual Tour</item>
					<item>
						<item>Virtual Tour (External Link)</item>
					</item>
				</item>
				<item>
					<item>Building Information</item>
					<item>
						<item>Total Floors: 12</item>
						<item>Condominium, Attached</item>
						<item>Attached</item>
						<item>Entry Floor Number: 1</item>
						<item>Security Features: Card/Code Access</item>
					</item>
				</item>
				<item>
					<item>HOA Information</item>
					<item>
						<item>Amenities: Gated Parking, Association Maintains Landscape</item>
						<item>Fee #1: $600</item>
						<item>Fee #1 Frequency: Monthly</item>
						<item>Fee #2 Frequency: Monthly</item>
						<item>AssociationPetRules: No</item>
					</item>
				</item>
				<item>
					<item>Community Information</item>
					<item>
						<item># of Units in Complex (Total): 12</item>
					</item>
				</item>
			</item>
		</item>
		<item>
			<item>Interior Features</item>
			<item>
				<item>
					<item>Bathroom Information</item>
					<item>
						<item># of Baths (Full): 4</item>
					</item>
				</item>
				<item>
					<item>Laundry Information</item>
					<item>
						<item>Laundry in Unit</item>
					</item>
				</item>
				<item>
					<item>Additional Rooms</item>
					<item>
						<item>Breakfast Area, Walk-In Closet, Dining Area</item>
					</item>
				</item>
				<item>
					<item>Interior Features</item>
					<item>
						<item>Furnished Or Unfurnished</item>
					</item>
				</item>
				<item>
					<item>Flooring Information</item>
					<item>
						<item>Hardwood Floors, Laminate Floors</item>
					</item>
				</item>
				<item>
					<item>Equipment</item>
					<item>
						<item>Cable, Garbage Disposal, Electric Dryer Hookup, Dryer, Dishwasher, Built-Ins, Refrigerator, Washer</item>
					</item>
				</item>
				<item>
					<item>Heating &amp; Cooling</item>
					<item>
						<item>A/C</item>
						<item>Central Heat</item>
					</item>
				</item>
			</item>
		</item>
		<item>
			<item>Parking / Garage</item>
			<item>
				<item>
					<item>Garage</item>
					<item>
						<item>Assigned</item>
					</item>
				</item>
				<item>
					<item>Parking</item>
					<item>
						<item># of Parking Spaces (Total): 2</item>
						<item># of Covered Parking Spaces: 2</item>
					</item>
				</item>
			</item>
		</item>
		<item>
			<item>Taxes / Assessments, Location Details, Documents &amp; Disclosures</item>
			<item>
				<item>
					<item>Assessment Information</item>
					<item>
						<item>Assessor Parcel Number: 5525-002-039</item>
					</item>
				</item>
				<item>
					<item>Location Information</item>
					<item>
						<item>Unit Floor In Building: 1</item>
						<item>Complex Name: 821 NORTH FORMOSA HOMEOWNERS ASSOCIATION</item>
						<item>Directions: South of Santa Monica, North of Melrose, 2 blocks West of La Brea, between Willoughby and Waring.</item>
					</item>
				</item>
				<item>
					<item>Documents &amp; Disclosures</item>
					<item>
						<item>Disclosures: As Is</item>
					</item>
				</item>
			</item>
		</item>
		<item>
			<item>Property / Lot Details</item>
			<item>
				<item>
					<item>Property Information</item>
					<item>
						<item>Property Type: Residential Condo/Co-Op</item>
					</item>
				</item>
				<item>
					<item>Lot Information</item>
					<item>
						<item>Lot Size (Sq. Ft.): 15,399</item>
						<item>Lot Size (Acres): 0.3535</item>
						<item>Lot Size Dimensions: 50 x 154</item>
						<item>Zoning: LAR3</item>
						<item>Special Zoning: Other</item>
					</item>
				</item>
				<item>
					<item>Property Features</item>
					<item>
						<item>Has View</item>
						<item>View: Tree Top</item>
					</item>
				</item>
			</item>
		</item>
	</property_details>
	<public_facts>
		<Beds>4</Beds>
		<Baths>4</Baths>
		<Finished_Sq._Ft.>2,350</Finished_Sq._Ft.>
		<Unfinished_Sq._Ft.>—</Unfinished_Sq._Ft.>
		<Total_Sq._Ft.>2,350</Total_Sq._Ft.>
		<Stories>—</Stories>
		<Lot_Size>—</Lot_Size>
		<Style>Condo/Co-op</Style>
		<Year_Built>1992</Year_Built>
		<Year_Renovated>1999</Year_Renovated>
		<County>Los Angeles County</County>
		<APN>5525002039</APN>
	</public_facts>
</home>
