<?xml version="1.0" ?>
<home>
	<HomeInfo_Address>
		<street-address>2808 Adkins Ave </street-address>
		<locality>Los Angeles, </locality>
		<region>CA</region>
		<postal-code>90032</postal-code>
	</HomeInfo_Address>
	<main_stats>
		<Price>$77,000</Price>
		<Beds>—</Beds>
		<Baths>—</Baths>
		<Sq._Ft.>—</Sq._Ft.>
	</main_stats>
	<text_base_description>El Sereno hillside lot with stunning views of the San Gabriel Valley. This is an area seeing strong gentrification including four newly constructed homes within 2 blocks. Nearby recreation includes the popular Holy Grounds Coffee  &amp;  Tea. Ascot Hills 93 acre protected open space with walking trails, El Sereno Recreation Center. View and street are more desirable from Adkins Ave. Street is paved with nearby utilities. Address can also be 2857 Round Dr. Lot sits across from 2850 Round Dr. Sewer is 201ft away on 2800 Blk of Round Dr. City has signed off allowing for septic tank since sewer is 200ft away. Soil and TOPO may be available.  </text_base_description>
	<listed_by>
		<name>Brian Larsen</name>
		<agentLicenseDisplay>•DRE #01502690</agentLicenseDisplay>
		<org>•DRE #01502690</org>
	</listed_by>
	<price_insights>
		<List_Price>$77,000</List_Price>
		<Est._Mo._Payment>$358</Est._Mo._Payment>
		<Redfin_Estimate>$72,934</Redfin_Estimate>
	</price_insights>
	<home_facts>
		<Status>Active</Status>
		<Time_on_Redfin>55 days</Time_on_Redfin>
		<Community>621 - El Sereno</Community>
		<Lot_Size>5,710 Sq. Ft.</Lot_Size>
		<key name="MLS#">P0-820003067</key>
	</home_facts>
	<property_details>
		<item>
			<item>School / Neighborhood, Utilities, Location Details</item>
			<item>
				<item>
					<item>Neighborhood Information</item>
					<item>
						<item>Curbs</item>
					</item>
				</item>
				<item>
					<item>Utilities Information</item>
					<item>
						<item>Electric: Electricity - Unknown</item>
						<item>Water Source: District/Public</item>
					</item>
				</item>
				<item>
					<item>Location Information</item>
					<item>
						<item>Other Subdivision Name: Not Applicable - 1007242</item>
						<item>Directions: 2808 Adkins Ave is 5 lots past house at 2838 Adkins Ave. on same side of street. Left of the tall eucalyptus tree. Alternate address Is 2857 N Round Dr. across from house at 2850 N Round Dr. (not 2600 block of Round Dr.) Cross Street: Chester St and 2600 Block Round Dr</item>
						<item>Subdivision Name: Not Applicable - 1007242</item>
						<item>Zoning: LAR1</item>
					</item>
				</item>
			</item>
		</item>
		<item>
			<item>Property / Lot Details</item>
			<item>
				<item>
					<item>Lot Information</item>
					<item>
						<item>Lot Size Source: Other</item>
					</item>
				</item>
				<item>
					<item>Property Information</item>
					<item>
						<item>Parcel Number: 5217011011</item>
						<item>Has View</item>
					</item>
				</item>
			</item>
		</item>
	</property_details>
	<public_facts>
		<Beds>—</Beds>
		<Baths>—</Baths>
		<Finished_Sq._Ft.>—</Finished_Sq._Ft.>
		<Unfinished_Sq._Ft.>—</Unfinished_Sq._Ft.>
		<Total_Sq._Ft.>—</Total_Sq._Ft.>
		<Stories>—</Stories>
		<Lot_Size>—</Lot_Size>
		<Style>Vacant Land</Style>
		<Year_Built>—</Year_Built>
		<Year_Renovated>—</Year_Renovated>
		<County>Los Angeles County</County>
		<APN>—</APN>
	</public_facts>
</home>
