<?xml version="1.0" ?>
<home>
	<HomeInfo_Address>
		<street-address>W W Rose Hills Dr </street-address>
		<locality>Los Angeles, </locality>
		<region>CA</region>
		<postal-code>90032</postal-code>
	</HomeInfo_Address>
	<main_stats>
		<Price>$35,000</Price>
		<Beds>—</Beds>
		<Baths>—</Baths>
		<Sq._Ft.>—</Sq._Ft.>
	</main_stats>
	<text_base_description>Fantastic opportunity in Rose Hills. This desirable city has many construction projects in the making. Location is on the W. Rose Hill Dr. curve which offers gorgeous views of the San Gabriel Mountains.  </text_base_description>
	<listed_by>
		<name>Henry Suarez</name>
		<agentLicenseDisplay>•DRE #00991211</agentLicenseDisplay>
		<org>•DRE #00991211</org>
	</listed_by>
	<price_insights>
		<List_Price>$35,000</List_Price>
		<Est._Mo._Payment>$163</Est._Mo._Payment>
		<Redfin_Estimate>$33,982</Redfin_Estimate>
	</price_insights>
	<home_facts>
		<Status>Active</Status>
		<Time_on_Redfin>41 days</Time_on_Redfin>
		<Community>621 - El Sereno</Community>
		<Lot_Size>4,783 Sq. Ft.</Lot_Size>
		<key name="MLS#">P0-820003288</key>
	</home_facts>
	<property_details>
		<item>
			<item>Property / Lot Details, Location Details</item>
			<item>
				<item>
					<item>Property Information</item>
					<item>
						<item>Parcel Number: 5209015009</item>
					</item>
				</item>
				<item>
					<item>Location Information</item>
					<item>
						<item>Other Subdivision Name: Not Applicable - 1007242</item>
						<item>Directions: Access this lot from Huntington Dr. Make a left onto Esmeralda which turns into Pyrites.Right onto W Rose Hill Dr. Cross Street: Pyrites &amp; Huntington Dr.</item>
						<item>Subdivision Name: Not Applicable - 1007242</item>
						<item>Zoning: LAR1</item>
					</item>
				</item>
			</item>
		</item>
	</property_details>
	<public_facts>
		<Beds>—</Beds>
		<Baths>—</Baths>
		<Finished_Sq._Ft.>—</Finished_Sq._Ft.>
		<Unfinished_Sq._Ft.>—</Unfinished_Sq._Ft.>
		<Total_Sq._Ft.>—</Total_Sq._Ft.>
		<Stories>—</Stories>
		<Lot_Size>—</Lot_Size>
		<Style>Vacant Land</Style>
		<Year_Built>—</Year_Built>
		<Year_Renovated>—</Year_Renovated>
		<County>Los Angeles County</County>
		<APN>—</APN>
	</public_facts>
</home>
