<?xml version="1.0" ?>
<home>
	<HomeInfo_Address>
		<street-address>4012 N Locke Ave </street-address>
		<locality>Los Angeles, </locality>
		<region>CA</region>
		<postal-code>90032</postal-code>
	</HomeInfo_Address>
	<main_stats>
		<Price>$60,000</Price>
		<Beds>—</Beds>
		<Baths>—</Baths>
		<Sq._Ft.>—</Sq._Ft.>
	</main_stats>
	<text_base_description>Over 14,000sq ft, Vacant Lot available. Come see the great potential this property has to offer. Hiking trails all around and amazing city views. Some call this place Elephant Hills, a community located near the big city, but makes you feel connected with nature. Please check with the City of Los Angeles Building and Safety Department, for any potential development.  </text_base_description>
	<listed_by>
		<name>Griselda Espinoza</name>
		<agentLicenseDisplay>•DRE #01785581</agentLicenseDisplay>
		<org>•DRE #01785581</org>
	</listed_by>
	<price_insights>
		<List_Price>$60,000</List_Price>
		<Est._Mo._Payment>$279</Est._Mo._Payment>
		<Redfin_Estimate>$55,010</Redfin_Estimate>
	</price_insights>
	<home_facts>
		<Status>Active</Status>
		<Time_on_Redfin>82 days</Time_on_Redfin>
		<Property_Type>Residential Land</Property_Type>
		<Community>Los Angeles</Community>
		<Lot_Size>7,578 Sq. Ft.</Lot_Size>
		<key name="MLS#">20-600684</key>
	</home_facts>
	<property_details>
		<item>
			<item>Virtual Tour, Exterior Features, School / Neighborhood, Utilities</item>
			<item>
				<item>
					<item>Virtual Tour</item>
					<item>
						<item>Virtual Tour (External Link)</item>
					</item>
				</item>
				<item>
					<item>Building Information</item>
					<item>
						<item>Builder's Tract Name: Pasadena Villa Tract</item>
					</item>
				</item>
				<item>
					<item>Community Information</item>
					<item>
						<item>Street Description: Dirt/Gravel</item>
					</item>
				</item>
				<item>
					<item>Utility Information</item>
					<item>
						<item>Telephone Service: None</item>
						<item>Electric: None</item>
						<item>Has Water Well: False</item>
					</item>
				</item>
			</item>
		</item>
		<item>
			<item>Taxes / Assessments, Financing, Location Details, Documents &amp; Disclosures</item>
			<item>
				<item>
					<item>Assessment Information</item>
					<item>
						<item>Assessments: None</item>
						<item>Assessor Parcel Number: 5306-016-034</item>
					</item>
				</item>
				<item>
					<item>Financial Information</item>
					<item>
						<item>Listing Terms: Cash, Cash To Existing Loan, Cash To New Loan</item>
					</item>
				</item>
				<item>
					<item>Location Information</item>
					<item>
						<item>Directions: See GPS.Drive by during daytime, only a 4X4 will go up the hill.</item>
					</item>
				</item>
				<item>
					<item>Documents &amp; Disclosures</item>
					<item>
						<item>Disclosures: As Is</item>
					</item>
				</item>
			</item>
		</item>
		<item>
			<item>Property / Lot Details</item>
			<item>
				<item>
					<item>Property Information</item>
					<item>
						<item>Property Type: Residential Land</item>
					</item>
				</item>
				<item>
					<item>Land Information</item>
					<item>
						<item>0-1 Unit/Acre</item>
						<item>Present Use: vacant</item>
						<item>Usable Land %: 100.00</item>
						<item>Topography: Varied</item>
						<item>Current Geological: False</item>
					</item>
				</item>
				<item>
					<item>Lot Information</item>
					<item>
						<item>Lot Size (Sq. Ft.): 7,578</item>
						<item>Lot Size (Acres): 0.174</item>
						<item>Lot Size Dimensions: 50 x 150</item>
						<item>Zoning: LARE20</item>
						<item>Special Zoning: None</item>
						<item>Lot Location: City</item>
						<item>Survey: Buyer Pays</item>
					</item>
				</item>
				<item>
					<item>Property Features</item>
					<item>
						<item>Has View</item>
						<item>View: City</item>
						<item>Public Street: True</item>
						<item>Street Lights: False</item>
					</item>
				</item>
			</item>
		</item>
		<item>
			<item>Listing Information</item>
			<item>
				<item>
					<item>Listing Information</item>
					<item>
						<item>Possession: Close Of Escrow</item>
						<item>Listing Terms: Cash, Cash To Existing Loan, Cash To New Loan</item>
					</item>
				</item>
			</item>
		</item>
	</property_details>
	<public_facts>
		<Beds>—</Beds>
		<Baths>—</Baths>
		<Finished_Sq._Ft.>—</Finished_Sq._Ft.>
		<Unfinished_Sq._Ft.>—</Unfinished_Sq._Ft.>
		<Total_Sq._Ft.>—</Total_Sq._Ft.>
		<Stories>—</Stories>
		<Lot_Size>—</Lot_Size>
		<Style>Vacant Land</Style>
		<Year_Built>—</Year_Built>
		<Year_Renovated>—</Year_Renovated>
		<County>Los Angeles County</County>
		<APN>—</APN>
	</public_facts>
</home>
