<?xml version="1.0" ?>
<home>
	<HomeInfo_Address>
		<street-address>3859 N Broadway </street-address>
		<locality>Lincoln Heights, </locality>
		<region>CA</region>
		<postal-code>90031</postal-code>
	</HomeInfo_Address>
	<main_stats>
		<Price>$72,500</Price>
		<Beds>—</Beds>
		<Baths>—</Baths>
		<Sq._Ft.>—</Sq._Ft.>
	</main_stats>
	<text_base_description>The home of your dreams is waiting for you to make it come to realty. This beautiful lot at top of Lincoln Heights with amazing views awaits your magic touch. Adjacent lot at 3865 N Broadway being sold together, separate listing, make them both yours! What a bargain!Attention Investors, builders and contractors. Approximate lot measurements 50 feet of frontage and 146 of depht per assessors map. Buyer to verify </text_base_description>
	<listed_by>
		<name>Maria Amarillas-DeGillilan</name>
		<agentLicenseDisplay>•DRE #01879630</agentLicenseDisplay>
		<org>•DRE #01879630</org>
	</listed_by>
	<price_insights>
		<List_Price>$72,500</List_Price>
		<Est._Mo._Payment>$337</Est._Mo._Payment>
		<Redfin_Estimate>$68,299</Redfin_Estimate>
	</price_insights>
	<home_facts>
		<Status>Active</Status>
		<Time_on_Redfin>71 days</Time_on_Redfin>
		<Community>677 - Lincoln Hts</Community>
		<Lot_Size>7,322 Sq. Ft.</Lot_Size>
		<key name="MLS#">320002471</key>
	</home_facts>
	<property_details>
		<item>
			<item>Property / Lot Details</item>
			<item>
				<item>
					<item>Lot Information</item>
					<item>
						<item>Elevation: 0</item>
						<item>Lot Size Source: Assessor's Data</item>
					</item>
				</item>
				<item>
					<item>Property Information</item>
					<item>
						<item>Parcel Number: 5209012005</item>
						<item>Personal Property Amount: 0</item>
						<item>Personal Property Percent: 0.00</item>
						<item>Has View</item>
					</item>
				</item>
			</item>
		</item>
		<item>
			<item>Location Details</item>
			<item>
				<item>
					<item>Location Information</item>
					<item>
						<item>Other Subdivision Name: Not Applicable-677 (NA677)</item>
						<item>Subdivision Name: Not Applicable-677 (NA677)</item>
						<item>Zoning: LAR1</item>
					</item>
				</item>
			</item>
		</item>
	</property_details>
	<public_facts>
		<Beds>—</Beds>
		<Baths>—</Baths>
		<Finished_Sq._Ft.>—</Finished_Sq._Ft.>
		<Unfinished_Sq._Ft.>—</Unfinished_Sq._Ft.>
		<Total_Sq._Ft.>—</Total_Sq._Ft.>
		<Stories>—</Stories>
		<Lot_Size>7,322 Sq. Ft.</Lot_Size>
		<Style>Vacant Land</Style>
		<Year_Built>—</Year_Built>
		<Year_Renovated>—</Year_Renovated>
		<County>Los Angeles County</County>
		<APN>5209012005</APN>
	</public_facts>
</home>
