<?xml version="1.0" ?>
<home>
	<HomeInfo_Address>
		<street-address>2435 Laurel Canyon Blvd </street-address>
		<locality>Los Angeles, </locality>
		<region>CA</region>
		<postal-code>90046</postal-code>
	</HomeInfo_Address>
	<main_stats>
		<Price>$250,000</Price>
		<Beds>—</Beds>
		<Baths>—</Baths>
		<Sq._Ft.>—</Sq._Ft.>
	</main_stats>
	<text_base_description>OPPORTUNITY TO BUILD YOUR DREAM HOME ON GENTLE UP WITH FLAT PAD, PERCHED ABOVE THE ROAD. TRENDY ENTERTAINMENT AREA ACROSS THE STREET FROM THE WORLD FAMOUS HOUDINI ESTATE. LOCATED IN HIGHLY DESIRABLE LAUREL CANYON  &amp;  HEART OF HOLLYWOOD HILLS. CLOSE TO 101 FWY, UNIVERSAL STUDIOS, HOLLYWOOD BOWL, RESTAURANTS, SHOPPING ETC. WONDERLAND SCHOOL DISTRICT! VACANT PROPERTY RICH IN POTENTIAL!! </text_base_description>
	<listed_by>
		<name>Kathy Lee</name>
		<agentLicenseDisplay>•DRE #01998973</agentLicenseDisplay>
		<org>•DRE #01998973</org>
	</listed_by>
	<price_insights>
		<List_Price>$250,000</List_Price>
		<Est._Mo._Payment>$1,159</Est._Mo._Payment>
		<Redfin_Estimate>$238,033</Redfin_Estimate>
	</price_insights>
	<home_facts>
		<Status>Active</Status>
		<Time_on_Redfin>44 days</Time_on_Redfin>
		<Property_Type>Residential Land</Property_Type>
		<Community>Sunset Strip - Hollywood Hills West</Community>
		<Lot_Size>8,243 Sq. Ft.</Lot_Size>
		<key name="MLS#">20-616824</key>
	</home_facts>
	<property_details>
		<item>
			<item>Taxes / Assessments, Location Details, Documents &amp; Disclosures</item>
			<item>
				<item>
					<item>Assessment Information</item>
					<item>
						<item>Assessor Parcel Number: 5565-015-002</item>
					</item>
				</item>
				<item>
					<item>Location Information</item>
					<item>
						<item>Directions: NORTH SUNSET AND WEST SIDE OF LAUREL CANYON ACROSS WILLOW GLEN RD.</item>
					</item>
				</item>
				<item>
					<item>Documents &amp; Disclosures</item>
					<item>
						<item>Disclosures: As Is</item>
					</item>
				</item>
			</item>
		</item>
		<item>
			<item>Property / Lot Details</item>
			<item>
				<item>
					<item>Property Information</item>
					<item>
						<item>Property Type: Residential Land</item>
					</item>
				</item>
				<item>
					<item>Lot Information</item>
					<item>
						<item>Lot Size (Sq. Ft.): 8,243</item>
						<item>Lot Size (Acres): 0.1892</item>
						<item>Zoning: LARE15</item>
						<item>Special Zoning: None</item>
					</item>
				</item>
			</item>
		</item>
	</property_details>
	<public_facts>
		<Beds>—</Beds>
		<Baths>—</Baths>
		<Finished_Sq._Ft.>—</Finished_Sq._Ft.>
		<Unfinished_Sq._Ft.>—</Unfinished_Sq._Ft.>
		<Total_Sq._Ft.>—</Total_Sq._Ft.>
		<Stories>—</Stories>
		<Lot_Size>8,243 Sq. Ft.</Lot_Size>
		<Style>Vacant Land</Style>
		<Year_Built>—</Year_Built>
		<Year_Renovated>—</Year_Renovated>
		<County>Los Angeles County</County>
		<APN>5565015002</APN>
	</public_facts>
</home>
