<?xml version="1.0" ?>
<home>
	<HomeInfo_Address>
		<street-address>1300 N Poinsettia Pl </street-address>
		<locality>Los Angeles, </locality>
		<region>CA</region>
		<postal-code>90046</postal-code>
	</HomeInfo_Address>
	<main_stats>
		<Price>$1,999,000</Price>
		<Beds>2</Beds>
		<Baths>2</Baths>
		<key name="$1034 / Sq. Ft.">1,934</key>
	</main_stats>
	<text_base_description>A great opportunity to own a beautiful duplex in a Hollywood/WEHO boundary neighborhood. Renovated and well maintained, this property is perfect for an owner user, income or development on a 6100 sf lot. This duplex is currently arranged for child care usage. Each of the unit's main rooms are connected with an interior passage door. Otherwise, pretty much a mirrored layout. They expanded the bedroom in 1302, so that it now has a captive portion. Central AC, newer double pane windows. Walk-in closets entered via hallway. Parking is shared, not separate but each has its own separate outdoor space. Originally, these two parcels (1300-1302 Poinsettia and 7251 Fountain Ave). were one and subdivided some 30 years ago. Hence the odd public record of the parcels. Call for lot and structure explanation. Close access to some the best shopping in Los Angeles including the Grove, Melrose and the Beverly Center. Fwy 101, easy commute to Hollywood, Sunset Strip and Beverly Hills.  </text_base_description>
	<listed_by>
		<name>Kenneth Abbott</name>
		<agentLicenseDisplay>•DRE #02052254</agentLicenseDisplay>
		<org>•DRE #02052254</org>
	</listed_by>
	<price_insights>
		<List_Price>$1,999,000</List_Price>
		<Est._Mo._Payment>$9,261</Est._Mo._Payment>
		<Redfin_Estimate>$1,957,279</Redfin_Estimate>
		<key name="Price/Sq.Ft.">$1,034</key>
	</price_insights>
	<home_facts>
		<Status>Active</Status>
		<Time_on_Redfin>15 days</Time_on_Redfin>
		<Property_Type>Residential Income</Property_Type>
		<Year_Built>1921</Year_Built>
		<Style>Bungalow</Style>
		<Community>Hollywood</Community>
		<Lot_Size>6,111 Sq. Ft.</Lot_Size>
		<key name="MLS#">20-629864</key>
	</home_facts>
	<property_details>
		<item>
			<item>Interior Features</item>
			<item>
				<item>
					<item>Bedroom Information</item>
					<item>
						<item>All Bedrooms Down</item>
					</item>
				</item>
				<item>
					<item>Bathroom Information</item>
					<item>
						<item>Remodeled</item>
					</item>
				</item>
				<item>
					<item>Kitchen Information</item>
					<item>
						<item>Oven-Gas, Cooktop - Gas</item>
						<item>Granite Counters</item>
					</item>
				</item>
				<item>
					<item>Laundry Information</item>
					<item>
						<item>Laundry in Unit</item>
					</item>
				</item>
				<item>
					<item>Interior Features</item>
					<item>
						<item>Ground Level - no steps</item>
						<item>Windows: Double Pane Windows</item>
					</item>
				</item>
				<item>
					<item>Equipment</item>
					<item>
						<item>Cable, Garbage Disposal, Microwave, Gas Or Electric Dryer Hookup</item>
						<item>Cable TV</item>
					</item>
				</item>
				<item>
					<item>Heating &amp; Cooling</item>
					<item>
						<item>No Cooling</item>
						<item>Wall Heat</item>
						<item>Water Heater Features: Gas, Water Heater Unit</item>
					</item>
				</item>
			</item>
		</item>
		<item>
			<item>Parking / Garage</item>
			<item>
				<item>
					<item>Garage</item>
					<item>
						<item>Driveway</item>
					</item>
				</item>
				<item>
					<item>Parking</item>
					<item>
						<item># of Parking Spaces (Total): 4</item>
					</item>
				</item>
			</item>
		</item>
		<item>
			<item>Exterior Features</item>
			<item>
				<item>
					<item>Building Information</item>
					<item>
						<item>Total Floors: 1</item>
						<item>Ground Level, One Level</item>
						<item>Attached</item>
						<item>ADA Compliance: False</item>
						<item>Faces West</item>
						<item>Security Features: Smoke Detector</item>
						<item>Foundation - Concrete Block</item>
						<item>Exterior Construction: Stucco</item>
					</item>
				</item>
				<item>
					<item>Exterior Features</item>
					<item>
						<item>Other Structural Features: High Ceilings (9 Feet+), Full Copper Plumbing, Energy Efficient</item>
					</item>
				</item>
			</item>
		</item>
		<item>
			<item>Multi-Unit Information</item>
			<item>
				<item>
					<item>Multi-Unit Income</item>
					<item>
						<item>Gross Income: 0</item>
						<item>Gross Operating Income: $72,000</item>
					</item>
				</item>
				<item>
					<item>Multi-Unit Other Financial Information</item>
					<item>
						<item>Scheduled Actual: Scheduled</item>
					</item>
				</item>
				<item>
					<item>Multi-Unit Information</item>
					<item>
						<item>Unit Type Type: 1, 2</item>
						<item>Type Of Units: SFR</item>
						<item># of Buildings: 1</item>
						<item>Has Water Heaters: True</item>
					</item>
				</item>
				<item>
					<item>Unit 1 Information</item>
					<item>
						<item># of Beds: 1</item>
						<item># of Baths: 1.00</item>
						<item>Rent: $3,000</item>
						<item>Projected Rent: $3,000</item>
						<item># of Units: 1</item>
					</item>
				</item>
				<item>
					<item>Unit 2 Information</item>
					<item>
						<item># of Beds: 1</item>
						<item># of Baths: 1.00</item>
						<item>Rent: $3,000</item>
						<item>Projected Rent: $3,000</item>
						<item># of Units: 1</item>
					</item>
				</item>
			</item>
		</item>
		<item>
			<item>School / Neighborhood</item>
			<item>
				<item>
					<item>Community Information</item>
					<item>
						<item># of Units in Complex (Total): 2</item>
					</item>
				</item>
				<item>
					<item>School Information</item>
					<item>
						<item>School District: Los Angeles Unified</item>
					</item>
				</item>
			</item>
		</item>
		<item>
			<item>Utilities, Financing, Location Details, Documents &amp; Disclosures</item>
			<item>
				<item>
					<item>Utility Information</item>
					<item>
						<item>Water: District/Public</item>
						<item>Water District: DWP</item>
					</item>
				</item>
				<item>
					<item>Financial Information</item>
					<item>
						<item>Listing Terms: Conventional, Cash</item>
					</item>
				</item>
				<item>
					<item>Location Information</item>
					<item>
						<item>Directions: From La Brea Ave go west on Fountain Ave. After four blocks, make right on North Poinsettia Place. It's on the corner of N Poinsettia Pl and Fountain Ave. 1300 N Poinsettia Pl.Los angeles</item>
					</item>
				</item>
				<item>
					<item>Documents &amp; Disclosures</item>
					<item>
						<item>Disclosures: City Inspection Required, As Is</item>
					</item>
				</item>
			</item>
		</item>
		<item>
			<item>Taxes / Assessments</item>
			<item>
				<item>
					<item>Assessment Information</item>
					<item>
						<item>Assessed Total Value: $381,608</item>
						<item>Assessed Land Value: $327,178</item>
						<item>Assessed Land %: 85.74</item>
						<item>Assessed Improvement Value: $54,430</item>
						<item>Assessed Improvement %: 14.26</item>
						<item>Assessor Parcel Number: 5548-020-060</item>
					</item>
				</item>
				<item>
					<item>Tax Information</item>
					<item>
						<item>No Mello-Roos Tax</item>
					</item>
				</item>
			</item>
		</item>
		<item>
			<item>Property / Lot Details</item>
			<item>
				<item>
					<item>Property Information</item>
					<item>
						<item>Land Lease Type: Fee</item>
						<item>Property Type: Residential Income</item>
						<item>Property Condition: Updated/Remodeled</item>
					</item>
				</item>
				<item>
					<item>Lot Information</item>
					<item>
						<item>Lot Size (Sq. Ft.): 6,111</item>
						<item>Lot Size (Acres): 0.1403</item>
						<item>Zoning: LAR3</item>
						<item>Lot Location: City</item>
						<item>Lot Description: Fenced Yard</item>
					</item>
				</item>
			</item>
		</item>
		<item>
			<item>Listing Information</item>
			<item>
				<item>
					<item>Listing Information</item>
					<item>
						<item>Possession: Close Of Escrow</item>
						<item>Listing Terms: Conventional, Cash</item>
					</item>
				</item>
			</item>
		</item>
	</property_details>
	<public_facts>
		<Beds>—</Beds>
		<Baths>—</Baths>
		<Finished_Sq._Ft.>—</Finished_Sq._Ft.>
		<Unfinished_Sq._Ft.>—</Unfinished_Sq._Ft.>
		<Total_Sq._Ft.>—</Total_Sq._Ft.>
		<Stories>—</Stories>
		<Lot_Size>—</Lot_Size>
		<Style>Multi-Family (2-4 Unit)</Style>
		<Year_Built>—</Year_Built>
		<Year_Renovated>—</Year_Renovated>
		<County>Los Angeles County</County>
		<APN>—</APN>
	</public_facts>
</home>
