<?xml version="1.0" ?>
<home>
	<HomeInfo_Address>
		<street-address>5326 Cronus St </street-address>
		<locality>El Sereno, </locality>
		<region>CA</region>
		<postal-code>90032</postal-code>
	</HomeInfo_Address>
	<main_stats>
		<Price>$839,000</Price>
		<Beds>6</Beds>
		<Baths>3</Baths>
		<key name="$312 / Sq. Ft.">2,693</key>
	</main_stats>
	<text_base_description>Great income property with 3 units on a lot with 2 units and a separate house. The mailing address is 5324, 5326  &amp;  5326 1/2 . Each unit has 2 bed  &amp;  1 bath. It is  convenient location close to South Pasadena and Alhambra with Costco, Albertsons, Aldi, Target, LA Fitness.  </text_base_description>
	<listed_by>
		<name>LI QIN BAI</name>
		<agentLicenseDisplay>•DRE #01839841</agentLicenseDisplay>
		<org>•DRE #01839841</org>
	</listed_by>
	<price_insights>
		<List_Price>$839,000</List_Price>
		<Est._Mo._Payment>$3,897</Est._Mo._Payment>
		<Redfin_Estimate>$821,167</Redfin_Estimate>
		<key name="Price/Sq.Ft.">$312</key>
	</price_insights>
	<home_facts>
		<Status>Active</Status>
		<Time_on_Redfin>50 days</Time_on_Redfin>
		<Year_Built>1924</Year_Built>
		<Community>621 - El Sereno</Community>
		<Lot_Size>7,195 Sq. Ft.</Lot_Size>
		<key name="MLS#">WS20160363</key>
	</home_facts>
	<property_details>
		<item>
			<item>Interior Features, Exterior Features, School / Neighborhood, Utilities</item>
			<item>
				<item>
					<item>Laundry Information</item>
					<item>
						<item>None</item>
					</item>
				</item>
				<item>
					<item>Exterior Features</item>
					<item>
						<item>Pool Features: None</item>
					</item>
				</item>
				<item>
					<item>Neighborhood Information</item>
					<item>
						<item>Sidewalks, Street Lighting</item>
					</item>
				</item>
				<item>
					<item>Utilities Information</item>
					<item>
						<item>Sewer: Public Sewer</item>
						<item>Water Source: District/Public</item>
					</item>
				</item>
			</item>
		</item>
		<item>
			<item>Multi-Unit Information</item>
			<item>
				<item>
					<item>Unit Type 1 Information</item>
					<item>
						<item>Actual Rent: $1,100</item>
						<item>Total # of Baths: 1</item>
						<item>Total # of Beds: 2</item>
						<item>Furnished: Unfurnished</item>
						<item>Total Rent: $1,100</item>
						<item>Total # of Units: 1</item>
					</item>
				</item>
				<item>
					<item>Unit Type 2 Information</item>
					<item>
						<item>Actual Rent: $1,250</item>
						<item>Total # of Baths: 1</item>
						<item>Total # of Beds: 2</item>
						<item>Furnished: Unfurnished</item>
						<item>Total Rent: $1,250</item>
						<item>Total # of Units: 1</item>
					</item>
				</item>
				<item>
					<item>Unit Type 3 Information</item>
					<item>
						<item>Actual Rent: $798</item>
						<item>Total # of Baths: 1</item>
						<item>Total # of Beds: 2</item>
						<item>Furnished: Unfurnished</item>
						<item>Total Rent: $798</item>
						<item>Total # of Units: 1</item>
					</item>
				</item>
				<item>
					<item>Expenses</item>
					<item>
						<item>Total: $1,500</item>
					</item>
				</item>
				<item>
					<item>Multi-Unit Information</item>
					<item>
						<item>Net Operating Income: $38,100</item>
						<item>Average 3 Bed Area Units: Sq. Ft.</item>
						<item>Average 2 Bed Area Units: Sq. Ft.</item>
						<item>Average 1 Bed Area Units: Sq. Ft.</item>
						<item>Sq. Ft.</item>
						<item>Total Building Area: 2,693</item>
						<item>Gross Scheduled Income: $39,000</item>
						<item>Gross Income: $39,000</item>
						<item># Of Separate Water Meters: 1</item>
						<item># Of Separate Gas Meters: 3</item>
						<item># Of Separate Electric Meters: 3</item>
						<item># Of Buildings: 2</item>
					</item>
				</item>
			</item>
		</item>
		<item>
			<item>Lease / Rent Details, Location Details</item>
			<item>
				<item>
					<item>Lease / Rental Details</item>
					<item>
						<item>Operating Expense: $1,500</item>
						<item>Rent Control</item>
					</item>
				</item>
				<item>
					<item>Location Information</item>
					<item>
						<item>Directions: From Mission Rd to Warwick Ave</item>
						<item>Zoning: LAR1</item>
					</item>
				</item>
			</item>
		</item>
		<item>
			<item>Property / Lot Details</item>
			<item>
				<item>
					<item>Lot Information</item>
					<item>
						<item>Elevation Units: Feet</item>
						<item>Lot Size Source: Assessor's Data</item>
						<item>Lot Features: 2-5 Units/Acre</item>
					</item>
				</item>
				<item>
					<item>Property Information</item>
					<item>
						<item>Total # of Units: 3</item>
						<item>Common Walls: 1 common wall</item>
						<item>Parcel Number: 5220009016</item>
						<item>Attached Property</item>
						<item>Year Built Source: Assessor</item>
					</item>
				</item>
			</item>
		</item>
	</property_details>
	<public_facts>
		<Beds>—</Beds>
		<Baths>—</Baths>
		<Finished_Sq._Ft.>—</Finished_Sq._Ft.>
		<Unfinished_Sq._Ft.>—</Unfinished_Sq._Ft.>
		<Total_Sq._Ft.>—</Total_Sq._Ft.>
		<Stories>—</Stories>
		<Lot_Size>—</Lot_Size>
		<Style>Multi-Family (2-4 Unit)</Style>
		<Year_Built>—</Year_Built>
		<Year_Renovated>—</Year_Renovated>
		<County>Los Angeles County</County>
		<APN>—</APN>
	</public_facts>
</home>
