<?xml version="1.0" ?>
<home>
	<HomeInfo_Address>
		<street-address>2659 Onyx Dr </street-address>
		<locality>Los Angeles, </locality>
		<region>CA</region>
		<postal-code>90032</postal-code>
	</HomeInfo_Address>
	<main_stats>
		<Price>$150,000</Price>
		<Beds>—</Beds>
		<Baths>—</Baths>
		<Sq._Ft.>—</Sq._Ft.>
	</main_stats>
	<text_base_description>Excellent Hillside lot with City view. close to downtown Los Angeles-Buyer to verify all info.  </text_base_description>
	<listed_by>
		<name>Ruby Davidian</name>
		<agentLicenseDisplay>•DRE #01178637</agentLicenseDisplay>
		<org>•DRE #01178637</org>
	</listed_by>
	<price_insights>
		<List_Price>$150,000</List_Price>
		<Est._Mo._Payment>$697</Est._Mo._Payment>
		<Redfin_Estimate>$133,604</Redfin_Estimate>
	</price_insights>
	<home_facts>
		<Status>Active</Status>
		<Time_on_Redfin>84 days</Time_on_Redfin>
		<Community>621 - El Sereno</Community>
		<Lot_Size>5,734 Sq. Ft.</Lot_Size>
		<key name="MLS#">320002249</key>
	</home_facts>
	<property_details>
		<item>
			<item>Property / Lot Details</item>
			<item>
				<item>
					<item>Lot Information</item>
					<item>
						<item>Elevation: 0</item>
						<item>Lot Size Source: Assessor's Data</item>
					</item>
				</item>
				<item>
					<item>Property Information</item>
					<item>
						<item>Parcel Number: 5209024001</item>
						<item>Personal Property Amount: 0</item>
						<item>Personal Property Percent: 0.00</item>
						<item>Has View</item>
					</item>
				</item>
			</item>
		</item>
		<item>
			<item>Location Details</item>
			<item>
				<item>
					<item>Location Information</item>
					<item>
						<item>Other Subdivision Name: Not Applicable-621 (NA621)</item>
						<item>Subdivision Name: Not Applicable-621 (NA621)</item>
						<item>Zoning: LAR1</item>
					</item>
				</item>
			</item>
		</item>
	</property_details>
	<public_facts>
		<Beds>—</Beds>
		<Baths>—</Baths>
		<Finished_Sq._Ft.>—</Finished_Sq._Ft.>
		<Unfinished_Sq._Ft.>—</Unfinished_Sq._Ft.>
		<Total_Sq._Ft.>—</Total_Sq._Ft.>
		<Stories>—</Stories>
		<Lot_Size>5,734 Sq. Ft.</Lot_Size>
		<Style>Vacant Land</Style>
		<Year_Built>—</Year_Built>
		<Year_Renovated>—</Year_Renovated>
		<County>Los Angeles County</County>
		<APN>5209024001</APN>
	</public_facts>
</home>
