<?xml version="1.0" ?>
<home>
	<HomeInfo_Address>
		<street-address>2103 Ridgemont Dr </street-address>
		<locality>Los Angeles, </locality>
		<region>CA</region>
		<postal-code>90046</postal-code>
	</HomeInfo_Address>
	<main_stats>
		<Price>$2,100,000</Price>
		<Beds>4</Beds>
		<Baths>2</Baths>
		<key name="$896 / Sq. Ft.">2,345</key>
	</main_stats>
	<text_base_description>RARE secluded celebrity retreat located on a gated private road at the top of Laurel Canyon currently owned by Gene Simmons. This 4 bedroom 2 bath split-level home features seemingly endless 360 views that span the downtown skyline, Hollywood sign, Griffith Park Observatory, Santa Monica Mountains, Beverly Hills, Trousdale, Santa Monica, and the Pacific Ocean. Mind-blowing walls of glass blast the most breathtaking panoramic views of Los Angeles into an open and airy floor plan with 2 welcoming living spaces. Spacious decks on all 3 levels transport the serene nature and breathtaking views throughout the home. Imagine waking up to morning fog rolling in over the hills or unwinding in the evening to the vibrant sunsets over the Santa Monica Mountains. The kitchen's and bath's have been tastefully updated featuring carrera marble countertops, stainless steel appliances, and other modern amenities. This unique property is truly one-of-kind, and has been home to numerous celebrities.  </text_base_description>
	<listed_by>
		<name>Lisa Young</name>
		<agentLicenseDisplay>•DRE #01877876</agentLicenseDisplay>
		<org>•DRE #01877876</org>
	</listed_by>
	<price_insights>
		<List_Price>$2,100,000</List_Price>
		<Est._Mo._Payment>$9,732</Est._Mo._Payment>
		<Redfin_Estimate>$2,058,997</Redfin_Estimate>
		<key name="Price/Sq.Ft.">$896</key>
	</price_insights>
	<home_facts>
		<Status>Active</Status>
		<Time_on_Redfin>38 days</Time_on_Redfin>
		<Property_Type>Single Family, Residential Single-Family</Property_Type>
		<Year_Built>1968</Year_Built>
		<Style>Modern</Style>
		<Community>Sunset Strip - Hollywood Hills West</Community>
		<Lot_Size>6,901 Sq. Ft.</Lot_Size>
		<key name="MLS#">20-619276</key>
	</home_facts>
	<property_details>
		<item>
			<item>Virtual Tour, Taxes / Assessments, Location Details, Documents &amp; Disclosures</item>
			<item>
				<item>
					<item>Virtual Tour</item>
					<item>
						<item>Virtual Tour (External Link)</item>
					</item>
				</item>
				<item>
					<item>Assessment Information</item>
					<item>
						<item>Assessor Parcel Number: 5564-028-033</item>
					</item>
				</item>
				<item>
					<item>Location Information</item>
					<item>
						<item>Directions: Crescent Heights to Lookout Mountain to Wonderland To Wonderland Park Ave to Skyline to Sunset Crest Dr to Ridgemont</item>
					</item>
				</item>
				<item>
					<item>Documents &amp; Disclosures</item>
					<item>
						<item>Disclosures: As Is</item>
					</item>
				</item>
			</item>
		</item>
		<item>
			<item>Interior Features</item>
			<item>
				<item>
					<item>Bathroom Information</item>
					<item>
						<item># of Baths (Full): 2</item>
					</item>
				</item>
				<item>
					<item>Kitchen Information</item>
					<item>
						<item>Marble Counters</item>
					</item>
				</item>
				<item>
					<item>Laundry Information</item>
					<item>
						<item>Laundry Area</item>
					</item>
				</item>
				<item>
					<item>Additional Rooms</item>
					<item>
						<item>Family Room</item>
						<item>Dining Area, Living Room, 2nd Story Family Room</item>
					</item>
				</item>
				<item>
					<item>Fireplace Information</item>
					<item>
						<item>In Living Room</item>
					</item>
				</item>
				<item>
					<item>Flooring Information</item>
					<item>
						<item>Stained Concrete Floors, Tile Floors, Wood Floors</item>
					</item>
				</item>
				<item>
					<item>Equipment</item>
					<item>
						<item>Dishwasher, Range/Oven, Refrigerator, Freezer, Garbage Disposal</item>
					</item>
				</item>
				<item>
					<item>Heating &amp; Cooling</item>
					<item>
						<item>Central Cooling</item>
						<item>Central Heat</item>
					</item>
				</item>
			</item>
		</item>
		<item>
			<item>Parking / Garage</item>
			<item>
				<item>
					<item>Garage</item>
					<item>
						<item>2 Car Garage</item>
					</item>
				</item>
				<item>
					<item>Parking</item>
					<item>
						<item># of Parking Spaces (Total): 2</item>
						<item># of Covered Parking Spaces: 2</item>
					</item>
				</item>
			</item>
		</item>
		<item>
			<item>Exterior Features</item>
			<item>
				<item>
					<item>Building Information</item>
					<item>
						<item>Total Floors: 3</item>
						<item>Detached</item>
						<item>Detached/No Common Walls</item>
					</item>
				</item>
				<item>
					<item>Exterior Features</item>
					<item>
						<item>Patio Features: Balcony, Living Room Balcony</item>
					</item>
				</item>
			</item>
		</item>
		<item>
			<item>Property / Lot Details</item>
			<item>
				<item>
					<item>Property Information</item>
					<item>
						<item>Property Type: Residential Single-Family</item>
					</item>
				</item>
				<item>
					<item>Lot Information</item>
					<item>
						<item>Lot Size (Sq. Ft.): 6,901</item>
						<item>Lot Size (Acres): 0.1584</item>
						<item>Zoning: LARE15</item>
					</item>
				</item>
				<item>
					<item>Property Features</item>
					<item>
						<item>Has View</item>
						<item>View: Canyon, City, City Lights, Green Belt, Landmark, Mountains, Ocean, Panoramic</item>
					</item>
				</item>
			</item>
		</item>
	</property_details>
	<public_facts>
		<Beds>3</Beds>
		<Baths>3</Baths>
		<Finished_Sq._Ft.>2,342</Finished_Sq._Ft.>
		<Unfinished_Sq._Ft.>—</Unfinished_Sq._Ft.>
		<Total_Sq._Ft.>2,342</Total_Sq._Ft.>
		<Stories>—</Stories>
		<Lot_Size>6,895 Sq. Ft.</Lot_Size>
		<Style>Single Family Residential</Style>
		<Year_Built>1968</Year_Built>
		<Year_Renovated>1969</Year_Renovated>
		<County>Los Angeles County</County>
		<APN>5564028033</APN>
	</public_facts>
</home>
