<?xml version="1.0" ?>
<home>
	<HomeInfo_Address>
		<street-address>4567 Carter Dr </street-address>
		<locality>Los Angeles, </locality>
		<region>CA</region>
		<postal-code>90032</postal-code>
	</HomeInfo_Address>
	<main_stats>
		<Price>$249,000</Price>
		<Beds>—</Beds>
		<Baths>—</Baths>
		<Sq._Ft.>—</Sq._Ft.>
	</main_stats>
	<text_base_description>4567 Carter St offers stunning views of El Sereno's Rolling Hills and is a short distance to Ascot Hills 93 acre protected open space. A vacant lot with submitted plans for a 1979sqft. , four-bedroom, 2 bath home. Final plan approval needs final fee payment. Street is paved with nearby utilities. Plans show a main floor with open-concept kitchen, dining and living space, opening to a large entertainer's deck. The lower level has four bedrooms, two bathrooms and a laundry room.  </text_base_description>
	<listed_by>
		<name>Brian Larsen</name>
		<agentLicenseDisplay>•DRE #01502690</agentLicenseDisplay>
		<org>•DRE #01502690</org>
	</listed_by>
	<price_insights>
		<List_Price>$249,000</List_Price>
		<Est._Mo._Payment>$1,157</Est._Mo._Payment>
		<Redfin_Estimate>$227,988</Redfin_Estimate>
	</price_insights>
	<home_facts>
		<Status>Active</Status>
		<Time_on_Redfin>55 days</Time_on_Redfin>
		<Community>621 - El Sereno</Community>
		<Lot_Size>5,574 Sq. Ft.</Lot_Size>
		<key name="MLS#">P0-820003069</key>
	</home_facts>
	<property_details>
		<item>
			<item>Utilities, Location Details</item>
			<item>
				<item>
					<item>Utilities Information</item>
					<item>
						<item>Sewer: Sewer or Septic - Unknown</item>
						<item>Water Source: District/Public</item>
					</item>
				</item>
				<item>
					<item>Location Information</item>
					<item>
						<item>Other Subdivision Name: Not Applicable - 1007242</item>
						<item>Directions: Bowman Blvd to Carter Dr. Lot sits directly to the left of house at 4571 Carter Dr. Cross Street: Bowman Blvd</item>
						<item>Subdivision Name: Not Applicable - 1007242</item>
						<item>Zoning: LAR1</item>
					</item>
				</item>
			</item>
		</item>
		<item>
			<item>Property / Lot Details</item>
			<item>
				<item>
					<item>Lot Information</item>
					<item>
						<item>Lot Size Source: Other</item>
					</item>
				</item>
				<item>
					<item>Property Information</item>
					<item>
						<item>Parcel Number: 5214013028</item>
					</item>
				</item>
			</item>
		</item>
	</property_details>
	<public_facts>
		<Beds>—</Beds>
		<Baths>—</Baths>
		<Finished_Sq._Ft.>—</Finished_Sq._Ft.>
		<Unfinished_Sq._Ft.>—</Unfinished_Sq._Ft.>
		<Total_Sq._Ft.>—</Total_Sq._Ft.>
		<Stories>—</Stories>
		<Lot_Size>5,574 Sq. Ft.</Lot_Size>
		<Style>Vacant Land</Style>
		<Year_Built>—</Year_Built>
		<Year_Renovated>—</Year_Renovated>
		<County>Los Angeles County</County>
		<APN>5214013028</APN>
	</public_facts>
</home>
