<?xml version="1.0" ?>
<home>
	<HomeInfo_Address>
		<street-address>4137 Raynol St </street-address>
		<locality>Los Angeles, </locality>
		<region>CA</region>
		<postal-code>90032</postal-code>
	</HomeInfo_Address>
	<main_stats>
		<Price>$769,000</Price>
		<Beds>4</Beds>
		<Baths>3</Baths>
		<key name="$526 / Sq. Ft.">1,461</key>
	</main_stats>
	<text_base_description>NEW CONSTRUCTION. .. .. BEAUTIFULLY BUILT HOME LOCATED IN THE HIGHLY DESIRED NEIGHBORHOOD OF MONTECITO HEIGHTS. FEATURING 4 BEDROOMS, 3 BATHS, WITH AN OPEN FLOOR PLAN THAT IS PERFECT FOR ENTERTAINING, CUSTOM KITCHEN  CABINETS WITH GRANITE COUNTER TOPS, LARGE MASTER BEDROOM WITH A BALCONY THAT IS SURROUNDED BY HILLTOP  SWEEPING VIEWS, BEAUTIFUL TILED BATHROOMS THAT ARE VERY SPACIOUS, INDOOR LAUNDRY HOOKUPS, CENTRAL A/C, ONE CAR  GARAGE, AND MUCH MORE. .. .. .THIS IS A MUST SEE. .. .. . </text_base_description>
	<listed_by>
		<name>JAIME RUIZ</name>
		<agentLicenseDisplay>•DRE #01415230</agentLicenseDisplay>
		<org>•DRE #01415230</org>
	</listed_by>
	<price_insights>
		<List_Price>$769,000</List_Price>
		<Est._Mo._Payment>$3,572</Est._Mo._Payment>
		<Redfin_Estimate>$754,526</Redfin_Estimate>
		<key name="Price/Sq.Ft.">$526</key>
	</price_insights>
	<home_facts>
		<Status>Active</Status>
		<Time_on_Redfin>103 days</Time_on_Redfin>
		<Property_Type>Single Family Residence</Property_Type>
		<Year_Built>2017</Year_Built>
		<Community>699 - Not Defined</Community>
		<Lot_Size>4,909 Sq. Ft.</Lot_Size>
		<key name="MLS#">CV20116365</key>
	</home_facts>
	<property_details>
		<item>
			<item>Interior Features</item>
			<item>
				<item>
					<item>Laundry Information</item>
					<item>
						<item>Has Laundry</item>
						<item>Gas Dryer Hookup</item>
					</item>
				</item>
				<item>
					<item>Bathroom Information</item>
					<item>
						<item># of Baths (Full): 3</item>
					</item>
				</item>
				<item>
					<item>Cooling Information</item>
					<item>
						<item>Central</item>
						<item>Has Cooling</item>
					</item>
				</item>
				<item>
					<item>Room Information</item>
					<item>
						<item>Multi-Level Bedroom</item>
					</item>
				</item>
				<item>
					<item>Heating Information</item>
					<item>
						<item>Central Furnace</item>
						<item>Has Heating</item>
					</item>
				</item>
				<item>
					<item>Interior Features</item>
					<item>
						<item>Levels: Two</item>
						<item>Main Level Bathrooms: 3</item>
						<item>Main Level Bedrooms: 4</item>
					</item>
				</item>
			</item>
		</item>
		<item>
			<item>Parking / Garage, Exterior Features, Utilities, Taxes / Assessments</item>
			<item>
				<item>
					<item>Parking / Garage Information</item>
					<item>
						<item>Attached Garage</item>
						<item># of Garage Spaces: 1</item>
						<item># of Parking Spaces: 1</item>
					</item>
				</item>
				<item>
					<item>Exterior Features</item>
					<item>
						<item>Pool Features: None</item>
					</item>
				</item>
				<item>
					<item>Utilities Information</item>
					<item>
						<item>Sewer: Public Sewer</item>
						<item>Water Source: District/Public</item>
					</item>
				</item>
				<item>
					<item>Assesments Information</item>
					<item>
						<item>Assessments: Unknown</item>
					</item>
				</item>
			</item>
		</item>
		<item>
			<item>School / Neighborhood</item>
			<item>
				<item>
					<item>Neighborhood Information</item>
					<item>
						<item>Sidewalks</item>
					</item>
				</item>
				<item>
					<item>School Information</item>
					<item>
						<item>High School District: Los Angeles Unified</item>
					</item>
				</item>
			</item>
		</item>
		<item>
			<item>Property / Lot Details</item>
			<item>
				<item>
					<item>Lot Information</item>
					<item>
						<item>Elevation Units: Feet</item>
						<item>Lot Size Source: Assessor's Data</item>
						<item>Lot Features: Down Slope from Street</item>
					</item>
				</item>
				<item>
					<item>Property Information</item>
					<item>
						<item>Total # of Units: 1</item>
						<item>Common Walls: No Common Walls</item>
						<item>Parcel Number: 5305015043</item>
						<item>Has View</item>
						<item>Year Built Source: Builder</item>
					</item>
				</item>
			</item>
		</item>
		<item>
			<item>Location Details</item>
			<item>
				<item>
					<item>Location Information</item>
					<item>
						<item>Directions: CROSS STREET IS REYNOLDS AVE</item>
						<item>Zoning: LAR1</item>
					</item>
				</item>
			</item>
		</item>
	</property_details>
	<public_facts>
		<Beds>4</Beds>
		<Baths>3</Baths>
		<Finished_Sq._Ft.>1,461</Finished_Sq._Ft.>
		<Unfinished_Sq._Ft.>—</Unfinished_Sq._Ft.>
		<Total_Sq._Ft.>1,461</Total_Sq._Ft.>
		<Stories>—</Stories>
		<Lot_Size>4,909 Sq. Ft.</Lot_Size>
		<Style>Single Family Residential</Style>
		<Year_Built>2017</Year_Built>
		<Year_Renovated>2017</Year_Renovated>
		<County>Los Angeles County</County>
		<APN>5305015043</APN>
	</public_facts>
</home>
