<?xml version="1.0" ?>
<home>
	<HomeInfo_Address>
		<street-address>4324 Tourmaline St </street-address>
		<locality>Los Angeles, </locality>
		<region>CA</region>
		<postal-code>90032</postal-code>
	</HomeInfo_Address>
	<main_stats>
		<Price>$59,000</Price>
		<Beds>—</Beds>
		<Baths>—</Baths>
		<Sq._Ft.>—</Sq._Ft.>
	</main_stats>
	<text_base_description>4 lots next to each other with an amazing view for sale, located in between South Pasadena and El Sereno! Small lot subdivision, a similar lot with approximately 1,500 sq. ft. house, sold recently for $800,000.  200 brand new single-family homes approximately 3 blocks from subject property will be under construction soon. Next door lot for sale asking $79,000 for just one lot. Owners like to sale all 4 lots together, APN # 5209-014-007,008,022,021. </text_base_description>
	<listed_by>
		<name>John Man</name>
		<agentLicenseDisplay>•DRE #01388408</agentLicenseDisplay>
		<org>•DRE #01388408</org>
	</listed_by>
	<price_insights>
		<List_Price>$59,000</List_Price>
		<Est._Mo._Payment>$274</Est._Mo._Payment>
		<Redfin_Estimate>$49,734</Redfin_Estimate>
	</price_insights>
	<home_facts>
		<Status>Active</Status>
		<Time_on_Redfin>359 days</Time_on_Redfin>
		<Community>676 - Monterey Hills</Community>
		<Lot_Size>1,657 Sq. Ft.</Lot_Size>
		<key name="MLS#">AR19236179</key>
	</home_facts>
	<property_details>
		<item>
			<item>School / Neighborhood, Utilities, Location Details</item>
			<item>
				<item>
					<item>Neighborhood Information</item>
					<item>
						<item>Hiking, Urban, Valley</item>
					</item>
				</item>
				<item>
					<item>Utilities Information</item>
					<item>
						<item>Water Source: District/Public</item>
					</item>
				</item>
				<item>
					<item>Location Information</item>
					<item>
						<item>Directions: Amethyst St to Tuormaline street</item>
						<item>Zoning: LAR1</item>
					</item>
				</item>
			</item>
		</item>
		<item>
			<item>Property / Lot Details</item>
			<item>
				<item>
					<item>Lot Information</item>
					<item>
						<item>Distance To Water Comments: yes</item>
						<item>Additional Parcels Description: 5209014007.5209014008, 5209014022,5209014021</item>
						<item>Elevation Units: Feet</item>
						<item>Lot Size Source: Assessor's Data</item>
						<item>Lot Features: 0-1 Unit/Acre</item>
					</item>
				</item>
				<item>
					<item>Property Information</item>
					<item>
						<item>Parcel Number: 5209014007</item>
						<item>Has View</item>
					</item>
				</item>
			</item>
		</item>
	</property_details>
	<public_facts>
		<Beds>—</Beds>
		<Baths>—</Baths>
		<Finished_Sq._Ft.>—</Finished_Sq._Ft.>
		<Unfinished_Sq._Ft.>—</Unfinished_Sq._Ft.>
		<Total_Sq._Ft.>—</Total_Sq._Ft.>
		<Stories>—</Stories>
		<Lot_Size>1,657 Sq. Ft.</Lot_Size>
		<Style>Vacant Land</Style>
		<Year_Built>—</Year_Built>
		<Year_Renovated>—</Year_Renovated>
		<County>Los Angeles County</County>
		<APN>5209014007</APN>
	</public_facts>
</home>
