<?xml version="1.0" ?>
<home>
	<HomeInfo_Address>
		<street-address>2680 Bowmont Dr </street-address>
		<locality>Beverly Hills, </locality>
		<region>CA</region>
		<postal-code>90210</postal-code>
	</HomeInfo_Address>
	<main_stats>
		<Price>$8,995,000</Price>
		<Beds>6</Beds>
		<Baths>8</Baths>
		<Sq._Ft.>—</Sq._Ft.>
	</main_stats>
	<text_base_description>This exquisite Tuscan Villa is situated in the exclusive gated enclave of Bowmont Estates. Built in 2008, the house itself is also gated with a large motorcourt, 3-car garage, &amp;  lovely front courtyard. Enter into the grand rotunda foyer leading into the elegant formal living room w/ fireplace  &amp;  walls of French doors welcoming light  &amp;  opening to a side patio. Additional public rooms on the main level include formal dining room w/ fireplace, beautiful wood-paneled library, family room w/ fireplace  &amp;  bar, &amp;  spacious kitchen w/ center island, professional appliances, &amp;  lovely breakfast room w/ French doors opening to outdoor dining pergola  &amp;  delightful garden. The private master suite offers a sitting room, 2 fireplaces, balcony overlooking lush canyon  &amp;  city views, &amp;  luxurious bath w/ double shower, separate tub, &amp;  dual vanities. 5 add'l bedroom suites, movie theater, wine cellar, gym, &amp;  guesthouse. The backyard offers a tranquil resort-style setting w/ patios, built-in BBQ, lawn, pool  &amp;  spa.  </text_base_description>
	<listed_by>
		<name>Jade Mills</name>
		<agentLicenseDisplay>•DRE #00526877</agentLicenseDisplay>
		<org>•DRE #00526877</org>
	</listed_by>
	<price_insights>
		<List_Price>$8,995,000</List_Price>
		<Est._Mo._Payment>$41,713</Est._Mo._Payment>
		<Redfin_Estimate>$8,937,456</Redfin_Estimate>
	</price_insights>
	<home_facts>
		<Status>Active</Status>
		<Time_on_Redfin>10 days</Time_on_Redfin>
		<Property_Type>Single Family, Residential Single-Family</Property_Type>
		<Baths>6 full, 2 partial</Baths>
		<Year_Built>2008</Year_Built>
		<Style>Villa</Style>
		<Community>Beverly Hills Post Office</Community>
		<Lot_Size>0.97 Acres</Lot_Size>
		<key name="MLS#">20-632604</key>
	</home_facts>
	<property_details>
		<item>
			<item>Virtual Tour, School / Neighborhood, Taxes / Assessments, Lease / Rent Details</item>
			<item>
				<item>
					<item>Virtual Tour</item>
					<item>
						<item>Virtual Tour (External Link)</item>
					</item>
				</item>
				<item>
					<item>Community Information</item>
					<item>
						<item># of Units in Complex (Total): 1</item>
					</item>
				</item>
				<item>
					<item>Assessment Information</item>
					<item>
						<item>Assessor Parcel Number: 4388-012-051</item>
					</item>
				</item>
				<item>
					<item>Lease Information</item>
					<item>
						<item>Available for Lease</item>
					</item>
				</item>
			</item>
		</item>
		<item>
			<item>Interior Features</item>
			<item>
				<item>
					<item>Bathroom Information</item>
					<item>
						<item># of Baths (Full): 6</item>
						<item># of Baths (1/2): 2</item>
					</item>
				</item>
				<item>
					<item>Laundry Information</item>
					<item>
						<item>Laundry Room</item>
					</item>
				</item>
				<item>
					<item>Additional Rooms</item>
					<item>
						<item>Dining Room</item>
						<item>Family Room</item>
						<item>Den</item>
						<item>Breakfast Area, Den/Office, Dining Room, Family Room, Gym, Home Theatre, Library/Study, Living Room, Master Bedroom, Media Room, Office, Pantry, Patio Open, Powder Room, Walk-In Closet, Wine Cellar</item>
						<item>Maids Room</item>
					</item>
				</item>
				<item>
					<item>Fireplace Information</item>
					<item>
						<item>In Den, Fire Pit, In Living Room, In Master Bedroom, Other (See Remarks)</item>
						<item># of Fireplaces: 6</item>
					</item>
				</item>
				<item>
					<item>Flooring Information</item>
					<item>
						<item>Hardwood Floors, Mixed Floors, Tile Floors</item>
					</item>
				</item>
				<item>
					<item>Equipment</item>
					<item>
						<item>Elevator, Microwave, Range/Oven, Refrigerator</item>
					</item>
				</item>
				<item>
					<item>Heating &amp; Cooling</item>
					<item>
						<item>Central Cooling</item>
						<item>Central Heat</item>
					</item>
				</item>
			</item>
		</item>
		<item>
			<item>Parking / Garage</item>
			<item>
				<item>
					<item>Garage</item>
					<item>
						<item>Attached, Direct Entrance, Door Opener</item>
					</item>
				</item>
				<item>
					<item>Parking</item>
					<item>
						<item># of Parking Spaces (Total): 6</item>
						<item># of Covered Parking Spaces: 3</item>
					</item>
				</item>
			</item>
		</item>
		<item>
			<item>Exterior Features</item>
			<item>
				<item>
					<item>Building Information</item>
					<item>
						<item>Total Floors: 3</item>
						<item>Detached</item>
						<item>Detached/No Common Walls</item>
						<item>Guest House: Detached</item>
					</item>
				</item>
				<item>
					<item>Pool Information</item>
					<item>
						<item>In Ground Pool, Private Pool</item>
						<item>Private Spa</item>
					</item>
				</item>
			</item>
		</item>
		<item>
			<item>Property / Lot Details</item>
			<item>
				<item>
					<item>Property Information</item>
					<item>
						<item>Property Type: Residential Single-Family</item>
					</item>
				</item>
				<item>
					<item>Land Information</item>
					<item>
						<item>Other Structures: GuestHouse</item>
					</item>
				</item>
				<item>
					<item>Lot Information</item>
					<item>
						<item>Lot Size (Sq. Ft.): 42,174</item>
						<item>Lot Size (Acres): 0.96</item>
						<item>Zoning: LARE40</item>
					</item>
				</item>
				<item>
					<item>Property Features</item>
					<item>
						<item>Has View</item>
						<item>View: Canyon, City, City Lights</item>
					</item>
				</item>
			</item>
		</item>
		<item>
			<item>Location Details, Documents &amp; Disclosures</item>
			<item>
				<item>
					<item>Location Information</item>
					<item>
						<item>Directions: North of Sunset Blvd, Coldwater Canyon to Cherokee to Bowmont</item>
					</item>
				</item>
				<item>
					<item>Documents &amp; Disclosures</item>
					<item>
						<item>Disclosures: As Is</item>
					</item>
				</item>
			</item>
		</item>
	</property_details>
	<public_facts>
		<Beds>6</Beds>
		<Baths>8</Baths>
		<Finished_Sq._Ft.>9,427</Finished_Sq._Ft.>
		<Unfinished_Sq._Ft.>—</Unfinished_Sq._Ft.>
		<Total_Sq._Ft.>9,427</Total_Sq._Ft.>
		<Stories>—</Stories>
		<Lot_Size>0.97 Acres</Lot_Size>
		<Style>Single Family Residential</Style>
		<Year_Built>2008</Year_Built>
		<Year_Renovated>2008</Year_Renovated>
		<County>Los Angeles County</County>
		<APN>4388012051</APN>
	</public_facts>
</home>
