<?xml version="1.0" ?>
<home>
	<HomeInfo_Address>
		<street-address>2335 Belleglade Ave </street-address>
		<locality>El Sereno, </locality>
		<region>CA</region>
		<postal-code>90032</postal-code>
	</HomeInfo_Address>
	<main_stats>
		<Price>$239,900</Price>
		<Beds>—</Beds>
		<Baths>—</Baths>
		<Sq._Ft.>—</Sq._Ft.>
	</main_stats>
	<text_base_description>Excellent opportunity  this lot is located in the growing and upcoming area of El Sereno, with hill views centrally located a few minutes to downtown Los Angeles and walking distance to California State University Los Angeles, easy access to 5, 10  &amp;  710 freeways. This lot already has water and a temporary electricity pole inside the property ready to build zoning is LAR1. </text_base_description>
	<listed_by>
		<name>Rene Alarcon</name>
		<agentLicenseDisplay>•DRE #01273910</agentLicenseDisplay>
		<org>•DRE #01273910</org>
	</listed_by>
	<price_insights>
		<List_Price>$239,900</List_Price>
		<Est._Mo._Payment>$1,114</Est._Mo._Payment>
		<Redfin_Estimate>$217,689</Redfin_Estimate>
	</price_insights>
	<home_facts>
		<Status>Active</Status>
		<Time_on_Redfin>54 days</Time_on_Redfin>
		<Community>621 - El Sereno</Community>
		<Lot_Size>8,258 Sq. Ft.</Lot_Size>
		<key name="MLS#">RS20156787</key>
	</home_facts>
	<property_details>
		<item>
			<item>School / Neighborhood, Utilities, Location Details</item>
			<item>
				<item>
					<item>Neighborhood Information</item>
					<item>
						<item>Curbs</item>
					</item>
				</item>
				<item>
					<item>Utilities Information</item>
					<item>
						<item>Water Source: District/Public</item>
					</item>
				</item>
				<item>
					<item>Location Information</item>
					<item>
						<item>Directions: From Alhambra Blvd E/B turn left on Belleglade Ave</item>
						<item>Zoning: LAR1</item>
					</item>
				</item>
			</item>
		</item>
		<item>
			<item>Property / Lot Details</item>
			<item>
				<item>
					<item>Lot Information</item>
					<item>
						<item>Distance To Water Comments: .01</item>
						<item>Elevation Units: Feet</item>
						<item>Lot Size Source: Assessor's Data</item>
						<item>Lot Features: 0-1 Unit/Acre</item>
					</item>
				</item>
				<item>
					<item>Property Information</item>
					<item>
						<item>Parcel Number: 5216019001</item>
						<item>Has View</item>
					</item>
				</item>
			</item>
		</item>
	</property_details>
	<public_facts>
		<Beds>—</Beds>
		<Baths>—</Baths>
		<Finished_Sq._Ft.>—</Finished_Sq._Ft.>
		<Unfinished_Sq._Ft.>—</Unfinished_Sq._Ft.>
		<Total_Sq._Ft.>—</Total_Sq._Ft.>
		<Stories>—</Stories>
		<Lot_Size>8,258 Sq. Ft.</Lot_Size>
		<Style>Vacant Land</Style>
		<Year_Built>—</Year_Built>
		<Year_Renovated>—</Year_Renovated>
		<County>Los Angeles County</County>
		<APN>5216019001</APN>
	</public_facts>
</home>
