<?xml version="1.0" ?>
<home>
	<HomeInfo_Address>
		<street-address>2926 Delor Dr </street-address>
		<locality>Los Angeles, </locality>
		<region>CA</region>
		<postal-code>90032</postal-code>
	</HomeInfo_Address>
	<main_stats>
		<Price>$160,000</Price>
		<Beds>—</Beds>
		<Baths>—</Baths>
		<Sq._Ft.>—</Sq._Ft.>
	</main_stats>
	<text_base_description>Fantastic View lot in up and coming El Sereno Neighborhood of Los Angeles. Owner has done all the legwork and completed Architectural Plans, obtained Approved Geological  &amp;  Soil Report, Slope Analysis, Grading Plans, Topographic Survey, Tree Report, Structural Engineering and more. Plans have been submitted to plan-check. Plans and reports are available upon request. The land fronts a fully paved road, is situated between two brand new homes. The property boasts fantastic unobstructed Views of the City, Mountains and Hills and is close in proximity to DTLA, Cal State University-Los Angeles, Dodgers Stadium, South Pasadena, USC Medical Center with easy access to the 10, 5, 110 and 710 freeways. Utilities and sewer are available. Please contact Listing Agent to request plans and reports.  </text_base_description>
	<listed_by>
		<name>Fernando Lara</name>
		<agentLicenseDisplay>•DRE #01120697</agentLicenseDisplay>
		<org>•DRE #01120697</org>
	</listed_by>
	<price_insights>
		<List_Price>$160,000</List_Price>
		<Est._Mo._Payment>$743</Est._Mo._Payment>
		<Redfin_Estimate>$201,528</Redfin_Estimate>
	</price_insights>
	<home_facts>
		<Status>Active</Status>
		<Time_on_Redfin>117 days</Time_on_Redfin>
		<Property_Type>Residential Land</Property_Type>
		<Community>El Sereno</Community>
		<Lot_Size>4,904 Sq. Ft.</Lot_Size>
		<key name="MLS#">20-585826</key>
	</home_facts>
	<property_details>
		<item>
			<item>School / Neighborhood, Utilities, Taxes / Assessments, Financing</item>
			<item>
				<item>
					<item>Community Information</item>
					<item>
						<item>Street Description: Asphalt, Public</item>
					</item>
				</item>
				<item>
					<item>Utility Information</item>
					<item>
						<item>Cable</item>
						<item>Telephone Service: In Street</item>
						<item>Electric: In Street</item>
						<item>Gas: In Street</item>
						<item>Sewer: Public Hookup Available, Other</item>
						<item>Water: District/Public, In Street, Public, Public Hook-Up Avail</item>
					</item>
				</item>
				<item>
					<item>Assessment Information</item>
					<item>
						<item>Assessments: Unknown</item>
						<item>Assessor Parcel Number: 5217-010-023</item>
					</item>
				</item>
				<item>
					<item>Financial Information</item>
					<item>
						<item>Listing Terms: Cash, Cash To New Loan</item>
					</item>
				</item>
			</item>
		</item>
		<item>
			<item>Property / Lot Details</item>
			<item>
				<item>
					<item>Property Information</item>
					<item>
						<item>Land Lease Type: Fee</item>
						<item>Property Type: Residential Land</item>
					</item>
				</item>
				<item>
					<item>Land Information</item>
					<item>
						<item>Site Description: City, Hillside, Hilltop</item>
						<item>Present Use: Unimproved Land</item>
						<item>Potential Usage: Single Family Residence</item>
						<item>Topography: Downhill</item>
					</item>
				</item>
				<item>
					<item>Lot Information</item>
					<item>
						<item>Lot Size (Sq. Ft.): 4,904</item>
						<item>Lot Size (Acres): 0.011</item>
						<item>Lot Size Dimensions: 70 x 71</item>
						<item>Zoning: R1</item>
						<item>Special Zoning: Property Report</item>
						<item>Lot Location: City, Hillside, Hilltop</item>
						<item>Lot Description: Lot Shape-Rectangular, Single Lot, Street Asphalt, Street Paved, Utilities - Overhead</item>
						<item>Survey: Survey Done</item>
					</item>
				</item>
				<item>
					<item>Property Features</item>
					<item>
						<item>Has View</item>
						<item>View: City, City Lights, Hills, Mountains, Panoramic</item>
						<item>Telephone Service</item>
					</item>
				</item>
			</item>
		</item>
		<item>
			<item>Location Details, Documents &amp; Disclosures, Listing Information</item>
			<item>
				<item>
					<item>Location Information</item>
					<item>
						<item>Directions: From Eastern Ave go East on Lombardy then Left at Badau Ave, Right at Chester St, Left at Adkins Ave and Right at Delor Dr.From Alhambra Ave go North at Haven St, Left at Chester St, Right at Adkins Ave and Right at Delor Dr.</item>
					</item>
				</item>
				<item>
					<item>Documents &amp; Disclosures</item>
					<item>
						<item>Disclosures: Building Plans Available, Property Report, Soils Report</item>
					</item>
				</item>
				<item>
					<item>Listing Information</item>
					<item>
						<item>Possession: Close Of Escrow</item>
						<item>Listing Terms: Cash, Cash To New Loan</item>
					</item>
				</item>
			</item>
		</item>
	</property_details>
	<public_facts>
		<Beds>—</Beds>
		<Baths>—</Baths>
		<Finished_Sq._Ft.>—</Finished_Sq._Ft.>
		<Unfinished_Sq._Ft.>—</Unfinished_Sq._Ft.>
		<Total_Sq._Ft.>—</Total_Sq._Ft.>
		<Stories>—</Stories>
		<Lot_Size>4,904 Sq. Ft.</Lot_Size>
		<Style>Vacant Land</Style>
		<Year_Built>—</Year_Built>
		<Year_Renovated>—</Year_Renovated>
		<County>Los Angeles County</County>
		<APN>5217010023</APN>
	</public_facts>
</home>
