<?xml version="1.0" ?>
<home>
	<HomeInfo_Address>
		<street-address>4970 Gambier St </street-address>
		<locality>Los Angeles, </locality>
		<region>CA</region>
		<postal-code>90032</postal-code>
	</HomeInfo_Address>
	<main_stats>
		<Price>$800,000</Price>
		<Beds>—</Beds>
		<Baths>—</Baths>
		<Sq._Ft.>—</Sq._Ft.>
	</main_stats>
	<text_base_description>Calling all developers looking to expand their portfolio in the Los Angeles area!! 12766 Sq ft of land for sale near El Sereno Middle School and Magnet Center. The great thing about this piece of land is that it includes the land next to it which which is an additional 15399 Sq ft of land and equals to 28165 Sq ft of land to build on. Has access to the street on both sides of the lot.  </text_base_description>
	<listed_by>
		<name>MARVIN RODRIGUEZ</name>
		<agentLicenseDisplay>•DRE #01318114</agentLicenseDisplay>
		<org>•DRE #01318114</org>
	</listed_by>
	<price_insights>
		<List_Price>$800,000</List_Price>
		<Est._Mo._Payment>$3,716</Est._Mo._Payment>
		<Redfin_Estimate>$590,436</Redfin_Estimate>
	</price_insights>
	<home_facts>
		<Status>Active</Status>
		<Time_on_Redfin>19 days</Time_on_Redfin>
		<Community>699 - Not Defined</Community>
		<Lot_Size>0.65 Acres</Lot_Size>
		<key name="MLS#">CV20186757</key>
	</home_facts>
	<property_details>
		<item>
			<item>School / Neighborhood, Utilities, Location Details</item>
			<item>
				<item>
					<item>Neighborhood Information</item>
					<item>
						<item>Sidewalks, Street Lighting</item>
					</item>
				</item>
				<item>
					<item>Utilities Information</item>
					<item>
						<item>Water Source: None</item>
					</item>
				</item>
				<item>
					<item>Location Information</item>
					<item>
						<item>Directions: Cross streets: Huntington Drive and Eastern</item>
						<item>Zoning: LARD3</item>
					</item>
				</item>
			</item>
		</item>
		<item>
			<item>Property / Lot Details</item>
			<item>
				<item>
					<item>Lot Information</item>
					<item>
						<item>Distance To Water Comments: Unknown</item>
						<item>Elevation Units: Feet</item>
						<item>Lot Size Source: Assessor's Data</item>
						<item>Lot Features: 0-1 Unit/Acre</item>
					</item>
				</item>
				<item>
					<item>Property Information</item>
					<item>
						<item>Parcel Number: 5218006053</item>
					</item>
				</item>
			</item>
		</item>
	</property_details>
	<public_facts>
		<Beds>—</Beds>
		<Baths>—</Baths>
		<Finished_Sq._Ft.>—</Finished_Sq._Ft.>
		<Unfinished_Sq._Ft.>—</Unfinished_Sq._Ft.>
		<Total_Sq._Ft.>—</Total_Sq._Ft.>
		<Stories>—</Stories>
		<Lot_Size>0.29 Acres</Lot_Size>
		<Style>Vacant Land</Style>
		<Year_Built>—</Year_Built>
		<Year_Renovated>—</Year_Renovated>
		<County>Los Angeles County</County>
		<APN>5218006053</APN>
	</public_facts>
</home>
