<?xml version="1.0" ?>
<home>
	<HomeInfo_Address>
		<street-address>4719 Catalpa St </street-address>
		<locality>Los Angeles, </locality>
		<region>CA</region>
		<postal-code>90032</postal-code>
	</HomeInfo_Address>
	<main_stats>
		<Price>$180,000</Price>
		<Beds>—</Beds>
		<Baths>—</Baths>
		<Sq._Ft.>—</Sq._Ft.>
	</main_stats>
	<text_base_description>Calling all developers looking to expand their portfolio in the Los Angeles area!! 8846 Sq ft of land for sale near 10 and the 710 freeway, California State University, Los Angeles, Woodrow Wilson Senior High school and Ascot Hills Park.  </text_base_description>
	<listed_by>
		<name>MARVIN RODRIGUEZ</name>
		<agentLicenseDisplay>•DRE #01318114</agentLicenseDisplay>
		<org>•DRE #01318114</org>
	</listed_by>
	<price_insights>
		<List_Price>$180,000</List_Price>
		<Est._Mo._Payment>$836</Est._Mo._Payment>
		<Redfin_Estimate>$170,682</Redfin_Estimate>
	</price_insights>
	<home_facts>
		<Status>Active</Status>
		<Time_on_Redfin>19 days</Time_on_Redfin>
		<Community>699 - Not Defined</Community>
		<Lot_Size>8,846 Sq. Ft.</Lot_Size>
		<key name="MLS#">CV20186823</key>
	</home_facts>
	<property_details>
		<item>
			<item>School / Neighborhood, Utilities, Location Details</item>
			<item>
				<item>
					<item>Neighborhood Information</item>
					<item>
						<item>Park</item>
					</item>
				</item>
				<item>
					<item>Utilities Information</item>
					<item>
						<item>Water Source: None</item>
					</item>
				</item>
				<item>
					<item>Location Information</item>
					<item>
						<item>Directions: Cross Streets: Valley Blvd and Del Paso Ave.</item>
						<item>Zoning: LAR1</item>
					</item>
				</item>
			</item>
		</item>
		<item>
			<item>Property / Lot Details</item>
			<item>
				<item>
					<item>Lot Information</item>
					<item>
						<item>Distance To Water Comments: Unknown</item>
						<item>Elevation Units: Feet</item>
						<item>Lot Size Source: Assessor's Data</item>
						<item>Lot Features: 0-1 Unit/Acre</item>
					</item>
				</item>
				<item>
					<item>Property Information</item>
					<item>
						<item>Parcel Number: 5215029025</item>
					</item>
				</item>
			</item>
		</item>
	</property_details>
	<public_facts>
		<Beds>—</Beds>
		<Baths>—</Baths>
		<Finished_Sq._Ft.>—</Finished_Sq._Ft.>
		<Unfinished_Sq._Ft.>—</Unfinished_Sq._Ft.>
		<Total_Sq._Ft.>—</Total_Sq._Ft.>
		<Stories>—</Stories>
		<Lot_Size>8,846 Sq. Ft.</Lot_Size>
		<Style>Vacant Land</Style>
		<Year_Built>—</Year_Built>
		<Year_Renovated>—</Year_Renovated>
		<County>Los Angeles County</County>
		<APN>5215029025</APN>
	</public_facts>
</home>
