<?xml version="1.0" ?>
<home>
	<HomeInfo_Address>
		<street-address>4170 Portola Ave </street-address>
		<locality>El Sereno, </locality>
		<region>CA</region>
		<postal-code>90032</postal-code>
	</HomeInfo_Address>
	<main_stats>
		<Price>$99,999</Price>
		<Beds>—</Beds>
		<Baths>—</Baths>
		<Sq._Ft.>—</Sq._Ft.>
	</main_stats>
	<text_base_description>Residential vacant lot in the hills of El Sereno. Hill is under several projects of new development. Come to see it. Drive by anytime. Seller will provide a soil test done to the property.  </text_base_description>
	<listed_by>
		<name>JULIO ARTIGA</name>
		<agentLicenseDisplay>•DRE #00894306</agentLicenseDisplay>
		<org>•DRE #00894306</org>
	</listed_by>
	<price_insights>
		<List_Price>$99,999</List_Price>
		<Est._Mo._Payment>$464</Est._Mo._Payment>
		<Redfin_Estimate>$89,679</Redfin_Estimate>
	</price_insights>
	<home_facts>
		<Status>Active</Status>
		<Time_on_Redfin>202 days</Time_on_Redfin>
		<Community>621 - El Sereno</Community>
		<Lot_Size>6,698 Sq. Ft.</Lot_Size>
		<key name="MLS#">MB20052480</key>
	</home_facts>
	<property_details>
		<item>
			<item>School / Neighborhood, Utilities, Location Details</item>
			<item>
				<item>
					<item>Neighborhood Information</item>
					<item>
						<item>Urban</item>
					</item>
				</item>
				<item>
					<item>Utilities Information</item>
					<item>
						<item>Water Source: District/Public</item>
					</item>
				</item>
				<item>
					<item>Location Information</item>
					<item>
						<item>Directions: Take Huntington Dr to Van Horn</item>
						<item>Zoning: LAR1</item>
					</item>
				</item>
			</item>
		</item>
		<item>
			<item>Property / Lot Details</item>
			<item>
				<item>
					<item>Lot Information</item>
					<item>
						<item>Distance To Water Comments: 3'</item>
						<item>Elevation Units: Feet</item>
						<item>Lot Size Source: Assessor's Data</item>
						<item>Lot Features: 0-1 Unit/Acre</item>
					</item>
				</item>
				<item>
					<item>Property Information</item>
					<item>
						<item>Parcel Number: 5307019033</item>
						<item>Has View</item>
					</item>
				</item>
			</item>
		</item>
	</property_details>
	<public_facts>
		<Beds>—</Beds>
		<Baths>—</Baths>
		<Finished_Sq._Ft.>—</Finished_Sq._Ft.>
		<Unfinished_Sq._Ft.>—</Unfinished_Sq._Ft.>
		<Total_Sq._Ft.>—</Total_Sq._Ft.>
		<Stories>—</Stories>
		<Lot_Size>6,698 Sq. Ft.</Lot_Size>
		<Style>Vacant Land</Style>
		<Year_Built>—</Year_Built>
		<Year_Renovated>—</Year_Renovated>
		<County>Los Angeles County</County>
		<APN>5307019033</APN>
	</public_facts>
</home>
