<?xml version="1.0" ?>
<home>
	<HomeInfo_Address>
		<street-address>8790 Appian Way </street-address>
		<locality>Los Angeles, </locality>
		<region>CA</region>
		<postal-code>90046</postal-code>
	</HomeInfo_Address>
	<main_stats>
		<Price>$8,275,000</Price>
		<Beds>4</Beds>
		<Baths>6</Baths>
		<key name="$1443 / Sq. Ft.">5,736</key>
	</main_stats>
	<text_base_description>Architecturally significant contemporary residence in the upper Hollywood Hills. Spread over three floors, this luxury build has all the modern amenities one would expect from a premium residence of this standard. Custom details from the entry to the exterior, interior lift, Gaggenau appliances, fully automated music, alarm, blind and pool systems. Incredible design, numerous game and media rooms, all culminating in making this the ultimate celebrity enclave. Beyond the insane skyline views from every suite in the house, the 30' infinity pool and hot tub, which overlooks one of the best cityscape views in Los Angeles, the house has two large entertaining decks, decked with Italian porcelain, fire-pits and private seating areas to enjoy.  </text_base_description>
	<listed_by>
		<name>Dougal Murray</name>
		<agentLicenseDisplay>•DRE #02027138</agentLicenseDisplay>
		<org>•DRE #02027138</org>
	</listed_by>
	<price_insights>
		<List_Price>$8,275,000</List_Price>
		<Est._Mo._Payment>$38,349</Est._Mo._Payment>
		<Redfin_Estimate>$8,140,326</Redfin_Estimate>
		<key name="Price/Sq.Ft.">$1,443</key>
	</price_insights>
	<home_facts>
		<Status>Active</Status>
		<Time_on_Redfin>6 days</Time_on_Redfin>
		<Property_Type>Single Family, Residential Single-Family</Property_Type>
		<Baths>4 full, 2 partial</Baths>
		<Year_Built>2017</Year_Built>
		<Style>Architectural</Style>
		<Community>Sunset Strip - Hollywood Hills West</Community>
		<Lot_Size>0.28 Acres</Lot_Size>
		<key name="MLS#">20-633376</key>
	</home_facts>
	<property_details>
		<item>
			<item>Interior Features</item>
			<item>
				<item>
					<item>Bathroom Information</item>
					<item>
						<item># of Baths (Full): 4</item>
						<item># of Baths (3/4): 1</item>
						<item># of Baths (1/2): 1</item>
					</item>
				</item>
				<item>
					<item>Kitchen Information</item>
					<item>
						<item>Built-In And Free Standing, Built-In BBQ, Cooktop - Gas, Double Oven, Microwave</item>
					</item>
				</item>
				<item>
					<item>Laundry Information</item>
					<item>
						<item>Laundry Room</item>
					</item>
				</item>
				<item>
					<item>Additional Rooms</item>
					<item>
						<item>Breakfast Area, Breakfast Counter / Bar, Dining Area, Family Kitchen, Kitchen Island, Living Room</item>
						<item>Dining Room</item>
						<item>Family Room</item>
						<item>Atrium, Bonus Room, Breakfast Bar, Separate Family Room, Great Room, Master Bedroom, Patio Covered, Patio Enclosed, Utility Room, Dining Room</item>
					</item>
				</item>
				<item>
					<item>Interior Features</item>
					<item>
						<item>Furnished Or Unfurnished</item>
						<item>Windows: Vertical Blinds, Custom Window Covering</item>
					</item>
				</item>
				<item>
					<item>Fireplace Information</item>
					<item>
						<item>In Living Room</item>
						<item># of Fireplaces: 1</item>
					</item>
				</item>
				<item>
					<item>Flooring Information</item>
					<item>
						<item>Stone Floors, Wood Floors</item>
					</item>
				</item>
				<item>
					<item>Equipment</item>
					<item>
						<item>Alarm System, Barbeque, Built-Ins, Cable, Dishwasher, Dryer, Electric Dryer Hookup, Elevator, Freezer, Garbage Disposal, Gas Dryer Hookup, Hood Fan, Ice Maker, Microwave, Water Line to Refrigerator, Phone System, Refrigerator, Range/Oven, Network Wire</item>
					</item>
				</item>
				<item>
					<item>Heating &amp; Cooling</item>
					<item>
						<item>A/C</item>
						<item>Central Heat</item>
					</item>
				</item>
			</item>
		</item>
		<item>
			<item>Parking / Garage</item>
			<item>
				<item>
					<item>Garage</item>
					<item>
						<item>2 Car Garage, Offsite, On street, Driveway - Concrete</item>
					</item>
				</item>
				<item>
					<item>Parking</item>
					<item>
						<item># of Parking Spaces (Total): 4</item>
					</item>
				</item>
			</item>
		</item>
		<item>
			<item>Exterior Features</item>
			<item>
				<item>
					<item>Building Information</item>
					<item>
						<item>Total Floors: 3</item>
						<item>Three Or More Levels</item>
						<item>Detached</item>
						<item>Detached/No Common Walls</item>
						<item>Faces South</item>
						<item>Security Features: Fire Sprinklers, Smoke Detector, T.V., Fire and Smoke Detection System, Carbon Monoxide Detector(s)</item>
					</item>
				</item>
				<item>
					<item>Pool Information</item>
					<item>
						<item>Negative Edge/Infinity Pool, Pool Heated with Gas, Gunite Pool</item>
						<item>In Ground Spa, Heated with Gas, Heated Spa, Gunite Spa</item>
					</item>
				</item>
			</item>
		</item>
		<item>
			<item>Taxes / Assessments, Location Details, Documents &amp; Disclosures</item>
			<item>
				<item>
					<item>Assessment Information</item>
					<item>
						<item>Assessor Parcel Number: 5562-015-005</item>
					</item>
				</item>
				<item>
					<item>Location Information</item>
					<item>
						<item>Directions: From Sunset take N Doheny, right on Thrasher and then up on Bluejay Way, and then left on Sunset Plaza Dr till it turns into Appian Way. Continue East and the house can be found on the right hand side. Alternatively, if coming from Weho, go up Laural Canyon, turn left on Lookout Mountain, and continue until it turns into Appian Way.</item>
					</item>
				</item>
				<item>
					<item>Documents &amp; Disclosures</item>
					<item>
						<item>Disclosures: None</item>
					</item>
				</item>
			</item>
		</item>
		<item>
			<item>Property / Lot Details</item>
			<item>
				<item>
					<item>Property Information</item>
					<item>
						<item>Land Lease Type: Fee</item>
						<item>Property Type: Residential Single-Family</item>
					</item>
				</item>
				<item>
					<item>Lot Information</item>
					<item>
						<item>Lot Size (Sq. Ft.): 12,004</item>
						<item>Lot Size (Acres): 0.2756</item>
						<item>Zoning: LAR1</item>
					</item>
				</item>
				<item>
					<item>Property Features</item>
					<item>
						<item>Sprinkler System</item>
						<item>Has View</item>
						<item>View: City, City Lights, Coastline</item>
					</item>
				</item>
			</item>
		</item>
	</property_details>
	<public_facts>
		<Beds>4</Beds>
		<Baths>6</Baths>
		<Finished_Sq._Ft.>5,221</Finished_Sq._Ft.>
		<Unfinished_Sq._Ft.>—</Unfinished_Sq._Ft.>
		<Total_Sq._Ft.>5,221</Total_Sq._Ft.>
		<Stories>—</Stories>
		<Lot_Size>0.28 Acres</Lot_Size>
		<Style>Single Family Residential</Style>
		<Year_Built>2017</Year_Built>
		<Year_Renovated>2017</Year_Renovated>
		<County>Los Angeles County</County>
		<APN>5562015005</APN>
	</public_facts>
</home>
