<?xml version="1.0" ?>
<home>
	<HomeInfo_Address>
		<street-address>8769 Skyline Dr </street-address>
		<locality>Los Angeles, </locality>
		<region>CA</region>
		<postal-code>90046</postal-code>
	</HomeInfo_Address>
	<main_stats>
		<Price>$1,999,000</Price>
		<Beds>4</Beds>
		<Baths>4.25</Baths>
		<key name="$589 / Sq. Ft.">3,395</key>
	</main_stats>
	<text_base_description>Seller is relocating. Priced to sell. Recently built, four-bedroom home, provides the open floorplan lifestyle sought after today. Located in the coveted Wonderland Park Elementary School District, the designer-done contemporary home is entered through a secured courtyard entry. The top chef kitchen (which boasts a center island, wraparound counters and pro-style appliances) communicates directly with the dining space and generous living area (w/ fireplace). The entertaining terraces sliding glass doors welcome in fresh ocean breezes. Upstairs is the spacious master suite (with generous walk-in closet, luxurious bath w/ freestanding tub and optimistic treetop views) and two additional guest suites. High ceilings and oversized windows bathe the interiors with an abundance of natural light. The private rear yard affords large scale entertaining. A downstairs bedroom suite, 2-car garage with direct entry and sophisticated security system with cameras round out this exceptional offering </text_base_description>
	<listed_by>
		<name>Billy Rose</name>
		<agentLicenseDisplay>•DRE #01302611</agentLicenseDisplay>
		<org>•DRE #01302611</org>
	</listed_by>
	<price_insights>
		<List_Price>$1,999,000</List_Price>
		<Est._Mo._Payment>$9,264</Est._Mo._Payment>
		<Redfin_Estimate>$1,966,605</Redfin_Estimate>
		<key name="Price/Sq.Ft.">$589</key>
	</price_insights>
	<home_facts>
		<Status>Active</Status>
		<Time_on_Redfin>24 days</Time_on_Redfin>
		<Property_Type>Single Family, Residential Single-Family</Property_Type>
		<Year_Built>2012</Year_Built>
		<Style>Contemporary</Style>
		<Community>Sunset Strip - Hollywood Hills West</Community>
		<Lot_Size>8,110 Sq. Ft.</Lot_Size>
		<key name="MLS#">20-625820</key>
	</home_facts>
	<property_details>
		<item>
			<item>Interior Features</item>
			<item>
				<item>
					<item>Bathroom Information</item>
					<item>
						<item># of Baths (Full): 4</item>
						<item># of Baths (1/4): 1</item>
					</item>
				</item>
				<item>
					<item>Laundry Information</item>
					<item>
						<item>Laundry Inside</item>
					</item>
				</item>
				<item>
					<item>Additional Rooms</item>
					<item>
						<item>Breakfast Counter / Bar, Dining Area</item>
						<item>Dining Room</item>
						<item>Breakfast Bar, Patio Open, Walk-In Closet, Living Room, Dining Room, Master Bedroom</item>
					</item>
				</item>
				<item>
					<item>Fireplace Information</item>
					<item>
						<item>In Living Room</item>
						<item># of Fireplaces: 1</item>
					</item>
				</item>
				<item>
					<item>Flooring Information</item>
					<item>
						<item>Hardwood Floors, Tile Floors</item>
					</item>
				</item>
				<item>
					<item>Equipment</item>
					<item>
						<item>Built-Ins, Dishwasher, Freezer, Refrigerator, Garbage Disposal, Range/Oven</item>
					</item>
				</item>
				<item>
					<item>Heating &amp; Cooling</item>
					<item>
						<item>A/C, Central Cooling</item>
						<item>Central Heat</item>
					</item>
				</item>
			</item>
		</item>
		<item>
			<item>Parking / Garage, Exterior Features, Taxes / Assessments, Location Details</item>
			<item>
				<item>
					<item>Garage</item>
					<item>
						<item>Direct Entrance, Attached</item>
					</item>
				</item>
				<item>
					<item>Building Information</item>
					<item>
						<item>Total Floors: 2</item>
						<item>Detached</item>
						<item>Detached/No Common Walls</item>
					</item>
				</item>
				<item>
					<item>Assessment Information</item>
					<item>
						<item>Assessor Parcel Number: 5564-009-011</item>
					</item>
				</item>
				<item>
					<item>Location Information</item>
					<item>
						<item>Directions: Laurel Canyon to Lookout Mountain; right on Wonderland Avenue; right on Greenvalley Road; right on Skyline Drive</item>
					</item>
				</item>
			</item>
		</item>
		<item>
			<item>Property / Lot Details</item>
			<item>
				<item>
					<item>Property Information</item>
					<item>
						<item>Property Type: Residential Single-Family</item>
					</item>
				</item>
				<item>
					<item>Lot Information</item>
					<item>
						<item>Lot Size (Sq. Ft.): 8,110</item>
						<item>Lot Size (Acres): 0.1862</item>
						<item>Zoning: LARE15</item>
					</item>
				</item>
				<item>
					<item>Property Features</item>
					<item>
						<item>Has View</item>
						<item>View: Tree Top, Trees/Woods</item>
					</item>
				</item>
			</item>
		</item>
		<item>
			<item>Documents &amp; Disclosures</item>
			<item>
				<item>
					<item>Documents &amp; Disclosures</item>
					<item>
						<item>Disclosures: As Is</item>
					</item>
				</item>
			</item>
		</item>
	</property_details>
	<public_facts>
		<Beds>3</Beds>
		<Baths>5</Baths>
		<Finished_Sq._Ft.>3,395</Finished_Sq._Ft.>
		<Unfinished_Sq._Ft.>—</Unfinished_Sq._Ft.>
		<Total_Sq._Ft.>3,395</Total_Sq._Ft.>
		<Stories>—</Stories>
		<Lot_Size>8,079 Sq. Ft.</Lot_Size>
		<Style>Single Family Residential</Style>
		<Year_Built>2012</Year_Built>
		<Year_Renovated>2012</Year_Renovated>
		<County>Los Angeles County</County>
		<APN>5564009011</APN>
	</public_facts>
</home>
