<?xml version="1.0" ?>
<home>
	<HomeInfo_Address>
		<street-address>4315 N Portola Ave </street-address>
		<locality>El Sereno, </locality>
		<region>CA</region>
		<postal-code>90032</postal-code>
	</HomeInfo_Address>
	<main_stats>
		<Price>$149,900</Price>
		<Beds>—</Beds>
		<Baths>—</Baths>
		<Sq._Ft.>—</Sq._Ft.>
	</main_stats>
	<text_base_description>Attention All Builders! And Talk About An Great Opportunity Knocking On Your Door. This great lot is located in a prime  &amp;  high demand area of El Sereno and offers gorgeous views. The lot comes with plans to build a beautiful modern home and the plans are very shy from being approved from the city of LA. The architectural plans, soil report  &amp;  civil, landscape and structural report are on file  &amp;  available upon request for your review. NEW homes recently constructed (and under construction) throughout the neighborhood. The lot is situated in a neighborhood that is perfectly near Downtown LA, South Pasadena, Dodgers Stadium, Arts District Area, Highland Park, shopping centers  &amp;  eateries and Easy access to  fwys, transportation and schools.  </text_base_description>
	<listed_by>
		<name>JOSE ARANA</name>
		<agentLicenseDisplay>•DRE #01318305</agentLicenseDisplay>
		<org>•DRE #01318305</org>
	</listed_by>
	<price_insights>
		<List_Price>$149,900</List_Price>
		<Est._Mo._Payment>$696</Est._Mo._Payment>
		<Redfin_Estimate>$137,340</Redfin_Estimate>
	</price_insights>
	<home_facts>
		<Status>Active</Status>
		<Time_on_Redfin>177 days</Time_on_Redfin>
		<Community>621 - El Sereno</Community>
		<Lot_Size>5,487 Sq. Ft.</Lot_Size>
		<key name="MLS#">MB20068598</key>
	</home_facts>
	<property_details>
		<item>
			<item>School / Neighborhood, Utilities, Location Details</item>
			<item>
				<item>
					<item>Neighborhood Information</item>
					<item>
						<item>Sidewalks</item>
					</item>
				</item>
				<item>
					<item>Utilities Information</item>
					<item>
						<item>Sewer: Public Sewer</item>
						<item>Water Source: District/Public</item>
					</item>
				</item>
				<item>
					<item>Location Information</item>
					<item>
						<item>Directions: North Of Van Horne Ave &amp; East Of Henderson St.</item>
						<item>Zoning: LAR1</item>
					</item>
				</item>
			</item>
		</item>
		<item>
			<item>Property / Lot Details</item>
			<item>
				<item>
					<item>Lot Information</item>
					<item>
						<item>Distance To Water Comments: 0</item>
						<item>Elevation Units: Feet</item>
						<item>Lot Size Source: Assessor's Data</item>
						<item>Lot Features: Up Slope from Street</item>
					</item>
				</item>
				<item>
					<item>Property Information</item>
					<item>
						<item>Parcel Number: 5307005020</item>
						<item>Has View</item>
					</item>
				</item>
			</item>
		</item>
	</property_details>
	<public_facts>
		<Beds>—</Beds>
		<Baths>—</Baths>
		<Finished_Sq._Ft.>—</Finished_Sq._Ft.>
		<Unfinished_Sq._Ft.>—</Unfinished_Sq._Ft.>
		<Total_Sq._Ft.>—</Total_Sq._Ft.>
		<Stories>—</Stories>
		<Lot_Size>—</Lot_Size>
		<Style>Vacant Land</Style>
		<Year_Built>—</Year_Built>
		<Year_Renovated>—</Year_Renovated>
		<County>Los Angeles County</County>
		<APN>—</APN>
	</public_facts>
</home>
