<?xml version="1.0" ?>
<home>
	<HomeInfo_Address>
		<street-address>1877 Hillebrant Pl </street-address>
		<locality>SANTA CLARA, </locality>
		<region>CA</region>
		<postal-code>95050</postal-code>
	</HomeInfo_Address>
	<main_stats>
		<Price>$1,295,000</Price>
		<Beds>3</Beds>
		<Baths>3.5</Baths>
		<key name="$791 / Sq. Ft.">1,637</key>
	</main_stats>
	<text_base_description>Plan 2 Town home in The Boulevard of Santa Clara! One of the few units facing the park. 1,637 3 bed 3.5 bath floor plan (county says 1,458 2/2.5. Builder says 1,637 3/3.5. Buyer to Verify). Foyer with stone tile floor. Down stairs bedroom with, full bath, walk-in closet and private patio. Second level with wood floors in kitchen, living and dining rooms. Kitchen with island, granite counters and stainless appliances with gas cook top. Living room with fireplace and a loft style office area. Don't miss the laundry and half bath. Third level master suite with walk in closet and master bath with stall shower and double vanity. Guest bedroom with full bathroom and shower over tub. Two car attached garage. Amenities are wood floors, upgraded carpet, Natural stone tile showers, flooring and granite counters, ceiling fans, internet/salttelite in every room. Walk to stores, restaurants, schools, parks and more. Close to Santa Clara University. Minutes to Hwy 101, 87, 880 and San Jose Airport.  </text_base_description>
	<listed_by>
		<name>Bob Moreno</name>
		<agentLicenseDisplay>•DRE #01208199</agentLicenseDisplay>
		<org>•DRE #01208199</org>
	</listed_by>
	<price_insights>
		<List_Price>$1,295,000</List_Price>
		<Est._Mo._Payment>$5,939</Est._Mo._Payment>
		<key name="Price/Sq.Ft.">$791</key>
	</price_insights>
	<home_facts>
		<Status>Active</Status>
		<Time_on_Redfin>30 days</Time_on_Redfin>
		<Property_Type>Townhouse</Property_Type>
		<HOA_Dues>$304</HOA_Dues>
		<Year_Built>2010</Year_Built>
		<Style>Mediterranean</Style>
		<Community>SANTA CLARA</Community>
		<Lot_Size>730 Sq. Ft.</Lot_Size>
		<key name="MLS#">ML81805917</key>
	</home_facts>
	<property_details>
		<item>
			<item>Virtual Tour, Parking / Garage, Multi-Unit Information, Homeowners Association</item>
			<item>
				<item>
					<item>Virtual Tour</item>
					<item>
						<item>Branded 3D Tour (External Link)</item>
						<item>Unbranded 3D Tour (External Link)</item>
					</item>
				</item>
				<item>
					<item>Parking Information</item>
					<item>
						<item>Garage (Minimum): 2</item>
						<item>Garage (Maximum): 2</item>
						<item>Parking Description: Attached Garage, Common Parking Area</item>
						<item>Garage Spaces: 2</item>
					</item>
				</item>
				<item>
					<item>Multi-Unit Information</item>
					<item>
						<item># of Stories: 3</item>
					</item>
				</item>
				<item>
					<item>HOA Information</item>
					<item>
						<item>Has HOA</item>
						<item>Fees Include: Common Area Electricity, Exterior Painting, Fencing, Insurance (Common Area), Landscaping/Gardening, Maintenance (Common Area), Maintenance (Exterior), Maintenance (Road), Management Fee, Reserves, Roof</item>
						<item>HOA Amenities: Barbecue Area, Playground</item>
						<item>HOA Documents: Articles of Incorporation, Budget, Bylaws, CC&amp;RS, Financial Statement, Minutes, Reserve Study, Rules &amp; Regulations</item>
						<item>HOA Document Fee: $485</item>
						<item>HOA Fee: $304</item>
						<item>HOA Fee Frequency: Monthly</item>
						<item>HOA Name: Associa</item>
						<item>HOA Transfer Fee: $250</item>
					</item>
				</item>
			</item>
		</item>
		<item>
			<item>Interior Features</item>
			<item>
				<item>
					<item>Bedroom Information</item>
					<item>
						<item># of Bedrooms (Minimum): 3</item>
						<item># of Bedrooms (Maximum): 3</item>
						<item>Bedrooms: Ground Floor Bedroom, More than One Master Bedroom</item>
					</item>
				</item>
				<item>
					<item>Bathroom Information</item>
					<item>
						<item># of Baths (Full): 3</item>
						<item># of Baths (1/2): 1</item>
						<item>Bathroom Description: Double Sinks, Full on Ground Floor, Granite, Master (Stall Shower(s)), Shower Over Tub, 2+ Stall Shower, Stone, Tile, Tub</item>
					</item>
				</item>
				<item>
					<item>Room Information</item>
					<item>
						<item>Formal Entry, Laundry Room, Office Area</item>
						<item>Dining Room Description: Formal Dining Room</item>
						<item>Kitchen Description: 220 Volt Outlet, Cooktop (Gas), Countertop (Granite), Dishwasher, Garbage Disposal, Island, Microwave, Oven (Built-In), Oven (Electric), Oven (Self Cleaning)</item>
					</item>
				</item>
				<item>
					<item>Interior Features</item>
					<item>
						<item>Laundry: Electricity Hookup (220V), Hookup (Gas Dryer), Inside, Upper Floor</item>
						<item>Flooring: Carpet, Stone, Tile, Wood</item>
					</item>
				</item>
				<item>
					<item>Fireplace Information</item>
					<item>
						<item>Has Fireplace</item>
						<item>Fireplace Description: In Living Room</item>
						<item>Fireplaces (Minimum): 1</item>
					</item>
				</item>
				<item>
					<item>Heating &amp; Cooling Information</item>
					<item>
						<item>Cooling: Central Forced Air</item>
						<item>Heating: Central Forced Air (Gas)</item>
					</item>
				</item>
			</item>
		</item>
		<item>
			<item>Exterior Features</item>
			<item>
				<item>
					<item>Exterior Features</item>
					<item>
						<item>Roof: Tile</item>
						<item>Yard/Grounds: Balcony/Patio, Barbecue Area, Sprinkler(s) (Auto)</item>
					</item>
				</item>
				<item>
					<item>Building Information</item>
					<item>
						<item>Construction Type: Wood Frame</item>
						<item>Concrete Slab</item>
					</item>
				</item>
			</item>
		</item>
		<item>
			<item>School / Neighborhood, Taxes / Assessments, Location Details, Misc. Information</item>
			<item>
				<item>
					<item>School Information</item>
					<item>
						<item>Elementary School: Scott Lane Elementary</item>
						<item>Elementary School District: Santa Clara Unified</item>
						<item>Middle School: Buchser Middle</item>
						<item>High School: Santa Clara High</item>
						<item>High School District: Santa Clara Unified</item>
					</item>
				</item>
				<item>
					<item>Tax/Assessment Information</item>
					<item>
						<item>City Transfer Tax: No</item>
					</item>
				</item>
				<item>
					<item>Location Information</item>
					<item>
						<item>Directions: Highway 101 to San Thomas Expressway. West on San Thomas. Left on El Camino Real. Left on Scott. Right into the complex. Parking is limited. You can find parking on Civic Center Drive.</item>
					</item>
				</item>
				<item>
					<item>Miscellaneous Information</item>
					<item>
						<item>Incorporated: No</item>
					</item>
				</item>
			</item>
		</item>
		<item>
			<item>Utilities</item>
			<item>
				<item>
					<item>Utility Information</item>
					<item>
						<item>Energy Features: Double Pane Windows, Insulation (Unknown)</item>
						<item>Sewer Septic: Sewer (Public)</item>
						<item>Utilities: Individual Electric Meters, Individual Gas Meters, Public Utilities</item>
					</item>
				</item>
				<item>
					<item>Water Information</item>
					<item>
						<item>Water: Public</item>
					</item>
				</item>
			</item>
		</item>
		<item>
			<item>Property / Lot Details</item>
			<item>
				<item>
					<item>Property Features</item>
					<item>
						<item>Amenities: High Ceiling, Inverted Floor Plan, Walk-In Closet</item>
						<item>Living Sq. Ft.: 1,637</item>
						<item>Security Features: Fire System (Sprinkler), Secured Garage/Parking</item>
					</item>
				</item>
				<item>
					<item>Property Information</item>
					<item>
						<item>Ownership Type: Common Interest Development</item>
						<item>Property Master ID: 645455</item>
						<item>Restrictions: Parking Restrictions, Pets (Allowed), Pets (Rules)</item>
					</item>
				</item>
				<item>
					<item>Lot Information</item>
					<item>
						<item>Lot Acres: 0.0168</item>
						<item>Lot Description: Grade (Level), Regular</item>
						<item>Lot Size Area Minimum Units: Sq. Ft.</item>
						<item>Lot Size Area Maximum Units: Sq. Ft.</item>
						<item>Lot Size Source: Assessor</item>
						<item>Zoning: OG</item>
					</item>
				</item>
			</item>
		</item>
	</property_details>
	<public_facts>
		<Beds>2</Beds>
		<Baths>3</Baths>
		<Finished_Sq._Ft.>1,458</Finished_Sq._Ft.>
		<Unfinished_Sq._Ft.>—</Unfinished_Sq._Ft.>
		<Total_Sq._Ft.>1,458</Total_Sq._Ft.>
		<Stories>3</Stories>
		<Lot_Size>—</Lot_Size>
		<Style>Condo/Co-op</Style>
		<Year_Built>2010</Year_Built>
		<Year_Renovated>2010</Year_Renovated>
		<County>Santa Clara County</County>
		<APN>22476083</APN>
	</public_facts>
</home>
