<?xml version="1.0" ?>
<home>
	<HomeInfo_Address>
		<street-address>1754 Hillebrant Pl </street-address>
		<locality>SANTA CLARA, </locality>
		<region>CA</region>
		<postal-code>95050</postal-code>
	</HomeInfo_Address>
	<main_stats>
		<Price>$1,299,000</Price>
		<Beds>3</Beds>
		<Baths>3.5</Baths>
		<key name="$833 / Sq. Ft.">1,560</key>
	</main_stats>
	<text_base_description>10 years old townhouse build by Shea home. 3 Bedrooms and 3 and a half bathrooms (one suite on the ground floor). Really quite community, convenient location, walking distance to shopping and restaurants. Also close to Santa Clara University, easy access to Central Expressway, San Tomas Expressway, and HW 101 &amp;  880. </text_base_description>
	<listed_by>
		<name>Andrew F. Bi</name>
		<agentLicenseDisplay>•DRE #01380420</agentLicenseDisplay>
		<org>•DRE #01380420</org>
	</listed_by>
	<price_insights>
		<List_Price>$1,299,000</List_Price>
		<Est._Mo._Payment>$5,958</Est._Mo._Payment>
		<Redfin_Estimate>$1,285,009</Redfin_Estimate>
		<key name="Price/Sq.Ft.">$833</key>
	</price_insights>
	<home_facts>
		<Status>Active</Status>
		<Time_on_Redfin>32 days</Time_on_Redfin>
		<Property_Type>Townhouse</Property_Type>
		<HOA_Dues>$304</HOA_Dues>
		<Year_Built>2010</Year_Built>
		<Community>SANTA CLARA</Community>
		<Lot_Size>1,525 Sq. Ft.</Lot_Size>
		<key name="MLS#">ML81807923</key>
	</home_facts>
	<property_details>
		<item>
			<item>Interior Features</item>
			<item>
				<item>
					<item>Bedroom Information</item>
					<item>
						<item># of Bedrooms (Minimum): 3</item>
						<item># of Bedrooms (Maximum): 3</item>
					</item>
				</item>
				<item>
					<item>Bathroom Information</item>
					<item>
						<item># of Baths (Full): 3</item>
						<item># of Baths (1/2): 1</item>
					</item>
				</item>
				<item>
					<item>Room Information</item>
					<item>
						<item>Family Room Description: Separate Family Room</item>
						<item>Dining Room Description: Dining Area</item>
					</item>
				</item>
				<item>
					<item>Fireplace Information</item>
					<item>
						<item>Has Fireplace</item>
						<item>Fireplace Description: Gas-Burning</item>
					</item>
				</item>
				<item>
					<item>Heating &amp; Cooling Information</item>
					<item>
						<item>Cooling: Central Forced Air</item>
						<item>Heating: Central Forced Air</item>
					</item>
				</item>
			</item>
		</item>
		<item>
			<item>Parking / Garage, Multi-Unit Information, Homeowners Association, School / Neighborhood</item>
			<item>
				<item>
					<item>Parking Information</item>
					<item>
						<item>Garage (Minimum): 2</item>
						<item>Garage (Maximum): 2</item>
						<item>Parking Description: Attached Garage</item>
						<item>Garage Spaces: 2</item>
					</item>
				</item>
				<item>
					<item>Multi-Unit Information</item>
					<item>
						<item># of Stories: 3</item>
					</item>
				</item>
				<item>
					<item>HOA Information</item>
					<item>
						<item>Has HOA</item>
						<item>Fees Include: Common Area Electricity, Exterior Painting, Insurance (Common Area), Maintenance (Common Area), Roof</item>
						<item>HOA Fee: $304</item>
						<item>HOA Name: Associa Northern California</item>
					</item>
				</item>
				<item>
					<item>School Information</item>
					<item>
						<item>Elementary School District: Santa Clara Unified</item>
						<item>High School District: Santa Clara Unified</item>
					</item>
				</item>
			</item>
		</item>
		<item>
			<item>Exterior Features</item>
			<item>
				<item>
					<item>Exterior Features</item>
					<item>
						<item>Roof: Shingle</item>
					</item>
				</item>
				<item>
					<item>Building Information</item>
					<item>
						<item>Concrete Perimeter and Slab</item>
					</item>
				</item>
			</item>
		</item>
		<item>
			<item>Utilities</item>
			<item>
				<item>
					<item>Utility Information</item>
					<item>
						<item>Sewer Septic: Sewer (Public)</item>
						<item>Utilities: Public Utilities</item>
					</item>
				</item>
				<item>
					<item>Water Information</item>
					<item>
						<item>Water: Public</item>
					</item>
				</item>
			</item>
		</item>
		<item>
			<item>Property / Lot Details</item>
			<item>
				<item>
					<item>Property Features</item>
					<item>
						<item>Living Sq. Ft.: 1,560</item>
					</item>
				</item>
				<item>
					<item>Property Information</item>
					<item>
						<item>Ownership Type: Condominium Ownership</item>
						<item>Property Master ID: 419127</item>
						<item>Restrictions: Parking Restrictions</item>
					</item>
				</item>
				<item>
					<item>Lot Information</item>
					<item>
						<item>Lot Acres: 0.035</item>
						<item>Lot Size Area Minimum Units: Sq. Ft.</item>
						<item>Lot Size Area Maximum Units: Sq. Ft.</item>
						<item>Lot Size Source: Assessor</item>
						<item>Zoning: OG</item>
					</item>
				</item>
			</item>
		</item>
	</property_details>
	<public_facts>
		<Beds>2</Beds>
		<Baths>3</Baths>
		<Finished_Sq._Ft.>1,458</Finished_Sq._Ft.>
		<Unfinished_Sq._Ft.>—</Unfinished_Sq._Ft.>
		<Total_Sq._Ft.>1,458</Total_Sq._Ft.>
		<Stories>3</Stories>
		<Lot_Size>—</Lot_Size>
		<Style>Condo/Co-op</Style>
		<Year_Built>2010</Year_Built>
		<Year_Renovated>2010</Year_Renovated>
		<County>Santa Clara County</County>
		<APN>22476151</APN>
	</public_facts>
</home>
