<?xml version="1.0" ?>
<home>
	<HomeInfo_Address>
		<street-address>5114 E Castleman Ave </street-address>
		<locality>Los Angeles, </locality>
		<region>CA</region>
		<postal-code>90032</postal-code>
	</HomeInfo_Address>
	<main_stats>
		<Price>$79,000</Price>
		<Beds>—</Beds>
		<Baths>—</Baths>
		<Sq._Ft.>—</Sq._Ft.>
	</main_stats>
	<text_base_description>APN# 5216-017-003. Approx 5,717 SF lot. Zoning LAR1. Build your dream home with gorgeous city views!! Utilities nearby. Lot is downslope from Castleman (upslope from Darthmouth Ave), great building site in El Sereno! Lots like this don't last long in this market. Drive by and make an offer. Buyer to verify all information and rely on their own investigations. Sold AS IS  &amp;  WHERE IS. Lot is on the left side facing 5157 Darthmouth Ave.  </text_base_description>
	<listed_by>
		<name>Shawn S. Kormondy</name>
		<agentLicenseDisplay>•DRE #01451888</agentLicenseDisplay>
		<org>•DRE #01451888</org>
	</listed_by>
	<price_insights>
		<List_Price>$79,000</List_Price>
		<Est._Mo._Payment>$367</Est._Mo._Payment>
		<Redfin_Estimate>$65,093</Redfin_Estimate>
	</price_insights>
	<home_facts>
		<Status>Active</Status>
		<Time_on_Redfin>437 days</Time_on_Redfin>
		<Property_Type>Residential Land</Property_Type>
		<Community>El Sereno</Community>
		<Lot_Size>5,717 Sq. Ft.</Lot_Size>
		<key name="MLS#">19-490634</key>
	</home_facts>
	<property_details>
		<item>
			<item>Taxes / Assessments, Location Details, Documents &amp; Disclosures</item>
			<item>
				<item>
					<item>Assessment Information</item>
					<item>
						<item>Assessor Parcel Number: 5216-017-003</item>
					</item>
				</item>
				<item>
					<item>Location Information</item>
					<item>
						<item>Directions: On Castleman Ave between Belleglade Ave and Lombardy Blvd</item>
					</item>
				</item>
				<item>
					<item>Documents &amp; Disclosures</item>
					<item>
						<item>Disclosures: As Is, Owner Has R.E. License</item>
					</item>
				</item>
			</item>
		</item>
		<item>
			<item>Property / Lot Details</item>
			<item>
				<item>
					<item>Property Information</item>
					<item>
						<item>Property Type: Residential Land</item>
					</item>
				</item>
				<item>
					<item>Lot Information</item>
					<item>
						<item>Lot Size (Sq. Ft.): 5,717</item>
						<item>Zoning: LAR1</item>
						<item>Special Zoning: Property Report</item>
					</item>
				</item>
				<item>
					<item>Property Features</item>
					<item>
						<item>Has View</item>
						<item>View: City, City Lights</item>
					</item>
				</item>
			</item>
		</item>
	</property_details>
	<public_facts>
		<Beds>—</Beds>
		<Baths>—</Baths>
		<Finished_Sq._Ft.>—</Finished_Sq._Ft.>
		<Unfinished_Sq._Ft.>—</Unfinished_Sq._Ft.>
		<Total_Sq._Ft.>—</Total_Sq._Ft.>
		<Stories>—</Stories>
		<Lot_Size>—</Lot_Size>
		<Style>Vacant Land</Style>
		<Year_Built>—</Year_Built>
		<Year_Renovated>—</Year_Renovated>
		<County>Los Angeles County</County>
		<APN>—</APN>
	</public_facts>
</home>
