<?xml version="1.0" ?>
<home>
	<HomeInfo_Address>
		<street-address>6425 Soter Pkwy </street-address>
		<locality>Austin, </locality>
		<region>TX</region>
		<postal-code>78735</postal-code>
	</HomeInfo_Address>
	<main_stats>
		<Price>$3,799,000</Price>
		<Beds>5</Beds>
		<Baths>8</Baths>
		<key name="$432 / Sq. Ft.">8,791</key>
	</main_stats>
	<text_base_description>Gated home, with guest quarters off the pool and sport court. Savant app controls TV’s, lighting and music, work out room, 2 washer and dryer areas, 2 offices, in suite bathrooms and a dumbwaiter. Double island kitchen boasts 2 dishwashers, 2 refrigerators as well as a wine fridge and separate ice maker, 2 ovens with a separate steam oven and warming drawer and a professional cooktop. Updates include 2 tankless water heaters and 5 high efficiency HVAC units. Irrigated by private well water. 4 car garage. Guest Accommodations: Yes Restrictions: Yes </text_base_description>
	<listed_by>
		<name>Debbie Pruitt</name>
		<agentLicenseDisplay>•TREC #0621798</agentLicenseDisplay>
		<org>•TREC #0621798</org>
	</listed_by>
	<price_insights>
		<List_Price>$3,799,000</List_Price>
		<Est._Mo._Payment>$19,615</Est._Mo._Payment>
		<key name="Price/Sq.Ft.">$432</key>
	</price_insights>
	<home_facts>
		<Status>Active</Status>
		<Time_on_Redfin>96 days</Time_on_Redfin>
		<Property_Type>Residential, Single Family Residence</Property_Type>
		<Baths>6 full, 2 partial</Baths>
		<HOA_Dues>$92/month</HOA_Dues>
		<Year_Built>2005</Year_Built>
		<Community>Gaines Ranch Sub Ph 2</Community>
		<Lot_Size>3.27 Acres</Lot_Size>
		<key name="MLS#">6803528</key>
	</home_facts>
	<property_details>
		<item>
			<item>Virtual Tour, Multi-Unit Information, Homeowners Association, School / Neighborhood</item>
			<item>
				<item>
					<item>Virtual Tour</item>
					<item>
						<item>Virtual Tour Branded (External Link)</item>
						<item>Virtual Tour Unbranded(External Link)</item>
					</item>
				</item>
				<item>
					<item>Multi Unit Information</item>
					<item>
						<item>Pets Allowed: No</item>
					</item>
				</item>
				<item>
					<item>HOA Information</item>
					<item>
						<item>Has Home Owners Association</item>
						<item>Association Name: Covenant Estates</item>
						<item>Association Fee: $1,100</item>
						<item>Annually</item>
						<item>Association Fee Includes: Common Areas</item>
					</item>
				</item>
				<item>
					<item>School</item>
					<item>
						<item>Elementary School District: Austin ISD</item>
						<item>Middle Or Junior School District: Austin ISD</item>
						<item>High School District: Austin ISD</item>
						<item>Elementary School: Oak Hill</item>
						<item>Middle Or Junior School: O Henry,</item>
						<item>High School: Austin,</item>
					</item>
				</item>
			</item>
		</item>
		<item>
			<item>Interior Features</item>
			<item>
				<item>
					<item>Bedroom Information</item>
					<item>
						<item># of Main Level Bedrooms: 1</item>
					</item>
				</item>
				<item>
					<item>Bathroom Information</item>
					<item>
						<item># of Full Bathrooms: 6</item>
						<item># of Half Bathrooms: 2</item>
					</item>
				</item>
				<item>
					<item>Room 1 Information</item>
					<item>
						<item>Kitchen</item>
						<item>Features: Breakfast Bar, Breakfast Area, Granite Counters, Kitchen Island, Pantry</item>
					</item>
				</item>
				<item>
					<item>Room 2 Information</item>
					<item>
						<item>Master Bedroom</item>
						<item>Features: Walk-In Closet(s)</item>
						<item>Level: Main</item>
					</item>
				</item>
				<item>
					<item>Room 3 Information</item>
					<item>
						<item>Exercise Room</item>
					</item>
				</item>
				<item>
					<item>Room 4 Information</item>
					<item>
						<item>Storage Room</item>
					</item>
				</item>
				<item>
					<item>Room 5 Information</item>
					<item>
						<item>Workshop</item>
					</item>
				</item>
				<item>
					<item>Room 6 Information</item>
					<item>
						<item>Office</item>
					</item>
				</item>
				<item>
					<item>Room 7 Information</item>
					<item>
						<item>Game Room</item>
					</item>
				</item>
				<item>
					<item>Room 9 Information</item>
					<item>
						<item>Dining Room</item>
						<item>Features: Breakfast Area</item>
					</item>
				</item>
				<item>
					<item>Room 10 Information</item>
					<item>
						<item>Laundry</item>
						<item>Features: Laundry Chute</item>
						<item>Level: Main</item>
					</item>
				</item>
				<item>
					<item>Laundry Information</item>
					<item>
						<item>Features: Stacked</item>
					</item>
				</item>
				<item>
					<item>Fireplace Information</item>
					<item>
						<item>Has Fireplace</item>
						<item># of Fireplaces: 1</item>
						<item>Features: Family Room</item>
					</item>
				</item>
				<item>
					<item>Equipment</item>
					<item>
						<item>Appliances: Built-In Oven, Double Oven, Washer/Dryer Stacked, Dishwasher, Gas Cooktop, Disposal, Gas Water Heater, Microwave, Water Purifier Owned, Refrigerator, Tankless Water Heater</item>
					</item>
				</item>
				<item>
					<item>Interior Features</item>
					<item>
						<item>Unfurnished</item>
						<item>Flooring: Carpet, Stone, Wood</item>
						<item>Other Features: Beamed Ceilings, Wet Bar, Breakfast Bar, Book Cases, Open Beams/Beamed Ceailings, Separate/Formal Dining Room, Dumbwaiter, French Door(s)/Atrium Door(s), Multiple Living Areas, Main Level Master, Murphy Bed, Pantry, Recessed Lighting, Wired for Sound</item>
					</item>
				</item>
			</item>
		</item>
		<item>
			<item>Parking / Garage</item>
			<item>
				<item>
					<item>Garage/Carport Information</item>
					<item>
						<item>Has Garage</item>
						<item>Has Attached Garage</item>
						<item># of Garage Spaces: 4</item>
					</item>
				</item>
				<item>
					<item>Parking</item>
					<item>
						<item>Features: Attached, Garage, Garage Door Opener, Garage Faces Side</item>
						<item># of Covered Spaces: 4</item>
					</item>
				</item>
			</item>
		</item>
		<item>
			<item>Exterior Features</item>
			<item>
				<item>
					<item>Building Information</item>
					<item>
						<item>Roof Details: Tile</item>
						<item>Construction Details: Masonry</item>
						<item>Builder Name: Russell Eppright</item>
					</item>
				</item>
				<item>
					<item>Exterior Features</item>
					<item>
						<item>Exterior Features: Exterior Steps, Private Yard, Rain Gutters, Sport Court, Fire Pit, Outdoor Shower</item>
						<item>Patio And Porch Features: Covered, Patio, Porch</item>
						<item>Other Structures: Greenhouse, Outbuilding</item>
						<item>Security Features: Pre Wired, Security System Owned, Smoke Detector(s), Security Lights</item>
						<item>Fencing: Fenced, Masonry, Wrought Iron</item>
					</item>
				</item>
				<item>
					<item>Pool Information</item>
					<item>
						<item>Has Private Pool</item>
						<item>Pool Features: Cabana, Heated, Pool/Spa Combo, Waterfall</item>
						<item>Has Spa</item>
						<item>Spa Features: Hot Tub, In Ground</item>
					</item>
				</item>
			</item>
		</item>
		<item>
			<item>Utilities</item>
			<item>
				<item>
					<item>Utility Information</item>
					<item>
						<item>Utilities: Electricity Available, Natural Gas Available</item>
						<item>Sewer: Public Sewer</item>
						<item>Water Source: Public, Well</item>
					</item>
				</item>
				<item>
					<item>Heating &amp; Cooling</item>
					<item>
						<item>Has Cooling</item>
						<item>Cooling: Central Air</item>
						<item>Has Heating</item>
						<item>Heating: Central</item>
					</item>
				</item>
			</item>
		</item>
		<item>
			<item>Taxes / Assessments, Location Details</item>
			<item>
				<item>
					<item>Tax Information</item>
					<item>
						<item>Annual Amount: $40,137</item>
						<item>Tax Year: 2019</item>
					</item>
				</item>
				<item>
					<item>Community Information</item>
					<item>
						<item>Community Features: Community Mailbox</item>
					</item>
				</item>
			</item>
		</item>
		<item>
			<item>Property / Lot Details</item>
			<item>
				<item>
					<item>Lot Information</item>
					<item>
						<item>Lot Size Area: 3.27</item>
						<item>Lot Size Acres: 3.27</item>
						<item>Lot Features: Cul-De-Sac, Backs to Greenbelt/Park, Many Trees, Sprinklers Automatic, Sprinklers In Ground, Sprinklers Multiple Locations</item>
					</item>
				</item>
				<item>
					<item>Property Information</item>
					<item>
						<item>Has View</item>
						<item>Foundation Details: Slab</item>
						<item>Resale</item>
					</item>
				</item>
			</item>
		</item>
	</property_details>
	<public_facts>
		<Beds>—</Beds>
		<Baths>8</Baths>
		<Finished_Sq._Ft.>8,143</Finished_Sq._Ft.>
		<Unfinished_Sq._Ft.>—</Unfinished_Sq._Ft.>
		<Total_Sq._Ft.>8,143</Total_Sq._Ft.>
		<Stories>3</Stories>
		<Lot_Size>3.27 Acres</Lot_Size>
		<Style>Single Family Residential</Style>
		<Year_Built>2005</Year_Built>
		<Year_Renovated>—</Year_Renovated>
		<County>Travis County</County>
		<APN>563542</APN>
	</public_facts>
</home>
