<?xml version="1.0" ?>
<home>
	<HomeInfo_Address>
		<street-address>8700 Calera Dr </street-address>
		<locality>Austin, </locality>
		<region>TX</region>
		<postal-code>78735</postal-code>
	</HomeInfo_Address>
	<main_stats>
		<Price>$2,650,000</Price>
		<Beds>5</Beds>
		<Baths>6</Baths>
		<key name="$473 / Sq. Ft.">5,603</key>
	</main_stats>
	<text_base_description>This freshly remodeled home sits in the gated enclave of Calera in Barton Creek. The home features spacious rooms with abundant natural light, wood floors, beamed ceilings, extensive built-ins and more. The fantastic grounds include spacious covered patios, a resort style pool and open air casita with summer kitchen and full bathroom. In addition, the home comes with a property owner membership to Barton Creek Country Club. This property is not to be missed. FEMA - Unknown Guest Accommodations: Yes Restrictions: Yes  Sprinkler Sys:Yes </text_base_description>
	<listed_by>
		<name>Laura Gottesman</name>
		<agentLicenseDisplay>•TREC #0460370</agentLicenseDisplay>
		<org>•TREC #0460370</org>
	</listed_by>
	<price_insights>
		<List_Price>$2,650,000</List_Price>
		<Est._Mo._Payment>$14,238</Est._Mo._Payment>
		<key name="Price/Sq.Ft.">$473</key>
	</price_insights>
	<home_facts>
		<Status>Active</Status>
		<Time_on_Redfin>372 days</Time_on_Redfin>
		<Property_Type>Residential, Single Family Residence</Property_Type>
		<HOA_Dues>$227/month</HOA_Dues>
		<Year_Built>2007</Year_Built>
		<Community>Barton Creek Ph 02 Sec H</Community>
		<Lot_Size>0.85 Acres</Lot_Size>
		<key name="MLS#">9796922</key>
	</home_facts>
	<property_details>
		<item>
			<item>Virtual Tour, Multi-Unit Information, Homeowners Association, School / Neighborhood</item>
			<item>
				<item>
					<item>Virtual Tour</item>
					<item>
						<item>Virtual Tour Branded (External Link)</item>
					</item>
				</item>
				<item>
					<item>Multi Unit Information</item>
					<item>
						<item>Pets Allowed: No</item>
					</item>
				</item>
				<item>
					<item>HOA Information</item>
					<item>
						<item>Has Home Owners Association</item>
						<item>Association Name: Barton Creek</item>
						<item>Association Fee: $680</item>
						<item>Quarterly</item>
					</item>
				</item>
				<item>
					<item>School</item>
					<item>
						<item>Elementary School District: Austin ISD</item>
						<item>Middle Or Junior School District: Austin ISD</item>
						<item>High School District: Austin ISD</item>
						<item>Elementary School: Oak Hill</item>
						<item>Middle Or Junior School: O Henry,</item>
						<item>High School: Austin,</item>
					</item>
				</item>
			</item>
		</item>
		<item>
			<item>Interior Features</item>
			<item>
				<item>
					<item>Bedroom Information</item>
					<item>
						<item># of Main Level Bedrooms: 2</item>
					</item>
				</item>
				<item>
					<item>Bathroom Information</item>
					<item>
						<item># of Full Bathrooms: 6</item>
					</item>
				</item>
				<item>
					<item>Room 1 Information</item>
					<item>
						<item>Den</item>
					</item>
				</item>
				<item>
					<item>Room 2 Information</item>
					<item>
						<item>Master Bedroom</item>
						<item>Features: His and Hers Closets, See Remarks, Walk-In Closet(s)</item>
						<item>Level: Main</item>
					</item>
				</item>
				<item>
					<item>Room 3 Information</item>
					<item>
						<item>Office</item>
					</item>
				</item>
				<item>
					<item>Room 4 Information</item>
					<item>
						<item>Workshop</item>
					</item>
				</item>
				<item>
					<item>Room 5 Information</item>
					<item>
						<item>Kitchen</item>
						<item>Features: Breakfast Area, Granite Counters, Kitchen Island, Kitchen/Family Room Combo, Pantry</item>
					</item>
				</item>
				<item>
					<item>Room 6 Information</item>
					<item>
						<item>Foyer</item>
					</item>
				</item>
				<item>
					<item>Room 7 Information</item>
					<item>
						<item>Family Room</item>
					</item>
				</item>
				<item>
					<item>Room 8 Information</item>
					<item>
						<item>Dining Room</item>
						<item>Features: Breakfast Area</item>
					</item>
				</item>
				<item>
					<item>Room 9 Information</item>
					<item>
						<item>Laundry</item>
						<item>Level: Main</item>
					</item>
				</item>
				<item>
					<item>Room 10 Information</item>
					<item>
						<item>Master Bathroom</item>
						<item>Features: Double Vanity</item>
						<item>Level: Main</item>
					</item>
				</item>
				<item>
					<item>Fireplace Information</item>
					<item>
						<item>Has Fireplace</item>
						<item># of Fireplaces: 6</item>
						<item>Features: Family Room, Living Room, Master Bedroom, Outside</item>
					</item>
				</item>
				<item>
					<item>Equipment</item>
					<item>
						<item>Appliances: Built-In Oven, Cooktop, Double Oven, Dishwasher, Free-Standing Range, Disposal, Microwave, Refrigerator, Wine Refrigerator</item>
					</item>
				</item>
				<item>
					<item>Interior Features</item>
					<item>
						<item>Unfurnished</item>
						<item>Flooring: Carpet, Stone, Tile, Wood</item>
						<item>Other Features: Beamed Ceilings, Wet Bar, Book Cases, Open Beams/Beamed Ceailings, Crown Molding, Separate/Formal Dining Room, Entrance Foyer, High Ceilings, Interior Steps, Multiple Living Areas, Main Level Master, Pantry, Recessed Lighting, Walk-In Closet(s)</item>
					</item>
				</item>
			</item>
		</item>
		<item>
			<item>Parking / Garage</item>
			<item>
				<item>
					<item>Garage/Carport Information</item>
					<item>
						<item>Has Garage</item>
						<item>Has Attached Garage</item>
						<item># of Garage Spaces: 3</item>
					</item>
				</item>
				<item>
					<item>Parking</item>
					<item>
						<item>Features: Attached, Garage</item>
						<item># of Covered Spaces: 3</item>
					</item>
				</item>
			</item>
		</item>
		<item>
			<item>Exterior Features</item>
			<item>
				<item>
					<item>Building Information</item>
					<item>
						<item>Roof Details: Tile</item>
					</item>
				</item>
				<item>
					<item>Exterior Features</item>
					<item>
						<item>Exterior Features: Balcony, Barbecue, Exterior Steps, Private Yard</item>
						<item>Patio And Porch Features: Covered, Patio, Balcony</item>
						<item>Other Structures: Cabana</item>
						<item>Security Features: Security System Owned, Controlled Access</item>
						<item>Fencing: Fenced, Wrought Iron</item>
					</item>
				</item>
				<item>
					<item>Pool Information</item>
					<item>
						<item>Has Private Pool</item>
						<item>Pool Features: In Ground, Pool/Spa Combo, Waterfall</item>
						<item>Has Spa</item>
						<item>Spa Features: Hot Tub, In Ground</item>
					</item>
				</item>
			</item>
		</item>
		<item>
			<item>Utilities</item>
			<item>
				<item>
					<item>Utility Information</item>
					<item>
						<item>Utilities: Electricity Available, Natural Gas Available, Phone Available</item>
						<item>Sewer: Public Sewer</item>
						<item>Water Source: Public</item>
					</item>
				</item>
				<item>
					<item>Heating &amp; Cooling</item>
					<item>
						<item>Has Cooling</item>
						<item>Cooling: Central Air</item>
						<item>Has Heating</item>
						<item>Heating: Central, Natural Gas</item>
					</item>
				</item>
			</item>
		</item>
		<item>
			<item>Taxes / Assessments, Location Details</item>
			<item>
				<item>
					<item>Tax Information</item>
					<item>
						<item>Annual Amount: $34,525</item>
						<item>Tax Year: 2019</item>
					</item>
				</item>
				<item>
					<item>Community Information</item>
					<item>
						<item>Community Features: Gated, Curbs</item>
					</item>
				</item>
			</item>
		</item>
		<item>
			<item>Property / Lot Details</item>
			<item>
				<item>
					<item>Lot Information</item>
					<item>
						<item>Lot Size Area: 0.85</item>
						<item>Lot Size Acres: 0.85</item>
						<item>Lot Features: Sloped Down, Sprinklers Multiple Locations, Trees Medium Size</item>
					</item>
				</item>
				<item>
					<item>Property Information</item>
					<item>
						<item>Direction Faces: Southeast</item>
						<item>Foundation Details: Slab</item>
						<item>Resale</item>
					</item>
				</item>
			</item>
		</item>
	</property_details>
	<public_facts>
		<Beds>—</Beds>
		<Baths>6</Baths>
		<Finished_Sq._Ft.>6,083</Finished_Sq._Ft.>
		<Unfinished_Sq._Ft.>—</Unfinished_Sq._Ft.>
		<Total_Sq._Ft.>6,083</Total_Sq._Ft.>
		<Stories>2</Stories>
		<Lot_Size>0.85 Acres</Lot_Size>
		<Style>Single Family Residential</Style>
		<Year_Built>2007</Year_Built>
		<Year_Renovated>—</Year_Renovated>
		<County>Travis County</County>
		<APN>713485</APN>
	</public_facts>
</home>
