<?xml version="1.0" ?>
<home>
	<HomeInfo_Address>
		<street-address>5717 Walser Cv </street-address>
		<locality>Austin, </locality>
		<region>TX</region>
		<postal-code>78735</postal-code>
	</HomeInfo_Address>
	<main_stats>
		<Price>$675,000</Price>
		<Beds>4</Beds>
		<Baths>3.5</Baths>
		<key name="$217 / Sq. Ft.">3,114</key>
	</main_stats>
	<text_base_description>Stunning home in Southwest Austin! A true entertainer's dream as it is perfect for either indoor/outdoor entertaining. You will first be impressed by the home's curb appeal w/ its brick exterior  &amp;  sweet front porch. Inside will leave you in awe as you are welcomed by an open floorplan that boasts a large living room w/ soaring ceilings, an abundance of natural light from the several windows throughout, &amp;  stunning wood floors. The beautifully updated kitchen will inspire any chef  &amp;  features all new SS appls, cabinetry galore, &amp;  a large granite center island. Formal dining room  &amp;  dedicated office downstairs. Unwind in your private, downstairs primary suite that has a lavish  &amp;  spa-like en-suite bath w/ double vanity, relaxing soak tub, &amp;  a HUGE walk-in shower with two shower-heads. Three spacious secondary bedrooms  &amp;  a HUGE game room upstairs! Fabulous covered outdoor living w/ a fireplace  &amp;  built-in grill is sure to please while you are lounging back or hosting grill n' chill weekends! </text_base_description>
	<listed_by>
		<name>Janet White</name>
		<agentLicenseDisplay>•TREC #0682788</agentLicenseDisplay>
		<org>•TREC #0682788</org>
	</listed_by>
	<price_insights>
		<List_Price>$675,000</List_Price>
		<Est._Mo._Payment>$3,708</Est._Mo._Payment>
		<key name="Price/Sq.Ft.">$217</key>
	</price_insights>
	<home_facts>
		<Status>Active</Status>
		<Time_on_Redfin>41 minutes</Time_on_Redfin>
		<Property_Type>Residential, Single Family Residence</Property_Type>
		<HOA_Dues>$25/month</HOA_Dues>
		<Year_Built>2007</Year_Built>
		<Community>Lantana</Community>
		<Lot_Size>9,496 Sq. Ft.</Lot_Size>
		<key name="MLS#">8839942</key>
	</home_facts>
	<property_details>
		<item>
			<item>Interior Features</item>
			<item>
				<item>
					<item>Bedroom Information</item>
					<item>
						<item># of Main Level Bedrooms: 1</item>
					</item>
				</item>
				<item>
					<item>Bathroom Information</item>
					<item>
						<item># of Full Bathrooms: 3</item>
						<item># of Half Bathrooms: 1</item>
					</item>
				</item>
				<item>
					<item>Room 1 Information</item>
					<item>
						<item>Game Room</item>
						<item>Features: High Ceilings</item>
						<item>Level: Second</item>
					</item>
				</item>
				<item>
					<item>Room 2 Information</item>
					<item>
						<item>Office</item>
						<item>Features: High Ceilings</item>
						<item>Level: Main</item>
					</item>
				</item>
				<item>
					<item>Room 3 Information</item>
					<item>
						<item>Dining Room</item>
						<item>Features: High Ceilings</item>
						<item>Level: Main</item>
					</item>
				</item>
				<item>
					<item>Room 4 Information</item>
					<item>
						<item>Master Bathroom</item>
						<item>Features: Double Vanity, High Ceilings, Recessed Lighting, Soaking Tub, Walk-In Closet(s)</item>
						<item>Level: Main</item>
					</item>
				</item>
				<item>
					<item>Room 5 Information</item>
					<item>
						<item>Master Bedroom</item>
						<item>Features: High Ceilings</item>
						<item>Level: Main</item>
					</item>
				</item>
				<item>
					<item>Room 6 Information</item>
					<item>
						<item>Kitchen</item>
						<item>Features: Breakfast Bar, Breakfast Area, Eat-in Kitchen, Granite Counters, High Ceilings, Kitchen Island, Kitchen/Family Room Combo, Recessed Lighting</item>
						<item>Level: Main</item>
					</item>
				</item>
				<item>
					<item>Room 7 Information</item>
					<item>
						<item>Living Room</item>
						<item>Features: High Ceilings, Vaulted Ceiling(s)</item>
						<item>Level: Main</item>
					</item>
				</item>
				<item>
					<item>Fireplace Information</item>
					<item>
						<item>Has Fireplace</item>
						<item># of Fireplaces: 2</item>
						<item>Features: Gas Log, Living Room, Outside</item>
					</item>
				</item>
				<item>
					<item>Equipment</item>
					<item>
						<item>Appliances: Built-In Oven, Double Oven, Dishwasher, Electric Water Heater, Gas Cooktop, Disposal, Microwave, Stainless Steel Appliance(s)</item>
					</item>
				</item>
				<item>
					<item>Interior Features</item>
					<item>
						<item>Flooring: Carpet, Tile, Wood</item>
						<item>Other Features: Breakfast Bar, Crown Molding, Separate/Formal Dining Room, Entrance Foyer, Eat-in Kitchen, French Door(s)/Atrium Door(s), High Ceilings, Interior Steps, Kitchen Island, Multiple Living Areas, Main Level Master, Open Floorplan, Recessed Lighting, Soaking Tub, Vaulted Ceiling(s), Walk-In Closet(s)</item>
					</item>
				</item>
			</item>
		</item>
		<item>
			<item>Parking / Garage</item>
			<item>
				<item>
					<item>Garage/Carport Information</item>
					<item>
						<item>Has Garage</item>
						<item>Has Attached Garage</item>
						<item># of Garage Spaces: 2</item>
					</item>
				</item>
				<item>
					<item>Parking</item>
					<item>
						<item>Features: Attached, Garage Faces Front, Garage, One Car Garage, Garage Door Opener</item>
						<item># of Parking (Total): 4</item>
						<item># of Covered Spaces: 2</item>
					</item>
				</item>
			</item>
		</item>
		<item>
			<item>Exterior Features</item>
			<item>
				<item>
					<item>Building Information</item>
					<item>
						<item>Year Built Source: Public Records</item>
						<item>Roof Details: Shingle</item>
						<item>Construction Details: Brick, Frame, Stucco</item>
					</item>
				</item>
				<item>
					<item>Exterior Features</item>
					<item>
						<item>Exterior Features: Barbecue, Exterior Steps, Outdoor Grill, Private Yard</item>
						<item>Patio And Porch Features: Covered, Front Porch, Patio</item>
						<item>Security Features: Security System Owned, Smoke Detector(s)</item>
						<item>Fencing: Back Yard, Fenced, Privacy, Wood</item>
					</item>
				</item>
			</item>
		</item>
		<item>
			<item>Homeowners Association, School / Neighborhood, Location Details</item>
			<item>
				<item>
					<item>HOA Information</item>
					<item>
						<item>Has Home Owners Association</item>
						<item>Association Name: Lantana</item>
						<item>Association Fee: $75</item>
						<item>Quarterly</item>
						<item>Association Fee Includes: Common Areas</item>
					</item>
				</item>
				<item>
					<item>School</item>
					<item>
						<item>Elementary School District: Austin ISD</item>
						<item>Middle Or Junior School District: Austin ISD</item>
						<item>High School District: Austin ISD</item>
						<item>Elementary School: Oak Hill</item>
						<item>Middle Or Junior School: Small,</item>
						<item>High School: Austin,</item>
					</item>
				</item>
				<item>
					<item>Community Information</item>
					<item>
						<item>Community Features: Common Grounds/Area, Trails/Paths</item>
					</item>
				</item>
			</item>
		</item>
		<item>
			<item>Utilities</item>
			<item>
				<item>
					<item>Utility Information</item>
					<item>
						<item>Utilities: Natural Gas Available</item>
						<item>Sewer: Public Sewer</item>
						<item>Water Source: Public</item>
					</item>
				</item>
				<item>
					<item>Heating &amp; Cooling</item>
					<item>
						<item>Has Cooling</item>
						<item>Cooling: Central Air</item>
						<item>Has Heating</item>
						<item>Heating: Central</item>
					</item>
				</item>
			</item>
		</item>
		<item>
			<item>Taxes / Assessments</item>
			<item>
				<item>
					<item>Assessment</item>
					<item>
						<item>Assessed Value: $9,806</item>
					</item>
				</item>
				<item>
					<item>Tax Information</item>
					<item>
						<item>Annual Amount: $9,806</item>
						<item>Tax Year: 2018</item>
					</item>
				</item>
			</item>
		</item>
		<item>
			<item>Property / Lot Details</item>
			<item>
				<item>
					<item>Lot Information</item>
					<item>
						<item>Lot Size Area: 0.22</item>
						<item>Lot Size Acres: 0.22</item>
						<item>Lot Features: Cul-De-Sac, Level, Sprinklers Automatic, Trees Large Size, Trees Medium Size</item>
					</item>
				</item>
				<item>
					<item>Property Information</item>
					<item>
						<item>Direction Faces: West</item>
						<item>Foundation Details: Slab</item>
						<item>Resale</item>
					</item>
				</item>
			</item>
		</item>
	</property_details>
	<public_facts>
		<Beds>—</Beds>
		<Baths>4</Baths>
		<Finished_Sq._Ft.>3,114</Finished_Sq._Ft.>
		<Unfinished_Sq._Ft.>—</Unfinished_Sq._Ft.>
		<Total_Sq._Ft.>3,114</Total_Sq._Ft.>
		<Stories>2</Stories>
		<Lot_Size>9,487 Sq. Ft.</Lot_Size>
		<Style>Single Family Residential</Style>
		<Year_Built>2007</Year_Built>
		<Year_Renovated>—</Year_Renovated>
		<County>Travis County</County>
		<APN>714971</APN>
	</public_facts>
</home>
