<?xml version="1.0" ?>
<home>
	<HomeInfo_Address>
		<street-address>7800 Southwest Pkwy #1611 </street-address>
		<locality>Austin, </locality>
		<region>TX</region>
		<postal-code>78735</postal-code>
	</HomeInfo_Address>
	<main_stats>
		<Price>$474,900</Price>
		<Beds>2</Beds>
		<Baths>2.5</Baths>
		<key name="$240 / Sq. Ft.">1,975</key>
	</main_stats>
	<text_base_description>Little turnover in this gated community conveniently located on SW Parkway. This condo offers a pleasant location within the community--lots of green space out the front and back doors; covered patio; spacious rooms; recently painted cabinets. Appealing layout with a large Family Room downstairs and a flexible space upstairs that can be used as a study/office area or another living area. Master Suite offers fantastic views and a bathroom with a jetted tub, separate shower, double vanity, large closet. Restrictions: Yes </text_base_description>
	<listed_by>
		<name>Vince Martinez</name>
		<agentLicenseDisplay>•TREC #0437898</agentLicenseDisplay>
		<org>•TREC #0437898</org>
	</listed_by>
	<price_insights>
		<List_Price>$474,900</List_Price>
		<Est._Mo._Payment>$2,827</Est._Mo._Payment>
		<key name="Price/Sq.Ft.">$240</key>
	</price_insights>
	<home_facts>
		<Status>Active</Status>
		<Time_on_Redfin>135 days</Time_on_Redfin>
		<Property_Type>Residential, Condominium</Property_Type>
		<HOA_Dues>$404/month</HOA_Dues>
		<Year_Built>2008</Year_Built>
		<Community>Escondera Condo Amd</Community>
		<Lot_Size>0.33 Acres</Lot_Size>
		<key name="MLS#">6425086</key>
	</home_facts>
	<property_details>
		<item>
			<item>Virtual Tour, Multi-Unit Information, Homeowners Association, School / Neighborhood</item>
			<item>
				<item>
					<item>Virtual Tour</item>
					<item>
						<item>Virtual Tour Branded (External Link)</item>
						<item>Virtual Tour Unbranded(External Link)</item>
					</item>
				</item>
				<item>
					<item>Multi Unit Information</item>
					<item>
						<item>Pets Allowed: No</item>
					</item>
				</item>
				<item>
					<item>HOA Information</item>
					<item>
						<item>Has Home Owners Association</item>
						<item>Association Name: Escondera HOA</item>
						<item>Association Fee: $404</item>
						<item>Monthly</item>
						<item>Association Fee Includes: Common Areas, Maintenance Grounds, Maintenance Structure</item>
					</item>
				</item>
				<item>
					<item>School</item>
					<item>
						<item>Elementary School District: Austin ISD</item>
						<item>Middle Or Junior School District: Austin ISD</item>
						<item>High School District: Austin ISD</item>
						<item>Elementary School: Oak Hill</item>
						<item>Middle Or Junior School: O Henry,</item>
						<item>High School: Austin,</item>
					</item>
				</item>
			</item>
		</item>
		<item>
			<item>Interior Features</item>
			<item>
				<item>
					<item>Bathroom Information</item>
					<item>
						<item># of Full Bathrooms: 2</item>
						<item># of Half Bathrooms: 1</item>
					</item>
				</item>
				<item>
					<item>Room 1 Information</item>
					<item>
						<item>Foyer</item>
					</item>
				</item>
				<item>
					<item>Room 2 Information</item>
					<item>
						<item>Kitchen</item>
						<item>Features: Breakfast Bar, Galley Kitchen, Granite Counters, Kitchen/Family Room Combo</item>
					</item>
				</item>
				<item>
					<item>Room 3 Information</item>
					<item>
						<item>Dining Room</item>
					</item>
				</item>
				<item>
					<item>Room 4 Information</item>
					<item>
						<item>Master Bathroom</item>
						<item>Features: Double Vanity, Garden Tub/Roman Tub, Jetted Tub, Separate Shower</item>
					</item>
				</item>
				<item>
					<item>Room 5 Information</item>
					<item>
						<item>Loft</item>
					</item>
				</item>
				<item>
					<item>Room 6 Information</item>
					<item>
						<item>Family Room</item>
					</item>
				</item>
				<item>
					<item>Room 7 Information</item>
					<item>
						<item>Workshop</item>
						<item>Features: Walk-In Closet(s)</item>
					</item>
				</item>
				<item>
					<item>Room 8 Information</item>
					<item>
						<item>Laundry</item>
						<item>Level: Main</item>
					</item>
				</item>
				<item>
					<item>Equipment</item>
					<item>
						<item>Appliances: Built-In Oven, Convection Oven, Dishwasher, Exhaust Fan, Gas Cooktop, Disposal, Gas Water Heater, Microwave, Self Cleaning Oven, Stainless Steel Appliance(s)</item>
					</item>
				</item>
				<item>
					<item>Interior Features</item>
					<item>
						<item>Unfurnished</item>
						<item>Flooring: Carpet, Tile</item>
						<item>Other Features: Breakfast Bar, Crown Molding, Double Vanity, Entrance Foyer, High Ceilings, Multiple Master Suites, Murphy Bed, Pantry, Recessed Lighting, Walk-In Closet(s), Wired for Sound</item>
					</item>
				</item>
			</item>
		</item>
		<item>
			<item>Parking / Garage</item>
			<item>
				<item>
					<item>Garage/Carport Information</item>
					<item>
						<item>Has Garage</item>
						<item>Has Attached Garage</item>
						<item># of Garage Spaces: 2</item>
					</item>
				</item>
				<item>
					<item>Parking</item>
					<item>
						<item>Features: Attached, Garage, Garage Door Opener</item>
						<item># of Covered Spaces: 2</item>
					</item>
				</item>
			</item>
		</item>
		<item>
			<item>Exterior Features</item>
			<item>
				<item>
					<item>Building Information</item>
					<item>
						<item>Roof Details: Tile</item>
						<item>Construction Details: Stone Veneer, Stucco</item>
					</item>
				</item>
				<item>
					<item>Exterior Features</item>
					<item>
						<item>Exterior Features: Private Yard, Rain Gutters</item>
						<item>Patio And Porch Features: Covered, Patio, Porch</item>
						<item>Security Features: Pre Wired, Fire Alarm, Smoke Detector(s), Security Lights</item>
					</item>
				</item>
				<item>
					<item>Pool Information</item>
					<item>
						<item>Pool Features: Community</item>
					</item>
				</item>
			</item>
		</item>
		<item>
			<item>Utilities</item>
			<item>
				<item>
					<item>Utility Information</item>
					<item>
						<item>Utilities: Electricity Available, Natural Gas Available, Underground Utilities</item>
						<item>Sewer: Public Sewer</item>
						<item>Water Source: Public</item>
					</item>
				</item>
				<item>
					<item>Heating &amp; Cooling</item>
					<item>
						<item>Has Cooling</item>
						<item>Cooling: Central Air</item>
						<item>Has Heating</item>
						<item>Heating: Central, Natural Gas</item>
					</item>
				</item>
			</item>
		</item>
		<item>
			<item>Taxes / Assessments, Location Details</item>
			<item>
				<item>
					<item>Tax Information</item>
					<item>
						<item>Annual Amount: $9,512</item>
						<item>Tax Year: 2019</item>
					</item>
				</item>
				<item>
					<item>Community Information</item>
					<item>
						<item>Community Features: Common Grounds/Area, Community Mailbox, Gated, Pet Amenities, Pool, Sidewalks, Trails/Paths, Curbs</item>
					</item>
				</item>
			</item>
		</item>
		<item>
			<item>Property / Lot Details</item>
			<item>
				<item>
					<item>Lot Information</item>
					<item>
						<item>Lot Size Area: 0.33</item>
						<item>Lot Size Acres: 0.33</item>
						<item>Lot Features: Backs to Greenbelt/Park, Private, Many Trees, Sprinklers Automatic, Sprinklers Multiple Locations</item>
					</item>
				</item>
				<item>
					<item>Property Information</item>
					<item>
						<item>Has View</item>
						<item>Foundation Details: Slab</item>
						<item>Resale</item>
					</item>
				</item>
			</item>
		</item>
	</property_details>
	<public_facts>
		<Beds>—</Beds>
		<Baths>3</Baths>
		<Finished_Sq._Ft.>1,975</Finished_Sq._Ft.>
		<Unfinished_Sq._Ft.>—</Unfinished_Sq._Ft.>
		<Total_Sq._Ft.>1,975</Total_Sq._Ft.>
		<Stories>2</Stories>
		<Lot_Size>—</Lot_Size>
		<Style>Condo/Co-op</Style>
		<Year_Built>2008</Year_Built>
		<Year_Renovated>—</Year_Renovated>
		<County>Travis County</County>
		<APN>749069</APN>
	</public_facts>
</home>
