<?xml version="1.0" ?>
<home>
	<HomeInfo_Address>
		<street-address>8500 Navidad Dr </street-address>
		<locality>Austin, </locality>
		<region>TX</region>
		<postal-code>78735</postal-code>
	</HomeInfo_Address>
	<main_stats>
		<Price>$2,125,000</Price>
		<Beds>5</Beds>
		<Baths>8</Baths>
		<key name="$256 / Sq. Ft.">8,299</key>
	</main_stats>
	<text_base_description>Custom estate built by Bailey Homes backing to Foothills golf course in Barton Creek. Perfect for entertaining w/ outdoor living, grill, playscape, &amp;  pool. Expansive primary suite has sitting rm w/ fireplace, exercise rm, sauna, steam shower  &amp;  lrge walk-in closet. Home also features 3 bedrms w/ en-suite baths, game rm, guest quarters w/ kitchenette, dual studies, &amp;  billiard rm w/ wet bar. The gourmet kitchen has stainless appliances, center island, &amp;  lrge pantry and opens to family room overlooking backyard/pool. Guest Accommodations: Yes Restrictions: Yes  Sprinkler Sys:Yes </text_base_description>
	<listed_by>
		<name>Kathryn Scarborough</name>
		<agentLicenseDisplay>•TREC #0483433</agentLicenseDisplay>
		<org>•TREC #0483433</org>
	</listed_by>
	<price_insights>
		<List_Price>$2,125,000</List_Price>
		<Est._Mo._Payment>$12,546</Est._Mo._Payment>
		<key name="Price/Sq.Ft.">$256</key>
	</price_insights>
	<home_facts>
		<Status>Active</Status>
		<Time_on_Redfin>34 days</Time_on_Redfin>
		<Property_Type>Residential, Single Family Residence</Property_Type>
		<Baths>5 full, 3 partial</Baths>
		<HOA_Dues>$132/month</HOA_Dues>
		<Year_Built>1996</Year_Built>
		<Community>Barton Creek Sec G Ph 01</Community>
		<Lot_Size>1.03 Acres</Lot_Size>
		<key name="MLS#">1187142</key>
	</home_facts>
	<property_details>
		<item>
			<item>Virtual Tour, Multi-Unit Information, Homeowners Association, School / Neighborhood</item>
			<item>
				<item>
					<item>Virtual Tour</item>
					<item>
						<item>Virtual Tour Branded (External Link)</item>
						<item>Virtual Tour Unbranded(External Link)</item>
					</item>
				</item>
				<item>
					<item>Multi Unit Information</item>
					<item>
						<item>Pets Allowed: No</item>
					</item>
				</item>
				<item>
					<item>HOA Information</item>
					<item>
						<item>Has Home Owners Association</item>
						<item>Association Name: WOODS I/BCNPOA</item>
						<item>Association Fee: $395</item>
						<item>Quarterly</item>
						<item>Association Fee Includes: Common Areas</item>
					</item>
				</item>
				<item>
					<item>School</item>
					<item>
						<item>Elementary School District: Austin ISD</item>
						<item>Middle Or Junior School District: Austin ISD</item>
						<item>High School District: Austin ISD</item>
						<item>Elementary School: Oak Hill</item>
						<item>Middle Or Junior School: O Henry,</item>
						<item>High School: Austin,</item>
					</item>
				</item>
			</item>
		</item>
		<item>
			<item>Interior Features</item>
			<item>
				<item>
					<item>Bedroom Information</item>
					<item>
						<item># of Main Level Bedrooms: 1</item>
					</item>
				</item>
				<item>
					<item>Bathroom Information</item>
					<item>
						<item># of Full Bathrooms: 5</item>
						<item># of Half Bathrooms: 3</item>
					</item>
				</item>
				<item>
					<item>Room 1 Information</item>
					<item>
						<item>Library</item>
					</item>
				</item>
				<item>
					<item>Room 2 Information</item>
					<item>
						<item>Foyer</item>
					</item>
				</item>
				<item>
					<item>Room 3 Information</item>
					<item>
						<item>Family Room</item>
					</item>
				</item>
				<item>
					<item>Room 4 Information</item>
					<item>
						<item>Exercise Room</item>
					</item>
				</item>
				<item>
					<item>Room 5 Information</item>
					<item>
						<item>Kitchen</item>
						<item>Features: Breakfast Bar, Breakfast Area, Granite Counters, Kitchen Island, Kitchen/Family Room Combo, Pantry</item>
					</item>
				</item>
				<item>
					<item>Room 6 Information</item>
					<item>
						<item>Workshop</item>
						<item>Features: See Remarks</item>
					</item>
				</item>
				<item>
					<item>Room 7 Information</item>
					<item>
						<item>Game Room</item>
					</item>
				</item>
				<item>
					<item>Room 8 Information</item>
					<item>
						<item>Dining Room</item>
						<item>Features: Breakfast Area</item>
					</item>
				</item>
				<item>
					<item>Room 9 Information</item>
					<item>
						<item>Laundry</item>
						<item>Level: Main</item>
					</item>
				</item>
				<item>
					<item>Fireplace Information</item>
					<item>
						<item>Has Fireplace</item>
						<item># of Fireplaces: 3</item>
						<item>Features: Bath, Family Room, Living Room, Master Bedroom</item>
					</item>
				</item>
				<item>
					<item>Equipment</item>
					<item>
						<item>Appliances: Built-In Oven, Double Oven, Dishwasher, Gas Cooktop, Disposal, Gas Water Heater, Microwave, Refrigerator, Self Cleaning Oven, Trash Compactor, Wine Refrigerator</item>
					</item>
				</item>
				<item>
					<item>Interior Features</item>
					<item>
						<item>Unfurnished</item>
						<item>Flooring: Carpet, Stone, Wood</item>
						<item>Other Features: Wet Bar, Breakfast Bar, Book Cases, Built-in Features, Crown Molding, Separate/Formal Dining Room, Entrance Foyer, High Ceilings, In-Law Floorplan, Interior Steps, Multiple Living Areas, Main Level Master, Pantry, Vaulted Ceiling(s), Walk-In Closet(s), Wired for Sound</item>
					</item>
				</item>
			</item>
		</item>
		<item>
			<item>Parking / Garage</item>
			<item>
				<item>
					<item>Garage/Carport Information</item>
					<item>
						<item>Has Garage</item>
						<item>Has Attached Garage</item>
						<item># of Garage Spaces: 3</item>
					</item>
				</item>
				<item>
					<item>Parking</item>
					<item>
						<item>Features: Attached, Garage, Garage Faces Side</item>
						<item># of Covered Spaces: 3</item>
					</item>
				</item>
			</item>
		</item>
		<item>
			<item>Exterior Features</item>
			<item>
				<item>
					<item>Building Information</item>
					<item>
						<item>Roof Details: Tile</item>
						<item>Construction Details: Stone Veneer, Stucco</item>
						<item>Builder Name: Brian Bailey</item>
					</item>
				</item>
				<item>
					<item>Exterior Features</item>
					<item>
						<item>Exterior Features: Private Yard, Rain Gutters, Barbecue</item>
						<item>Patio And Porch Features: Covered, Patio</item>
						<item>Security Features: Smoke Detector(s)</item>
						<item>Fencing: Fenced, Wrought Iron</item>
					</item>
				</item>
				<item>
					<item>Pool Information</item>
					<item>
						<item>Has Private Pool</item>
						<item>Pool Features: In Ground, Pool/Spa Combo, Community</item>
						<item>Has Spa</item>
						<item>Spa Features: Hot Tub, In Ground</item>
					</item>
				</item>
			</item>
		</item>
		<item>
			<item>Utilities</item>
			<item>
				<item>
					<item>Utility Information</item>
					<item>
						<item>Utilities: Electricity Available, Natural Gas Available, Phone Connected</item>
						<item>Sewer: Public Sewer</item>
						<item>Water Source: Public</item>
					</item>
				</item>
				<item>
					<item>Heating &amp; Cooling</item>
					<item>
						<item>Has Cooling</item>
						<item>Cooling: Central Air</item>
						<item>Has Heating</item>
						<item>Heating: Central</item>
					</item>
				</item>
			</item>
		</item>
		<item>
			<item>Taxes / Assessments, Location Details</item>
			<item>
				<item>
					<item>Tax Information</item>
					<item>
						<item>Annual Amount: $41,232</item>
						<item>Tax Year: 2019</item>
					</item>
				</item>
				<item>
					<item>Community Information</item>
					<item>
						<item>Community Features: Common Grounds/Area, Clubhouse, Community Mailbox, Fitness Center, Golf, Gated, Playground, Pool, Sauna, Sidewalks, Tennis Courts</item>
					</item>
				</item>
			</item>
		</item>
		<item>
			<item>Property / Lot Details</item>
			<item>
				<item>
					<item>Lot Information</item>
					<item>
						<item>Lot Size Area: 1.03</item>
						<item>Lot Size Acres: 1.03</item>
						<item>Lot Features: Near Golf Course, Level, Moderate Trees, Sprinklers Automatic, Sprinklers Multiple Locations, Trees Large Size, Trees Small Size</item>
					</item>
				</item>
				<item>
					<item>Property Information</item>
					<item>
						<item>Has View</item>
						<item>Foundation Details: Slab</item>
						<item>Resale</item>
					</item>
				</item>
			</item>
		</item>
	</property_details>
	<public_facts>
		<Beds>—</Beds>
		<Baths>7</Baths>
		<Finished_Sq._Ft.>7,926</Finished_Sq._Ft.>
		<Unfinished_Sq._Ft.>—</Unfinished_Sq._Ft.>
		<Total_Sq._Ft.>7,926</Total_Sq._Ft.>
		<Stories>2</Stories>
		<Lot_Size>1.03 Acres</Lot_Size>
		<Style>Single Family Residential</Style>
		<Year_Built>1996</Year_Built>
		<Year_Renovated>—</Year_Renovated>
		<County>Travis County</County>
		<APN>359754</APN>
	</public_facts>
</home>
