<?xml version="1.0" ?>
<home>
	<HomeInfo_Address>
		<street-address>8106 Chalk Knoll Dr </street-address>
		<locality>Austin, </locality>
		<region>TX</region>
		<postal-code>78735</postal-code>
	</HomeInfo_Address>
	<main_stats>
		<Price>$7,800,000</Price>
		<Beds>7</Beds>
		<Baths>11</Baths>
		<key name="$562 / Sq. Ft.">13,886</key>
	</main_stats>
	<text_base_description>Built from cream and gray Texas Hill Country limestone in the style of a European mansion house and set in the sunny hills of Barton Creek with views over the OMNI hotel and country club at the rear, while the front garden offers privacy from the road and features many trees, a stocked carp pond and fountain and a small boules or pétanque piste that leads down to the third hole of Fazio Hills golf course. Floors are 3/4&quot; solid mahogany throughout except the second kitchen, bathrooms and laundry. Windows and doors all from Andersen except the purpose-built, castle-style wrought front doors. At the rear, the pool deck and entertainment area is built from Mexican marble and limestone, with the well-fed pool 9' at the deepest with a waterspout feature and a separate large spa. The deck is sealed by gates and is finished off with a shaded lounging area above it and a full sized sunken boules piste with a music system and small bar  &amp;  grill. The outdoor space continues below the pool deck to a relatively flat area that opens out to the third hole of the Fazio Hills golf course, so close, a quick hole or two in the morning or evening is not out of the question. The land is large enough for a tennis court to be built, or sports hall, bunkhouse etc due to the lifting of a building-line restriction a few years ago. It then flows down fairly steeply to a small dry creek that is the property boundary. Lots of wild life  and lost golf balls. The first floors of the house are covered with oriental rugs and traditional-to-modern furniture, mostly sourced from eg Louis Shanks. The main kitchen is a recent addition fitted with an oversize sink, two dishwashers, a hidden sink and appliances from Miele and Thermador. It moves through to a mirrored dining area that itself gives way to a full wet bar, True ice-maker, wine fridges, beer fridges and seating for 18 or so. There is a whole-house music system and an additional Sonos system in Library, Bar, Kitchen and lounge.  </text_base_description>
	<listed_by>
		<name>Julie Mack</name>
		<agentLicenseDisplay>•TREC #0541793</agentLicenseDisplay>
		<org>•TREC #0541793</org>
	</listed_by>
	<price_insights>
		<List_Price>$7,800,000</List_Price>
		<Est._Mo._Payment>$43,150</Est._Mo._Payment>
		<key name="Price/Sq.Ft.">$562</key>
	</price_insights>
	<home_facts>
		<Status>Active</Status>
		<Time_on_Redfin>383 days</Time_on_Redfin>
		<Property_Type>Residential, Single Family Residence</Property_Type>
		<Baths>9 full, 2 partial</Baths>
		<HOA_Dues>$693/month</HOA_Dues>
		<Year_Built>1999</Year_Built>
		<Community>Barton Creek Sec G Ph 02</Community>
		<Lot_Size>3.89 Acres</Lot_Size>
		<key name="MLS#">7362318</key>
	</home_facts>
	<property_details>
		<item>
			<item>Virtual Tour, Multi-Unit Information, Homeowners Association, School / Neighborhood</item>
			<item>
				<item>
					<item>Virtual Tour</item>
					<item>
						<item>Virtual Tour Branded (External Link)</item>
						<item>Virtual Tour Unbranded(External Link)</item>
					</item>
				</item>
				<item>
					<item>Multi Unit Information</item>
					<item>
						<item>Pets Allowed: No</item>
					</item>
				</item>
				<item>
					<item>HOA Information</item>
					<item>
						<item>Has Home Owners Association</item>
						<item>Association Name: BARTON CREEK NORTH</item>
						<item>Association Fee: $2,080</item>
						<item>Quarterly</item>
						<item>Association Fee Includes: Common Areas, Insurance</item>
					</item>
				</item>
				<item>
					<item>School</item>
					<item>
						<item>Elementary School District: Austin ISD</item>
						<item>Middle Or Junior School District: Austin ISD</item>
						<item>High School District: Austin ISD</item>
						<item>Elementary School: Oak Hill</item>
						<item>Middle Or Junior School: O Henry,</item>
						<item>High School: Austin,</item>
					</item>
				</item>
			</item>
		</item>
		<item>
			<item>Interior Features</item>
			<item>
				<item>
					<item>Bedroom Information</item>
					<item>
						<item># of Main Level Bedrooms: 1</item>
					</item>
				</item>
				<item>
					<item>Bathroom Information</item>
					<item>
						<item># of Full Bathrooms: 9</item>
						<item># of Half Bathrooms: 2</item>
					</item>
				</item>
				<item>
					<item>Room 1 Information</item>
					<item>
						<item>Laundry</item>
						<item>Level: Main</item>
					</item>
				</item>
				<item>
					<item>Room 2 Information</item>
					<item>
						<item>Master Bedroom</item>
						<item>Features: See Remarks, Walk-In Closet(s)</item>
						<item>Level: Main</item>
					</item>
				</item>
				<item>
					<item>Room 3 Information</item>
					<item>
						<item>Kitchen</item>
						<item>Features: Breakfast Bar, Kitchen Island, Stone Counters</item>
					</item>
				</item>
				<item>
					<item>Room 4 Information</item>
					<item>
						<item>Library</item>
					</item>
				</item>
				<item>
					<item>Room 5 Information</item>
					<item>
						<item>Game Room</item>
					</item>
				</item>
				<item>
					<item>Room 6 Information</item>
					<item>
						<item>Wine Room</item>
					</item>
				</item>
				<item>
					<item>Room 7 Information</item>
					<item>
						<item>Dining Room</item>
						<item>Features: Breakfast Area</item>
					</item>
				</item>
				<item>
					<item>Room 8 Information</item>
					<item>
						<item>Media Room</item>
					</item>
				</item>
				<item>
					<item>Room 9 Information</item>
					<item>
						<item>Office</item>
					</item>
				</item>
				<item>
					<item>Room 10 Information</item>
					<item>
						<item>Exercise Room</item>
					</item>
				</item>
				<item>
					<item>Room 11 Information</item>
					<item>
						<item>Family Room</item>
					</item>
				</item>
				<item>
					<item>Fireplace Information</item>
					<item>
						<item>Has Fireplace</item>
						<item># of Fireplaces: 5</item>
						<item>Features: Bedroom, Library, Master Bedroom, Outside</item>
					</item>
				</item>
				<item>
					<item>Equipment</item>
					<item>
						<item>Intercom, Satellite Dish</item>
						<item>Appliances: Convection Oven, Double Oven, Dishwasher, ENERGY STAR Qualified Appliances, Gas Cooktop, Disposal, Microwave, Refrigerator, Wine Refrigerator</item>
					</item>
				</item>
				<item>
					<item>Interior Features</item>
					<item>
						<item>Unfurnished</item>
						<item>Flooring: Carpet, Tile, Wood</item>
						<item>Other Features: Wet Bar, Breakfast Bar, Book Cases, Built-in Features, Crown Molding, Cathedral Ceiling(s), Separate/Formal Dining Room, In-Law Floorplan, Interior Steps, Multiple Living Areas, Main Level Master</item>
					</item>
				</item>
			</item>
		</item>
		<item>
			<item>Parking / Garage</item>
			<item>
				<item>
					<item>Garage/Carport Information</item>
					<item>
						<item>Has Garage</item>
						<item>Has Attached Garage</item>
						<item># of Garage Spaces: 4</item>
					</item>
				</item>
				<item>
					<item>Parking</item>
					<item>
						<item>Features: Assigned, Attached, Garage</item>
						<item># of Parking (Total): 3</item>
						<item># of Covered Spaces: 4</item>
					</item>
				</item>
			</item>
		</item>
		<item>
			<item>Exterior Features</item>
			<item>
				<item>
					<item>Building Information</item>
					<item>
						<item>Roof Details: Tile</item>
						<item>Construction Details: Frame, Stone</item>
						<item>Builder Name: PARKER</item>
					</item>
				</item>
				<item>
					<item>Exterior Features</item>
					<item>
						<item>Exterior Features: Balcony, Dog Run, Exterior Steps, Private Yard, RV Parking/RV Hookup, Arbor, Barbecue</item>
						<item>Patio And Porch Features: Covered, Patio, Balcony</item>
						<item>Security Features: Security System Owned, Controlled Access</item>
						<item>Fencing: Fenced, Wrought Iron</item>
					</item>
				</item>
				<item>
					<item>Green Features</item>
					<item>
						<item>Green Energy Efficient: Appliances</item>
					</item>
				</item>
				<item>
					<item>Pool Information</item>
					<item>
						<item>Has Private Pool</item>
						<item>Pool Features: Heated, In Ground, Lap</item>
						<item>Has Spa</item>
						<item>Spa Features: Hot Tub, In Ground</item>
					</item>
				</item>
			</item>
		</item>
		<item>
			<item>Utilities</item>
			<item>
				<item>
					<item>Utility Information</item>
					<item>
						<item>Utilities: Cable Available, Electricity Available, Natural Gas Available, High Speed Internet Available</item>
						<item>Sewer: Public Sewer</item>
						<item>Water Source: Public</item>
					</item>
				</item>
				<item>
					<item>Heating &amp; Cooling</item>
					<item>
						<item>Has Cooling</item>
						<item>Cooling: Central Air</item>
						<item>Has Heating</item>
						<item>Heating: Central, Natural Gas</item>
					</item>
				</item>
			</item>
		</item>
		<item>
			<item>Taxes / Assessments, Location Details</item>
			<item>
				<item>
					<item>Tax Information</item>
					<item>
						<item>Annual Amount: $116,926</item>
						<item>Tax Year: 2017</item>
					</item>
				</item>
				<item>
					<item>Community Information</item>
					<item>
						<item>Community Features: Clubhouse, Fitness Center, Golf, Game Room, Gated, Putting Green, Tennis Courts, Trails/Paths</item>
					</item>
				</item>
			</item>
		</item>
		<item>
			<item>Property / Lot Details</item>
			<item>
				<item>
					<item>Lot Information</item>
					<item>
						<item>Lot Size Area: 3.89</item>
						<item>Lot Size Acres: 3.89</item>
						<item>Lot Features: Corner Lot, Near Golf Course, Sprinklers Automatic, Sprinklers In Ground, Trees Medium Size</item>
					</item>
				</item>
				<item>
					<item>Property Information</item>
					<item>
						<item>Has View</item>
						<item>Foundation Details: Slab</item>
						<item>Updated/Remodeled</item>
					</item>
				</item>
			</item>
		</item>
	</property_details>
	<public_facts>
		<Beds>7</Beds>
		<Baths>9</Baths>
		<Finished_Sq._Ft.>13,686</Finished_Sq._Ft.>
		<Unfinished_Sq._Ft.>—</Unfinished_Sq._Ft.>
		<Total_Sq._Ft.>13,686</Total_Sq._Ft.>
		<Stories>2</Stories>
		<Lot_Size>3.89 Acres</Lot_Size>
		<Style>Single Family Residential</Style>
		<Year_Built>1999</Year_Built>
		<Year_Renovated>—</Year_Renovated>
		<County>Travis County</County>
		<APN>422496</APN>
	</public_facts>
</home>
