<?xml version="1.0" ?>
<home>
	<HomeInfo_Address>
		<street-address>8045 Chalk Knoll Dr </street-address>
		<locality>Austin, </locality>
		<region>TX</region>
		<postal-code>78735</postal-code>
	</HomeInfo_Address>
	<main_stats>
		<Price>$5,290,000</Price>
		<Beds>5</Beds>
		<Baths>8</Baths>
		<key name="$422 / Sq. Ft.">12,550</key>
	</main_stats>
	<text_base_description>Truly magnificent French Château on 1.5+ acres backs to Fazio Foothills in gated pocket within Barton Creek. Exquisitely designed with distinguished taste: French antique marble fireplaces, Turkish travertine, Brazilian Ipe floors, Mahogany doors, Lueders Limestone, antico marble counters, Phylrich, Schonbek  &amp;  more! Spacious secondary bedrooms, fitness + sauna, elevator, den/formal living, wet bar + wine cellar. Immaculate grounds w/ cabana, summer kitchen, &amp;  pool bath w/ steam shower. Sensationnel!Restrictions: Yes  Sprinkler Sys:Yes </text_base_description>
	<listed_by>
		<name>Gary Dolch</name>
		<agentLicenseDisplay>•TREC #0516143</agentLicenseDisplay>
		<org>•TREC #0516143</org>
	</listed_by>
	<price_insights>
		<List_Price>$5,290,000</List_Price>
		<Est._Mo._Payment>$28,868</Est._Mo._Payment>
		<key name="Price/Sq.Ft.">$422</key>
	</price_insights>
	<home_facts>
		<Status>Active</Status>
		<Time_on_Redfin>129 days</Time_on_Redfin>
		<Property_Type>Residential, Single Family Residence</Property_Type>
		<Baths>6 full, 2 partial</Baths>
		<HOA_Dues>$158/month</HOA_Dues>
		<Year_Built>2003</Year_Built>
		<Community>Barton Creek Sec G Ph 02</Community>
		<Lot_Size>1.59 Acres</Lot_Size>
		<key name="MLS#">1274759</key>
	</home_facts>
	<property_details>
		<item>
			<item>Virtual Tour, Multi-Unit Information, Homeowners Association, School / Neighborhood</item>
			<item>
				<item>
					<item>Virtual Tour</item>
					<item>
						<item>Virtual Tour Branded (External Link)</item>
						<item>Virtual Tour Unbranded(External Link)</item>
					</item>
				</item>
				<item>
					<item>Multi Unit Information</item>
					<item>
						<item>Pets Allowed: No</item>
					</item>
				</item>
				<item>
					<item>HOA Information</item>
					<item>
						<item>Has Home Owners Association</item>
						<item>Association Name: BC North &amp; Woods II</item>
						<item>Association Fee: $475</item>
						<item>Quarterly</item>
						<item>Association Fee Includes: Common Areas, Insurance, Trash</item>
					</item>
				</item>
				<item>
					<item>School</item>
					<item>
						<item>Elementary School District: Austin ISD</item>
						<item>Middle Or Junior School District: Austin ISD</item>
						<item>High School District: Austin ISD</item>
						<item>Elementary School: Oak Hill</item>
						<item>Middle Or Junior School: O Henry,</item>
						<item>High School: Austin,</item>
					</item>
				</item>
			</item>
		</item>
		<item>
			<item>Interior Features</item>
			<item>
				<item>
					<item>Bedroom Information</item>
					<item>
						<item># of Main Level Bedrooms: 1</item>
					</item>
				</item>
				<item>
					<item>Bathroom Information</item>
					<item>
						<item># of Full Bathrooms: 6</item>
						<item># of Half Bathrooms: 2</item>
					</item>
				</item>
				<item>
					<item>Room 1 Information</item>
					<item>
						<item>Dining Room</item>
						<item>Features: Breakfast Area</item>
					</item>
				</item>
				<item>
					<item>Room 2 Information</item>
					<item>
						<item>Office</item>
					</item>
				</item>
				<item>
					<item>Room 3 Information</item>
					<item>
						<item>Workshop</item>
					</item>
				</item>
				<item>
					<item>Room 4 Information</item>
					<item>
						<item>Library</item>
					</item>
				</item>
				<item>
					<item>Room 5 Information</item>
					<item>
						<item>Foyer</item>
					</item>
				</item>
				<item>
					<item>Room 6 Information</item>
					<item>
						<item>Laundry</item>
						<item>Level: Main</item>
					</item>
				</item>
				<item>
					<item>Room 7 Information</item>
					<item>
						<item>Master Bedroom</item>
						<item>Features: Dressing Area, His and Hers Closets, See Remarks, Walk-In Closet(s)</item>
						<item>Level: Main</item>
					</item>
				</item>
				<item>
					<item>Room 8 Information</item>
					<item>
						<item>Wine Room</item>
					</item>
				</item>
				<item>
					<item>Room 9 Information</item>
					<item>
						<item>Family Room</item>
					</item>
				</item>
				<item>
					<item>Room 10 Information</item>
					<item>
						<item>Kitchen</item>
						<item>Features: Breakfast Bar, Granite Counters, Kitchen Island, See Remarks</item>
					</item>
				</item>
				<item>
					<item>Room 11 Information</item>
					<item>
						<item>Bonus Room</item>
					</item>
				</item>
				<item>
					<item>Room 12 Information</item>
					<item>
						<item>Master Bathroom</item>
						<item>Features: Double Vanity, Jetted Tub</item>
						<item>Level: Main</item>
					</item>
				</item>
				<item>
					<item>Fireplace Information</item>
					<item>
						<item>Has Fireplace</item>
						<item># of Fireplaces: 5</item>
						<item>Features: Dining Room, Library, Living Room, Master Bedroom</item>
					</item>
				</item>
				<item>
					<item>Equipment</item>
					<item>
						<item>Appliances: Double Oven, Dishwasher, Free-Standing Range, Disposal, Gas Water Heater, Refrigerator, Wine Refrigerator</item>
					</item>
				</item>
				<item>
					<item>Interior Features</item>
					<item>
						<item>Unfurnished</item>
						<item>Flooring: Carpet, Marble, Stone</item>
						<item>Other Features: Wet Bar, Breakfast Bar, Built-in Features, Crown Molding, Separate/Formal Dining Room, Double Vanity, Entrance Foyer, Elevator, French Door(s)/Atrium Door(s), High Ceilings, Interior Steps, Multiple Living Areas, Main Level Master, Recessed Lighting, See Remarks, Walk-In Closet(s)</item>
					</item>
				</item>
			</item>
		</item>
		<item>
			<item>Parking / Garage</item>
			<item>
				<item>
					<item>Garage/Carport Information</item>
					<item>
						<item>Has Garage</item>
						<item>Has Attached Garage</item>
						<item># of Garage Spaces: 3</item>
					</item>
				</item>
				<item>
					<item>Parking</item>
					<item>
						<item>Features: Attached, Garage, Garage Faces Side</item>
						<item># of Covered Spaces: 3</item>
					</item>
				</item>
			</item>
		</item>
		<item>
			<item>Exterior Features</item>
			<item>
				<item>
					<item>Building Information</item>
					<item>
						<item>Roof Details: Concrete</item>
						<item>Builder Name: Michael Deane</item>
					</item>
				</item>
				<item>
					<item>Exterior Features</item>
					<item>
						<item>Exterior Features: Balcony, Exterior Steps, Private Yard, Rain Gutters</item>
						<item>Patio And Porch Features: Awning(s), Covered, Patio, Refrigerator, Balcony</item>
						<item>Other Structures: Cabana, Workshop</item>
						<item>Security Features: Security System Owned, Fire Alarm, Controlled Access</item>
						<item>Fencing: Fenced, Wrought Iron</item>
					</item>
				</item>
				<item>
					<item>Pool Information</item>
					<item>
						<item>Has Private Pool</item>
						<item>Pool Features: Indoor, Pool/Spa Combo</item>
						<item>Has Spa</item>
						<item>Spa Features: Hot Tub, In Ground</item>
					</item>
				</item>
			</item>
		</item>
		<item>
			<item>Utilities</item>
			<item>
				<item>
					<item>Utility Information</item>
					<item>
						<item>Utilities: Underground Utilities</item>
						<item>Sewer: Public Sewer</item>
						<item>Water Source: Public</item>
					</item>
				</item>
				<item>
					<item>Heating &amp; Cooling</item>
					<item>
						<item>Has Cooling</item>
						<item>Cooling: Central Air</item>
						<item>Has Heating</item>
						<item>Heating: Central, Natural Gas</item>
					</item>
				</item>
			</item>
		</item>
		<item>
			<item>Taxes / Assessments, Location Details</item>
			<item>
				<item>
					<item>Tax Information</item>
					<item>
						<item>Tax Year: 2019</item>
					</item>
				</item>
				<item>
					<item>Community Information</item>
					<item>
						<item>Community Features: Clubhouse, Curbs, Fitness Center, Golf, Gated</item>
					</item>
				</item>
			</item>
		</item>
		<item>
			<item>Property / Lot Details</item>
			<item>
				<item>
					<item>Lot Information</item>
					<item>
						<item>Lot Size Area: 1.59</item>
						<item>Lot Size Acres: 1.59</item>
						<item>Lot Features: Cul-De-Sac, Near Golf Course, Moderate Trees, Sprinklers Automatic, Sprinklers In Ground, Sprinklers Multiple Locations, Trees Large Size, Trees Medium Size</item>
					</item>
				</item>
				<item>
					<item>Property Information</item>
					<item>
						<item>Has View</item>
						<item>Foundation Details: Slab</item>
						<item>Resale</item>
					</item>
				</item>
			</item>
		</item>
	</property_details>
	<public_facts>
		<Beds>—</Beds>
		<Baths>6</Baths>
		<Finished_Sq._Ft.>12,550</Finished_Sq._Ft.>
		<Unfinished_Sq._Ft.>—</Unfinished_Sq._Ft.>
		<Total_Sq._Ft.>12,550</Total_Sq._Ft.>
		<Stories>2</Stories>
		<Lot_Size>1.59 Acres</Lot_Size>
		<Style>Single Family Residential</Style>
		<Year_Built>2003</Year_Built>
		<Year_Renovated>—</Year_Renovated>
		<County>Travis County</County>
		<APN>422443</APN>
	</public_facts>
</home>
