<?xml version="1.0" ?>
<home>
	<HomeInfo_Address>
		<street-address>3303 Hickory Creek Cv </street-address>
		<locality>Austin, </locality>
		<region>TX</region>
		<postal-code>78735</postal-code>
	</HomeInfo_Address>
	<main_stats>
		<Price>$3,495,000</Price>
		<Beds>6</Beds>
		<Baths>8</Baths>
		<key name="$398 / Sq. Ft.">8,784</key>
	</main_stats>
	<text_base_description>Entertainer's Dream in Barton Creek! With panoramic views of the hill country from multiple terraces and viewing decks, the entertaining opportunities are endless. This estate has a modern industrial feel throughout  &amp;  floor to ceiling glass in the living area. The home sits on a 0.87 acre lot. 2019 remodel includes a new pool, spa  &amp;  sunning deck, all new Kitchen and Bathrooms, new HVAC systems, custom steel windows. Contact 2ND agent for complete list of updates. * PHOTOS STAGED * FEMA - Unknown  Sprinkler Sys:Yes </text_base_description>
	<listed_by>
		<name>Dara Allen</name>
		<agentLicenseDisplay>•TREC #0485743</agentLicenseDisplay>
		<org>•TREC #0485743</org>
	</listed_by>
	<price_insights>
		<List_Price>$3,495,000</List_Price>
		<Est._Mo._Payment>$16,538</Est._Mo._Payment>
		<key name="Price/Sq.Ft.">$398</key>
	</price_insights>
	<home_facts>
		<Status>Active</Status>
		<Time_on_Redfin>149 days</Time_on_Redfin>
		<Property_Type>Residential, Single Family Residence</Property_Type>
		<Baths>6 full, 2 partial</Baths>
		<HOA_Dues>$63/month</HOA_Dues>
		<Year_Built>1982</Year_Built>
		<Community>Estates Above Lost Creek</Community>
		<Lot_Size>0.87 Acres</Lot_Size>
		<key name="MLS#">2728790</key>
	</home_facts>
	<property_details>
		<item>
			<item>Virtual Tour, Multi-Unit Information, Homeowners Association, School / Neighborhood</item>
			<item>
				<item>
					<item>Virtual Tour</item>
					<item>
						<item>Virtual Tour Branded (External Link)</item>
						<item>Virtual Tour Unbranded(External Link)</item>
					</item>
				</item>
				<item>
					<item>Multi Unit Information</item>
					<item>
						<item>Pets Allowed: No</item>
					</item>
				</item>
				<item>
					<item>HOA Information</item>
					<item>
						<item>Has Home Owners Association</item>
						<item>Association Name: Estates of B. Creek</item>
						<item>Association Fee: $750</item>
						<item>Annually</item>
					</item>
				</item>
				<item>
					<item>School</item>
					<item>
						<item>Elementary School District: Austin ISD</item>
						<item>Middle Or Junior School District: Austin ISD</item>
						<item>High School District: Austin ISD</item>
						<item>Elementary School: Oak Hill</item>
						<item>Middle Or Junior School: O Henry,</item>
						<item>High School: Austin,</item>
					</item>
				</item>
			</item>
		</item>
		<item>
			<item>Interior Features</item>
			<item>
				<item>
					<item>Bedroom Information</item>
					<item>
						<item># of Main Level Bedrooms: 2</item>
					</item>
				</item>
				<item>
					<item>Bathroom Information</item>
					<item>
						<item># of Full Bathrooms: 6</item>
						<item># of Half Bathrooms: 2</item>
					</item>
				</item>
				<item>
					<item>Room 1 Information</item>
					<item>
						<item>Living Room</item>
					</item>
				</item>
				<item>
					<item>Room 2 Information</item>
					<item>
						<item>Foyer</item>
					</item>
				</item>
				<item>
					<item>Room 3 Information</item>
					<item>
						<item>Master Bedroom</item>
						<item>Features: Walk-In Closet(s)</item>
					</item>
				</item>
				<item>
					<item>Room 4 Information</item>
					<item>
						<item>Family Room</item>
					</item>
				</item>
				<item>
					<item>Room 5 Information</item>
					<item>
						<item>Kitchen</item>
						<item>Features: Breakfast Area, Kitchen Island, Pantry</item>
					</item>
				</item>
				<item>
					<item>Room 6 Information</item>
					<item>
						<item>Dining Room</item>
						<item>Features: Breakfast Area</item>
					</item>
				</item>
				<item>
					<item>Room 7 Information</item>
					<item>
						<item>Bonus Room</item>
					</item>
				</item>
				<item>
					<item>Room 8 Information</item>
					<item>
						<item>Great Room</item>
					</item>
				</item>
				<item>
					<item>Room 9 Information</item>
					<item>
						<item>Wine Room</item>
					</item>
				</item>
				<item>
					<item>Room 10 Information</item>
					<item>
						<item>Office</item>
					</item>
				</item>
				<item>
					<item>Fireplace Information</item>
					<item>
						<item>Has Fireplace</item>
						<item># of Fireplaces: 3</item>
						<item>Features: Bedroom, Great Room, Outside</item>
					</item>
				</item>
				<item>
					<item>Equipment</item>
					<item>
						<item>Appliances: Built-In Oven, Dryer, Dishwasher, Free-Standing Range, Gas Cooktop, Microwave, Refrigerator, Stainless Steel Appliance(s), Washer</item>
					</item>
				</item>
				<item>
					<item>Interior Features</item>
					<item>
						<item>Unfurnished</item>
						<item>Flooring: Carpet, Concrete</item>
						<item>Other Features: Separate/Formal Dining Room, Entrance Foyer, Elevator, High Ceilings, Interior Steps, Multiple Living Areas, Pantry, Recessed Lighting, See Remarks, Walk-In Closet(s)</item>
					</item>
				</item>
			</item>
		</item>
		<item>
			<item>Parking / Garage</item>
			<item>
				<item>
					<item>Garage/Carport Information</item>
					<item>
						<item>Has Garage</item>
						<item>Has Attached Garage</item>
						<item># of Garage Spaces: 3</item>
					</item>
				</item>
				<item>
					<item>Parking</item>
					<item>
						<item>Features: Attached, Garage, Garage Door Opener</item>
						<item># of Covered Spaces: 3</item>
					</item>
				</item>
			</item>
		</item>
		<item>
			<item>Exterior Features</item>
			<item>
				<item>
					<item>Building Information</item>
					<item>
						<item>Construction Details: Stucco</item>
					</item>
				</item>
				<item>
					<item>Exterior Features</item>
					<item>
						<item>Exterior Features: Balcony, Exterior Steps, Private Yard, Barbecue</item>
						<item>Patio And Porch Features: Covered, Deck, Patio, Balcony</item>
						<item>Security Features: Smoke Detector(s)</item>
						<item>Fencing: Fenced, Wood</item>
					</item>
				</item>
				<item>
					<item>Pool Information</item>
					<item>
						<item>Has Private Pool</item>
						<item>Has Spa</item>
						<item>Spa Features: Above Ground, Hot Tub</item>
					</item>
				</item>
			</item>
		</item>
		<item>
			<item>Utilities</item>
			<item>
				<item>
					<item>Utility Information</item>
					<item>
						<item>Utilities: Electricity Available</item>
						<item>Sewer: Septic Tank</item>
						<item>Water Source: Public</item>
					</item>
				</item>
				<item>
					<item>Heating &amp; Cooling</item>
					<item>
						<item>Has Cooling</item>
						<item>Cooling: Central Air</item>
						<item>Has Heating</item>
						<item>Heating: Central</item>
					</item>
				</item>
			</item>
		</item>
		<item>
			<item>Taxes / Assessments, Location Details</item>
			<item>
				<item>
					<item>Tax Information</item>
					<item>
						<item>Annual Amount: $18,826</item>
						<item>Tax Year: 2019</item>
					</item>
				</item>
				<item>
					<item>Community Information</item>
					<item>
						<item>Community Features: Gated</item>
					</item>
				</item>
			</item>
		</item>
		<item>
			<item>Property / Lot Details</item>
			<item>
				<item>
					<item>Lot Information</item>
					<item>
						<item>Lot Size Area: 0.87</item>
						<item>Lot Size Acres: 0.87</item>
						<item>Lot Features: Cul-De-Sac, Sloped Down, Sprinklers Automatic, Trees Large Size, Trees Medium Size</item>
					</item>
				</item>
				<item>
					<item>Property Information</item>
					<item>
						<item>Has View</item>
						<item>Foundation Details: Slab</item>
						<item>Resale</item>
					</item>
				</item>
			</item>
		</item>
	</property_details>
	<public_facts>
		<Beds>—</Beds>
		<Baths>6</Baths>
		<Finished_Sq._Ft.>8,784</Finished_Sq._Ft.>
		<Unfinished_Sq._Ft.>—</Unfinished_Sq._Ft.>
		<Total_Sq._Ft.>8,784</Total_Sq._Ft.>
		<Stories>3</Stories>
		<Lot_Size>0.87 Acres</Lot_Size>
		<Style>Single Family Residential</Style>
		<Year_Built>1982</Year_Built>
		<Year_Renovated>1988</Year_Renovated>
		<County>Travis County</County>
		<APN>111794</APN>
	</public_facts>
</home>
