<?xml version="1.0" ?>
<home>
	<HomeInfo_Address>
		<street-address>2401 Portofino Ridge Dr </street-address>
		<locality>Austin, </locality>
		<region>TX</region>
		<postal-code>78735</postal-code>
	</HomeInfo_Address>
	<main_stats>
		<Price>$12,900,000</Price>
		<Beds>7</Beds>
		<Baths>11</Baths>
		<key name="$771 / Sq. Ft.">16,722</key>
	</main_stats>
	<text_base_description>Located on the most private  &amp;  prestigious street in Barton Creek and situated on 5 lots totaling 4.04 acres overlooking the #6 green this unique home is truly one of Austin's finest residences. Designed by renowned David Shiflet and brought to life by the unequivocal builder Gary Reissig, 2401 Portofino Ridge, exudes splendor and delights visitors. Estate features an elevator, wine cellar, game room, grand living, wet bar, guest accommodations, exquisite finishes, 4-car attached  &amp;  8+ car detached garage. Guest Accommodations: Yes Restrictions: Yes Comm. Features: Health Club Discount  Sprinkler Sys:Yes </text_base_description>
	<listed_by>
		<name>Gary Dolch</name>
		<agentLicenseDisplay>•TREC #0516143</agentLicenseDisplay>
		<org>•TREC #0516143</org>
	</listed_by>
	<price_insights>
		<List_Price>$12,900,000</List_Price>
		<Est._Mo._Payment>$64,810</Est._Mo._Payment>
		<key name="Price/Sq.Ft.">$771</key>
	</price_insights>
	<home_facts>
		<Status>Active</Status>
		<Time_on_Redfin>135 days</Time_on_Redfin>
		<Property_Type>Residential, Single Family Residence</Property_Type>
		<Baths>7 full, 4 partial</Baths>
		<HOA_Dues>$792/month</HOA_Dues>
		<Year_Built>2002</Year_Built>
		<Community>Barton Creek Sec G Ph 2</Community>
		<Lot_Size>4.05 Acres</Lot_Size>
		<key name="MLS#">7732916</key>
	</home_facts>
	<property_details>
		<item>
			<item>Virtual Tour, Multi-Unit Information, Homeowners Association, School / Neighborhood</item>
			<item>
				<item>
					<item>Virtual Tour</item>
					<item>
						<item>Virtual Tour Branded (External Link)</item>
						<item>Virtual Tour Unbranded(External Link)</item>
					</item>
				</item>
				<item>
					<item>Multi Unit Information</item>
					<item>
						<item>Pets Allowed: No</item>
					</item>
				</item>
				<item>
					<item>HOA Information</item>
					<item>
						<item>Has Home Owners Association</item>
						<item>Association Name: Barton Creek HOA</item>
						<item>Association Fee: $2,375</item>
						<item>Quarterly</item>
						<item>Association Fee Includes: Common Areas</item>
					</item>
				</item>
				<item>
					<item>School</item>
					<item>
						<item>Elementary School District: Austin ISD</item>
						<item>Middle Or Junior School District: Austin ISD</item>
						<item>High School District: Austin ISD</item>
						<item>Elementary School: Oak Hill</item>
						<item>Middle Or Junior School: O Henry,</item>
						<item>High School: Austin,</item>
					</item>
				</item>
			</item>
		</item>
		<item>
			<item>Interior Features</item>
			<item>
				<item>
					<item>Bedroom Information</item>
					<item>
						<item># of Main Level Bedrooms: 2</item>
					</item>
				</item>
				<item>
					<item>Bathroom Information</item>
					<item>
						<item># of Full Bathrooms: 7</item>
						<item># of Half Bathrooms: 4</item>
					</item>
				</item>
				<item>
					<item>Room 1 Information</item>
					<item>
						<item>Dining Room</item>
					</item>
				</item>
				<item>
					<item>Room 2 Information</item>
					<item>
						<item>Office</item>
					</item>
				</item>
				<item>
					<item>Room 3 Information</item>
					<item>
						<item>Master Bathroom</item>
						<item>Features: Double Vanity</item>
						<item>Level: Main</item>
					</item>
				</item>
				<item>
					<item>Room 4 Information</item>
					<item>
						<item>Laundry</item>
					</item>
				</item>
				<item>
					<item>Room 5 Information</item>
					<item>
						<item>Foyer</item>
					</item>
				</item>
				<item>
					<item>Room 6 Information</item>
					<item>
						<item>Master Bedroom</item>
						<item>Features: His and Hers Closets, See Remarks, Walk-In Closet(s)</item>
						<item>Level: Main</item>
					</item>
				</item>
				<item>
					<item>Room 7 Information</item>
					<item>
						<item>Kitchen</item>
						<item>Features: Breakfast Area, Granite Counters, Kitchen Island, Kitchen/Family Room Combo, Pantry</item>
					</item>
				</item>
				<item>
					<item>Room 8 Information</item>
					<item>
						<item>Workshop</item>
					</item>
				</item>
				<item>
					<item>Room 9 Information</item>
					<item>
						<item>Library</item>
					</item>
				</item>
				<item>
					<item>Room 10 Information</item>
					<item>
						<item>Media Room</item>
					</item>
				</item>
				<item>
					<item>Room 11 Information</item>
					<item>
						<item>Wine Room</item>
					</item>
				</item>
				<item>
					<item>Fireplace Information</item>
					<item>
						<item>Has Fireplace</item>
						<item># of Fireplaces: 6</item>
						<item>Features: Bath, Dining Room, Great Room, Master Bedroom</item>
					</item>
				</item>
				<item>
					<item>Equipment</item>
					<item>
						<item>Appliances: Built-In Oven, Convection Oven, Cooktop, Double Oven, Dishwasher, Disposal, Microwave, Refrigerator, Wine Refrigerator, Separate Ice Machine</item>
					</item>
				</item>
				<item>
					<item>Interior Features</item>
					<item>
						<item>Unfurnished</item>
						<item>Flooring: Marble, Stone, Wood</item>
						<item>Other Features: Beamed Ceilings, Wet Bar, Book Cases, Built-in Features, Open Beams/Beamed Ceailings, Cathedral Ceiling(s), Separate/Formal Dining Room, Entrance Foyer, Elevator, Interior Steps, Multiple Living Areas, Main Level Master, Pantry, Wired for Sound, High Speed Internet</item>
					</item>
				</item>
			</item>
		</item>
		<item>
			<item>Parking / Garage</item>
			<item>
				<item>
					<item>Garage/Carport Information</item>
					<item>
						<item>Has Garage</item>
						<item># of Garage Spaces: 12</item>
					</item>
				</item>
				<item>
					<item>Parking</item>
					<item>
						<item>Features: Attached, Detached, Garage, See Remarks</item>
						<item># of Covered Spaces: 12</item>
					</item>
				</item>
			</item>
		</item>
		<item>
			<item>Exterior Features</item>
			<item>
				<item>
					<item>Building Information</item>
					<item>
						<item>Roof Details: Mixed, Tile</item>
						<item>Construction Details: Frame, Stone, See Remarks</item>
						<item>Builder Name: Gary Reissig</item>
					</item>
				</item>
				<item>
					<item>Exterior Features</item>
					<item>
						<item>Exterior Features: Exterior Steps, Playground, Private Yard, Rain Gutters, See Remarks, Barbecue</item>
						<item>Patio And Porch Features: Covered, Patio</item>
						<item>Other Structures: Bathroom</item>
						<item>Security Features: Security System Owned, Fire Alarm, Controlled Access</item>
						<item>Fencing: Fenced, Privacy, Wrought Iron</item>
					</item>
				</item>
				<item>
					<item>Pool Information</item>
					<item>
						<item>Has Private Pool</item>
						<item>Pool Features: In Ground, Community</item>
						<item>Has Spa</item>
						<item>Spa Features: Above Ground, Hot Tub</item>
					</item>
				</item>
			</item>
		</item>
		<item>
			<item>Utilities</item>
			<item>
				<item>
					<item>Utility Information</item>
					<item>
						<item>Utilities: Electricity Available, Natural Gas Available, Underground Utilities</item>
						<item>Sewer: Public Sewer</item>
						<item>Water Source: Public, Well</item>
					</item>
				</item>
				<item>
					<item>Heating &amp; Cooling</item>
					<item>
						<item>Has Cooling</item>
						<item>Cooling: Central Air</item>
						<item>Has Heating</item>
						<item>Heating: Central</item>
					</item>
				</item>
			</item>
		</item>
		<item>
			<item>Taxes / Assessments, Location Details</item>
			<item>
				<item>
					<item>Tax Information</item>
					<item>
						<item>Tax Year: 2018</item>
					</item>
				</item>
				<item>
					<item>Community Information</item>
					<item>
						<item>Community Features: Clubhouse, Conference/Meeting Room, Golf, Gated, Internet Access, Pool, Sport Court(s), Tennis Courts, Trails/Paths</item>
					</item>
				</item>
			</item>
		</item>
		<item>
			<item>Property / Lot Details</item>
			<item>
				<item>
					<item>Lot Information</item>
					<item>
						<item>Lot Size Area: 4.05</item>
						<item>Lot Size Acres: 4.05</item>
						<item>Lot Features: Corner Lot, Backs to Greenbelt/Park, Near Golf Course, Sprinklers Automatic, Sprinklers In Ground, Sprinklers Multiple Locations, Trees Medium Size</item>
					</item>
				</item>
				<item>
					<item>Property Information</item>
					<item>
						<item>Has View</item>
						<item>Foundation Details: Pillar/Post/Pier, Slab</item>
						<item>Updated/Remodeled</item>
					</item>
				</item>
			</item>
		</item>
	</property_details>
	<public_facts>
		<Beds>7</Beds>
		<Baths>—</Baths>
		<Finished_Sq._Ft.>12,660</Finished_Sq._Ft.>
		<Unfinished_Sq._Ft.>—</Unfinished_Sq._Ft.>
		<Total_Sq._Ft.>12,660</Total_Sq._Ft.>
		<Stories>2</Stories>
		<Lot_Size>4.05 Acres</Lot_Size>
		<Style>Single Family Residential</Style>
		<Year_Built>2002</Year_Built>
		<Year_Renovated>—</Year_Renovated>
		<County>Travis County</County>
		<APN>422506</APN>
	</public_facts>
</home>
