<?xml version="1.0" ?>
<home>
	<HomeInfo_Address>
		<street-address>2007 Shallow Stream Cv </street-address>
		<locality>Austin, </locality>
		<region>TX</region>
		<postal-code>78735</postal-code>
	</HomeInfo_Address>
	<main_stats>
		<Price>$1,350,000</Price>
		<Beds>4</Beds>
		<Baths>4</Baths>
		<key name="$364 / Sq. Ft.">3,704</key>
	</main_stats>
	<text_base_description>Beautiful Courtyard home provides ideal environment to Work, Live  &amp;  Play. It flows easily from Open interior  &amp;  bar area then out to pool  &amp;  outdoor living. Large  &amp;  doors windows keep everything visible from all living spaces. Master on one side of home w/ nice privacy. Downstairs bed (also great office option) w/ bath that feeds directly to the pool area. Upstairs has 2 bedrooms w/ ensuite baths  &amp;  large closets. The game room has a wet bar, balcony overlooking pool  &amp;  another over living area. 4 Big Ass FansRestrictions: Yes  Sprinkler Sys:Yes </text_base_description>
	<listed_by>
		<name>Faith Staires</name>
		<agentLicenseDisplay>•TREC #0475401</agentLicenseDisplay>
		<org>•TREC #0475401</org>
	</listed_by>
	<price_insights>
		<List_Price>$1,350,000</List_Price>
		<Est._Mo._Payment>$7,707</Est._Mo._Payment>
		<key name="Price/Sq.Ft.">$364</key>
	</price_insights>
	<home_facts>
		<Status>Active</Status>
		<Time_on_Redfin>41 days</Time_on_Redfin>
		<Property_Type>Residential, Single Family Residence</Property_Type>
		<HOA_Dues>$158/month</HOA_Dues>
		<Year_Built>2005</Year_Built>
		<Community>Barton Creek Abc Mid Dec</Community>
		<Lot_Size>0.36 Acres</Lot_Size>
		<key name="MLS#">5445840</key>
	</home_facts>
	<property_details>
		<item>
			<item>Virtual Tour, Multi-Unit Information, Homeowners Association, School / Neighborhood</item>
			<item>
				<item>
					<item>Virtual Tour</item>
					<item>
						<item>Virtual Tour Branded (External Link)</item>
						<item>Virtual Tour Unbranded(External Link)</item>
					</item>
				</item>
				<item>
					<item>Multi Unit Information</item>
					<item>
						<item>Pets Allowed: No</item>
					</item>
				</item>
				<item>
					<item>HOA Information</item>
					<item>
						<item>Has Home Owners Association</item>
						<item>Association Name: BC North+ WoodsIII</item>
						<item>Association Fee: $475</item>
						<item>Quarterly</item>
						<item>Association Fee Includes: Common Areas</item>
					</item>
				</item>
				<item>
					<item>School</item>
					<item>
						<item>Elementary School District: Austin ISD</item>
						<item>Middle Or Junior School District: Austin ISD</item>
						<item>High School District: Austin ISD</item>
						<item>Elementary School: Oak Hill</item>
						<item>Middle Or Junior School: O Henry,</item>
						<item>High School: Austin,</item>
					</item>
				</item>
			</item>
		</item>
		<item>
			<item>Interior Features</item>
			<item>
				<item>
					<item>Bedroom Information</item>
					<item>
						<item># of Main Level Bedrooms: 2</item>
					</item>
				</item>
				<item>
					<item>Bathroom Information</item>
					<item>
						<item># of Full Bathrooms: 4</item>
					</item>
				</item>
				<item>
					<item>Room 1 Information</item>
					<item>
						<item>Dining Room</item>
						<item>Features: Breakfast Area</item>
					</item>
				</item>
				<item>
					<item>Room 2 Information</item>
					<item>
						<item>Laundry</item>
						<item>Level: Main</item>
					</item>
				</item>
				<item>
					<item>Room 3 Information</item>
					<item>
						<item>Foyer</item>
					</item>
				</item>
				<item>
					<item>Room 4 Information</item>
					<item>
						<item>Master Bedroom</item>
						<item>Features: His and Hers Closets, Walk-In Closet(s)</item>
						<item>Level: Main</item>
					</item>
				</item>
				<item>
					<item>Room 5 Information</item>
					<item>
						<item>Game Room</item>
					</item>
				</item>
				<item>
					<item>Room 6 Information</item>
					<item>
						<item>Master Bathroom</item>
						<item>Features: Double Vanity, Garden Tub/Roman Tub, Jetted Tub</item>
						<item>Level: Main</item>
					</item>
				</item>
				<item>
					<item>Room 7 Information</item>
					<item>
						<item>Workshop</item>
					</item>
				</item>
				<item>
					<item>Fireplace Information</item>
					<item>
						<item>Has Fireplace</item>
						<item># of Fireplaces: 2</item>
						<item>Features: Family Room, Outside</item>
					</item>
				</item>
				<item>
					<item>Equipment</item>
					<item>
						<item>Appliances: Built-In Oven, Convection Oven, Dishwasher, Gas Cooktop, Disposal, Gas Water Heater, Microwave, Refrigerator, Water Softener Owned, Tankless Water Heater, Water Heater</item>
					</item>
				</item>
				<item>
					<item>Interior Features</item>
					<item>
						<item>Unfurnished</item>
						<item>Flooring: Carpet, Stone, Tile, Wood</item>
						<item>Other Features: Wet Bar, Breakfast Bar, Separate/Formal Dining Room, Double Vanity, Entrance Foyer, High Ceilings, Interior Steps, Multiple Living Areas, Main Level Master, Recessed Lighting, Walk-In Closet(s), Wired for Sound, Instant Hot Water</item>
					</item>
				</item>
			</item>
		</item>
		<item>
			<item>Parking / Garage</item>
			<item>
				<item>
					<item>Garage/Carport Information</item>
					<item>
						<item>Has Garage</item>
						<item>Has Attached Garage</item>
						<item># of Garage Spaces: 3</item>
					</item>
				</item>
				<item>
					<item>Parking</item>
					<item>
						<item>Features: Attached, Entry-Swing-In, Garage</item>
						<item># of Covered Spaces: 3</item>
					</item>
				</item>
			</item>
		</item>
		<item>
			<item>Exterior Features</item>
			<item>
				<item>
					<item>Building Information</item>
					<item>
						<item>Roof Details: Tile</item>
						<item>Construction Details: Stone Veneer, Stucco</item>
						<item>Builder Name: Matt Butterfield</item>
					</item>
				</item>
				<item>
					<item>Exterior Features</item>
					<item>
						<item>Exterior Features: Balcony, Barbecue, Rain Gutters</item>
						<item>Patio And Porch Features: Covered, Patio, Balcony</item>
						<item>Security Features: Pre Wired</item>
						<item>Fencing: Fenced, Wrought Iron</item>
					</item>
				</item>
				<item>
					<item>Pool Information</item>
					<item>
						<item>Has Private Pool</item>
						<item>Pool Features: In Ground, Pool/Spa Combo, Waterfall, Community</item>
						<item>Has Spa</item>
						<item>Spa Features: Hot Tub, In Ground</item>
					</item>
				</item>
			</item>
		</item>
		<item>
			<item>Utilities</item>
			<item>
				<item>
					<item>Utility Information</item>
					<item>
						<item>Utilities: Cable Available, Electricity Available, Natural Gas Available, High Speed Internet Available</item>
						<item>Sewer: Public Sewer</item>
						<item>Water Source: Public</item>
					</item>
				</item>
				<item>
					<item>Heating &amp; Cooling</item>
					<item>
						<item>Has Cooling</item>
						<item>Cooling: Central Air</item>
						<item>Has Heating</item>
						<item>Heating: Central, Natural Gas</item>
					</item>
				</item>
			</item>
		</item>
		<item>
			<item>Taxes / Assessments, Location Details</item>
			<item>
				<item>
					<item>Tax Information</item>
					<item>
						<item>Annual Amount: $23,104</item>
						<item>Tax Year: 2020</item>
					</item>
				</item>
				<item>
					<item>Community Information</item>
					<item>
						<item>Community Features: Clubhouse, Fitness Center, Golf, Gated, Pool, Tennis Courts</item>
					</item>
				</item>
			</item>
		</item>
		<item>
			<item>Property / Lot Details</item>
			<item>
				<item>
					<item>Lot Information</item>
					<item>
						<item>Lot Size Area: 0.36</item>
						<item>Lot Size Acres: 0.36</item>
						<item>Lot Features: Cul-De-Sac, Sprinklers Automatic, Sprinklers In Ground, Sprinklers Multiple Locations, Trees Medium Size</item>
					</item>
				</item>
				<item>
					<item>Property Information</item>
					<item>
						<item>Has View</item>
						<item>Foundation Details: Slab</item>
						<item>Resale</item>
					</item>
				</item>
			</item>
		</item>
	</property_details>
	<public_facts>
		<Beds>4</Beds>
		<Baths>5</Baths>
		<Finished_Sq._Ft.>3,638</Finished_Sq._Ft.>
		<Unfinished_Sq._Ft.>—</Unfinished_Sq._Ft.>
		<Total_Sq._Ft.>3,638</Total_Sq._Ft.>
		<Stories>2</Stories>
		<Lot_Size>0.36 Acres</Lot_Size>
		<Style>Single Family Residential</Style>
		<Year_Built>2005</Year_Built>
		<Year_Renovated>—</Year_Renovated>
		<County>Travis County</County>
		<APN>437809</APN>
	</public_facts>
</home>
