<?xml version="1.0" ?>
<home>
	<HomeInfo_Address>
		<street-address>4401 Mirador Dr </street-address>
		<locality>Austin, </locality>
		<region>TX</region>
		<postal-code>78735</postal-code>
	</HomeInfo_Address>
	<main_stats>
		<Price>$4,250,000</Price>
		<Beds>4</Beds>
		<Baths>4.5</Baths>
		<key name="$871 / Sq. Ft.">4,882</key>
	</main_stats>
	<text_base_description>You will find this stunning, exceptionally finished, Santa Barbara Mission-styled sanctuary in the hills above Barton Creek and Lost Creek on 3.39 acres. A single-story entertainer’s dream w/ large open kitchen flowing out to a wide stone deck where you will find a sparkling pool and spa complete with multiple seating areas. Subtly designed flame and water features, along with a luxurious outdoor living space, against a picturesque backdrop of wide-open greenbelt and canyons set this home apart. FEMA - Unknown </text_base_description>
	<listed_by>
		<name>Dara Allen</name>
		<agentLicenseDisplay>•TREC #0485743</agentLicenseDisplay>
		<org>•TREC #0485743</org>
	</listed_by>
	<price_insights>
		<List_Price>$4,250,000</List_Price>
		<Est._Mo._Payment>$21,360</Est._Mo._Payment>
		<key name="Price/Sq.Ft.">$871</key>
	</price_insights>
	<home_facts>
		<Status>Active</Status>
		<Time_on_Redfin>133 days</Time_on_Redfin>
		<Property_Type>Residential, Single Family Residence</Property_Type>
		<HOA_Dues>$175/month</HOA_Dues>
		<Year_Built>2012</Year_Built>
		<Community>Barton Creek Sec M</Community>
		<Lot_Size>3.40 Acres</Lot_Size>
		<key name="MLS#">8370324</key>
	</home_facts>
	<property_details>
		<item>
			<item>Virtual Tour, Multi-Unit Information, Homeowners Association, School / Neighborhood</item>
			<item>
				<item>
					<item>Virtual Tour</item>
					<item>
						<item>Virtual Tour Branded (External Link)</item>
						<item>Virtual Tour Unbranded(External Link)</item>
					</item>
				</item>
				<item>
					<item>Multi Unit Information</item>
					<item>
						<item>Pets Allowed: No</item>
					</item>
				</item>
				<item>
					<item>HOA Information</item>
					<item>
						<item>Has Home Owners Association</item>
						<item>Association Name: Barton Creek South</item>
						<item>Association Fee: $525</item>
						<item>Quarterly</item>
						<item>Association Fee Includes: Common Areas</item>
					</item>
				</item>
				<item>
					<item>School</item>
					<item>
						<item>Elementary School District: Austin ISD</item>
						<item>Middle Or Junior School District: Austin ISD</item>
						<item>High School District: Austin ISD</item>
						<item>Elementary School: Oak Hill</item>
						<item>Middle Or Junior School: O Henry,</item>
						<item>High School: Austin,</item>
					</item>
				</item>
			</item>
		</item>
		<item>
			<item>Interior Features</item>
			<item>
				<item>
					<item>Bedroom Information</item>
					<item>
						<item># of Main Level Bedrooms: 4</item>
					</item>
				</item>
				<item>
					<item>Bathroom Information</item>
					<item>
						<item># of Full Bathrooms: 4</item>
						<item># of Half Bathrooms: 1</item>
					</item>
				</item>
				<item>
					<item>Room 1 Information</item>
					<item>
						<item>Master Bedroom</item>
						<item>Features: Walk-In Closet(s)</item>
						<item>Level: Main</item>
					</item>
				</item>
				<item>
					<item>Room 2 Information</item>
					<item>
						<item>Workshop</item>
					</item>
				</item>
				<item>
					<item>Room 3 Information</item>
					<item>
						<item>Office</item>
					</item>
				</item>
				<item>
					<item>Room 4 Information</item>
					<item>
						<item>Dining Room</item>
						<item>Features: Breakfast Area</item>
					</item>
				</item>
				<item>
					<item>Room 5 Information</item>
					<item>
						<item>Wine Room</item>
					</item>
				</item>
				<item>
					<item>Room 6 Information</item>
					<item>
						<item>Master Bathroom</item>
						<item>Features: Double Vanity, Garden Tub/Roman Tub, Separate Shower</item>
						<item>Level: Main</item>
					</item>
				</item>
				<item>
					<item>Room 7 Information</item>
					<item>
						<item>Exercise Room</item>
					</item>
				</item>
				<item>
					<item>Room 8 Information</item>
					<item>
						<item>Kitchen</item>
						<item>Features: Breakfast Area, Granite Counters, Kitchen Island</item>
					</item>
				</item>
				<item>
					<item>Room 9 Information</item>
					<item>
						<item>Laundry</item>
					</item>
				</item>
				<item>
					<item>Fireplace Information</item>
					<item>
						<item>Has Fireplace</item>
						<item># of Fireplaces: 2</item>
						<item>Features: Family Room, Gas Log, Outside</item>
					</item>
				</item>
				<item>
					<item>Equipment</item>
					<item>
						<item>Appliances: Built-In Oven, Double Oven, Dishwasher, Gas Cooktop, Disposal, Microwave, Refrigerator, Water Softener Owned, Stainless Steel Appliance(s), Wine Refrigerator</item>
					</item>
				</item>
				<item>
					<item>Interior Features</item>
					<item>
						<item>Unfurnished</item>
						<item>Flooring: Carpet, Tile, Wood</item>
						<item>Other Features: Beamed Ceilings, Wet Bar, Book Cases, Open Beams/Beamed Ceailings, Separate/Formal Dining Room, Multiple Living Areas, Main Level Master, Murphy Bed, No Interior Steps, Recessed Lighting, Vaulted Ceiling(s), Walk-In Closet(s)</item>
					</item>
				</item>
			</item>
		</item>
		<item>
			<item>Parking / Garage</item>
			<item>
				<item>
					<item>Garage/Carport Information</item>
					<item>
						<item>Has Garage</item>
						<item>Has Attached Garage</item>
						<item># of Garage Spaces: 3</item>
					</item>
				</item>
				<item>
					<item>Parking</item>
					<item>
						<item>Features: Attached, Garage, Garage Door Opener</item>
						<item># of Covered Spaces: 3</item>
					</item>
				</item>
			</item>
		</item>
		<item>
			<item>Exterior Features</item>
			<item>
				<item>
					<item>Building Information</item>
					<item>
						<item>Roof Details: Tile</item>
						<item>Construction Details: Masonry, Stone Veneer, Stucco</item>
					</item>
				</item>
				<item>
					<item>Exterior Features</item>
					<item>
						<item>Exterior Features: Exterior Steps, Private Yard, Rain Gutters, Barbecue, Fire Pit, Outdoor Kitchen</item>
						<item>Patio And Porch Features: Covered, Patio, Refrigerator</item>
						<item>Security Features: Pre Wired, Smoke Detector(s), Controlled Access</item>
						<item>Fencing: Fenced, Partial</item>
					</item>
				</item>
				<item>
					<item>Pool Information</item>
					<item>
						<item>Has Private Pool</item>
						<item>Pool Features: Pool/Spa Combo</item>
						<item>Has Spa</item>
						<item>Spa Features: Hot Tub, In Ground</item>
					</item>
				</item>
			</item>
		</item>
		<item>
			<item>Utilities</item>
			<item>
				<item>
					<item>Utility Information</item>
					<item>
						<item>Utilities: Electricity Available</item>
						<item>Sewer: Public Sewer</item>
						<item>Water Source: Public</item>
					</item>
				</item>
				<item>
					<item>Heating &amp; Cooling</item>
					<item>
						<item>Has Cooling</item>
						<item>Cooling: Central Air</item>
						<item>Has Heating</item>
						<item>Heating: Central</item>
					</item>
				</item>
			</item>
		</item>
		<item>
			<item>Taxes / Assessments, Location Details</item>
			<item>
				<item>
					<item>Tax Information</item>
					<item>
						<item>Annual Amount: $37,672</item>
						<item>Tax Year: 2020</item>
					</item>
				</item>
				<item>
					<item>Community Information</item>
					<item>
						<item>Community Features: Clubhouse, Gated</item>
					</item>
				</item>
			</item>
		</item>
		<item>
			<item>Property / Lot Details</item>
			<item>
				<item>
					<item>Lot Information</item>
					<item>
						<item>Lot Size Area: 3.4</item>
						<item>Lot Size Acres: 3.4</item>
						<item>Lot Features: Backs to Greenbelt/Park, Near Golf Course, Sprinklers Automatic, Trees Large Size</item>
					</item>
				</item>
				<item>
					<item>Property Information</item>
					<item>
						<item>Has View</item>
						<item>Foundation Details: Slab</item>
						<item>Resale</item>
					</item>
				</item>
			</item>
		</item>
	</property_details>
	<public_facts>
		<Beds>4</Beds>
		<Baths>4</Baths>
		<Finished_Sq._Ft.>4,882</Finished_Sq._Ft.>
		<Unfinished_Sq._Ft.>—</Unfinished_Sq._Ft.>
		<Total_Sq._Ft.>4,882</Total_Sq._Ft.>
		<Stories>1</Stories>
		<Lot_Size>3.40 Acres</Lot_Size>
		<Style>Single Family Residential</Style>
		<Year_Built>2012</Year_Built>
		<Year_Renovated>—</Year_Renovated>
		<County>Travis County</County>
		<APN>494905</APN>
	</public_facts>
</home>
