<?xml version="1.0" ?>
<home>
	<HomeInfo_Address>
		<street-address>7849 Escala Dr </street-address>
		<locality>Austin, </locality>
		<region>TX</region>
		<postal-code>78735</postal-code>
	</HomeInfo_Address>
	<main_stats>
		<Price>$8,500,000</Price>
		<Beds>5</Beds>
		<Baths>7</Baths>
		<key name="$818 / Sq. Ft.">10,396</key>
	</main_stats>
	<text_base_description>An amazing estate like no other, Your own private resort. 2 Escala addresses. An entire renovation just completed by designer/builder Renata Marsilli. Private golf course, plays 9 holes. Detached collector car garage with private entrance, climate controlled, 1787sqft main level  &amp;  1711 sqft upper level. Hiking and UTV trails throughout the property. *  *  * Additional 5.8 acre lot may be added to give the estate a total of 13 acres. *  *  * Restrictions: Yes </text_base_description>
	<listed_by>
		<name>Brian Langlois</name>
		<agentLicenseDisplay>•TREC #0493094</agentLicenseDisplay>
		<org>•TREC #0493094</org>
	</listed_by>
	<price_insights>
		<List_Price>$8,500,000</List_Price>
		<Est._Mo._Payment>$41,040</Est._Mo._Payment>
		<key name="Price/Sq.Ft.">$818</key>
	</price_insights>
	<home_facts>
		<Status>Active</Status>
		<Time_on_Redfin>73 days</Time_on_Redfin>
		<Property_Type>Residential, Single Family Residence</Property_Type>
		<Baths>5 full, 2 partial</Baths>
		<HOA_Dues>$350/month</HOA_Dues>
		<Year_Built>2002</Year_Built>
		<Community>Barton Creek Sec J Ph 02</Community>
		<Lot_Size>7.33 Acres</Lot_Size>
		<key name="MLS#">7295458</key>
	</home_facts>
	<property_details>
		<item>
			<item>Virtual Tour, Multi-Unit Information, Homeowners Association, School / Neighborhood</item>
			<item>
				<item>
					<item>Virtual Tour</item>
					<item>
						<item>Virtual Tour Branded (External Link)</item>
						<item>Virtual Tour Unbranded(External Link)</item>
					</item>
				</item>
				<item>
					<item>Multi Unit Information</item>
					<item>
						<item>Pets Allowed: No</item>
					</item>
				</item>
				<item>
					<item>HOA Information</item>
					<item>
						<item>Has Home Owners Association</item>
						<item>Association Name: Barton Creek South</item>
						<item>Association Fee: $1,050</item>
						<item>Quarterly</item>
						<item>Association Fee Includes: Common Areas</item>
					</item>
				</item>
				<item>
					<item>School</item>
					<item>
						<item>Elementary School District: Austin ISD</item>
						<item>Middle Or Junior School District: Austin ISD</item>
						<item>High School District: Austin ISD</item>
						<item>Elementary School: Oak Hill</item>
						<item>Middle Or Junior School: O Henry,</item>
						<item>High School: Austin,</item>
					</item>
				</item>
			</item>
		</item>
		<item>
			<item>Interior Features</item>
			<item>
				<item>
					<item>Bedroom Information</item>
					<item>
						<item># of Main Level Bedrooms: 2</item>
					</item>
				</item>
				<item>
					<item>Bathroom Information</item>
					<item>
						<item># of Full Bathrooms: 5</item>
						<item># of Half Bathrooms: 2</item>
					</item>
				</item>
				<item>
					<item>Room 1 Information</item>
					<item>
						<item>Exercise Room</item>
					</item>
				</item>
				<item>
					<item>Room 2 Information</item>
					<item>
						<item>Wine Room</item>
					</item>
				</item>
				<item>
					<item>Room 3 Information</item>
					<item>
						<item>Media Room</item>
					</item>
				</item>
				<item>
					<item>Room 4 Information</item>
					<item>
						<item>Workshop</item>
						<item>Features: Double Vanity</item>
					</item>
				</item>
				<item>
					<item>Room 5 Information</item>
					<item>
						<item>Dining Room</item>
						<item>Features: Breakfast Area</item>
					</item>
				</item>
				<item>
					<item>Room 6 Information</item>
					<item>
						<item>Family Room</item>
					</item>
				</item>
				<item>
					<item>Room 7 Information</item>
					<item>
						<item>Kitchen</item>
						<item>Features: Breakfast Area, Granite Counters, Kitchen Island, Kitchen/Family Room Combo</item>
					</item>
				</item>
				<item>
					<item>Room 8 Information</item>
					<item>
						<item>Library</item>
					</item>
				</item>
				<item>
					<item>Room 9 Information</item>
					<item>
						<item>Office</item>
					</item>
				</item>
				<item>
					<item>Room 10 Information</item>
					<item>
						<item>Laundry</item>
						<item>Level: Main</item>
					</item>
				</item>
				<item>
					<item>Fireplace Information</item>
					<item>
						<item>Has Fireplace</item>
						<item># of Fireplaces: 3</item>
						<item>Features: Bedroom, Family Room, Living Room</item>
					</item>
				</item>
				<item>
					<item>Equipment</item>
					<item>
						<item>Appliances: Built-In Oven, Double Oven, Dishwasher, Free-Standing Range, Microwave, Refrigerator, Wine Refrigerator</item>
					</item>
				</item>
				<item>
					<item>Interior Features</item>
					<item>
						<item>Unfurnished</item>
						<item>Flooring: Carpet, Tile, Wood</item>
						<item>Other Features: Wet Bar, Book Cases, Built-in Features, Cathedral Ceiling(s), Separate/Formal Dining Room, Interior Steps, Multiple Living Areas, Main Level Master, Multiple Master Suites, Murphy Bed, Walk-In Closet(s), Wired for Sound, Central Vacuum</item>
					</item>
				</item>
			</item>
		</item>
		<item>
			<item>Parking / Garage</item>
			<item>
				<item>
					<item>Garage/Carport Information</item>
					<item>
						<item>Has Garage</item>
						<item># of Garage Spaces: 7</item>
					</item>
				</item>
				<item>
					<item>Parking</item>
					<item>
						<item>Features: Attached, Detached, Garage, Gated</item>
						<item># of Covered Spaces: 7</item>
					</item>
				</item>
			</item>
		</item>
		<item>
			<item>Exterior Features</item>
			<item>
				<item>
					<item>Building Information</item>
					<item>
						<item>Roof Details: Metal</item>
						<item>Construction Details: Masonry, Stone Veneer, Stucco</item>
					</item>
				</item>
				<item>
					<item>Exterior Features</item>
					<item>
						<item>Exterior Features: Basketball Court, Balcony, Exterior Steps, Playground, Private Yard, Barbecue</item>
						<item>Patio And Porch Features: Covered, Patio, Porch, Screened, Balcony</item>
						<item>Security Features: Pre Wired, Security Lights</item>
						<item>Fencing: Fenced, Wrought Iron</item>
					</item>
				</item>
				<item>
					<item>Pool Information</item>
					<item>
						<item>Has Private Pool</item>
						<item>Pool Features: Heated, In Ground, Pool/Spa Combo, Waterfall</item>
						<item>Has Spa</item>
						<item>Spa Features: Hot Tub, In Ground</item>
					</item>
				</item>
			</item>
		</item>
		<item>
			<item>Utilities</item>
			<item>
				<item>
					<item>Utility Information</item>
					<item>
						<item>Utilities: Cable Available, Electricity Available, Natural Gas Available, High Speed Internet Available, Phone Connected</item>
						<item>Sewer: Public Sewer</item>
						<item>Water Source: Public, Well</item>
					</item>
				</item>
				<item>
					<item>Heating &amp; Cooling</item>
					<item>
						<item>Has Cooling</item>
						<item>Cooling: Central Air</item>
						<item>Has Heating</item>
						<item>Heating: Central</item>
					</item>
				</item>
			</item>
		</item>
		<item>
			<item>Taxes / Assessments, Location Details</item>
			<item>
				<item>
					<item>Tax Information</item>
					<item>
						<item>Annual Amount: $55,628</item>
						<item>Tax Year: 2020</item>
					</item>
				</item>
				<item>
					<item>Community Information</item>
					<item>
						<item>Community Features: Gated</item>
					</item>
				</item>
			</item>
		</item>
		<item>
			<item>Property / Lot Details</item>
			<item>
				<item>
					<item>Lot Information</item>
					<item>
						<item>Lot Size Area: 7.33</item>
						<item>Lot Size Acres: 7.33</item>
						<item>Lot Features: Near Golf Course, Sprinklers Multiple Locations, Trees Large Size</item>
					</item>
				</item>
				<item>
					<item>Property Information</item>
					<item>
						<item>Has View</item>
						<item>Foundation Details: Slab</item>
						<item>Updated/Remodeled</item>
					</item>
				</item>
			</item>
		</item>
	</property_details>
	<public_facts>
		<Beds>—</Beds>
		<Baths>6</Baths>
		<Finished_Sq._Ft.>8,549</Finished_Sq._Ft.>
		<Unfinished_Sq._Ft.>—</Unfinished_Sq._Ft.>
		<Total_Sq._Ft.>8,549</Total_Sq._Ft.>
		<Stories>2</Stories>
		<Lot_Size>2.38 Acres</Lot_Size>
		<Style>Single Family Residential</Style>
		<Year_Built>2002</Year_Built>
		<Year_Renovated>—</Year_Renovated>
		<County>Travis County</County>
		<APN>473501</APN>
	</public_facts>
</home>
