<?xml version="1.0" ?>
<home>
	<HomeInfo_Address>
		<street-address>8417 Valerio Ln </street-address>
		<locality>Austin, </locality>
		<region>TX</region>
		<postal-code>78735</postal-code>
	</HomeInfo_Address>
	<main_stats>
		<Price>$3,350,000</Price>
		<Beds>4</Beds>
		<Baths>4.5</Baths>
		<key name="$675 / Sq. Ft.">4,961</key>
	</main_stats>
	<text_base_description>This Spec home is currently under construction, available Summer, 2021. Heyl Homes launches their newest Furnished Model Home located at 5017 Peralta Lane!! Tour this home and other properties that Heyl Homes has to offer in Amarra Phase II  &amp;  III of Barton Creek. The model home is open Monday-Sunday 10am-5pm.  </text_base_description>
	<listed_by>
		<name>Timothy Heyl</name>
		<agentLicenseDisplay>•TREC #0591865</agentLicenseDisplay>
		<org>•TREC #0591865</org>
	</listed_by>
	<price_insights>
		<List_Price>$3,350,000</List_Price>
		<Est._Mo._Payment>$15,071</Est._Mo._Payment>
		<key name="Price/Sq.Ft.">$675</key>
	</price_insights>
	<home_facts>
		<Status>Active</Status>
		<Time_on_Redfin>6 days</Time_on_Redfin>
		<Property_Type>Residential, Single Family Residence</Property_Type>
		<HOA_Dues>$308/month</HOA_Dues>
		<Year_Built>2020</Year_Built>
		<Community>Barton Creek Amarra Drive Ph 03</Community>
		<Lot_Size>3.67 Acres</Lot_Size>
		<key name="MLS#">5211672</key>
	</home_facts>
	<property_details>
		<item>
			<item>Interior Features</item>
			<item>
				<item>
					<item>Bedroom Information</item>
					<item>
						<item># of Main Level Bedrooms: 4</item>
					</item>
				</item>
				<item>
					<item>Bathroom Information</item>
					<item>
						<item># of Full Bathrooms: 4</item>
						<item># of Half Bathrooms: 1</item>
					</item>
				</item>
				<item>
					<item>Room 1 Information</item>
					<item>
						<item>Master Bathroom</item>
						<item>Level: Main</item>
					</item>
				</item>
				<item>
					<item>Room 2 Information</item>
					<item>
						<item>Foyer</item>
						<item>Level: Main</item>
					</item>
				</item>
				<item>
					<item>Room 3 Information</item>
					<item>
						<item>Dining Room</item>
						<item>Features: High Ceilings, Recessed Lighting, Wired for Data, Wired for Sound</item>
						<item>Level: Main</item>
					</item>
				</item>
				<item>
					<item>Room 4 Information</item>
					<item>
						<item>Master Bedroom</item>
						<item>Features: Ceiling Fan(s), Double Vanity, Garden Tub/Roman Tub, High Ceilings, His and Hers Closets, Wired for Data, Walk-In Closet(s), Wired for Sound</item>
						<item>Level: Main</item>
					</item>
				</item>
				<item>
					<item>Room 5 Information</item>
					<item>
						<item>Kitchen</item>
						<item>Features: Kitchen Island, Quartz Counters, Wired for Data, Wired for Sound</item>
						<item>Level: Main</item>
					</item>
				</item>
				<item>
					<item>Room 6 Information</item>
					<item>
						<item>Great Room</item>
						<item>Features: High Ceilings, Wired for Data, Wired for Sound</item>
						<item>Level: Main</item>
					</item>
				</item>
				<item>
					<item>Room 7 Information</item>
					<item>
						<item>Den</item>
						<item>Features: Wet Bar</item>
						<item>Level: Main</item>
					</item>
				</item>
				<item>
					<item>Fireplace Information</item>
					<item>
						<item>Has Fireplace</item>
						<item># of Fireplaces: 2</item>
						<item>Features: Den, Great Room</item>
					</item>
				</item>
				<item>
					<item>Equipment</item>
					<item>
						<item>Appliances: Bar Fridge, Dishwasher, ENERGY STAR Qualified Appliances, ENERGY STAR Qualified Dishwasher, ENERGY STAR Qualified Refrigerator, ENERGY STAR Qualified Water Heater, Exhaust Fan, Free-Standing Gas Oven, Free-Standing Gas Range, Gas Cooktop, Disposal, Gas Range, Icemaker, Microwave</item>
					</item>
				</item>
				<item>
					<item>Interior Features</item>
					<item>
						<item>Flooring: Carpet, Tile, Wood</item>
						<item>Other Features: Beamed Ceilings, Wet Bar, Open Beams/Beamed Ceailings, Ceiling Fan(s), High Ceilings, His and Hers Closets, Kitchen Island, Multiple Closets, No Interior Steps, Open Floorplan, Pantry, Wired for Data, Bar, Walk-In Closet(s), Wired for Sound</item>
					</item>
				</item>
			</item>
		</item>
		<item>
			<item>Parking / Garage</item>
			<item>
				<item>
					<item>Garage/Carport Information</item>
					<item>
						<item>Has Garage</item>
						<item>Has Attached Garage</item>
						<item># of Garage Spaces: 3</item>
					</item>
				</item>
				<item>
					<item>Parking</item>
					<item>
						<item>Features: Attached, Garage, One Car Garage, Garage Door Opener</item>
						<item># of Parking (Total): 5</item>
						<item># of Covered Spaces: 3</item>
					</item>
				</item>
			</item>
		</item>
		<item>
			<item>Exterior Features</item>
			<item>
				<item>
					<item>Building Information</item>
					<item>
						<item>Year Built Source: Public Records</item>
						<item>Roof Details: Concrete, Shingle</item>
						<item>Builder Name: Heyl Homes</item>
					</item>
				</item>
				<item>
					<item>Exterior Features</item>
					<item>
						<item>Exterior Features: Barbecue, Outdoor Grill, Rain Gutters</item>
						<item>Patio And Porch Features: Covered, Patio</item>
						<item>Other Structures: Garage(s)</item>
						<item>Security Features: Smoke Detector(s)</item>
					</item>
				</item>
				<item>
					<item>Green Features</item>
					<item>
						<item>Green Energy Efficient: Appliances</item>
					</item>
				</item>
				<item>
					<item>Pool Information</item>
					<item>
						<item>Has Private Pool</item>
						<item>Pool Features: In Ground, Pool/Spa Combo</item>
					</item>
				</item>
			</item>
		</item>
		<item>
			<item>Homeowners Association, School / Neighborhood, Location Details</item>
			<item>
				<item>
					<item>HOA Information</item>
					<item>
						<item>Has Home Owners Association</item>
						<item>Association Name: Barton Creek Southwest</item>
						<item>Association Fee: $925</item>
						<item>Quarterly</item>
						<item>Association Fee Includes: Common Areas</item>
					</item>
				</item>
				<item>
					<item>School</item>
					<item>
						<item>Elementary School District: Austin ISD</item>
						<item>Middle Or Junior School District: Austin ISD</item>
						<item>High School District: Austin ISD</item>
						<item>Elementary School: Oak Hill</item>
						<item>Middle Or Junior School: O Henry,</item>
						<item>High School: Austin,</item>
					</item>
				</item>
				<item>
					<item>Community Information</item>
					<item>
						<item>Community Features: Golf, Gated</item>
					</item>
				</item>
			</item>
		</item>
		<item>
			<item>Utilities</item>
			<item>
				<item>
					<item>Utility Information</item>
					<item>
						<item>Utilities: Above Ground Utilities, Natural Gas Available, Sewer Connected</item>
						<item>Sewer: Public Sewer</item>
						<item>Water Source: Public</item>
					</item>
				</item>
				<item>
					<item>Heating &amp; Cooling</item>
					<item>
						<item>Has Cooling</item>
						<item>Cooling: Central Air, Electric, Zoned</item>
						<item>Has Heating</item>
						<item>Heating: Central, Natural Gas, Zoned</item>
					</item>
				</item>
			</item>
		</item>
		<item>
			<item>Taxes / Assessments</item>
			<item>
				<item>
					<item>Assessment</item>
					<item>
						<item>Assessed Value: $432,551</item>
					</item>
				</item>
				<item>
					<item>Tax Information</item>
					<item>
						<item>Annual Amount: $8,674</item>
						<item>Tax Year: 2020</item>
					</item>
				</item>
			</item>
		</item>
		<item>
			<item>Property / Lot Details</item>
			<item>
				<item>
					<item>Lot Information</item>
					<item>
						<item>Lot Size Area: 3.67</item>
						<item>Lot Size Acres: 3.67</item>
						<item>Lot Features: Corner Lot, Backs to Greenbelt/Park, Near Golf Course, Private, Many Trees, Sprinklers Automatic, Sprinklers In Ground, Views</item>
					</item>
				</item>
				<item>
					<item>Property Information</item>
					<item>
						<item>Has View</item>
						<item>Direction Faces: West</item>
						<item>Foundation Details: Slab</item>
						<item>Under Construction</item>
					</item>
				</item>
			</item>
		</item>
	</property_details>
	<public_facts>
		<Beds>—</Beds>
		<Baths>—</Baths>
		<Finished_Sq._Ft.>—</Finished_Sq._Ft.>
		<Unfinished_Sq._Ft.>—</Unfinished_Sq._Ft.>
		<Total_Sq._Ft.>—</Total_Sq._Ft.>
		<Stories>—</Stories>
		<Lot_Size>3.67 Acres</Lot_Size>
		<Style>Other</Style>
		<Year_Built>—</Year_Built>
		<Year_Renovated>—</Year_Renovated>
		<County>Travis County</County>
		<APN>784809</APN>
	</public_facts>
</home>
