<?xml version="1.0" ?>
<home>
	<HomeInfo_Address>
		<street-address>11639 26th Ave SW </street-address>
		<locality>Burien, </locality>
		<region>WA</region>
		<postal-code>98146</postal-code>
	</HomeInfo_Address>
	<main_stats>
		<Price>$769,500</Price>
		<Beds>4</Beds>
		<Baths>2.75</Baths>
		<key name="$266 / Sq. Ft.">2,890</key>
	</main_stats>
	<text_base_description>Rare gem in desirable Shorewood Community. 4 bdrm rambler w/ basement  &amp;  impressive heated  &amp;  AC attached 5 car garage w/ shop  &amp;  tons of storage. This hm features:A/C, New windows, ext  &amp;  int fresh paint, insulation, interior doors, front door  &amp;  carpet, double oven, all stainless appliances stay, detached RV garage, fully fenced yard w/ separate dog run, tons of space for gardening. Great opportunity for income potential on lower level. Sit on your deck half covered for yr round entertaining. MOTIVATED SELLER! </text_base_description>
	<listed_by>
		<name>Shelly Barnby</name>
		<org> • Better Properties Valley Assoc </org>
	</listed_by>
	<price_insights>
		<List_Price>$769,500</List_Price>
		<Est._Mo._Payment>$3,305</Est._Mo._Payment>
		<Redfin_Estimate>$753,842</Redfin_Estimate>
		<key name="Price/Sq.Ft.">$266</key>
		<key name="Buyer's Brokerage Compensation">2.5%</key>
	</price_insights>
	<home_facts>
		<Status>Active</Status>
		<Time_on_Redfin>73 days</Time_on_Redfin>
		<Property_Type>Residential</Property_Type>
		<Year_Built>1953</Year_Built>
		<Style>1 Story with Basement</Style>
		<Community>Shorewood</Community>
		<Lot_Size>0.28 Acres</Lot_Size>
		<key name="MLS#">1622279</key>
	</home_facts>
	<property_details>
		<item>
			<item>Interior Features</item>
			<item>
				<item>
					<item>Bedroom Information</item>
					<item>
						<item># of Bedrooms (Main): 4</item>
						<item>Master Bedroom on Main Level</item>
					</item>
				</item>
				<item>
					<item>Bathroom Information</item>
					<item>
						<item># of Baths (Full): 2</item>
						<item># of Baths (Total): 2.75</item>
						<item># of Baths (3/4): 1</item>
						<item># of Main Baths (Full): 2</item>
						<item># of Lower Baths (3/4): 1</item>
					</item>
				</item>
				<item>
					<item>Room Information</item>
					<item>
						<item>Kitchen with Eating Space on Main Level</item>
						<item>Living Room on Main Level</item>
						<item>Family Room on Main Level</item>
						<item>Recreation Room on Lower Level</item>
						<item>Utility Room on Main Level</item>
						<item>Fully Finished Basement</item>
					</item>
				</item>
				<item>
					<item>Interior Features</item>
					<item>
						<item>Double Pane/Storm Windows</item>
					</item>
				</item>
				<item>
					<item>Fireplace Information</item>
					<item>
						<item># of Fireplaces: 3</item>
						<item># of Fireplaces (Lower): 1</item>
						<item># of Fireplaces (Main): 2</item>
					</item>
				</item>
				<item>
					<item>Flooring Information</item>
					<item>
						<item>Hardwood Floor, Wall-to-Wall Carpet, Engineered Hardwood</item>
					</item>
				</item>
				<item>
					<item>Equipment</item>
					<item>
						<item>Dishwasher, Double Oven, Dryer, Garbage Disposal, Microwave, Range/Oven, Refrigerator, Washer</item>
					</item>
				</item>
				<item>
					<item>Heating &amp; Cooling</item>
					<item>
						<item>Forced Air Heating, Heat Pump</item>
						<item>Water Heater: Basement Closet-gas</item>
					</item>
				</item>
			</item>
		</item>
		<item>
			<item>Parking / Garage, Exterior Features, Multi-Unit Information, School / Neighborhood</item>
			<item>
				<item>
					<item>Parking Information</item>
					<item>
						<item># of Covered Spaces: 6</item>
						<item>Attached Garage, Detached Garage</item>
					</item>
				</item>
				<item>
					<item>Building Information</item>
					<item>
						<item>Building Condition: Good</item>
						<item>Built On Site</item>
						<item>Wood Exterior</item>
						<item>Poured Concrete Foundation</item>
						<item>Composition Roof</item>
						<item>Effective Year Built Source: Public Records</item>
					</item>
				</item>
				<item>
					<item>Community Information</item>
					<item>
						<item>Private Beach Access</item>
					</item>
				</item>
				<item>
					<item>School Information</item>
					<item>
						<item>Elementary School: Shorewood Elem</item>
						<item>Junior High School: Buyer To Verify</item>
						<item>Senior High School: Buyer To Verify</item>
						<item>School District: Highline</item>
					</item>
				</item>
			</item>
		</item>
		<item>
			<item>Utilities, Financing, Location Details</item>
			<item>
				<item>
					<item>Utility Information</item>
					<item>
						<item>Energy Source: Natural Gas</item>
						<item>Public Water Source</item>
						<item>Sewer Connected</item>
						<item>Power Company: Seattle City Lights</item>
						<item>Water Company: Seattle City</item>
						<item>Sewer Company: SW Suburban</item>
					</item>
				</item>
				<item>
					<item>Financial Information</item>
					<item>
						<item>Cash Out, Conventional, FHA Loan</item>
						<item>Annual Taxes: $6,616</item>
						<item>Tax Year: 2019</item>
						<item>No Senior Exemption</item>
					</item>
				</item>
				<item>
					<item>Location Information</item>
					<item>
						<item>Burien/Normandy Park</item>
					</item>
				</item>
			</item>
		</item>
		<item>
			<item>Property / Lot Details</item>
			<item>
				<item>
					<item>Property Features</item>
					<item>
						<item>Cable Television, Deck, Dog Run, Fully Fenced, Natural Gas Available, Outbuildings, RV Parking, Shop</item>
					</item>
				</item>
				<item>
					<item>Lot Information</item>
					<item>
						<item>Alley Adjacent to Lot, Lot Is On Paved Street</item>
					</item>
				</item>
				<item>
					<item>Property Information</item>
					<item>
						<item>Sq. Ft. (Finished): 2,890</item>
						<item>Entry on Main Level</item>
						<item>Preliminary Title Ordered: Yes</item>
						<item>Tax ID #: 1842000336</item>
					</item>
				</item>
			</item>
		</item>
		<item>
			<item>Listing Information</item>
			<item>
				<item>
					<item>Listing Information</item>
					<item>
						<item>Offers Reviewed on Receipt</item>
						<item>Possession: Closing</item>
					</item>
				</item>
				<item>
					<item>Buyer's Brokerage Compensation</item>
					<item>
						<item>2.5%</item>
					</item>
				</item>
			</item>
		</item>
	</property_details>
	<public_facts>
		<Beds>4</Beds>
		<Baths>1.75</Baths>
		<Finished_Sq._Ft.>1,840</Finished_Sq._Ft.>
		<Unfinished_Sq._Ft.>—</Unfinished_Sq._Ft.>
		<Total_Sq._Ft.>1,840</Total_Sq._Ft.>
		<Stories>1</Stories>
		<Lot_Size>0.28 Acres</Lot_Size>
		<Style>Single Family Residential</Style>
		<Year_Built>1953</Year_Built>
		<Year_Renovated>—</Year_Renovated>
		<County>King County</County>
		<APN>184200 0336</APN>
	</public_facts>
</home>
