<?xml version="1.0" ?>
<home>
	<HomeInfo_Address>
		<street-address>11810 26th Ave SW </street-address>
		<locality>Burien, </locality>
		<region>WA</region>
		<postal-code>98146</postal-code>
	</HomeInfo_Address>
	<main_stats>
		<Price>$674,999</Price>
		<Beds>3</Beds>
		<Baths>2</Baths>
		<key name="$377 / Sq. Ft.">1,790</key>
	</main_stats>
	<text_base_description>Meticulously maintained, newer construction home with vaulted ceilings, skylights and a wonderfully open and bright floorplan. Three spacious bedrooms includes a master suite w/ 5-piece master bathroom. Main living space is open to dining, living and kitchen with double doors inviting you out onto the patio and big backyard. Very private feeling lot with shop and extra parking. Fantastic location.  </text_base_description>
	<listed_by>
		<name>Troy Toulou</name>
		<org> • Century 21 Northwest </org>
	</listed_by>
	<price_insights>
		<List_Price>$674,999</List_Price>
		<Est._Mo._Payment>$3,149</Est._Mo._Payment>
		<Redfin_Estimate>$669,033</Redfin_Estimate>
		<key name="Price/Sq.Ft.">$377</key>
		<key name="Buyer's Brokerage Compensation">2.0%</key>
	</price_insights>
	<home_facts>
		<Status>Active</Status>
		<Time_on_Redfin>22 days</Time_on_Redfin>
		<Property_Type>Residential</Property_Type>
		<Year_Built>2016</Year_Built>
		<Style>1 Story, Contemporary</Style>
		<Community>Burien</Community>
		<Lot_Size>0.30 Acres</Lot_Size>
		<key name="MLS#">1657315</key>
	</home_facts>
	<property_details>
		<item>
			<item>Interior Features</item>
			<item>
				<item>
					<item>Bedroom Information</item>
					<item>
						<item># of Bedrooms (Main): 3</item>
						<item>Master Bedroom on Main Level</item>
					</item>
				</item>
				<item>
					<item>Bathroom Information</item>
					<item>
						<item># of Baths (Full): 2</item>
						<item># of Baths (Total): 2</item>
						<item># of Main Baths (Full): 2</item>
					</item>
				</item>
				<item>
					<item>Room Information</item>
					<item>
						<item>Kitchen with Eating Space on Main Level</item>
						<item>Dining Room on Main Level</item>
						<item>Utility Room on Main Level</item>
					</item>
				</item>
				<item>
					<item>Interior Features</item>
					<item>
						<item>Dining Room, Skylights, Vaulted Ceilings</item>
					</item>
				</item>
				<item>
					<item>Fireplace Information</item>
					<item>
						<item># of Fireplaces: 1</item>
						<item># of Fireplaces (Main): 1</item>
					</item>
				</item>
				<item>
					<item>Flooring Information</item>
					<item>
						<item>Laminate Floor, Wall-to-Wall Carpet</item>
					</item>
				</item>
				<item>
					<item>Equipment</item>
					<item>
						<item>Dishwasher, Range/Oven</item>
					</item>
				</item>
				<item>
					<item>Heating &amp; Cooling</item>
					<item>
						<item>Forced Air Heating</item>
						<item>Water Heater: Garage-Gas</item>
					</item>
				</item>
			</item>
		</item>
		<item>
			<item>Parking / Garage, Exterior Features, School / Neighborhood, Utilities</item>
			<item>
				<item>
					<item>Parking Information</item>
					<item>
						<item># of Covered Spaces: 2</item>
						<item>Attached Garage</item>
					</item>
				</item>
				<item>
					<item>Building Information</item>
					<item>
						<item>Building Condition: Good</item>
						<item>Built On Site</item>
						<item>Wood Products Exterior</item>
						<item>Poured Concrete Foundation</item>
						<item>Composition Roof</item>
						<item>Effective Year Built Source: Public Records</item>
					</item>
				</item>
				<item>
					<item>School Information</item>
					<item>
						<item>School District: Highline</item>
					</item>
				</item>
				<item>
					<item>Utility Information</item>
					<item>
						<item>Energy Source: Electric, Natural Gas</item>
						<item>Public Water Source</item>
						<item>Sewer Connected</item>
					</item>
				</item>
			</item>
		</item>
		<item>
			<item>Financing, Location Details</item>
			<item>
				<item>
					<item>Financial Information</item>
					<item>
						<item>Cash Out, Conventional, FHA Loan, VA</item>
						<item>Annual Taxes: $8,802</item>
						<item>Tax Year: 2019</item>
						<item>No Senior Exemption</item>
					</item>
				</item>
				<item>
					<item>Location Information</item>
					<item>
						<item>Burien/Normandy Park</item>
					</item>
				</item>
			</item>
		</item>
		<item>
			<item>Property / Lot Details</item>
			<item>
				<item>
					<item>Lot Information</item>
					<item>
						<item>Lot on Dead-End Street, Lot Is On Paved Street</item>
					</item>
				</item>
				<item>
					<item>Property Information</item>
					<item>
						<item>Sq. Ft. (Finished): 1,790</item>
						<item>Preliminary Title Ordered: Yes</item>
						<item>Tax ID #: 1223039298</item>
					</item>
				</item>
			</item>
		</item>
		<item>
			<item>Listing Information</item>
			<item>
				<item>
					<item>Listing Information</item>
					<item>
						<item>Offers Reviewed on Receipt</item>
						<item>Possession: Closing</item>
					</item>
				</item>
				<item>
					<item>Buyer's Brokerage Compensation</item>
					<item>
						<item>2.0%</item>
					</item>
				</item>
			</item>
		</item>
	</property_details>
	<public_facts>
		<Beds>3</Beds>
		<Baths>2</Baths>
		<Finished_Sq._Ft.>1,790</Finished_Sq._Ft.>
		<Unfinished_Sq._Ft.>—</Unfinished_Sq._Ft.>
		<Total_Sq._Ft.>1,790</Total_Sq._Ft.>
		<Stories>1</Stories>
		<Lot_Size>0.30 Acres</Lot_Size>
		<Style>Single Family Residential</Style>
		<Year_Built>2016</Year_Built>
		<Year_Renovated>—</Year_Renovated>
		<County>King County</County>
		<APN>122303 9298</APN>
	</public_facts>
</home>
