<?xml version="1.0" ?>
<home>
	<HomeInfo_Address>
		<street-address>7403 Sunset Heights Cir Unit F-11 </street-address>
		<locality>Austin, </locality>
		<region>TX</region>
		<postal-code>78735</postal-code>
	</HomeInfo_Address>
	<main_stats>
		<Price>$407,000</Price>
		<Beds>3</Beds>
		<Baths>2.5</Baths>
		<key name="$179 / Sq. Ft.">2,276</key>
	</main_stats>
	<text_base_description>Check the Showing Information for the main Gate Code. Beautiful free-standing condo offering an open floor plan in a quiet gated community. Open kitchen with granite counter tops and large breakfast bar. MBR features a bonus sitting area and large walk-in closet. Community pool, playground, and Google Fiber.  </text_base_description>
	<listed_by>
		<name>Bob Wolk</name>
		<agentLicenseDisplay>•TREC #0474198</agentLicenseDisplay>
		<org>•TREC #0474198</org>
	</listed_by>
	<price_insights>
		<List_Price>$407,000</List_Price>
		<Est._Mo._Payment>$2,349</Est._Mo._Payment>
		<key name="Price/Sq.Ft.">$179</key>
	</price_insights>
	<home_facts>
		<Status>Active</Status>
		<Time_on_Redfin>6 days</Time_on_Redfin>
		<Property_Type>Residential, Single Family Residence</Property_Type>
		<HOA_Dues>$130/month</HOA_Dues>
		<Year_Built>2011</Year_Built>
		<Community>Aviara Condo</Community>
		<Lot_Size>0.29 Acres</Lot_Size>
		<key name="MLS#">8477674</key>
	</home_facts>
	<property_details>
		<item>
			<item>Interior Features</item>
			<item>
				<item>
					<item>Bathroom Information</item>
					<item>
						<item># of Full Bathrooms: 2</item>
						<item># of Half Bathrooms: 1</item>
					</item>
				</item>
				<item>
					<item>Room 1 Information</item>
					<item>
						<item>Kitchen</item>
						<item>Features: Breakfast Bar, Breakfast Area, Dining Area, Granite Counters, Kitchen Island, Kitchen/Family Room Combo, Recessed Lighting</item>
						<item>Level: Main</item>
					</item>
				</item>
				<item>
					<item>Room 2 Information</item>
					<item>
						<item>Master Bathroom</item>
						<item>Features: Double Vanity, Garden Tub/Roman Tub, Separate Shower</item>
						<item>Level: Second</item>
					</item>
				</item>
				<item>
					<item>Room 3 Information</item>
					<item>
						<item>Master Bedroom</item>
						<item>Features: Walk-In Closet(s)</item>
						<item>Level: Second</item>
					</item>
				</item>
				<item>
					<item>Laundry Information</item>
					<item>
						<item>Features: Washer Hookup</item>
					</item>
				</item>
				<item>
					<item>Equipment</item>
					<item>
						<item>Appliances: Dishwasher, Exhaust Fan, Free-Standing Gas Oven, Disposal, Gas Range, Gas Water Heater, Microwave, Refrigerator</item>
					</item>
				</item>
				<item>
					<item>Interior Features</item>
					<item>
						<item>Flooring: Carpet, Tile</item>
						<item>Other Features: Breakfast Bar, Double Vanity, Kitchen Island, Open Floorplan, Pantry, Recessed Lighting, Walk-In Closet(s)</item>
					</item>
				</item>
			</item>
		</item>
		<item>
			<item>Parking / Garage</item>
			<item>
				<item>
					<item>Garage/Carport Information</item>
					<item>
						<item>Has Garage</item>
						<item>Has Attached Garage</item>
						<item># of Garage Spaces: 2</item>
					</item>
				</item>
				<item>
					<item>Parking</item>
					<item>
						<item>Features: Attached, Garage Faces Front, Garage, One Car Garage, Garage Door Opener</item>
						<item># of Parking (Total): 2</item>
						<item># of Covered Spaces: 2</item>
					</item>
				</item>
			</item>
		</item>
		<item>
			<item>Exterior Features</item>
			<item>
				<item>
					<item>Building Information</item>
					<item>
						<item>Year Built Source: Public Records</item>
						<item>Roof Details: Composition</item>
						<item>Construction Details: Frame, Stone Veneer, Stucco</item>
					</item>
				</item>
				<item>
					<item>Exterior Features</item>
					<item>
						<item>Patio And Porch Features: Rear Porch, Patio</item>
						<item>Security Features: Smoke Detector(s), Controlled Access</item>
						<item>Fencing: Partial, Wrought Iron, Wire</item>
					</item>
				</item>
				<item>
					<item>Pool Information</item>
					<item>
						<item>Pool Features: Community</item>
					</item>
				</item>
			</item>
		</item>
		<item>
			<item>Homeowners Association, School / Neighborhood, Location Details</item>
			<item>
				<item>
					<item>HOA Information</item>
					<item>
						<item>Has Home Owners Association</item>
						<item>Association Name: Aviara HOA</item>
						<item>Association Fee: $130</item>
						<item>Monthly</item>
						<item>Association Fee Includes: Maintenance Grounds</item>
					</item>
				</item>
				<item>
					<item>School</item>
					<item>
						<item>Elementary School District: Austin ISD</item>
						<item>Middle Or Junior School District: Austin ISD</item>
						<item>High School District: Austin ISD</item>
						<item>Elementary School: Oak Hill</item>
						<item>Middle Or Junior School: Small,</item>
						<item>High School: Austin,</item>
					</item>
				</item>
				<item>
					<item>Community Information</item>
					<item>
						<item>Community Features: Barbecue, Common Grounds/Area, Community Mailbox, Gated, Playground, Pool, Sidewalks</item>
					</item>
				</item>
			</item>
		</item>
		<item>
			<item>Utilities</item>
			<item>
				<item>
					<item>Utility Information</item>
					<item>
						<item>Utilities: Electricity Connected, Natural Gas Connected, Sewer Connected, Water Connected, Underground Utilities</item>
						<item>Sewer: Public Sewer</item>
						<item>Water Source: Public</item>
					</item>
				</item>
				<item>
					<item>Heating &amp; Cooling</item>
					<item>
						<item>Has Cooling</item>
						<item>Cooling: Central Air, Ceiling Fan(s), Electric</item>
						<item>Has Heating</item>
						<item>Heating: Central, Natural Gas</item>
					</item>
				</item>
			</item>
		</item>
		<item>
			<item>Taxes / Assessments</item>
			<item>
				<item>
					<item>Assessment</item>
					<item>
						<item>Assessed Value: $377,002</item>
					</item>
				</item>
				<item>
					<item>Tax Information</item>
					<item>
						<item>Annual Amount: $7,275</item>
						<item>Tax Year: 2020</item>
					</item>
				</item>
			</item>
		</item>
		<item>
			<item>Property / Lot Details</item>
			<item>
				<item>
					<item>Lot Information</item>
					<item>
						<item>Lot Size Area: 0.29</item>
						<item>Lot Size Acres: 0.29</item>
						<item>Lot Features: Back Yard, Interior Lot, Sprinklers Automatic</item>
					</item>
				</item>
				<item>
					<item>Property Information</item>
					<item>
						<item>Direction Faces: West</item>
						<item>Foundation Details: Slab</item>
						<item>Resale</item>
					</item>
				</item>
			</item>
		</item>
	</property_details>
	<public_facts>
		<Beds>—</Beds>
		<Baths>3</Baths>
		<Finished_Sq._Ft.>2,276</Finished_Sq._Ft.>
		<Unfinished_Sq._Ft.>—</Unfinished_Sq._Ft.>
		<Total_Sq._Ft.>2,276</Total_Sq._Ft.>
		<Stories>2</Stories>
		<Lot_Size>—</Lot_Size>
		<Style>Condo/Co-op</Style>
		<Year_Built>2011</Year_Built>
		<Year_Renovated>—</Year_Renovated>
		<County>Travis County</County>
		<APN>810730</APN>
	</public_facts>
</home>
