<?xml version="1.0" ?>
<home>
	<HomeInfo_Address>
		<street-address>1856 Franklin St #8 </street-address>
		<locality>San Francisco, </locality>
		<region>CA</region>
		<postal-code>94109</postal-code>
	</HomeInfo_Address>
	<main_stats>
		<Price>$799,000</Price>
		<Bed>1</Bed>
		<Bath>1</Bath>
		<key name="$1111 / Sq. Ft.">719</key>
	</main_stats>
	<text_base_description>Prime Pacific Heights Location! 1BR+/1BA residence with large Den/Guest Room/Home Office and 1-car parking! Fully-remodeled in 2012, this move-in ready home features fresh paint, hardwood flooring throughout, an open plan living/dining/kitchen, in-unit laundry, and double pane windows. Enjoy privacy, quiet, and no stairs at the back inside corner of this charming, 8-unit, 1914 mid-rise TIC building. This is a must-see offering for Pac Heights aficionados with Lafayette Park, Fillmore Street, Whole Foods, public transportation and tech shuttles all within easy reach. HOA dues are only $377/month! </text_base_description>
	<listed_by>
		<name>Thomas Baumgartner</name>
		<agentLicenseDisplay>•DRE #01386089</agentLicenseDisplay>
		<listed_by_page>/real-estate-agents/tom-baumgartner</listed_by_page>
	</listed_by>
	<price_insights>
		<List_Price>$799,000</List_Price>
		<Est._Mo._Payment>$3,672</Est._Mo._Payment>
		<Redfin_Estimate>$798,031</Redfin_Estimate>
		<key name="Price/Sq.Ft.">$1,111</key>
		<key name="Buyer's Brokerage Compensation">2.5%</key>
	</price_insights>
	<home_facts>
		<Status>Active</Status>
		<Time_on_Redfin>6 days</Time_on_Redfin>
		<Property_Type>Full, Mid-Rise (4-8), Ground Floor, End Unit, 1 Level, Tenancy In Common</Property_Type>
		<HOA_Dues>$377/month</HOA_Dues>
		<Year_Built>1914</Year_Built>
		<Style>Traditional</Style>
		<Community>Pacific Heights</Community>
		<key name="MLS#">506314</key>
	</home_facts>
	<property_details>
		<item>
			<item>Virtual Tour, Parking / Garage, Multi-Unit Information, Homeowners Association</item>
			<item>
				<item>
					<item>Virtual Tour</item>
					<item>
						<item>Virtual Tour (External Link)</item>
						<item>Virtual Media: 1</item>
					</item>
				</item>
				<item>
					<item>Parking Information</item>
					<item>
						<item># of Spaces: 1</item>
						<item># of Garage Spaces: 1</item>
						<item>On-Site Parking Mapped</item>
						<item>Parking Access: Tandem</item>
						<item>Monthly Parking Fees: 0.00</item>
						<item>Parking Features: Interior Access, Automatic Door, Garage</item>
					</item>
				</item>
				<item>
					<item>Community Features</item>
					<item>
						<item>Transportation: 1 Block Away</item>
						<item>Shopping: 1 Block Away</item>
					</item>
				</item>
				<item>
					<item>Homeowners Association Information</item>
					<item>
						<item>HOA Fee Includes: Water, Garbage, Ext Bldg Maintenance, Homeowners Insurance</item>
						<item>Has Homeowners Association</item>
						<item>Dues: $377</item>
						<item>Dues Paid: Monthly</item>
					</item>
				</item>
			</item>
		</item>
		<item>
			<item>Interior Features</item>
			<item>
				<item>
					<item>Bedroom Information</item>
					<item>
						<item># of Bedrooms: 1</item>
					</item>
				</item>
				<item>
					<item>Bathroom Information</item>
					<item>
						<item>Bath Type/Includes: Shower Over Tub</item>
						<item># of Baths: 1</item>
					</item>
				</item>
				<item>
					<item>Dining Room Information</item>
					<item>
						<item>Dining Room: Living/Dining Room Combo</item>
					</item>
				</item>
				<item>
					<item>Additional Rooms</item>
					<item>
						<item>Other Room(s): Den/Study</item>
						<item>Den/Bonus Room: 0</item>
					</item>
				</item>
				<item>
					<item>Laundry Information</item>
					<item>
						<item>Washer/Dryer, In Closet</item>
					</item>
				</item>
				<item>
					<item>Floor Information</item>
					<item>
						<item>Hardwood, Tile</item>
					</item>
				</item>
				<item>
					<item>Kitchen Features</item>
					<item>
						<item>Kitchen: Electric Range, Hood Over Range, Refrigerator, Freezer, Dishwasher, Garbage Disposal, Corian Counter, Remodeled</item>
					</item>
				</item>
				<item>
					<item>Interior Features</item>
					<item>
						<item>Main Level: 2 Bedrooms, 1 Bath, Living Room, Kitchen</item>
						<item># of Rooms: 3</item>
						<item>Intercom</item>
					</item>
				</item>
				<item>
					<item>Heating &amp; Cooling</item>
					<item>
						<item>Electric, Baseboard Heaters</item>
					</item>
				</item>
			</item>
		</item>
		<item>
			<item>Exterior Features</item>
			<item>
				<item>
					<item>Building Information</item>
					<item>
						<item>Concrete Block Foundation</item>
					</item>
				</item>
				<item>
					<item>Exterior Features</item>
					<item>
						<item>Exterior: Stucco</item>
						<item>Additional Storage</item>
					</item>
				</item>
			</item>
		</item>
		<item>
			<item>Property / Lot Details, Location Details</item>
			<item>
				<item>
					<item>Property Information</item>
					<item>
						<item>Style: Traditional</item>
						<item>Type: Full, Mid-Rise (4-8), Ground Floor, End Unit, 1 Level</item>
						<item># of Units: 8</item>
						<item>Floor #: 1</item>
						<item>Condo Map</item>
						<item>APN: 0623-007C</item>
						<item>Tenancy In Common Agreement</item>
						<item>Special Features: Intercom</item>
						<item>Property Disclaimer: Copyright: 2020 by San Francisco Assoc of REALTORS - All data, including all measurements and calculations of area, is obtained from various sources and has not been, and will not be, verified by broker or MLS. All information should be independently reviewed and verified for accuracy. Properties may or may not be listed by the office/agent presenting the information.</item>
					</item>
				</item>
				<item>
					<item>Location Information</item>
					<item>
						<item>Cross Street: Clay Street</item>
					</item>
				</item>
			</item>
		</item>
		<item>
			<item>Documents &amp; Disclosures</item>
			<item>
				<item>
					<item>Restrictions</item>
					<item>
						<item>Pet Size Restrictions, Limited Number of Pets</item>
					</item>
				</item>
				<item>
					<item>Documents &amp; Disclosures</item>
					<item>
						<item>Documents/Disclosure: Disclosure Pkg Avail</item>
					</item>
				</item>
			</item>
		</item>
		<item>
			<item>Listing Information</item>
			<item>
				<item>
					<item>Listing Information</item>
					<item>
						<item>Original Price: $799,000</item>
						<item>On Market Date: Thursday, September 17, 2020</item>
						<item>Transfer of Possession: Close of Escrow</item>
					</item>
				</item>
				<item>
					<item>Buyer's Brokerage Compensation</item>
					<item>
						<item>2.5%</item>
					</item>
				</item>
			</item>
		</item>
	</property_details>
	<public_facts>
		<Beds>—</Beds>
		<Baths>—</Baths>
		<Finished_Sq._Ft.>—</Finished_Sq._Ft.>
		<Unfinished_Sq._Ft.>—</Unfinished_Sq._Ft.>
		<Total_Sq._Ft.>—</Total_Sq._Ft.>
		<Stories>—</Stories>
		<Lot_Size>—</Lot_Size>
		<Style>Condo/Co-op</Style>
		<Year_Built>—</Year_Built>
		<Year_Renovated>—</Year_Renovated>
		<County>San Francisco County</County>
		<APN>—</APN>
	</public_facts>
</home>
