<?xml version="1.0" ?>
<home>
	<HomeInfo_Address>
		<street-address>13229 12th Ave SW #223 </street-address>
		<locality>Burien, </locality>
		<region>WA</region>
		<postal-code>98146</postal-code>
	</HomeInfo_Address>
	<main_stats>
		<Price>$359,999</Price>
		<Beds>2</Beds>
		<Baths>2</Baths>
		<key name="$348 / Sq. Ft.">1,034</key>
	</main_stats>
	<text_base_description>View Seahurst/Sound Vista Condo!  1 of 4 view condos in this development, also in street-level building steps from pool, sauna, community room!  2BD 2BTH unit includes master suite with great closet space. 2 parking spaces plus approx. 8'x10' storage space!  Living room features deck for sunsets over the Sound and Olympics. Rare condo with utility room/pantry near kitchen. Sound Vista features link to Seahurst Park via trail. .. walk the beach daily!  Thanks for looking.  </text_base_description>
	<listed_by>
		<name>Matt Parker</name>
		<org> • Keller Williams Realty PS </org>
	</listed_by>
	<price_insights>
		<List_Price>$359,999</List_Price>
		<Est._Mo._Payment>$1,573</Est._Mo._Payment>
		<Redfin_Estimate>$354,438</Redfin_Estimate>
		<key name="Price/Sq.Ft.">$348</key>
		<key name="Buyer's Brokerage Compensation">2.5%</key>
	</price_insights>
	<home_facts>
		<Status>Active</Status>
		<Time_on_Redfin>44 days</Time_on_Redfin>
		<Property_Type>Condominium</Property_Type>
		<HOA_Dues>$423/month</HOA_Dues>
		<Year_Built>1982</Year_Built>
		<Style>Condominium (Single Level)</Style>
		<Community>Seahurst</Community>
		<key name="MLS#">1643505</key>
	</home_facts>
	<property_details>
		<item>
			<item>Interior Features</item>
			<item>
				<item>
					<item>Bedroom Information</item>
					<item>
						<item># of Bedrooms (Main): 2</item>
						<item>Master Bedroom on Main Level</item>
					</item>
				</item>
				<item>
					<item>Bathroom Information</item>
					<item>
						<item># of Baths (Full): 2</item>
						<item># of Baths (Total): 2</item>
						<item># of Main Baths (Full): 2</item>
					</item>
				</item>
				<item>
					<item>Room Information</item>
					<item>
						<item>Kitchen without Eating Space on Main Level</item>
						<item>Dining Room on Main Level</item>
						<item>Living Room on Main Level</item>
						<item>Utility Room on Main Level</item>
					</item>
				</item>
				<item>
					<item>Interior Features</item>
					<item>
						<item>Window Coverings: Yes</item>
					</item>
				</item>
				<item>
					<item>Fireplace Information</item>
					<item>
						<item># of Fireplaces: 1</item>
						<item># of Fireplaces (Main): 1</item>
					</item>
				</item>
				<item>
					<item>Flooring Information</item>
					<item>
						<item>Ceramic Tile Floor, Vinyl Floor, Wall-to-Wall Carpet</item>
					</item>
				</item>
				<item>
					<item>Equipment</item>
					<item>
						<item>Dishwasher, Dryer, Garbage Disposal, Microwave, Range/Oven, Refrigerator, Washer</item>
						<item>Electric Range/Oven Hookup, Electric Dryer Hookup, Washer Hookup</item>
					</item>
				</item>
				<item>
					<item>Heating &amp; Cooling</item>
					<item>
						<item>Baseboard Heat</item>
						<item>Water Heater: Laundry Room-Electric</item>
					</item>
				</item>
			</item>
		</item>
		<item>
			<item>Parking / Garage, Exterior Features, Multi-Unit Information, Homeowners Association</item>
			<item>
				<item>
					<item>Parking Information</item>
					<item>
						<item># of Assigned Spaces: 2</item>
						<item>Parking Space Number: 4, 36</item>
						<item>Carport, Uncovered</item>
					</item>
				</item>
				<item>
					<item>Building Information</item>
					<item>
						<item># of Units: 9</item>
						<item>Cement Planked Exterior, Stucco Exterior, Wood Exterior</item>
						<item>Composition Roof</item>
						<item>Storage Number: 223</item>
						<item>Storage Location: Ground Parking Level #223</item>
					</item>
				</item>
				<item>
					<item>Community Information</item>
					<item>
						<item># of Units in Complex: 118</item>
						<item>Cable Television, Club House, Game/Recreation Room, High Speed Internet Available, Hot Tub, Outdoor Pool, Sauna, Trails</item>
						<item>No Pet Restrictions</item>
					</item>
				</item>
				<item>
					<item>Homeowners Association Information</item>
					<item>
						<item>Dues: $423</item>
						<item>Includes Cable TV, Includes Earthquake Insurance, Includes Garbage, Includes Water/Sewer, Common Area Maintenance, Lawn Service</item>
					</item>
				</item>
			</item>
		</item>
		<item>
			<item>School / Neighborhood, Utilities, Financing, Location Details</item>
			<item>
				<item>
					<item>School Information</item>
					<item>
						<item>School District: Highline</item>
					</item>
				</item>
				<item>
					<item>Utility Information</item>
					<item>
						<item>Energy Source: Electric, Wood</item>
					</item>
				</item>
				<item>
					<item>Financial Information</item>
					<item>
						<item>Cash Out, Conventional</item>
						<item>Annual Taxes: $3,416</item>
						<item>Tax Year: 2020</item>
						<item>No Senior Exemption</item>
					</item>
				</item>
				<item>
					<item>Location Information</item>
					<item>
						<item>Burien/Normandy Park</item>
						<item>Near Busline</item>
					</item>
				</item>
			</item>
		</item>
		<item>
			<item>Property / Lot Details</item>
			<item>
				<item>
					<item>Property Features</item>
					<item>
						<item>Alarm System, Balcony/Deck/Patio, End Unit, Ground Floor, Insulated Windows, Master Bath, Walk-In Closet</item>
					</item>
				</item>
				<item>
					<item>Lot Information</item>
					<item>
						<item>Curbed Lot, Lot Is On Paved Street</item>
					</item>
				</item>
				<item>
					<item>Property Information</item>
					<item>
						<item>Entry on Main Level</item>
						<item>Preliminary Title Ordered: Yes</item>
						<item>Tax ID #: 7873300140</item>
						<item>Plat/Subdivision: Sound Vista</item>
					</item>
				</item>
			</item>
		</item>
		<item>
			<item>Listing Information</item>
			<item>
				<item>
					<item>Listing Information</item>
					<item>
						<item>Offers Reviewed on Receipt</item>
						<item>Possession: Closing</item>
					</item>
				</item>
				<item>
					<item>Buyer's Brokerage Compensation</item>
					<item>
						<item>2.5%</item>
					</item>
				</item>
			</item>
		</item>
	</property_details>
	<public_facts>
		<Beds>2</Beds>
		<Baths>2</Baths>
		<Finished_Sq._Ft.>1,034</Finished_Sq._Ft.>
		<Unfinished_Sq._Ft.>—</Unfinished_Sq._Ft.>
		<Total_Sq._Ft.>1,034</Total_Sq._Ft.>
		<Stories>3</Stories>
		<Lot_Size>—</Lot_Size>
		<Style>Condo/Co-op</Style>
		<Year_Built>1982</Year_Built>
		<Year_Renovated>1982</Year_Renovated>
		<County>King County</County>
		<APN>787330014004</APN>
	</public_facts>
</home>
