<?xml version="1.0" ?>
<home>
	<HomeInfo_Address>
		<street-address>13 West 13th St Unit 1CS </street-address>
		<locality>NewYork, </locality>
		<region>NY</region>
		<postal-code>10011</postal-code>
	</HomeInfo_Address>
	<main_stats>
		<Price>$575,000</Price>
		<Bed>1</Bed>
		<Bath>1</Bath>
		<key name="$1045 / Sq. Ft.">550</key>
	</main_stats>
	<text_base_description>A very smart apartment, right in the heart of Greenwich Village between Fifth and Sixth Avenues and a block below Union Square. The perfect pied-a-terre or a full-time residence. Originally an alcove studio, now frosted glass sliding doors separate the bedroom privately from the generously-sized living area with plenty of room for dining as well as desk/work area. Very smartly renovated, with built-ins and 10-foot ceilings and steel construction (first floor and basement only in this building). Compact but all-inclusive kitchen has a double Fisher-Paykel dishwasher and Fisher-Paykel fridge; three closets and storage space above the entrance to the bright, sparkling bathroom. Pet-friendly. Nowadays very desirable first floor apartment:- no need to use an elevator, just walk off the street past the doorman into your home. Within very short walking distance to everything: ideally located midway between the West and East Villages and north and south to Soho and the Flatiron. This is also within a few blocks of where all the major subway systems in the city converge. Building lobby has a recent renovation and part-time doormen, with live-in super. Some furniture can stay if desired. Make this your little love nest or just your personal refuge. Broker is owner. </text_base_description>
	<listed_by>
		<name>Lawrence O'Toole</name>
		<org> • Lawrence O'Toole Realty LLC </org>
	</listed_by>
	<price_insights>
		<List_Price>$575,000</List_Price>
		<Est._Mo._Payment>$2,934</Est._Mo._Payment>
		<key name="Price/Sq.Ft.">$1,045</key>
	</price_insights>
	<home_facts>
		<Status>Active</Status>
		<Time_on_Redfin>4 hours</Time_on_Redfin>
		<HOA_Dues>$1,268/month</HOA_Dues>
		<Year_Built>1962</Year_Built>
		<Style>Other</Style>
		<Community>13 W 13 Apt Corp</Community>
		<key name="MLS#">H6072254</key>
	</home_facts>
	<property_details>
		<item>
			<item>Interior Features</item>
			<item>
				<item>
					<item>Bathroom Information</item>
					<item>
						<item># of Bathrooms (Full): 1</item>
						<item># of Bathrooms (1/2): 0</item>
					</item>
				</item>
				<item>
					<item>Bedroom Information</item>
					<item>
						<item># of Bedrooms: 1</item>
					</item>
				</item>
				<item>
					<item>Interior Features</item>
					<item>
						<item>Pets Allowed: Call</item>
					</item>
				</item>
				<item>
					<item>Room Information</item>
					<item>
						<item># of Rooms: 4</item>
					</item>
				</item>
			</item>
		</item>
		<item>
			<item>Parking / Garage, Exterior Features, Homeowners Association, Location Details</item>
			<item>
				<item>
					<item>Parking / Garage Information</item>
					<item>
						<item>Has Garage: Yes</item>
						<item>Has Attached Garage: No</item>
						<item>Parking Features: Garage</item>
						<item>Has Open Parking: No</item>
					</item>
				</item>
				<item>
					<item>Exterior Features</item>
					<item>
						<item>Allows Horses: No</item>
						<item>Has Private Pool: No</item>
						<item>Has Spa: No</item>
					</item>
				</item>
				<item>
					<item>HOA Information</item>
					<item>
						<item>2nd Association Fee: 1268</item>
						<item>2nd Association Fee Frequency: Monthly</item>
						<item>Additional Fees: No</item>
					</item>
				</item>
				<item>
					<item>Location Details</item>
					<item>
						<item>Village: None</item>
						<item>Man NY Location: Downtown</item>
						<item>Man NY Neighborhood: Greenwich Village</item>
					</item>
				</item>
			</item>
		</item>
		<item>
			<item>Utilities</item>
			<item>
				<item>
					<item>Utility Information</item>
					<item>
						<item>Hot Water: Fuel Oil Stand Alone</item>
						<item>Sewer: Public Sewer</item>
					</item>
				</item>
				<item>
					<item>Heating &amp; Cooling</item>
					<item>
						<item>Has Cooling: Yes</item>
						<item>Cooling: Window Unit(s)</item>
						<item>Heating: Oil, Steam</item>
					</item>
				</item>
			</item>
		</item>
		<item>
			<item>Property / Lot Details</item>
			<item>
				<item>
					<item>Land Information</item>
					<item>
						<item>Water Source: Public</item>
					</item>
				</item>
				<item>
					<item>Property Information</item>
					<item>
						<item>Property Type: Residential</item>
						<item>Property Sub Type: Stock Cooperative</item>
						<item>New Construction: No</item>
						<item>Year Built: 1962</item>
						<item>Subdivision Name: 13 W 13 Apt Corp</item>
						<item>Living Area: 550</item>
						<item>Living Area Units: Square Feet</item>
						<item>Square Footage: 550</item>
						<item>Square Footage Source: Other</item>
					</item>
				</item>
			</item>
		</item>
		<item>
			<item>Community Information, Subdivision / Building, Agent &amp; Office Information</item>
			<item>
				<item>
					<item>Community Information</item>
					<item>
						<item>Senior Community: No</item>
					</item>
				</item>
				<item>
					<item>Building Information</item>
					<item>
						<item>Building Area Units: Square Feet</item>
					</item>
				</item>
				<item>
					<item>Information For Agents</item>
					<item>
						<item>Syndication Remarks: A very smart apartment, right in the heart of Greenwich Village between Fifth and Sixth Avenues and a block below Union Square. The perfect pied-a-terre or a full-time residence. Originally an alcove studio, now frosted glass sliding doors separate the bedroom privately from the generously-sized living area with plenty of room for dining as well as desk/work area. Very smartly renovated, with built-ins and 10-foot ceilings and steel construction (first floor and basement only in this building). Compact but all-inclusive kitchen has a double Fisher-Paykel dishwasher and Fisher-Paykel fridge; three closets and storage space above the entrance to the bright, sparkling bathroom. Pet-friendly. Nowadays very desirable first floor apartment:- no need to use an elevator, just walk off the street past the doorman into your home. Within very short walking distance to everything: ideally located midway between the West and East Villages and north and south to Soho and the Flatiron. This is also within a few blocks of where all the major subway systems in the city converge. Building lobby has a recent renovation and part-time doormen, with live-in super. Some furniture can stay if desired. Make this your little love nest or just your personal refuge. Broker is owner.</item>
					</item>
				</item>
			</item>
		</item>
	</property_details>
	<public_facts>
		<Beds>—</Beds>
		<Baths>—</Baths>
		<Finished_Sq._Ft.>—</Finished_Sq._Ft.>
		<Unfinished_Sq._Ft.>—</Unfinished_Sq._Ft.>
		<Total_Sq._Ft.>—</Total_Sq._Ft.>
		<Stories>—</Stories>
		<Lot_Size>—</Lot_Size>
		<Style>Condo/Co-op</Style>
		<Year_Built>—</Year_Built>
		<Year_Renovated>—</Year_Renovated>
		<County>New York County</County>
		<APN>057700300001300000001C</APN>
	</public_facts>
</home>
