<?xml version="1.0" ?>
<home>
	<HomeInfo_Address>
		<street-address>8115 Mulholland Ter </street-address>
		<locality>Los Angeles, </locality>
		<region>CA</region>
		<postal-code>90046</postal-code>
	</HomeInfo_Address>
	<main_stats>
		<Price>$8,000,000</Price>
		<Beds>6</Beds>
		<Baths>7.5</Baths>
		<key name="$1059 / Sq. Ft.">7,555</key>
	</main_stats>
	<text_base_description>Stunning private, gated estate set on over half an acre of land with expansive city  &amp;  mountain views. Near the coveted Fryman Estates hiking trails, and just 2 miles from world famous Sunset Strip shopping  &amp;  dining. This luxurious resort like estate was once home to Hollywood icon Mickey Rooney. The traditional 6 bed/8bath main house is complimented by a two-story English brick guesthouse and two-story gym  &amp;  spa. A dramatic open floor plan ties together the main living spaces including a living room w/ home theater, formal living area, dining room and kitchen that all open to the outdoors, bringing the inside out. A gourmet chef's kitchen includes Carrera marble counters  &amp;  top of the line appliances. Luxurious master retreat includes large private terrace w/ stunning city views, fireplace, walk-in steam shower  &amp;  spa tub. Grounds feature a pool, spa, massage area, steam room  &amp;  sauna, full gym, Koi pond, outdoor fire pits, waterfall, outdoor kitchen w/ full bar  &amp;  wood-fire pizza oven.  </text_base_description>
	<listed_by>
		<name>Rayni Williams</name>
		<agentLicenseDisplay>•DRE #01496786</agentLicenseDisplay>
		<org>•DRE #01496786</org>
	</listed_by>
	<price_insights>
		<List_Price>$8,000,000</List_Price>
		<Est._Mo._Payment>$37,099</Est._Mo._Payment>
		<Redfin_Estimate>$7,293,914</Redfin_Estimate>
		<key name="Price/Sq.Ft.">$1,059</key>
	</price_insights>
	<home_facts>
		<Status>Active</Status>
		<Time_on_Redfin>31 hours</Time_on_Redfin>
		<Property_Type>Single Family, Residential Single-Family</Property_Type>
		<Year_Built>1950</Year_Built>
		<Style>Traditional</Style>
		<Community>Sunset Strip - Hollywood Hills West</Community>
		<Lot_Size>0.78 Acres</Lot_Size>
		<key name="MLS#">20-635750</key>
	</home_facts>
	<property_details>
		<item>
			<item>Interior Features</item>
			<item>
				<item>
					<item>Bathroom Information</item>
					<item>
						<item># of Baths (Full): 7</item>
						<item># of Baths (1/2): 1</item>
					</item>
				</item>
				<item>
					<item>Laundry Information</item>
					<item>
						<item>Laundry Area</item>
					</item>
				</item>
				<item>
					<item>Additional Rooms</item>
					<item>
						<item>Dining Room</item>
						<item>Family Room</item>
						<item>Den</item>
						<item>Bar Room, Breakfast Area, Den, Dining Room, Family Room, Formal Entry Room, Guest House, Guest-Maids Quarters, Gym, Home Theatre, Living Room, Master Bedroom, Patio Covered, Patio Open, Powder Room, Sauna, Separate Maids Qtrs, Walk-In Closet</item>
						<item>Maids Room</item>
					</item>
				</item>
				<item>
					<item>Fireplace Information</item>
					<item>
						<item>In Dining Area, Fire Pit, In Guest House, In Master Bedroom</item>
					</item>
				</item>
				<item>
					<item>Flooring Information</item>
					<item>
						<item>Hardwood Floors</item>
					</item>
				</item>
				<item>
					<item>Equipment</item>
					<item>
						<item>Alarm System, Barbeque, Bar Ice Maker, Built-Ins, Ceiling Fan, Dishwasher, Dryer, Freezer, Garbage Disposal, Hood Fan, Network Wire, Range/Oven, Refrigerator, Washer</item>
					</item>
				</item>
				<item>
					<item>Heating &amp; Cooling</item>
					<item>
						<item>Central Cooling, A/C, Multi/Zone Cooling</item>
						<item>Central Heat</item>
					</item>
				</item>
			</item>
		</item>
		<item>
			<item>Parking / Garage, Taxes / Assessments, Location Details, Documents &amp; Disclosures</item>
			<item>
				<item>
					<item>Garage</item>
					<item>
						<item>Driveway, Garage, Private</item>
					</item>
				</item>
				<item>
					<item>Assessment Information</item>
					<item>
						<item>Assessor Parcel Number: 2381-029-013</item>
					</item>
				</item>
				<item>
					<item>Location Information</item>
					<item>
						<item>Directions: From Sunset, up Laurel Canyon to Mulholland to Mulholland Terrace.</item>
					</item>
				</item>
				<item>
					<item>Documents &amp; Disclosures</item>
					<item>
						<item>Disclosures: As Is</item>
					</item>
				</item>
			</item>
		</item>
		<item>
			<item>Exterior Features</item>
			<item>
				<item>
					<item>Building Information</item>
					<item>
						<item>Total Floors: 2</item>
						<item>Detached</item>
						<item>Detached/No Common Walls</item>
					</item>
				</item>
				<item>
					<item>Pool Information</item>
					<item>
						<item>In Ground Pool, Waterfall Pool, Private Pool</item>
						<item>In Ground Spa, Private Spa</item>
					</item>
				</item>
			</item>
		</item>
		<item>
			<item>Property / Lot Details</item>
			<item>
				<item>
					<item>Property Information</item>
					<item>
						<item>Property Type: Residential Single-Family</item>
					</item>
				</item>
				<item>
					<item>Land Information</item>
					<item>
						<item>Other Structures: Pool House</item>
					</item>
				</item>
				<item>
					<item>Lot Information</item>
					<item>
						<item>Lot Size (Sq. Ft.): 33,821</item>
						<item>Zoning: LARE40</item>
					</item>
				</item>
				<item>
					<item>Property Features</item>
					<item>
						<item>Has View</item>
						<item>View: Canyon, City, City Lights, Hills, Mountains, Panoramic</item>
					</item>
				</item>
			</item>
		</item>
	</property_details>
	<public_facts>
		<Beds>5</Beds>
		<Baths>6</Baths>
		<Finished_Sq._Ft.>6,524</Finished_Sq._Ft.>
		<Unfinished_Sq._Ft.>—</Unfinished_Sq._Ft.>
		<Total_Sq._Ft.>6,524</Total_Sq._Ft.>
		<Stories>—</Stories>
		<Lot_Size>0.78 Acres</Lot_Size>
		<Style>Single Family Residential</Style>
		<Year_Built>1950</Year_Built>
		<Year_Renovated>2006</Year_Renovated>
		<County>Los Angeles County</County>
		<APN>2381029013</APN>
	</public_facts>
</home>
