<?xml version="1.0" ?>
<home>
	<HomeInfo_Address>
		<street-address>1116 Pullman St </street-address>
		<locality>Los Angeles, </locality>
		<region>CA</region>
		<postal-code>90032</postal-code>
	</HomeInfo_Address>
	<main_stats>
		<Price>$95,000</Price>
		<Beds>—</Beds>
		<Baths>—</Baths>
		<Sq._Ft.>—</Sq._Ft.>
	</main_stats>
	<text_base_description>Right in the middle Monterrey Hills lot, with beautiful mountain views in serene residential area. This land is at the end of the cul de sac on Pullman and is adjacent to 4456 Harriman. Large lot with expansive off road opportunities. Get ready to build your dream home! Utilities should be nearby. The Property is sold as-is and where-is. Buyer to verify all information and rely on their own investigations.  </text_base_description>
	<listed_by>
		<name>Gary Wat</name>
		<agentLicenseDisplay>•DRE #01968039</agentLicenseDisplay>
		<org>•DRE #01968039</org>
	</listed_by>
	<price_insights>
		<List_Price>$95,000</List_Price>
		<Est._Mo._Payment>$441</Est._Mo._Payment>
		<Redfin_Estimate>$92,121</Redfin_Estimate>
	</price_insights>
	<home_facts>
		<Status>Active</Status>
		<Time_on_Redfin>54 days</Time_on_Redfin>
		<Property_Type>Residential Land</Property_Type>
		<Community>El Sereno</Community>
		<Lot_Size>7,506 Sq. Ft.</Lot_Size>
		<key name="MLS#">20-610666</key>
	</home_facts>
	<property_details>
		<item>
			<item>Taxes / Assessments, Location Details, Documents &amp; Disclosures</item>
			<item>
				<item>
					<item>Assessment Information</item>
					<item>
						<item>Assessor Parcel Number: 5306-007-050</item>
					</item>
				</item>
				<item>
					<item>Location Information</item>
					<item>
						<item>Directions: Harriman Ave &amp; Pullman St,-end of the cul de sac on pullman</item>
					</item>
				</item>
				<item>
					<item>Documents &amp; Disclosures</item>
					<item>
						<item>Disclosures: None</item>
					</item>
				</item>
			</item>
		</item>
		<item>
			<item>Property / Lot Details</item>
			<item>
				<item>
					<item>Property Information</item>
					<item>
						<item>Property Type: Residential Land</item>
					</item>
				</item>
				<item>
					<item>Lot Information</item>
					<item>
						<item>Lot Size (Sq. Ft.): 7,506</item>
						<item>Lot Size (Acres): 0.1723</item>
						<item>Zoning: LARE20</item>
						<item>Special Zoning: Other</item>
						<item>Lot Location: Cul-De-Sac</item>
					</item>
				</item>
				<item>
					<item>Property Features</item>
					<item>
						<item>Has View</item>
						<item>View: Mountains</item>
					</item>
				</item>
			</item>
		</item>
	</property_details>
	<public_facts>
		<Beds>—</Beds>
		<Baths>—</Baths>
		<Finished_Sq._Ft.>—</Finished_Sq._Ft.>
		<Unfinished_Sq._Ft.>—</Unfinished_Sq._Ft.>
		<Total_Sq._Ft.>—</Total_Sq._Ft.>
		<Stories>—</Stories>
		<Lot_Size>—</Lot_Size>
		<Style>Vacant Land</Style>
		<Year_Built>—</Year_Built>
		<Year_Renovated>—</Year_Renovated>
		<County>Los Angeles County</County>
		<APN>—</APN>
	</public_facts>
</home>
