<?xml version="1.0" ?>
<home>
	<HomeInfo_Address>
		<street-address>7475 Mulholland Dr </street-address>
		<locality>Los Angeles, </locality>
		<region>CA</region>
		<postal-code>90046</postal-code>
	</HomeInfo_Address>
	<main_stats>
		<Price>$2,699,000</Price>
		<Beds>4</Beds>
		<Baths>3</Baths>
		<key name="$1042 / Sq. Ft.">2,590</key>
	</main_stats>
	<text_base_description>Mulholland Drive, amazing opportunity to live in one of the most storied locations in the Hollywood Hills. This fabulous private Mid-Century home has it all! On approach you will notice 3-car garage encased in glass with impressive glass atrium. Once inside, a magnificent great room greets you with oversized marble tile floor, Blackstone fireplace and wide windows framing expansive views of the lawn. The cook’s kitchen boasts immaculate granite countertops, a Viking 6-burner stove with grill, Sub-Zero refrigerator and Bosch dishwasher. Mix drinks for your guests at the indoor bar or better yet, usher them outside to your expansive entertaining area. The space enjoys 2 large cabanas with televisions, kitchen outfitted with Viking appliances, swimming pool, spa, and famous “Elvis Bar. ” All surrounded by drought-tolerant turf landscaping. Living quarters consist of 4 Bedrooms  &amp;  Office (3 are suites of which 2 are master suites), and 4 baths. There is also a separate maid’s quarter with private entry. The master retreat has a spacious walk-in closet, large office/sitting area, full bath including spa tub, and dual pedestal sinks wrapped with modern tile. Other amenities include: 2 HVAC systems, updated plumbing and electric, outdoor turf, heated pool, indoor/outdoor sound system, state of the art appliances, 3 fireplaces, and electronic gates. Easy access to the Valley, Westside, Studios and within walking distance of Runyon Canyon.  </text_base_description>
	<listed_by>
		<name>Christopher Rizzotti</name>
		<agentLicenseDisplay>•DRE #01298167</agentLicenseDisplay>
		<org>•DRE #01298167</org>
	</listed_by>
	<price_insights>
		<List_Price>$2,699,000</List_Price>
		<Est._Mo._Payment>$12,508</Est._Mo._Payment>
		<Redfin_Estimate>$2,613,556</Redfin_Estimate>
		<key name="Price/Sq.Ft.">$1,042</key>
	</price_insights>
	<home_facts>
		<Status>Active</Status>
		<Time_on_Redfin>48 days</Time_on_Redfin>
		<Property_Type>Single Family Residence</Property_Type>
		<Year_Built>1958</Year_Built>
		<Style>Mid Century Modern</Style>
		<Community>C03 - Sunset Strip - Hollywood Hills West</Community>
		<Lot_Size>0.31 Acres</Lot_Size>
		<key name="MLS#">BB20159287</key>
	</home_facts>
	<property_details>
		<item>
			<item>Virtual Tour, Parking / Garage, Exterior Features, Utilities</item>
			<item>
				<item>
					<item>Virtual Tour</item>
					<item>
						<item>Virtual Tour URL Branded: Virtual Tour (External Link)</item>
						<item>Virtual TourURL Unbranded: Virtual Tour (External Link)</item>
					</item>
				</item>
				<item>
					<item>Parking / Garage Information</item>
					<item>
						<item>Attached Garage</item>
						<item># of Garage Spaces: 3</item>
						<item># of Parking Spaces: 3</item>
					</item>
				</item>
				<item>
					<item>Exterior Features</item>
					<item>
						<item>Patio And Porch Features: Cabana, Covered, Patio, Patio Open</item>
						<item>Has Patio</item>
						<item>Pool Features: Private, Heated, In Ground</item>
						<item>Has Pool</item>
					</item>
				</item>
				<item>
					<item>Utilities Information</item>
					<item>
						<item>Sewer: Aerobic Septic, Septic Tank, Engineered Septic</item>
						<item>Water Source: District/Public</item>
					</item>
				</item>
			</item>
		</item>
		<item>
			<item>Interior Features</item>
			<item>
				<item>
					<item>Laundry Information</item>
					<item>
						<item>Has Laundry</item>
						<item>Individual Room</item>
					</item>
				</item>
				<item>
					<item>Kitchen Information</item>
					<item>
						<item>Breakfast Counter / Bar, Formal Dining Room</item>
						<item>Granite Counters</item>
					</item>
				</item>
				<item>
					<item>Bathroom Information</item>
					<item>
						<item># of Baths (Full): 3</item>
						<item>Separate tub and shower</item>
					</item>
				</item>
				<item>
					<item>Cooling Information</item>
					<item>
						<item>Central, Dual</item>
						<item>Has Cooling</item>
					</item>
				</item>
				<item>
					<item>Room Information</item>
					<item>
						<item>Kitchen, Living Room, Master Suite, Walk-In Closet</item>
					</item>
				</item>
				<item>
					<item>Fireplace Information</item>
					<item>
						<item>Living Room</item>
						<item>Has Fireplace</item>
					</item>
				</item>
				<item>
					<item>Flooring Information</item>
					<item>
						<item>Tile</item>
					</item>
				</item>
				<item>
					<item>Heating Information</item>
					<item>
						<item>Central Furnace</item>
						<item>Has Heating</item>
					</item>
				</item>
				<item>
					<item>Interior Features</item>
					<item>
						<item>French Doors</item>
						<item>Bar, Beamed Ceilings, Built-Ins, Recessed Lighting</item>
						<item>Levels: Two</item>
						<item>Main Level Bathrooms: 2</item>
						<item>Main Level Bedrooms: 3</item>
						<item>Spa Features: Private, In Ground</item>
						<item>Has Spa</item>
					</item>
				</item>
			</item>
		</item>
		<item>
			<item>School / Neighborhood</item>
			<item>
				<item>
					<item>Neighborhood Information</item>
					<item>
						<item>Urban</item>
					</item>
				</item>
				<item>
					<item>School Information</item>
					<item>
						<item>High School District: Los Angeles Unified</item>
					</item>
				</item>
			</item>
		</item>
		<item>
			<item>Property / Lot Details</item>
			<item>
				<item>
					<item>Lot Information</item>
					<item>
						<item>Elevation Units: Feet</item>
						<item>Lot Size Source: Assessor's Data</item>
						<item>Lot Features: Yard</item>
					</item>
				</item>
				<item>
					<item>Property Information</item>
					<item>
						<item>Total # of Units: 1</item>
						<item>Common Walls: No Common Walls</item>
						<item>Living Area Source: Owner</item>
						<item>Parcel Number: 2427013026</item>
						<item>Total # of Stories: 1</item>
						<item>Has View</item>
						<item>Year Built Source: Assessor</item>
					</item>
				</item>
			</item>
		</item>
		<item>
			<item>Location Details</item>
			<item>
				<item>
					<item>Location Information</item>
					<item>
						<item>Directions: Cross Street is Woodrow Wilson Drive</item>
						<item>Zoning: LAR1</item>
					</item>
				</item>
			</item>
		</item>
	</property_details>
	<public_facts>
		<Beds>3</Beds>
		<Baths>2</Baths>
		<Finished_Sq._Ft.>2,249</Finished_Sq._Ft.>
		<Unfinished_Sq._Ft.>—</Unfinished_Sq._Ft.>
		<Total_Sq._Ft.>2,249</Total_Sq._Ft.>
		<Stories>1</Stories>
		<Lot_Size>0.31 Acres</Lot_Size>
		<Style>Single Family Residential</Style>
		<Year_Built>1958</Year_Built>
		<Year_Renovated>1963</Year_Renovated>
		<County>Los Angeles County</County>
		<APN>2427013026</APN>
	</public_facts>
</home>
