<?xml version="1.0" ?>
<home>
	<HomeInfo_Address>
		<street-address>7423 Woodrow Wilson Dr </street-address>
		<locality>Los Angeles, </locality>
		<region>CA</region>
		<postal-code>90046</postal-code>
	</HomeInfo_Address>
	<main_stats>
		<Price>$6,995,000</Price>
		<Beds>5</Beds>
		<Baths>4.5</Baths>
		<key name="$1228 / Sq. Ft.">5,696</key>
	</main_stats>
	<text_base_description>Situated in the celebrity enclave of Woodrow Wilson Drive, this historically rich, ultra-private property captures 270 jetliner views from Griffith Observatory to the distant western valley. Situated on a nearly 1-acre homesite, the gated compound features Memphis-style design, with angular elements and floating windows. A circular motor court leads to the 4 or 5-bedroom main residence, with floor-to-ceiling glass walls, entertaining room, office, chefs kitchen, 2 living rooms and a dazzling pool terrace for entertaining. The master suite encompasses the 2nd floor, featuring a pitched ceiling, walk-in closet and Japanese wet room with dual shower  &amp;  tub. Steps descend to the guesthouse  &amp;  guest studio, each with kitchenettes, baths and balconies. Features include a flat front yard that can fit a tennis court, a 3-zone HVAC and solar electric, hot water and pool heater. Offering extraordinary privacy, this Hollywood Hills retreat is moments from Runyon Canyon, dining and shopping.  </text_base_description>
	<listed_by>
		<name>Deedee Howard</name>
		<agentLicenseDisplay>•DRE #01039224</agentLicenseDisplay>
		<org>•DRE #01039224</org>
	</listed_by>
	<price_insights>
		<List_Price>$6,995,000</List_Price>
		<Est._Mo._Payment>$32,417</Est._Mo._Payment>
		<Redfin_Estimate>$6,753,677</Redfin_Estimate>
		<key name="Price/Sq.Ft.">$1,228</key>
	</price_insights>
	<home_facts>
		<Status>Active</Status>
		<Time_on_Redfin>27 days</Time_on_Redfin>
		<Property_Type>Single Family, Residential Single-Family</Property_Type>
		<Year_Built>1954</Year_Built>
		<Style>Architectural</Style>
		<Community>Sunset Strip - Hollywood Hills West</Community>
		<Lot_Size>0.94 Acres</Lot_Size>
		<key name="MLS#">20-625106</key>
	</home_facts>
	<property_details>
		<item>
			<item>Virtual Tour, School / Neighborhood, Taxes / Assessments, Location Details</item>
			<item>
				<item>
					<item>Virtual Tour</item>
					<item>
						<item>Virtual Tour (External Link)</item>
					</item>
				</item>
				<item>
					<item>Community Information</item>
					<item>
						<item>Athletic Court: Room For</item>
					</item>
				</item>
				<item>
					<item>Assessment Information</item>
					<item>
						<item>Assessor Parcel Number: 2427-012-003</item>
					</item>
				</item>
				<item>
					<item>Location Information</item>
					<item>
						<item>Directions: From Mulholland head north on Woodrow Wilson</item>
					</item>
				</item>
			</item>
		</item>
		<item>
			<item>Interior Features</item>
			<item>
				<item>
					<item>Bathroom Information</item>
					<item>
						<item># of Baths (Full): 4</item>
						<item># of Baths (1/2): 1</item>
					</item>
				</item>
				<item>
					<item>Laundry Information</item>
					<item>
						<item>Laundry Room</item>
					</item>
				</item>
				<item>
					<item>Additional Rooms</item>
					<item>
						<item>Family Room</item>
						<item>Bar Room, Breakfast Area, Entry Room, Family Room, Great Room, Patio Open, Powder Room, Dining Area, Master Bedroom, Living Room, Walk-In Closet</item>
					</item>
				</item>
				<item>
					<item>Fireplace Information</item>
					<item>
						<item>Fire Pit, In Family Room, In Kitchen, In Living Room, On Patio, In Master Bedroom</item>
						<item># of Fireplaces: 6</item>
					</item>
				</item>
				<item>
					<item>Flooring Information</item>
					<item>
						<item>Hardwood Floors, Carpeted Floors, Tile Floors</item>
					</item>
				</item>
				<item>
					<item>Equipment</item>
					<item>
						<item>Built-Ins, Ceiling Fan, Dishwasher, Dryer, Garbage Disposal, Hood Fan, Microwave, Range/Oven, Refrigerator, Solar Panels, Washer</item>
					</item>
				</item>
				<item>
					<item>Heating &amp; Cooling</item>
					<item>
						<item>Central Cooling</item>
						<item>Central Heat</item>
						<item>Water Heater Features: Solar</item>
					</item>
				</item>
			</item>
		</item>
		<item>
			<item>Parking / Garage</item>
			<item>
				<item>
					<item>Garage</item>
					<item>
						<item>Carport Detached, Circular Driveway, Gated</item>
					</item>
				</item>
				<item>
					<item>Parking</item>
					<item>
						<item># of Parking Spaces (Total): 6</item>
						<item># of Covered Parking Spaces: 3</item>
						<item># of Carport Spaces: 3</item>
						<item># of Open Other Spaces: 3</item>
					</item>
				</item>
			</item>
		</item>
		<item>
			<item>Exterior Features</item>
			<item>
				<item>
					<item>Building Information</item>
					<item>
						<item>Total Floors: 2</item>
						<item>Detached</item>
						<item>Detached/No Common Walls</item>
						<item>Security Features: Gated</item>
						<item>Guest House: Detached</item>
					</item>
				</item>
				<item>
					<item>Exterior Features</item>
					<item>
						<item>Patio Features: Deck(s), Patio Open, Wood</item>
						<item>Other Structural Features: High Ceilings (9 Feet+)</item>
					</item>
				</item>
				<item>
					<item>Pool Information</item>
					<item>
						<item>Negative Edge/Infinity Pool, In Ground Pool, Solar Heated Pool</item>
						<item>Solar Heated Spa, Private Spa, In Ground Spa</item>
					</item>
				</item>
			</item>
		</item>
		<item>
			<item>Property / Lot Details</item>
			<item>
				<item>
					<item>Property Information</item>
					<item>
						<item>Property Type: Residential Single-Family</item>
					</item>
				</item>
				<item>
					<item>Land Information</item>
					<item>
						<item>Other Structures: GuestHouse</item>
					</item>
				</item>
				<item>
					<item>Lot Information</item>
					<item>
						<item>Lot Size (Sq. Ft.): 41,010</item>
						<item>Lot Size (Acres): 0.941</item>
						<item>Zoning: LARE15</item>
						<item>Special Zoning: Property Report</item>
					</item>
				</item>
				<item>
					<item>Property Features</item>
					<item>
						<item>Has View</item>
						<item>View: City Lights, Mountains, Canyon, Valley, Panoramic</item>
					</item>
				</item>
			</item>
		</item>
		<item>
			<item>Documents &amp; Disclosures, Listing Information</item>
			<item>
				<item>
					<item>Documents &amp; Disclosures</item>
					<item>
						<item>Disclosures: As Is</item>
					</item>
				</item>
				<item>
					<item>Listing Information</item>
					<item>
						<item>Possession: Close Of Escrow</item>
					</item>
				</item>
			</item>
		</item>
	</property_details>
	<public_facts>
		<Beds>5</Beds>
		<Baths>5</Baths>
		<Finished_Sq._Ft.>4,836</Finished_Sq._Ft.>
		<Unfinished_Sq._Ft.>—</Unfinished_Sq._Ft.>
		<Total_Sq._Ft.>4,836</Total_Sq._Ft.>
		<Stories>1</Stories>
		<Lot_Size>0.53 Acres</Lot_Size>
		<Style>Single Family Residential</Style>
		<Year_Built>1954</Year_Built>
		<Year_Renovated>1990</Year_Renovated>
		<County>Los Angeles County</County>
		<APN>2427012003</APN>
	</public_facts>
</home>
