<?xml version="1.0" ?>
<home>
	<HomeInfo_Address>
		<street-address>2925 Montcalm Ave </street-address>
		<locality>Hollywood Hills, </locality>
		<region>CA</region>
		<postal-code>90046</postal-code>
	</HomeInfo_Address>
	<main_stats>
		<Price>$6,999,000</Price>
		<Beds>6</Beds>
		<Baths>8</Baths>
		<key name="$972 / Sq. Ft.">7,202</key>
	</main_stats>
	<text_base_description>Perched in the Hollywood Hills at the end of a cul-de-sac is this captivating formerly celebrity owned 1930s 2-home compound on over 2/3 acre. Enter the enchanting courtyard where lush landscaping, elegant brick, bubbling fountain, &amp;  the home’s architecture are reminiscent of the English countryside. Inside, the formal living room has vaulted beamed ceilings, the first of 4 fireplaces, &amp;  French doors that offer jetliner views beyond the infinity pool. The spacious kitchen has a large center island, plentiful cabinetry, &amp;  breakfast bar, and opens to the family room w/ fireplace. The main home features 4 beds, w/ 2 downstairs, ideal for guest rooms, home offices, or additional living space. Both upstairs bedrooms are private suites w/ high ceilings  &amp;  stunning views. The main suite has large fireplace  &amp;  views from the valley to the Hollywood sign. The detached 1,500sft 2-story guest house has 2 baths, kitchen, bedroom, living room, &amp;  750sft open room w/ high ceilings; a perfect creative work/live space, art studio, home gym, or rec room. The vast grounds are supremely private, w/ multiple seating areas, fruit trees, gardens, &amp;  more. The sports court is great for a variety of activities. The heated Ozone infinity pool  &amp;  spa provide panoramic views of the valley. Additional features include twin electric gates for parking 4 cars, full house dual-filtration water system, exterior lighting/watering control, &amp;  multi zone AC. Minutes from everything yet miles away from the day to day.  </text_base_description>
	<listed_by>
		<name>Dennis Chernov</name>
		<agentLicenseDisplay>•DRE #01850113</agentLicenseDisplay>
		<org>•DRE #01850113</org>
	</listed_by>
	<price_insights>
		<List_Price>$6,999,000</List_Price>
		<Est._Mo._Payment>$32,436</Est._Mo._Payment>
		<Redfin_Estimate>$6,670,392</Redfin_Estimate>
		<key name="Price/Sq.Ft.">$972</key>
	</price_insights>
	<home_facts>
		<Status>Active</Status>
		<Time_on_Redfin>34 days</Time_on_Redfin>
		<Property_Type>Single Family Residence</Property_Type>
		<Baths>5 full, 3 partial</Baths>
		<Year_Built>1937</Year_Built>
		<Style>Custom Built</Style>
		<Community>C03 - Sunset Strip - Hollywood Hills West</Community>
		<Lot_Size>0.69 Acres</Lot_Size>
		<key name="MLS#">SR20170711</key>
	</home_facts>
	<property_details>
		<item>
			<item>Virtual Tour, Parking / Garage, Utilities, Taxes / Assessments</item>
			<item>
				<item>
					<item>Virtual Tour</item>
					<item>
						<item>Virtual Tour URL Branded: Virtual Tour (External Link)</item>
						<item>Virtual TourURL Unbranded: Virtual Tour (External Link)</item>
					</item>
				</item>
				<item>
					<item>Parking / Garage Information</item>
					<item>
						<item>Uncovered Spaces: 4</item>
						<item>Attached Garage</item>
						<item># of Garage Spaces: 2</item>
						<item>Direct Garage Access, Driveway, Gated</item>
						<item>Has Parking</item>
						<item># of Parking Spaces: 6</item>
					</item>
				</item>
				<item>
					<item>Utilities Information</item>
					<item>
						<item>Sewer: Septic Type Unknown</item>
						<item>Water Source: District/Public</item>
					</item>
				</item>
				<item>
					<item>Assesments Information</item>
					<item>
						<item>Assessments: Unknown</item>
					</item>
				</item>
			</item>
		</item>
		<item>
			<item>Interior Features</item>
			<item>
				<item>
					<item>Laundry Information</item>
					<item>
						<item>Has Laundry</item>
						<item>Individual Room, Inside</item>
					</item>
				</item>
				<item>
					<item>Kitchen Information</item>
					<item>
						<item>Appliances: 6 Burner Stove, Built In Range, Dishwasher, Double Oven, Range/Stove Hood, Refrigerator</item>
						<item>Has Appliances</item>
						<item>Breakfast Counter / Bar, Formal Dining Room</item>
						<item>Kitchen Island, Kitchen Open to Family Room, Utility sink, Walk-In Pantry</item>
					</item>
				</item>
				<item>
					<item>Bathroom Information</item>
					<item>
						<item># of Baths (Full): 5</item>
						<item># of Baths (1/2): 3</item>
						<item>Bathtub, Shower, Double Sinks In Master Bath, Soaking Tub</item>
					</item>
				</item>
				<item>
					<item>Cooling Information</item>
					<item>
						<item>Central, Zoned</item>
						<item>Has Cooling</item>
					</item>
				</item>
				<item>
					<item>Room Information</item>
					<item>
						<item>Entry, Family Room, Great Room, Kitchen, Laundry, Library, Living Room, Main Floor Bedroom, Master Suite, Office, Recreation, Two Masters, Walk-In Closet</item>
					</item>
				</item>
				<item>
					<item>Fireplace Information</item>
					<item>
						<item>Bonus Room, Family Room, Living Room, Master Retreat</item>
						<item>Has Fireplace</item>
					</item>
				</item>
				<item>
					<item>Flooring Information</item>
					<item>
						<item>Tile, Wood</item>
					</item>
				</item>
				<item>
					<item>Heating Information</item>
					<item>
						<item>Central Furnace</item>
						<item>Has Heating</item>
					</item>
				</item>
				<item>
					<item>Interior Features</item>
					<item>
						<item>2 Staircases, Balcony, Beamed Ceilings, Built-Ins, High Ceilings (9 Feet+)</item>
						<item>Levels: Two</item>
						<item>Main Level Bathrooms: 4</item>
						<item>Main Level Bedrooms: 2</item>
						<item>Security Features: Automatic Gate</item>
						<item>Spa Features: Private, In Ground</item>
						<item>Has Spa</item>
					</item>
				</item>
			</item>
		</item>
		<item>
			<item>Exterior Features</item>
			<item>
				<item>
					<item>Exterior Information</item>
					<item>
						<item>Roof: Slate</item>
						<item>Other Structures: Guest House Detached, Sport Court Private</item>
					</item>
				</item>
				<item>
					<item>Exterior Features</item>
					<item>
						<item>Pool Features: Private, Filtered, Heated, Negative Edge/Infinity Pool</item>
						<item>Has Pool</item>
					</item>
				</item>
			</item>
		</item>
		<item>
			<item>School / Neighborhood</item>
			<item>
				<item>
					<item>Neighborhood Information</item>
					<item>
						<item>Hiking, Suburban</item>
					</item>
				</item>
				<item>
					<item>School Information</item>
					<item>
						<item>High School District: Los Angeles Unified</item>
					</item>
				</item>
			</item>
		</item>
		<item>
			<item>Property / Lot Details</item>
			<item>
				<item>
					<item>Lot Information</item>
					<item>
						<item>Elevation Units: Feet</item>
						<item>Lot Size Source: Assessor's Data</item>
						<item>Lot Features: Cul-De-Sac, Lot Over 40000 Sqft, Secluded</item>
					</item>
				</item>
				<item>
					<item>Property Information</item>
					<item>
						<item>Total # of Units: 1</item>
						<item>Common Walls: No Common Walls</item>
						<item>Parcel Number: 2427011009</item>
						<item>Has View</item>
						<item>Year Built Source: Assessor</item>
					</item>
				</item>
			</item>
		</item>
		<item>
			<item>Location Details</item>
			<item>
				<item>
					<item>Location Information</item>
					<item>
						<item>Directions: Waze</item>
						<item>Zoning: LARE15</item>
					</item>
				</item>
			</item>
		</item>
	</property_details>
	<public_facts>
		<Beds>4</Beds>
		<Baths>7</Baths>
		<Finished_Sq._Ft.>5,841</Finished_Sq._Ft.>
		<Unfinished_Sq._Ft.>—</Unfinished_Sq._Ft.>
		<Total_Sq._Ft.>5,841</Total_Sq._Ft.>
		<Stories>1</Stories>
		<Lot_Size>0.69 Acres</Lot_Size>
		<Style>Single Family Residential</Style>
		<Year_Built>1937</Year_Built>
		<Year_Renovated>1989</Year_Renovated>
		<County>Los Angeles County</County>
		<APN>2427011009</APN>
	</public_facts>
</home>
