<?xml version="1.0" ?>
<home>
	<HomeInfo_Address>
		<street-address>155 E Wilson St #102 </street-address>
		<locality>Madison, </locality>
		<region>WI</region>
		<postal-code>53703</postal-code>
	</HomeInfo_Address>
	<main_stats>
		<Price>$1,425,000</Price>
		<Beds>2</Beds>
		<Baths>2.5</Baths>
		<key name="$391 / Sq. Ft.">3,643</key>
	</main_stats>
	<text_base_description>Public Remarks: Architecturally designed by Clockwork, this ultramodern condominium is perfect for entertaining with your family and friends. Gourmet kitchen with oversize island featuring Wolf appliances. Private pantry for all your prep allows you to hide dishes, pans, etc. Entry cupboards with plenty of storage - vital if you want to appear clutter free. Walnut woods  &amp;  symmetrically cut &quot;mirror image&quot; slabs of Calcutta marble in the kitchen island fascia  &amp;  bathrooms. Living area with floor to ceiling windows with breathtaking views looking out to Lake Monona. Extra seating areas on both levels. Both bedrooms can be used as a master suite with ample space  &amp;  closets. Office allows you to be both in the space but still have privacy. A total refurbishment! 600+ Sq ft storage unit included. Located on 2nd L </text_base_description>
	<listed_by>
		<name>Maria Antoinette Cannarella</name>
		<org> • Restaino &amp; Associates ERA Powered </org>
	</listed_by>
	<price_insights>
		<List_Price>$1,425,000</List_Price>
		<Est._Mo._Payment>$6,600</Est._Mo._Payment>
		<Redfin_Estimate>$1,302,932</Redfin_Estimate>
		<key name="Price/Sq.Ft.">$391</key>
	</price_insights>
	<home_facts>
		<Status>Active</Status>
		<Time_on_Redfin>131 days</Time_on_Redfin>
		<Property_Type>Condo</Property_Type>
		<HOA_Dues>$1,097/month</HOA_Dues>
		<Year_Built>1999</Year_Built>
		<Community>Madison</Community>
		<key name="MLS#">1883434</key>
	</home_facts>
	<property_details>
		<item>
			<item>Virtual Tour, Homeowners Association, Utilities, Taxes / Assessments</item>
			<item>
				<item>
					<item> Virtual Tour Branded</item>
					<item>
						<item> Branded Virtual Tour: https://player.vimeo.com/video/415925686</item>
					</item>
				</item>
				<item>
					<item>HOA Information</item>
					<item>
						<item>Condo Fee Monthly: $1,097</item>
						<item>Association Common Amenities: Exercise Room, Elevator</item>
					</item>
				</item>
				<item>
					<item>Utility Information</item>
					<item>
						<item>Municipal Water, Municipal Sewer</item>
						<item>Heating/Cooling: Forced Air, Central Air</item>
						<item>Natural Gas</item>
					</item>
				</item>
				<item>
					<item>Tax Information</item>
					<item>
						<item> Total Taxes: $15,332</item>
						<item> Tax Year: 2019</item>
					</item>
				</item>
			</item>
		</item>
		<item>
			<item>Interior Features</item>
			<item>
				<item>
					<item>Bedroom Information</item>
					<item>
						<item>Master Bedroom Dimensions: 15 x 12</item>
						<item>Master Bedroom Level: Upper</item>
						<item>Bedroom 2 Dimensions: 15 x 11</item>
						<item>Bedroom 2 Level: Main</item>
					</item>
				</item>
				<item>
					<item>Bathroom Information</item>
					<item>
						<item>Bath Description(s): At Least 1 Tub, Master Bedroom Bath (Full), Master Bedroom Bath, Walk-In Shower  in Master Bathroom, Tub/No Shower in Master Bathroom</item>
						<item># of Baths (1/2): 1</item>
						<item># of Baths (Full): 2</item>
					</item>
				</item>
				<item>
					<item>Interior Features</item>
					<item>
						<item>Walk-In Closet(s), Cathedral/Vaulted Ceiling, Wet Bar, Cable/Satellite Available, High Speed Internet, Storage Locker Included</item>
					</item>
				</item>
				<item>
					<item>Room Information</item>
					<item>
						<item>Other Room 2 Name: Bonus Room</item>
						<item>Living Room Dimensions: 18 x 18</item>
						<item>Living Room Level: Main</item>
						<item>Kitchen Level: Main</item>
						<item>Kitchen Dimensions: 15 x 10</item>
						<item>Dining Room Dimensions: 15 x 12</item>
						<item>Dining Room Level: Main</item>
						<item>Den/Office Dimension: 12 x 8</item>
						<item>Den/Office Level: Upper</item>
					</item>
				</item>
				<item>
					<item>Equipment</item>
					<item>
						<item>Appliances: Range/Oven, Refrigerator, Dishwasher, Microwave, Garbage Disposal, Washer, Dryer</item>
					</item>
				</item>
			</item>
		</item>
		<item>
			<item>Parking / Garage</item>
			<item>
				<item>
					<item>Parking Information</item>
					<item>
						<item>Parking: 2 Spaces, Assigned, 1-5 Spaces</item>
					</item>
				</item>
				<item>
					<item>Garage Information</item>
					<item>
						<item>Garage: Attached, Opener Included</item>
					</item>
				</item>
			</item>
		</item>
		<item>
			<item>Exterior Features</item>
			<item>
				<item>
					<item>Building Information</item>
					<item>
						<item>Estimated Sq. Ft. Range: 3501-5000</item>
					</item>
				</item>
				<item>
					<item>Exterior</item>
					<item>
						<item>Exterior Features: Deck</item>
						<item>Exterior: Brick, Stucco, Stone</item>
					</item>
				</item>
			</item>
		</item>
		<item>
			<item>Multi-Unit Information</item>
			<item>
				<item>
					<item>Condo Information</item>
					<item>
						<item>Condominium Name: Union Transfer</item>
						<item>Townhouse, 2 Story</item>
					</item>
				</item>
				<item>
					<item>Multi-Unit Information</item>
					<item>
						<item># of Units: 27</item>
						<item>Units In Association: 27</item>
					</item>
				</item>
			</item>
		</item>
		<item>
			<item>School / Neighborhood</item>
			<item>
				<item>
					<item>Neighborhood Information</item>
					<item>
						<item>Municipality: MADISON</item>
						<item>Municipality Type: City</item>
					</item>
				</item>
				<item>
					<item>School Information</item>
					<item>
						<item> School District: Madison</item>
						<item>Elementary School: Lapham/Marquette</item>
						<item>Middle School: Okeeffe</item>
						<item>High School: East</item>
					</item>
				</item>
			</item>
		</item>
		<item>
			<item>Lease / Rent Details, Listing Information</item>
			<item>
				<item>
					<item>Rental Information</item>
					<item>
						<item>Pets Permitted</item>
					</item>
				</item>
				<item>
					<item>Listing Information</item>
					<item>
						<item>Inclusions: washer, dryer, refrigerator, range, oven, microwave, dishwasher, TV projector, all window coverings.</item>
						<item>Exclusions: Seller's personal property</item>
					</item>
				</item>
			</item>
		</item>
		<item>
			<item>Property / Lot Details</item>
			<item>
				<item>
					<item>Property Information</item>
					<item>
						<item>Condo</item>
						<item>Information Source Year Built: Assessor/Public Record</item>
					</item>
				</item>
				<item>
					<item>Property Features</item>
					<item>
						<item>Water Features: Waterview (No Frontage)</item>
					</item>
				</item>
				<item>
					<item>Lot Information</item>
					<item>
						<item> Zoning: PDWP17</item>
					</item>
				</item>
			</item>
		</item>
	</property_details>
	<public_facts>
		<Beds>2</Beds>
		<Baths>2.5</Baths>
		<Finished_Sq._Ft.>3,643</Finished_Sq._Ft.>
		<Unfinished_Sq._Ft.>—</Unfinished_Sq._Ft.>
		<Total_Sq._Ft.>3,643</Total_Sq._Ft.>
		<Stories>2</Stories>
		<Lot_Size>—</Lot_Size>
		<Style>Condo/Co-op</Style>
		<Year_Built>1999</Year_Built>
		<Year_Renovated>2013</Year_Renovated>
		<County>Dane County</County>
		<APN>070924214045</APN>
	</public_facts>
</home>
