<?xml version="1.0" ?>
<home>
	<HomeInfo_Address>
		<street-address>123 W Washington Ave #801 </street-address>
		<locality>Madison, </locality>
		<region>WI</region>
		<postal-code>53703</postal-code>
	</HomeInfo_Address>
	<main_stats>
		<Price>$789,900</Price>
		<Beds>2</Beds>
		<Baths>2</Baths>
		<key name="$389 / Sq. Ft.">2,031</key>
	</main_stats>
	<text_base_description>Public Remarks: Top quality finishes throughout this large 2 bedroom, 2 bath end unit with open floor plan in the historic Loraine, located just steps off the Capitol Square. This bright and open Barrymore floor plan features a great room that includes four large windows combining the kitchen, living and dining areas. Overture Series upgrades including all Cherry trim, cabinets and doors, Subzero refrigerator, Gas cooktop, walk-in pantry, laundry room plus a large master suite with whirlpool bathtub and tiled walk-in shower. Recent upgrades include wide plank wood floors throughout, custom built-in wet bar with Subzero beverage fridge, new dishwasher, Sonos audio system, new paint plus all new furnace and A/C. First floor heated parking plus large storage space included! </text_base_description>
	<listed_by>
		<name>Brandon Grosse</name>
		<org> • Accord Realty </org>
	</listed_by>
	<price_insights>
		<List_Price>$789,900</List_Price>
		<Est._Mo._Payment>$4,185</Est._Mo._Payment>
		<Redfin_Estimate>$769,396</Redfin_Estimate>
		<key name="Price/Sq.Ft.">$389</key>
	</price_insights>
	<home_facts>
		<Status>Active</Status>
		<Time_on_Redfin>31 days</Time_on_Redfin>
		<Property_Type>Condo</Property_Type>
		<HOA_Dues>$506/month</HOA_Dues>
		<Year_Built>2004</Year_Built>
		<Community>Madison</Community>
		<key name="MLS#">1891774</key>
	</home_facts>
	<property_details>
		<item>
			<item>Virtual Tour, Homeowners Association, Utilities, Taxes / Assessments</item>
			<item>
				<item>
					<item> Virtual Tour Branded</item>
					<item>
						<item> Branded Virtual Tour: https://my.matterport.com/show/?m=pFvpuDNPUdC&amp;mls=1</item>
					</item>
				</item>
				<item>
					<item>HOA Information</item>
					<item>
						<item>Condo Fee Monthly: $506</item>
						<item>Association Common Amenities: Rental Allowed, Common Green Space, Security, Elevator</item>
					</item>
				</item>
				<item>
					<item>Utility Information</item>
					<item>
						<item>Municipal Water, Municipal Sewer</item>
						<item>Heating/Cooling: Air Exchanger, Forced Air, Central Air</item>
						<item>Natural Gas</item>
					</item>
				</item>
				<item>
					<item>Tax Information</item>
					<item>
						<item> Total Taxes: $14,763</item>
						<item> Tax Year: 2019</item>
					</item>
				</item>
			</item>
		</item>
		<item>
			<item>Interior Features</item>
			<item>
				<item>
					<item>Bedroom Information</item>
					<item>
						<item>Master Bedroom Dimensions: 19 x 14</item>
						<item>Master Bedroom Level: Main</item>
						<item>Bedroom 2 Dimensions: 11 x 12</item>
						<item>Bedroom 2 Level: Main</item>
					</item>
				</item>
				<item>
					<item>Bathroom Information</item>
					<item>
						<item>Bath Description(s): Whirlpool, Master Bedroom Bath (Full), Master Bedroom Bath, Walk-In Shower  in Master Bathroom, Tub/No Shower in Master Bathroom</item>
						<item># of Baths (Full): 2</item>
					</item>
				</item>
				<item>
					<item>Interior Features</item>
					<item>
						<item>Wood or Simulation Wood Floors, Water Softener, Intercom, Cable/Satellite Available, High Speed Internet, Storage Locker Included</item>
					</item>
				</item>
				<item>
					<item>Room Information</item>
					<item>
						<item>Living Room Dimensions: 14 x 25</item>
						<item>Living Room Level: Main</item>
						<item>Kitchen Level: Main</item>
						<item>Kitchen Dimensions: 9 x 12</item>
					</item>
				</item>
				<item>
					<item>Equipment</item>
					<item>
						<item>Appliances: Range/Oven, Refrigerator, Dishwasher, Microwave, Garbage Disposal, Washer, Dryer</item>
					</item>
				</item>
			</item>
		</item>
		<item>
			<item>Parking / Garage</item>
			<item>
				<item>
					<item>Parking Information</item>
					<item>
						<item>Parking: Underground, Heated, 1-5 Spaces, 1 Space, Assigned</item>
					</item>
				</item>
				<item>
					<item>Garage Information</item>
					<item>
						<item>Garage: Underground, Underground Garage, Underground Space, Heated, Opener Included</item>
					</item>
				</item>
			</item>
		</item>
		<item>
			<item>Exterior Features</item>
			<item>
				<item>
					<item>Building Information</item>
					<item>
						<item>Estimated Sq. Ft. Range: 2001-2500</item>
					</item>
				</item>
				<item>
					<item>Exterior</item>
					<item>
						<item>Exterior: Brick, Stucco, Stone</item>
					</item>
				</item>
			</item>
		</item>
		<item>
			<item>Multi-Unit Information</item>
			<item>
				<item>
					<item>Condo Information</item>
					<item>
						<item>Condominium Name: The Loraine</item>
						<item>Garden, End Unit</item>
					</item>
				</item>
				<item>
					<item>Multi-Unit Information</item>
					<item>
						<item># of Units: 87</item>
						<item>Units In Association: 87</item>
					</item>
				</item>
			</item>
		</item>
		<item>
			<item>School / Neighborhood</item>
			<item>
				<item>
					<item>Neighborhood Information</item>
					<item>
						<item>Municipality: MADISON</item>
						<item>Municipality Type: City</item>
					</item>
				</item>
				<item>
					<item>School Information</item>
					<item>
						<item> School District: Madison</item>
						<item>Middle School: Hamilton</item>
						<item>High School: West</item>
					</item>
				</item>
			</item>
		</item>
		<item>
			<item>Lease / Rent Details, Listing Information</item>
			<item>
				<item>
					<item>Rental Information</item>
					<item>
						<item>Pets Permitted</item>
					</item>
				</item>
				<item>
					<item>Listing Information</item>
					<item>
						<item>Inclusions: Range/Oven, Refrigerator, Dishwasher, Microwave, Disposal, Washer/Dryer</item>
						<item>Exclusions: Sellers Personal Property</item>
					</item>
				</item>
			</item>
		</item>
		<item>
			<item>Property / Lot Details</item>
			<item>
				<item>
					<item>Property Information</item>
					<item>
						<item>Condo</item>
						<item>Information Source Year Built: Assessor/Public Record</item>
					</item>
				</item>
				<item>
					<item>Property Features</item>
					<item>
						<item>Water Features: Waterview (No Frontage)</item>
					</item>
				</item>
				<item>
					<item>Lot Information</item>
					<item>
						<item> Zoning: RES</item>
					</item>
				</item>
			</item>
		</item>
	</property_details>
	<public_facts>
		<Beds>2</Beds>
		<Baths>2</Baths>
		<Finished_Sq._Ft.>2,031</Finished_Sq._Ft.>
		<Unfinished_Sq._Ft.>—</Unfinished_Sq._Ft.>
		<Total_Sq._Ft.>2,031</Total_Sq._Ft.>
		<Stories>1</Stories>
		<Lot_Size>—</Lot_Size>
		<Style>Condo/Co-op</Style>
		<Year_Built>2004</Year_Built>
		<Year_Renovated>2006</Year_Renovated>
		<County>Dane County</County>
		<APN>070923150654</APN>
	</public_facts>
</home>
