<?xml version="1.0" ?>
<home>
	<HomeInfo_Address>
		<street-address>333 W Mifflin St #8080 </street-address>
		<locality>Madison, </locality>
		<region>WI</region>
		<postal-code>53703</postal-code>
	</HomeInfo_Address>
	<main_stats>
		<Price>$525,000</Price>
		<Beds>2</Beds>
		<Baths>2</Baths>
		<key name="$313 / Sq. Ft.">1,678</key>
	</main_stats>
	<text_base_description>Public Remarks: Enjoy downtown living in this 8th floor spacious and luxurious condo. Combine living and working at home with 2 bedrooms, 2 bathrooms and den/office. Hardwood floors throughout, gas fireplace, granite counters and SS appliances. Balconies from this 8th floor corner unit offer outdoor relaxation and views of Madison. 1 parking spot and 3 storage lockers included. Washer/dryer are in unit. Pets allowed in building.  </text_base_description>
	<listed_by>
		<name>Jason Gallagher</name>
		<org> • The Frugal Broker LLC </org>
	</listed_by>
	<price_insights>
		<List_Price>$525,000</List_Price>
		<Est._Mo._Payment>$2,760</Est._Mo._Payment>
		<Redfin_Estimate>$515,779</Redfin_Estimate>
		<key name="Price/Sq.Ft.">$313</key>
	</price_insights>
	<home_facts>
		<Status>Active</Status>
		<Time_on_Redfin>22 days</Time_on_Redfin>
		<Property_Type>Condo</Property_Type>
		<HOA_Dues>$395/month</HOA_Dues>
		<Year_Built>2007</Year_Built>
		<Community>Madison</Community>
		<key name="MLS#">1892457</key>
	</home_facts>
	<property_details>
		<item>
			<item>Virtual Tour, Homeowners Association, Utilities, Taxes / Assessments</item>
			<item>
				<item>
					<item> Virtual Tour Branded</item>
					<item>
						<item> Branded Virtual Tour: https://wisconsin3d.com/tours/333-w-mifflin-st-unit-8080-madison-wi-53703/skinned/</item>
					</item>
				</item>
				<item>
					<item>HOA Information</item>
					<item>
						<item>Condo Fee Monthly: $395</item>
						<item>Association Common Amenities: Common Green Space, Exercise Room, Elevator</item>
					</item>
				</item>
				<item>
					<item>Utility Information</item>
					<item>
						<item>Municipal Water, Municipal Sewer</item>
						<item>Heating/Cooling: Forced Air, Central Air</item>
						<item>Natural Gas</item>
					</item>
				</item>
				<item>
					<item>Tax Information</item>
					<item>
						<item> Total Taxes: $9,555</item>
						<item> Tax Year: 2019</item>
					</item>
				</item>
			</item>
		</item>
		<item>
			<item>Interior Features</item>
			<item>
				<item>
					<item>Bedroom Information</item>
					<item>
						<item>Master Bedroom Dimensions: 14 x 14</item>
						<item>Master Bedroom Level: Main</item>
						<item>Bedroom 2 Dimensions: 11 x 10</item>
						<item>Bedroom 2 Level: Main</item>
					</item>
				</item>
				<item>
					<item>Bathroom Information</item>
					<item>
						<item>Bath Description(s): Master Bedroom Bath (Full), Master Bedroom Bath, Tub/Shower Combo  in Master Bathroom</item>
						<item># of Baths (Full): 2</item>
					</item>
				</item>
				<item>
					<item>Interior Features</item>
					<item>
						<item>Wood or Simulation Wood Floors, Cable/Satellite Available, High Speed Internet, Storage Locker Included</item>
					</item>
				</item>
				<item>
					<item>Room Information</item>
					<item>
						<item>Living Room Dimensions: 22 x 16</item>
						<item>Living Room Level: Main</item>
						<item>Kitchen Level: Main</item>
						<item>Kitchen Dimensions: 10 x 14</item>
						<item>Dining Room Dimensions: 9 x 8</item>
						<item>Dining Room Level: Main</item>
						<item>Den/Office Dimension: 8 x 11</item>
						<item>Den/Office Level: Main</item>
					</item>
				</item>
				<item>
					<item>Equipment</item>
					<item>
						<item>Appliances: Range/Oven, Refrigerator, Dishwasher, Microwave, Garbage Disposal, Washer, Dryer</item>
					</item>
				</item>
			</item>
		</item>
		<item>
			<item>Parking / Garage</item>
			<item>
				<item>
					<item>Parking Information</item>
					<item>
						<item>Parking: Underground, Heated, 1-5 Spaces, 1 Space, Assigned, Parking Fee</item>
					</item>
				</item>
				<item>
					<item>Garage Information</item>
					<item>
						<item>Garage: Underground, Underground Garage, Underground Space, Heated, Opener Included</item>
					</item>
				</item>
			</item>
		</item>
		<item>
			<item>Exterior Features</item>
			<item>
				<item>
					<item>Building Information</item>
					<item>
						<item>Estimated Sq. Ft. Range: 1501-1750</item>
					</item>
				</item>
				<item>
					<item>Exterior</item>
					<item>
						<item>Exterior Features: Deck</item>
						<item>Exterior: Brick, Stone</item>
					</item>
				</item>
			</item>
		</item>
		<item>
			<item>Multi-Unit Information</item>
			<item>
				<item>
					<item>Condo Information</item>
					<item>
						<item>Condominium Name: Metropolitan</item>
						<item>Garden, End Unit</item>
					</item>
				</item>
				<item>
					<item>Multi-Unit Information</item>
					<item>
						<item># of Units: 174</item>
						<item>Units In Association: 338</item>
					</item>
				</item>
			</item>
		</item>
		<item>
			<item>School / Neighborhood</item>
			<item>
				<item>
					<item>Neighborhood Information</item>
					<item>
						<item>Municipality: MADISON</item>
						<item>Municipality Type: City</item>
					</item>
				</item>
				<item>
					<item>School Information</item>
					<item>
						<item> School District: Madison</item>
						<item>Middle School: Hamilton</item>
						<item>High School: West</item>
					</item>
				</item>
			</item>
		</item>
		<item>
			<item>Lease / Rent Details, Listing Information</item>
			<item>
				<item>
					<item>Rental Information</item>
					<item>
						<item>Pets Permitted</item>
					</item>
				</item>
				<item>
					<item>Listing Information</item>
					<item>
						<item>Inclusions: Washer/Dryer, Fridge, Stove, Dishwasher</item>
						<item>Exclusions: Sellers Personal Property</item>
					</item>
				</item>
			</item>
		</item>
		<item>
			<item>Property / Lot Details</item>
			<item>
				<item>
					<item>Property Information</item>
					<item>
						<item>Condo</item>
						<item>Information Source Year Built: Assessor/Public Record</item>
					</item>
				</item>
				<item>
					<item>Lot Information</item>
					<item>
						<item> Zoning: Condo</item>
					</item>
				</item>
			</item>
		</item>
	</property_details>
	<public_facts>
		<Beds>2</Beds>
		<Baths>2</Baths>
		<Finished_Sq._Ft.>1,678</Finished_Sq._Ft.>
		<Unfinished_Sq._Ft.>—</Unfinished_Sq._Ft.>
		<Total_Sq._Ft.>1,678</Total_Sq._Ft.>
		<Stories>1</Stories>
		<Lot_Size>—</Lot_Size>
		<Style>Condo/Co-op</Style>
		<Year_Built>2007</Year_Built>
		<Year_Renovated>2009</Year_Renovated>
		<County>Dane County</County>
		<APN>070923164051</APN>
	</public_facts>
</home>
