<?xml version="1.0" ?>
<home>
	<HomeInfo_Address>
		<street-address>627 E Dayton St </street-address>
		<locality>Madison, </locality>
		<region>WI</region>
		<postal-code>53703</postal-code>
	</HomeInfo_Address>
	<main_stats>
		<Price>$219,900</Price>
		<Bed>1</Bed>
		<Bath>1</Bath>
		<key name="$267 / Sq. Ft.">824</key>
	</main_stats>
	<text_base_description>Public Remarks: Showing start 8/26. Welcome home to this beautiful renovated condo in the desired Tenney-Lapham neighborhood! Walking distance to everything, Festival Foods, restaurants, Lake Monona and Mendota, best venues in town and our great capital where our popular farmers market is held. The appealing open concept condo has a private entry and is filled with natural sunlight that shows off the gorgeous wooden floors and kitchen with updated quartz countertops  &amp;  stainless steel appliances. Owner's suit is spacious and has a full walk-in closet. Relaxing balcony is located off the owner's suite with a view of the capital. Laundry room in the unit has a full size washer and dryer! One dedicated parking stall is located outside and a storage unit big enough to store a bike. UHP basic warranty included.  </text_base_description>
	<listed_by>
		<name>Oi Kommavang</name>
		<org> • First Weber Inc </org>
	</listed_by>
	<price_insights>
		<List_Price>$219,900</List_Price>
		<Est._Mo._Payment>$1,139</Est._Mo._Payment>
		<Redfin_Estimate>$213,841</Redfin_Estimate>
		<key name="Price/Sq.Ft.">$267</key>
	</price_insights>
	<home_facts>
		<Status>Active</Status>
		<Time_on_Redfin>30 days</Time_on_Redfin>
		<Property_Type>Condo</Property_Type>
		<HOA_Dues>$168/month</HOA_Dues>
		<Year_Built>2000</Year_Built>
		<Community>Madison</Community>
		<key name="MLS#">1891834</key>
	</home_facts>
	<property_details>
		<item>
			<item>Virtual Tour, Parking / Garage, Homeowners Association, Utilities</item>
			<item>
				<item>
					<item> Virtual Tour Branded</item>
					<item>
						<item> Branded Virtual Tour: https://wisconsin3d.com/tours/627-e-dayton-st-madison-wi-53703/nobrand/</item>
					</item>
				</item>
				<item>
					<item>Parking Information</item>
					<item>
						<item>Parking: 1-5 Spaces, 1 Space, Assigned, Outside, Outdoor Space</item>
					</item>
				</item>
				<item>
					<item>HOA Information</item>
					<item>
						<item>Condo Fee Monthly: $168</item>
					</item>
				</item>
				<item>
					<item>Utility Information</item>
					<item>
						<item>Municipal Water, Municipal Sewer</item>
						<item>Heating/Cooling: Forced Air, Central Air</item>
						<item>Natural Gas</item>
					</item>
				</item>
			</item>
		</item>
		<item>
			<item>Interior Features</item>
			<item>
				<item>
					<item>Bedroom Information</item>
					<item>
						<item>Master Bedroom Dimensions: 15 x 12</item>
						<item>Master Bedroom Level: Main</item>
					</item>
				</item>
				<item>
					<item>Bathroom Information</item>
					<item>
						<item>Bath Description(s): No Master Bedroom Bath</item>
						<item># of Baths (Full): 1</item>
					</item>
				</item>
				<item>
					<item>Interior Features</item>
					<item>
						<item>Wood or Simulation Wood Floors, Walk-In Closet(s), Great Room, Intercom, Cable/Satellite Available, High Speed Internet, Storage Locker Included</item>
					</item>
				</item>
				<item>
					<item>Room Information</item>
					<item>
						<item>Living Room Dimensions: 17 x 12</item>
						<item>Living Room Level: Main</item>
						<item>Kitchen Level: Main</item>
						<item>Kitchen Dimensions: 11 x 8</item>
					</item>
				</item>
				<item>
					<item>Equipment</item>
					<item>
						<item>Appliances: Range/Oven, Refrigerator, Dishwasher, Microwave, Garbage Disposal, Washer, Dryer</item>
					</item>
				</item>
			</item>
		</item>
		<item>
			<item>Exterior Features</item>
			<item>
				<item>
					<item>Building Information</item>
					<item>
						<item>Estimated Sq. Ft. Range: 751-1000</item>
					</item>
				</item>
				<item>
					<item>Exterior</item>
					<item>
						<item>Exterior Features: Private Entry, Deck</item>
						<item>Exterior: Vinyl</item>
					</item>
				</item>
			</item>
		</item>
		<item>
			<item>Multi-Unit Information</item>
			<item>
				<item>
					<item>Condo Information</item>
					<item>
						<item>Condominium Name: Coachyard Square</item>
						<item>Garden</item>
					</item>
				</item>
				<item>
					<item>Multi-Unit Information</item>
					<item>
						<item># of Units: 8</item>
						<item>Units In Association: 23</item>
					</item>
				</item>
			</item>
		</item>
		<item>
			<item>School / Neighborhood</item>
			<item>
				<item>
					<item>Neighborhood Information</item>
					<item>
						<item>Municipality: MADISON</item>
						<item>Municipality Type: City</item>
					</item>
				</item>
				<item>
					<item>School Information</item>
					<item>
						<item> School District: Madison</item>
						<item>Elementary School: Lapham/Marquette</item>
						<item>Middle School: Okeeffe</item>
						<item>High School: East</item>
					</item>
				</item>
			</item>
		</item>
		<item>
			<item>Taxes / Assessments, Lease / Rent Details, Listing Information</item>
			<item>
				<item>
					<item>Tax Information</item>
					<item>
						<item> Total Taxes: $3,794</item>
						<item> Tax Year: 2019</item>
					</item>
				</item>
				<item>
					<item>Rental Information</item>
					<item>
						<item>Pets Permitted</item>
					</item>
				</item>
				<item>
					<item>Listing Information</item>
					<item>
						<item>Inclusions: Refrigerator, stove/oven, dishwasher, disposal, microwave, washer, dryer, window coverings</item>
						<item>Exclusions: items used for staging</item>
					</item>
				</item>
			</item>
		</item>
		<item>
			<item>Property / Lot Details</item>
			<item>
				<item>
					<item>Property Information</item>
					<item>
						<item>Condo</item>
						<item>Information Source Year Built: Assessor/Public Record</item>
					</item>
				</item>
				<item>
					<item>Lot Information</item>
					<item>
						<item> Zoning: WP-24</item>
					</item>
				</item>
			</item>
		</item>
	</property_details>
	<public_facts>
		<Beds>1</Beds>
		<Baths>1</Baths>
		<Finished_Sq._Ft.>824</Finished_Sq._Ft.>
		<Unfinished_Sq._Ft.>—</Unfinished_Sq._Ft.>
		<Total_Sq._Ft.>824</Total_Sq._Ft.>
		<Stories>2</Stories>
		<Lot_Size>—</Lot_Size>
		<Style>Condo/Co-op</Style>
		<Year_Built>2000</Year_Built>
		<Year_Renovated>2004</Year_Renovated>
		<County>Dane County</County>
		<APN>070913343087</APN>
	</public_facts>
</home>
