<?xml version="1.0" ?>
<home>
	<HomeInfo_Address>
		<street-address>123 W Washington Ave #509 </street-address>
		<locality>Madison, </locality>
		<region>WI</region>
		<postal-code>53703</postal-code>
	</HomeInfo_Address>
	<main_stats>
		<Price>$355,000</Price>
		<Bed>1</Bed>
		<Baths>1.5</Baths>
		<key name="$356 / Sq. Ft.">996</key>
	</main_stats>
	<text_base_description>Public Remarks: Own a piece of history! The Loraine is a stunning national landmark that's been recently updated and is just steps to the capitol square. You're going to be wowed when you walk in to this spacious, immaculate, one bedroom one and a half bath condo. The interior boasts tray ceilings, a den/guest room with pocket door, built-ins, gourmet kitchen with custom maple cabinetry, solid surface countertops, and breakfast bar. The spacious master bedroom overlooks the capitol with small attached den/library and private full bath with double vanity. Front powder room with in-unit laundry. Includes storage unit right down the hall and 1 underground parking space. (Storage 509, parking 62) Condo fee includes water.  </text_base_description>
	<listed_by>
		<name>Heather Weasler</name>
		<org> • Inventure Realty Group, Inc </org>
	</listed_by>
	<price_insights>
		<List_Price>$355,000</List_Price>
		<Est._Mo._Payment>$1,960</Est._Mo._Payment>
		<Redfin_Estimate>$347,124</Redfin_Estimate>
		<key name="Price/Sq.Ft.">$356</key>
	</price_insights>
	<home_facts>
		<Status>Active</Status>
		<Time_on_Redfin>105 days</Time_on_Redfin>
		<Property_Type>Condo</Property_Type>
		<HOA_Dues>$469/month</HOA_Dues>
		<Year_Built>2004</Year_Built>
		<Community>Madison</Community>
		<key name="MLS#">1885544</key>
	</home_facts>
	<property_details>
		<item>
			<item>Virtual Tour, Homeowners Association, Utilities, Taxes / Assessments</item>
			<item>
				<item>
					<item> Virtual Tour Branded</item>
					<item>
						<item> Branded Virtual Tour: https://wisconsin3d.com/tours/123-w-washington-ave-unit-509-madison-wi-53703/skinned/</item>
					</item>
				</item>
				<item>
					<item>HOA Information</item>
					<item>
						<item>Condo Fee Monthly: $469</item>
						<item>Association Common Amenities: Common Green Space, Elevator</item>
					</item>
				</item>
				<item>
					<item>Utility Information</item>
					<item>
						<item>Municipal Water, Municipal Sewer</item>
						<item>Heating/Cooling: Forced Air, Central Air</item>
						<item>Natural Gas</item>
					</item>
				</item>
				<item>
					<item>Tax Information</item>
					<item>
						<item> Total Taxes: $7,590</item>
						<item> Tax Year: 2019</item>
					</item>
				</item>
			</item>
		</item>
		<item>
			<item>Interior Features</item>
			<item>
				<item>
					<item>Bedroom Information</item>
					<item>
						<item>Master Bedroom Dimensions: 14 x 13</item>
						<item>Master Bedroom Level: Main</item>
					</item>
				</item>
				<item>
					<item>Bathroom Information</item>
					<item>
						<item>Bath Description(s): At Least 1 Tub, Tub/Shower Combo  in Master Bathroom</item>
						<item># of Baths (1/2): 1</item>
						<item># of Baths (Full): 1</item>
					</item>
				</item>
				<item>
					<item>Interior Features</item>
					<item>
						<item>Wood or Simulation Wood Floors, Great Room, Cable/Satellite Available, High Speed Internet, Storage Locker Included</item>
					</item>
				</item>
				<item>
					<item>Room Information</item>
					<item>
						<item>Other Room 2 Name: Other</item>
						<item>Living Room Dimensions: 16 x 15</item>
						<item>Living Room Level: Main</item>
						<item>Kitchen Level: Main</item>
						<item>Kitchen Dimensions: 10 x 9</item>
						<item>Den/Office Dimension: 8 x 7</item>
						<item>Den/Office Level: Main</item>
					</item>
				</item>
				<item>
					<item>Equipment</item>
					<item>
						<item>Appliances: Range/Oven, Refrigerator, Dishwasher, Microwave, Garbage Disposal, Washer, Dryer</item>
					</item>
				</item>
			</item>
		</item>
		<item>
			<item>Parking / Garage</item>
			<item>
				<item>
					<item>Parking Information</item>
					<item>
						<item>Parking: Underground, 1-5 Spaces, 1 Space, Assigned</item>
					</item>
				</item>
				<item>
					<item>Garage Information</item>
					<item>
						<item>Garage: Underground, Underground Garage, Underground Space, Opener Included</item>
					</item>
				</item>
			</item>
		</item>
		<item>
			<item>Exterior Features</item>
			<item>
				<item>
					<item>Building Information</item>
					<item>
						<item>Estimated Sq. Ft. Range: 751-1000</item>
					</item>
				</item>
				<item>
					<item>Exterior</item>
					<item>
						<item>Exterior: Brick, Stone</item>
					</item>
				</item>
			</item>
		</item>
		<item>
			<item>Multi-Unit Information</item>
			<item>
				<item>
					<item>Condo Information</item>
					<item>
						<item>Condominium Name: The Loraine</item>
						<item>Garden</item>
					</item>
				</item>
				<item>
					<item>Multi-Unit Information</item>
					<item>
						<item># of Units: 87</item>
						<item>Units In Association: 87</item>
					</item>
				</item>
			</item>
		</item>
		<item>
			<item>School / Neighborhood</item>
			<item>
				<item>
					<item>Neighborhood Information</item>
					<item>
						<item>Municipality: MADISON</item>
						<item>Municipality Type: City</item>
					</item>
				</item>
				<item>
					<item>School Information</item>
					<item>
						<item> School District: Madison</item>
						<item>Middle School: Hamilton</item>
						<item>High School: West</item>
					</item>
				</item>
			</item>
		</item>
		<item>
			<item>Lease / Rent Details, Listing Information</item>
			<item>
				<item>
					<item>Rental Information</item>
					<item>
						<item>Pets Permitted</item>
					</item>
				</item>
				<item>
					<item>Listing Information</item>
					<item>
						<item>Inclusions: range/oven, refrigerator, dishwasher, microwave, disposal, washer &amp; dryer</item>
						<item>Exclusions: personal property of seller (however some items may be negotiable)</item>
					</item>
				</item>
			</item>
		</item>
		<item>
			<item>Property / Lot Details</item>
			<item>
				<item>
					<item>Property Information</item>
					<item>
						<item>Condo</item>
						<item>Information Source Year Built: Assessor/Public Record</item>
					</item>
				</item>
				<item>
					<item>Lot Information</item>
					<item>
						<item> Zoning: DC</item>
					</item>
				</item>
			</item>
		</item>
	</property_details>
	<public_facts>
		<Beds>1</Beds>
		<Baths>1.5</Baths>
		<Finished_Sq._Ft.>942</Finished_Sq._Ft.>
		<Unfinished_Sq._Ft.>—</Unfinished_Sq._Ft.>
		<Total_Sq._Ft.>942</Total_Sq._Ft.>
		<Stories>1</Stories>
		<Lot_Size>—</Lot_Size>
		<Style>Condo/Co-op</Style>
		<Year_Built>2004</Year_Built>
		<Year_Renovated>2007</Year_Renovated>
		<County>Dane County</County>
		<APN>070923150406</APN>
	</public_facts>
</home>
