<?xml version="1.0" ?>
<home>
	<HomeInfo_Address>
		<street-address>309 W Washington Ave #1005 </street-address>
		<locality>Madison, </locality>
		<region>WI</region>
		<postal-code>53703</postal-code>
	</HomeInfo_Address>
	<main_stats>
		<Price>$799,000</Price>
		<Beds>3</Beds>
		<Baths>2</Baths>
		<key name="$463 / Sq. Ft.">1,725</key>
	</main_stats>
	<text_base_description>Public Remarks: Stunning Downtown 10th floor corner unit in the highly coveted Capitol West Condos is one of the finest in the building. Spectacular views of the Capitol, Lake Mendota, and Waterfall Mural. Large master suite with walk-in closet, en suite bathroom, office space, and sitting area. Beautiful walnut floors throughout. Kitchen has granite counters with GE Profile stainless appliances. Custom wall of built-in cabinets. 3 bedrooms and 2 full bathrooms. En suite bathroom has separate tub and shower, with double sinks. 2 balconies. 2 tandem indoor parking spots. 1 large storage unit directly in front of parking spots. State of the art fitness center. On-site management. You'll be close to all that downtown has to offer: Overture, MMoCA, Library, State St, Farmers Market. All this could be yours! </text_base_description>
	<listed_by>
		<name>Ann Conrad</name>
		<org> • Conrad Development LLC </org>
	</listed_by>
	<price_insights>
		<List_Price>$799,000</List_Price>
		<Est._Mo._Payment>$4,236</Est._Mo._Payment>
		<Redfin_Estimate>$768,927</Redfin_Estimate>
		<key name="Price/Sq.Ft.">$463</key>
	</price_insights>
	<home_facts>
		<Status>Active</Status>
		<Time_on_Redfin>146 days</Time_on_Redfin>
		<Property_Type>Condo</Property_Type>
		<HOA_Dues>$675/month</HOA_Dues>
		<Year_Built>2008</Year_Built>
		<Community>Madison</Community>
		<key name="MLS#">1882380</key>
	</home_facts>
	<property_details>
		<item>
			<item>Virtual Tour, Homeowners Association, Utilities, Taxes / Assessments</item>
			<item>
				<item>
					<item> Virtual Tour Branded</item>
					<item>
						<item> Branded Virtual Tour: https://vtours.whirligighd.com/idx/323178</item>
					</item>
				</item>
				<item>
					<item>HOA Information</item>
					<item>
						<item>Condo Fee Monthly: $675</item>
						<item>Association Common Amenities: Rental Allowed, Exercise Room, Elevator</item>
					</item>
				</item>
				<item>
					<item>Utility Information</item>
					<item>
						<item>Municipal Water, Municipal Sewer, Private Septic System</item>
						<item>Heating/Cooling: Forced Air, Central Air</item>
						<item>Natural Gas</item>
					</item>
				</item>
				<item>
					<item>Tax Information</item>
					<item>
						<item> Total Taxes: $14,972</item>
						<item> Tax Year: 2019</item>
					</item>
				</item>
			</item>
		</item>
		<item>
			<item>Interior Features</item>
			<item>
				<item>
					<item>Bedroom Information</item>
					<item>
						<item>Master Bedroom Dimensions: 32 x 20</item>
						<item>Master Bedroom Level: Main</item>
						<item>Bedroom 2 Dimensions: 11 x 14</item>
						<item>Bedroom 2 Level: Main</item>
						<item>Bedroom 3 Dimensions: 12 x 14</item>
						<item>Bedroom 3 Level: Main</item>
					</item>
				</item>
				<item>
					<item>Bathroom Information</item>
					<item>
						<item>Bath Description(s): At Least 1 Tub, Master Bedroom Bath (Full), Master Bedroom Bath, Walk-In Shower  in Master Bathroom, Tub/No Shower in Master Bathroom</item>
						<item># of Baths (Full): 2</item>
					</item>
				</item>
				<item>
					<item>Interior Features</item>
					<item>
						<item>Wood or Simulation Wood Floors, Walk-In Closet(s), Intercom, Cable/Satellite Available, High Speed Internet, Storage Locker Included</item>
					</item>
				</item>
				<item>
					<item>Room Information</item>
					<item>
						<item>Living Room Dimensions: 9 x 14</item>
						<item>Living Room Level: Main</item>
						<item>Kitchen Level: Main</item>
						<item>Kitchen Dimensions: 9 x 10</item>
					</item>
				</item>
				<item>
					<item>Equipment</item>
					<item>
						<item>Appliances: Range/Oven, Refrigerator, Dishwasher, Garbage Disposal, Washer, Dryer</item>
					</item>
				</item>
			</item>
		</item>
		<item>
			<item>Parking / Garage</item>
			<item>
				<item>
					<item>Parking Information</item>
					<item>
						<item>Parking: Underground, Heated, 2 Spaces, Assigned, 1-5 Spaces, Parking Fee</item>
					</item>
				</item>
				<item>
					<item>Garage Information</item>
					<item>
						<item>Garage: 2 Car, Attached, Underground, Underground Garage, Underground Space, Tandem, Heated, Opener Included</item>
					</item>
				</item>
			</item>
		</item>
		<item>
			<item>Exterior Features</item>
			<item>
				<item>
					<item>Building Information</item>
					<item>
						<item>Estimated Sq. Ft. Range: 1501-1750</item>
					</item>
				</item>
				<item>
					<item>Exterior</item>
					<item>
						<item>Exterior Features: Deck</item>
						<item>Exterior: Aluminum/Steel, Brick</item>
					</item>
				</item>
			</item>
		</item>
		<item>
			<item>Multi-Unit Information</item>
			<item>
				<item>
					<item>Condo Information</item>
					<item>
						<item>Condominium Name: Capitol West</item>
						<item>Garden</item>
					</item>
				</item>
				<item>
					<item>Multi-Unit Information</item>
					<item>
						<item># of Units: 126</item>
						<item>Units In Association: 141</item>
					</item>
				</item>
			</item>
		</item>
		<item>
			<item>School / Neighborhood</item>
			<item>
				<item>
					<item>Neighborhood Information</item>
					<item>
						<item>Municipality: MADISON</item>
						<item>Municipality Type: City</item>
					</item>
				</item>
				<item>
					<item>School Information</item>
					<item>
						<item> School District: Madison</item>
						<item>Middle School: Hamilton</item>
						<item>High School: West</item>
					</item>
				</item>
			</item>
		</item>
		<item>
			<item>Lease / Rent Details, Listing Information</item>
			<item>
				<item>
					<item>Rental Information</item>
					<item>
						<item>Pets Permitted</item>
					</item>
				</item>
				<item>
					<item>Listing Information</item>
					<item>
						<item>Inclusions: Stove/Oven, Refrigerator, Dishwasher, Washer, Dryer, Disposal, All Window Coverings.</item>
						<item>Exclusions: Seller's Personal Property.</item>
					</item>
				</item>
			</item>
		</item>
		<item>
			<item>Property / Lot Details</item>
			<item>
				<item>
					<item>Property Information</item>
					<item>
						<item>Condo</item>
						<item>Information Source Year Built: Assessor/Public Record</item>
					</item>
				</item>
				<item>
					<item>Property Features</item>
					<item>
						<item>Body of Water: Mendota</item>
						<item>Water Features: Waterview (No Frontage), Lake</item>
					</item>
				</item>
				<item>
					<item>Lot Information</item>
					<item>
						<item> Zoning: PUDSIP</item>
					</item>
				</item>
			</item>
		</item>
	</property_details>
	<public_facts>
		<Beds>3</Beds>
		<Baths>2</Baths>
		<Finished_Sq._Ft.>1,725</Finished_Sq._Ft.>
		<Unfinished_Sq._Ft.>—</Unfinished_Sq._Ft.>
		<Total_Sq._Ft.>1,725</Total_Sq._Ft.>
		<Stories>1</Stories>
		<Lot_Size>—</Lot_Size>
		<Style>Condo/Co-op</Style>
		<Year_Built>2008</Year_Built>
		<Year_Renovated>2009</Year_Renovated>
		<County>Dane County</County>
		<APN>070923166271</APN>
	</public_facts>
</home>
