<?xml version="1.0" ?>
<home>
	<HomeInfo_Address>
		<street-address>333 W Mifflin St #2060 </street-address>
		<locality>Madison, </locality>
		<region>WI</region>
		<postal-code>53703</postal-code>
	</HomeInfo_Address>
	<main_stats>
		<Price>$227,900</Price>
		<Beds>2</Beds>
		<Bath>1</Bath>
		<key name="$312 / Sq. Ft.">731</key>
	</main_stats>
	<text_base_description>Public Remarks: Great location, enjoy downtown living in this bright 1 bedroom plus office/den or even a second bedroom, 2nd floor unit in Metropolitan Place. Open concept, breakfast bar, stainless steel appliances, gas range, tile floor and in unit laundry with washer/dryer, Storage unit, parking space and gym on the same floor with everything you need just steps away. State street, Farmers market, Capital, Overture, UW and so much more are all just minutes away from your front door. Association features a rooftop terrace with gas grills, fitness center and dog run etc. Freshly painted walls, brand new carpet. Parking #1023, Storage #239, Parking fee is $40.93/month.  </text_base_description>
	<listed_by>
		<name>Li Zhang</name>
		<org> • Metro Brokers/Li Zhang </org>
	</listed_by>
	<price_insights>
		<List_Price>$227,900</List_Price>
		<Est._Mo._Payment>$1,264</Est._Mo._Payment>
		<Redfin_Estimate>$222,962</Redfin_Estimate>
		<key name="Price/Sq.Ft.">$312</key>
	</price_insights>
	<home_facts>
		<Status>Active</Status>
		<Time_on_Redfin>72 days</Time_on_Redfin>
		<Property_Type>Condo</Property_Type>
		<HOA_Dues>$308/month</HOA_Dues>
		<Year_Built>2008</Year_Built>
		<Community>Madison</Community>
		<key name="MLS#">1888250</key>
	</home_facts>
	<property_details>
		<item>
			<item>Interior Features</item>
			<item>
				<item>
					<item>Bedroom Information</item>
					<item>
						<item>Master Bedroom Dimensions: 10 x 13</item>
						<item>Master Bedroom Level: Main</item>
						<item>Bedroom 2 Dimensions: 10 x 11</item>
						<item>Bedroom 2 Level: Main</item>
					</item>
				</item>
				<item>
					<item>Bathroom Information</item>
					<item>
						<item>Bath Description(s): At Least 1 Tub, Master Bedroom Bath (Full), Master Bedroom Bath</item>
						<item># of Baths (Full): 1</item>
					</item>
				</item>
				<item>
					<item>Interior Features</item>
					<item>
						<item>Wood or Simulation Wood Floors, Intercom, Cable/Satellite Available, High Speed Internet, Storage Locker Included</item>
					</item>
				</item>
				<item>
					<item>Room Information</item>
					<item>
						<item>Living Room Dimensions: 11 x 17</item>
						<item>Living Room Level: Main</item>
						<item>Kitchen Level: Main</item>
						<item>Kitchen Dimensions: 10 x 8</item>
					</item>
				</item>
				<item>
					<item>Equipment</item>
					<item>
						<item>Appliances: Range/Oven, Refrigerator, Dishwasher, Microwave, Garbage Disposal, Washer, Dryer</item>
					</item>
				</item>
			</item>
		</item>
		<item>
			<item>Parking / Garage</item>
			<item>
				<item>
					<item>Parking Information</item>
					<item>
						<item>Parking: 1-5 Spaces, 1 Space, Assigned, Parking Fee</item>
					</item>
				</item>
				<item>
					<item>Garage Information</item>
					<item>
						<item>Garage: Attached</item>
					</item>
				</item>
			</item>
		</item>
		<item>
			<item>Exterior Features</item>
			<item>
				<item>
					<item>Building Information</item>
					<item>
						<item>Estimated Sq. Ft. Range: 750 or Less</item>
					</item>
				</item>
				<item>
					<item>Exterior</item>
					<item>
						<item>Exterior Features: Deck</item>
						<item>Exterior: Brick, Stone</item>
					</item>
				</item>
			</item>
		</item>
		<item>
			<item>Multi-Unit Information</item>
			<item>
				<item>
					<item>Condo Information</item>
					<item>
						<item>Condominium Name: Metropolitan Place II</item>
						<item>Garden</item>
					</item>
				</item>
				<item>
					<item>Multi-Unit Information</item>
					<item>
						<item># of Units: 164</item>
						<item>Units In Association: 338</item>
					</item>
				</item>
			</item>
		</item>
		<item>
			<item>Homeowners Association, Utilities, Taxes / Assessments, Lease / Rent Details</item>
			<item>
				<item>
					<item>HOA Information</item>
					<item>
						<item>Condo Fee Monthly: $308</item>
						<item>Association Common Amenities: Rental Allowed, Common Green Space, Exercise Room, Security, Elevator, Rooftop Common Area</item>
					</item>
				</item>
				<item>
					<item>Utility Information</item>
					<item>
						<item>Municipal Water, Municipal Sewer</item>
						<item>Heating/Cooling: Heat Pump, Central Air</item>
						<item>Other (See Remarks)</item>
					</item>
				</item>
				<item>
					<item>Tax Information</item>
					<item>
						<item> Total Taxes: $4,944</item>
						<item> Tax Year: 2019</item>
					</item>
				</item>
				<item>
					<item>Rental Information</item>
					<item>
						<item>Pets Permitted</item>
					</item>
				</item>
			</item>
		</item>
		<item>
			<item>School / Neighborhood</item>
			<item>
				<item>
					<item>Neighborhood Information</item>
					<item>
						<item>Municipality: MADISON</item>
						<item>Municipality Type: City</item>
					</item>
				</item>
				<item>
					<item>School Information</item>
					<item>
						<item> School District: Madison</item>
						<item>Middle School: Hamilton</item>
						<item>High School: West</item>
					</item>
				</item>
			</item>
		</item>
		<item>
			<item>Property / Lot Details</item>
			<item>
				<item>
					<item>Property Information</item>
					<item>
						<item>Condo</item>
						<item>Information Source Year Built: Assessor/Public Record</item>
					</item>
				</item>
				<item>
					<item>Lot Information</item>
					<item>
						<item> Zoning: PUDSIP</item>
					</item>
				</item>
			</item>
		</item>
		<item>
			<item>Listing Information</item>
			<item>
				<item>
					<item>Listing Information</item>
					<item>
						<item>Inclusions: Range/oven, refrigerator, dishwasher, microwave, washer, dryer.</item>
						<item>Exclusions: Seller?s personal items.</item>
					</item>
				</item>
			</item>
		</item>
	</property_details>
	<public_facts>
		<Beds>1</Beds>
		<Baths>1</Baths>
		<Finished_Sq._Ft.>709</Finished_Sq._Ft.>
		<Unfinished_Sq._Ft.>—</Unfinished_Sq._Ft.>
		<Total_Sq._Ft.>709</Total_Sq._Ft.>
		<Stories>1</Stories>
		<Lot_Size>—</Lot_Size>
		<Style>Condo/Co-op</Style>
		<Year_Built>2007</Year_Built>
		<Year_Renovated>2007</Year_Renovated>
		<County>Dane County</County>
		<APN>070923163087</APN>
	</public_facts>
</home>
