<?xml version="1.0" ?>
<home>
	<HomeInfo_Address>
		<street-address>1023 Williamson St #2 </street-address>
		<locality>Madison, </locality>
		<region>WI</region>
		<postal-code>53703</postal-code>
	</HomeInfo_Address>
	<main_stats>
		<Price>$325,500</Price>
		<Beds>2</Beds>
		<Baths>2</Baths>
		<key name="$211 / Sq. Ft.">1,544</key>
	</main_stats>
	<text_base_description>Public Remarks: Modern Design and classical architectural character of this 2 bed/2 bath condo. Luxuriously appointed, recent total remodeling. Remarkable vaulted ceiling. Maple cabinets, original Douglas Fir wood floors, brick chimney, granite countertops, gas fireplace, large CA Closets, wired for sound, master suite loft with tile and marble master bath. Roof 2006. Private garage. Great Willie St. location close to shops, restaurants, markets, the lakes, downtown and more! Storage in basement (outside entry) and more off master bath. City Ridge Condos consists of 6 units on the property. Dogs, &lt;50 lbs allowed. Dimensions are approx. Seller is a licensed RE Broker.  </text_base_description>
	<listed_by>
		<name>Tom Jacobs</name>
		<org> • Jacobs Cooperage, LLC </org>
	</listed_by>
	<price_insights>
		<List_Price>$325,500</List_Price>
		<Est._Mo._Payment>$1,781</Est._Mo._Payment>
		<Redfin_Estimate>$319,516</Redfin_Estimate>
		<key name="Price/Sq.Ft.">$211</key>
	</price_insights>
	<home_facts>
		<Status>Active</Status>
		<Time_on_Redfin>134 days</Time_on_Redfin>
		<Property_Type>Condo</Property_Type>
		<HOA_Dues>$125/month</HOA_Dues>
		<Year_Built>1895</Year_Built>
		<Community>Madison</Community>
		<key name="MLS#">1883161</key>
	</home_facts>
	<property_details>
		<item>
			<item>Interior Features</item>
			<item>
				<item>
					<item>Bedroom Information</item>
					<item>
						<item>Master Bedroom Dimensions: 22 x 12</item>
						<item>Master Bedroom Level: Upper</item>
						<item>Bedroom 2 Dimensions: 12 x 10</item>
						<item>Bedroom 2 Level: Main</item>
					</item>
				</item>
				<item>
					<item>Bathroom Information</item>
					<item>
						<item>Bath Description(s): Master Bedroom Bath (Full), Master Bedroom Bath</item>
						<item># of Baths (Full): 2</item>
					</item>
				</item>
				<item>
					<item>Interior Features</item>
					<item>
						<item>Wood or Simulation Wood Floors, Great Room, Cathedral/Vaulted Ceiling, Skylight(s), Water Softener, Cable/Satellite Available, High Speed Internet, Storage Locker Included</item>
					</item>
				</item>
				<item>
					<item>Room Information</item>
					<item>
						<item>Other Room 1 Dimensions: 6 x 7</item>
						<item>Other Room 1 Level: Main</item>
						<item>Other Room 1 Name: Bonus Room</item>
						<item>Living Room Dimensions: 24 x 12</item>
						<item>Living Room Level: Main</item>
						<item>Kitchen Level: Main</item>
						<item>Kitchen Dimensions: 9 x 11</item>
						<item>Dining Room Dimensions: 12 x 10</item>
						<item>Dining Room Level: Main</item>
					</item>
				</item>
				<item>
					<item>Equipment</item>
					<item>
						<item>Appliances: Range/Oven, Refrigerator, Dishwasher, Microwave, Garbage Disposal, Washer, Dryer</item>
					</item>
				</item>
			</item>
		</item>
		<item>
			<item>Parking / Garage, Homeowners Association, Utilities, Taxes / Assessments</item>
			<item>
				<item>
					<item>Garage Information</item>
					<item>
						<item>Garage: 1 Car, Detached</item>
					</item>
				</item>
				<item>
					<item>HOA Information</item>
					<item>
						<item>Condo Fee Monthly: $125</item>
						<item>Association Common Amenities: Rental Allowed</item>
					</item>
				</item>
				<item>
					<item>Utility Information</item>
					<item>
						<item>Municipal Water</item>
						<item>Heating/Cooling: Forced Air, Central Air</item>
						<item>Natural Gas</item>
					</item>
				</item>
				<item>
					<item>Tax Information</item>
					<item>
						<item> Total Taxes: $6,766</item>
						<item> Tax Year: 2019</item>
					</item>
				</item>
			</item>
		</item>
		<item>
			<item>Exterior Features</item>
			<item>
				<item>
					<item>Building Information</item>
					<item>
						<item>Estimated Sq. Ft. Range: 1501-1750</item>
					</item>
				</item>
				<item>
					<item>Exterior</item>
					<item>
						<item>Exterior Features: Deck</item>
						<item>Exterior: Vinyl</item>
					</item>
				</item>
			</item>
		</item>
		<item>
			<item>Multi-Unit Information</item>
			<item>
				<item>
					<item>Condo Information</item>
					<item>
						<item>Condominium Name: City Ridge Condominiums</item>
						<item>Townhouse, 2 Story</item>
					</item>
				</item>
				<item>
					<item>Multi-Unit Information</item>
					<item>
						<item># of Units: 2</item>
						<item>Units In Association: 6</item>
					</item>
				</item>
			</item>
		</item>
		<item>
			<item>School / Neighborhood</item>
			<item>
				<item>
					<item>Neighborhood Information</item>
					<item>
						<item>Municipality: MADISON</item>
						<item>Municipality Type: City</item>
					</item>
				</item>
				<item>
					<item>School Information</item>
					<item>
						<item> School District: Madison</item>
						<item>Elementary School: Call School District</item>
						<item>Middle School: Call School District</item>
						<item>High School: East</item>
					</item>
				</item>
			</item>
		</item>
		<item>
			<item>Lease / Rent Details, Listing Information</item>
			<item>
				<item>
					<item>Rental Information</item>
					<item>
						<item>Pets Permitted</item>
					</item>
				</item>
				<item>
					<item>Listing Information</item>
					<item>
						<item>Inclusions: Refrigerator, dishwasher/oven/stove, washer, dryer, built in speaker system, gas fireplace, water softener</item>
					</item>
				</item>
			</item>
		</item>
		<item>
			<item>Property / Lot Details</item>
			<item>
				<item>
					<item>Property Information</item>
					<item>
						<item>Condo</item>
						<item>Information Source Year Built: Owner</item>
					</item>
				</item>
				<item>
					<item>Lot Information</item>
					<item>
						<item> Zoning: Condo</item>
					</item>
				</item>
			</item>
		</item>
	</property_details>
	<public_facts>
		<Beds>2</Beds>
		<Baths>2</Baths>
		<Finished_Sq._Ft.>1,544</Finished_Sq._Ft.>
		<Unfinished_Sq._Ft.>—</Unfinished_Sq._Ft.>
		<Total_Sq._Ft.>1,544</Total_Sq._Ft.>
		<Stories>2</Stories>
		<Lot_Size>—</Lot_Size>
		<Style>Condo/Co-op</Style>
		<Year_Built>1895</Year_Built>
		<Year_Renovated>1981</Year_Renovated>
		<County>Dane County</County>
		<APN>070913432020</APN>
	</public_facts>
</home>
