<?xml version="1.0" ?>
<home>
	<HomeInfo_Address>
		<street-address>1111 E Gorham St </street-address>
		<locality>Madison, </locality>
		<region>WI</region>
		<postal-code>53703</postal-code>
	</HomeInfo_Address>
	<main_stats>
		<Price>$385,000</Price>
		<Beds>5</Beds>
		<Baths>3</Baths>
		<Sq._Ft.>—</Sq._Ft.>
	</main_stats>
	<text_base_description>Public Remarks: Three story 2-unit with separate utilities, tenants pay own heat and electric. First Floor: charming one bedroom with hardwood floors, pocket doors, eat-in kitchen, living room and parlor. Potential to make it your own. Second  &amp;  Third Floors: are combined into a very spacious 4 bedroom apartment with 2 full baths and a huge rear, screened-in porch. Currently Apt # 2 is leased to only 2 residents. Potential in future to rent to 4 x $ 550-600/mo for $2,200 to $2,400/mo. rent. This unit includes 3 parking spaces. Need to wear masks for showings.  </text_base_description>
	<listed_by>
		<name>Jeffrey Meyer</name>
		<org> • Meyer Realty &amp; Management Inc </org>
	</listed_by>
	<price_insights>
		<List_Price>$385,000</List_Price>
		<Est._Mo._Payment>$1,991</Est._Mo._Payment>
		<Redfin_Estimate>$365,025</Redfin_Estimate>
	</price_insights>
	<home_facts>
		<Status>Active</Status>
		<Time_on_Redfin>141 days</Time_on_Redfin>
		<Property_Type>Multi-Family</Property_Type>
		<Year_Built>1904</Year_Built>
		<Community>Madison</Community>
		<Lot_Size>3,920 Sq. Ft.</Lot_Size>
		<key name="MLS#">1882671</key>
	</home_facts>
	<property_details>
		<item>
			<item>Virtual Tour, Interior Features, Parking / Garage, Utilities</item>
			<item>
				<item>
					<item> Virtual Tour Branded</item>
					<item>
						<item> Branded Virtual Tour: https://my.matterport.com/show/?m=nC3QzMM66Th&amp;brand=0</item>
					</item>
				</item>
				<item>
					<item>Room Information</item>
					<item>
						<item>Full</item>
					</item>
				</item>
				<item>
					<item>Parking Information</item>
					<item>
						<item>Parking: Outside</item>
					</item>
				</item>
				<item>
					<item>Utility Information</item>
					<item>
						<item>Municipal Water, Municipal Sewer</item>
						<item>Separate Electric Meters, Separate Gas Meters</item>
						<item>Heating/Cooling: Forced Air</item>
						<item>Natural Gas</item>
					</item>
				</item>
			</item>
		</item>
		<item>
			<item>Exterior Features</item>
			<item>
				<item>
					<item>Building Information</item>
					<item>
						<item>Building Type: 3+ Story</item>
					</item>
				</item>
				<item>
					<item>Exterior</item>
					<item>
						<item>Exterior: Vinyl</item>
					</item>
				</item>
			</item>
		</item>
		<item>
			<item>Multi-Unit Information</item>
			<item>
				<item>
					<item>Multi-Unit Information</item>
					<item>
						<item># of Units: 2</item>
					</item>
				</item>
				<item>
					<item>Unit 1 Information</item>
					<item>
						<item>Sq. Ft.: 1,132</item>
						<item># of Baths (1/2): 0</item>
						<item># of Baths (Full): 1</item>
						<item># of Bedrooms: 1</item>
						<item>Dining Area Description: Level - Main</item>
						<item>Dining Area Dimensions: 12 x 12</item>
					</item>
				</item>
				<item>
					<item>Unit 2 Information</item>
					<item>
						<item>Sq. Ft.: 1,616</item>
						<item># of Baths (1/2): 0</item>
						<item># of Baths (Full): 2</item>
						<item># of Bedrooms: 4</item>
						<item>Master Bedroom Description: Upper Level</item>
						<item>Master Bedroom Dimensions: 11 x 12</item>
						<item>Bedroom 2 Description: Upper Level</item>
						<item>Bedroom 2 Dimensions: 12 x 12</item>
						<item>Bedroom 3 Description: Upper Level</item>
						<item>Bedroom 3 Dimensions: </item>
						<item>Living/Great Room Dimensions: 12 x 13</item>
						<item>Kitchen Description: Upper Level</item>
						<item>Kitchen Dimensions: 10 x 11</item>
						<item>Other Room1 Name: Bedroom</item>
						<item>Other Room1 Level: Upper</item>
					</item>
				</item>
			</item>
		</item>
		<item>
			<item>School / Neighborhood</item>
			<item>
				<item>
					<item>Neighborhood Information</item>
					<item>
						<item>Municipality: MADISON</item>
						<item>Municipality Type: City</item>
					</item>
				</item>
				<item>
					<item>School Information</item>
					<item>
						<item> School District: Madison</item>
						<item>Elementary School: Lapham/Marquette</item>
						<item>Middle School: Okeeffe</item>
						<item>High School: East</item>
					</item>
				</item>
			</item>
		</item>
		<item>
			<item>Taxes / Assessments</item>
			<item>
				<item>
					<item>Tax Information</item>
					<item>
						<item> Total Taxes: $6,607</item>
						<item> Tax Year: 2019</item>
					</item>
				</item>
			</item>
		</item>
		<item>
			<item>Property / Lot Details</item>
			<item>
				<item>
					<item>Property Information</item>
					<item>
						<item>Multi-Family</item>
						<item>Information Source Year Built: Assessor/Public Record</item>
					</item>
				</item>
				<item>
					<item>Lot Information</item>
					<item>
						<item>Lot Acreage: 0.09</item>
						<item> Zoning: TR-V1</item>
					</item>
				</item>
			</item>
		</item>
	</property_details>
	<public_facts>
		<Beds>5</Beds>
		<Baths>3</Baths>
		<Finished_Sq._Ft.>2,748</Finished_Sq._Ft.>
		<Unfinished_Sq._Ft.>—</Unfinished_Sq._Ft.>
		<Total_Sq._Ft.>2,748</Total_Sq._Ft.>
		<Stories>2.5</Stories>
		<Lot_Size>—</Lot_Size>
		<Style>Condo/Co-op</Style>
		<Year_Built>1904</Year_Built>
		<Year_Renovated>1960</Year_Renovated>
		<County>Dane County</County>
		<APN>070913111088</APN>
	</public_facts>
</home>
