<?xml version="1.0" ?>
<home>
	<HomeInfo_Address>
		<street-address>2494 Golf Links Cir </street-address>
		<locality>SANTA CLARA, </locality>
		<region>CA</region>
		<postal-code>95050</postal-code>
	</HomeInfo_Address>
	<main_stats>
		<Price>$1,325,000</Price>
		<Beds>3</Beds>
		<Baths>2</Baths>
		<key name="$726 / Sq. Ft.">1,825</key>
	</main_stats>
	<text_base_description>Resort style living at Pruneridge Place Community. A true 3 bedroom 2 bath single level end unit condo that feels very private. A wonderful oasis in the heart of Santa Clara adjacent to Pruneridge Golf course with unlimited golf included in the HOA. Bright, light, open floor plan with redesigned kitchen, stainless steel appliances, granite counters, spacious dining and living room with vaulted ceilings, gas fireplace, air conditioning, dual pane windows, plantation shutters, skylights and abundant storage. Each bedroom has a private patio. Spacious master bedroom retreat, walk-in closet that is separate from other bedrooms. Oversized 2 car garage with laundry hookups, storage cabinets and pull down ladder for additional attic storage. Excellent Santa Clara location close to freeways, dining, shopping, Santana Row, Downtown SJ, Apple, Google. HOA includes community pool  &amp;  tennis court. Low Santa Clara utilities. Come make this your Dream Home! </text_base_description>
	<listed_by>
		<name>Michelle Thompson</name>
		<agentLicenseDisplay>•DRE #01467537</agentLicenseDisplay>
		<org>•DRE #01467537</org>
	</listed_by>
	<price_insights>
		<List_Price>$1,325,000</List_Price>
		<Est._Mo._Payment>$6,077</Est._Mo._Payment>
		<Redfin_Estimate>$1,313,491</Redfin_Estimate>
		<key name="Price/Sq.Ft.">$726</key>
	</price_insights>
	<home_facts>
		<Status>Active</Status>
		<Time_on_Redfin>26 days</Time_on_Redfin>
		<Property_Type>Condominium</Property_Type>
		<HOA_Dues>$616</HOA_Dues>
		<Year_Built>1979</Year_Built>
		<Community>SANTA CLARA</Community>
		<Lot_Size>3,648 Sq. Ft.</Lot_Size>
		<key name="MLS#">ML81800957</key>
	</home_facts>
	<property_details>
		<item>
			<item>Virtual Tour, Parking / Garage, Multi-Unit Information, Homeowners Association</item>
			<item>
				<item>
					<item>Virtual Tour</item>
					<item>
						<item>Branded Virtual Tour (External Link)</item>
						<item>Unbranded Virtual Tour (External Link)</item>
					</item>
				</item>
				<item>
					<item>Parking Information</item>
					<item>
						<item>Garage (Minimum): 2</item>
						<item>Garage (Maximum): 2</item>
						<item>Parking Description: Detached, Parking Area</item>
						<item>Garage Spaces: 2</item>
					</item>
				</item>
				<item>
					<item>Multi-Unit Information</item>
					<item>
						<item># of Stories: 1</item>
						<item># of Units in Complex (Minimum): 79</item>
					</item>
				</item>
				<item>
					<item>HOA Information</item>
					<item>
						<item>Has HOA</item>
						<item>Fees Include: Common Area Electricity, Common Area Gas, Exterior Painting, Fencing, Garbage, Golf, Insurance (Common Area), Landscaping/Gardening, Maintenance (Common Area), Management Fee, Pools, Spa, or Tennis, Reserves, Roof</item>
						<item>HOA Documents: Articles of Incorporation, Budget, Bylaws, CC&amp;RS, Financial Statement, Minutes, Reserve Study, Rules &amp; Regulations</item>
						<item>HOA Fee: $616</item>
						<item>HOA Name: Pruneridge Place Home Owners Association</item>
					</item>
				</item>
			</item>
		</item>
		<item>
			<item>Interior Features</item>
			<item>
				<item>
					<item>Bedroom Information</item>
					<item>
						<item># of Bedrooms (Minimum): 3</item>
						<item># of Bedrooms (Maximum): 3</item>
						<item>Bedrooms: Ground Floor Bedroom, Master Bedroom on Ground Floor, Master Suite/Retreat, Walk-In Closet</item>
					</item>
				</item>
				<item>
					<item>Bathroom Information</item>
					<item>
						<item># of Baths (Full): 2</item>
						<item>Bathroom Description: Double Sinks, Granite, Master (Stall Shower(s)), Shower Over Tub, Tile, Updated Bath(s)</item>
					</item>
				</item>
				<item>
					<item>Room Information</item>
					<item>
						<item>Dining Room Description: Dining Area, Eat in Kitchen</item>
						<item>Kitchen Description: Cooktop (Electric), Countertop (Granite), Dishwasher, Garbage Disposal, Hood Over Range, Microwave, Oven (Built-In), Pantry, Refrigerator(s)</item>
					</item>
				</item>
				<item>
					<item>Interior Features</item>
					<item>
						<item>Laundry: In Garage</item>
						<item>Flooring: Carpet, Hardwood, Tile</item>
					</item>
				</item>
				<item>
					<item>Fireplace Information</item>
					<item>
						<item>Has Fireplace</item>
						<item>Fireplace Description: Gas-Burning, In Living Room</item>
						<item>Fireplaces (Minimum): 1</item>
					</item>
				</item>
				<item>
					<item>Heating &amp; Cooling Information</item>
					<item>
						<item>Cooling: Central Forced Air</item>
						<item>Heating: Central Forced Air (Gas)</item>
					</item>
				</item>
			</item>
		</item>
		<item>
			<item>Exterior Features</item>
			<item>
				<item>
					<item>Exterior Features</item>
					<item>
						<item>Fencing: Gate</item>
						<item>Roof: Flat/Low Pitch, Wood Shakes/Shingles</item>
						<item>Yard/Grounds: Balcony/Patio, Low Maintenance, Tennis Court(s)</item>
					</item>
				</item>
				<item>
					<item>Building Information</item>
					<item>
						<item>Concrete Slab</item>
					</item>
				</item>
				<item>
					<item>Pool Information</item>
					<item>
						<item>Has Pool</item>
						<item>Pool Description: Community Facility, In-Ground, Spa - In Ground</item>
					</item>
				</item>
			</item>
		</item>
		<item>
			<item>School / Neighborhood</item>
			<item>
				<item>
					<item>School Information</item>
					<item>
						<item>Elementary School District: Santa Clara Unified</item>
						<item>High School District: Santa Clara Unified</item>
					</item>
				</item>
			</item>
		</item>
		<item>
			<item>Utilities</item>
			<item>
				<item>
					<item>Utility Information</item>
					<item>
						<item>Energy Features: Double Pane Windows, Skylight(s)</item>
						<item>Sewer Septic: Sewer (Public)</item>
						<item>Utilities: Public Utilities</item>
					</item>
				</item>
				<item>
					<item>Water Information</item>
					<item>
						<item>Water: Public</item>
					</item>
				</item>
			</item>
		</item>
		<item>
			<item>Property / Lot Details</item>
			<item>
				<item>
					<item>Property Features</item>
					<item>
						<item>Amenities: Skylight(s), Vaulted Ceiling, Walk-In Closet, Wet Bar</item>
						<item>Living Sq. Ft.: 1,825</item>
					</item>
				</item>
				<item>
					<item>Property Information</item>
					<item>
						<item>Ownership Type: Common Interest Development</item>
						<item>Property Master ID: 3989</item>
						<item>Restrictions: Pets (Allowed)</item>
					</item>
				</item>
				<item>
					<item>Lot Information</item>
					<item>
						<item>Lot Acres: 0.0837</item>
						<item>Lot Description: Grade (Level), Views</item>
						<item>Lot Size Area Minimum Units: Sq. Ft.</item>
						<item>Lot Size Area Maximum Units: Sq. Ft.</item>
						<item>Lot Size Source: Other (See Remarks)</item>
						<item>Zoning: R1BD8</item>
					</item>
				</item>
			</item>
		</item>
	</property_details>
	<public_facts>
		<Beds>3</Beds>
		<Baths>3</Baths>
		<Finished_Sq._Ft.>2,088</Finished_Sq._Ft.>
		<Unfinished_Sq._Ft.>—</Unfinished_Sq._Ft.>
		<Total_Sq._Ft.>2,088</Total_Sq._Ft.>
		<Stories>2</Stories>
		<Lot_Size>—</Lot_Size>
		<Style>Condo/Co-op</Style>
		<Year_Built>1979</Year_Built>
		<Year_Renovated>1979</Year_Renovated>
		<County>Santa Clara County</County>
		<APN>29445038</APN>
	</public_facts>
</home>
