<?xml version="1.0" ?>
<home>
	<HomeInfo_Address>
		<street-address>850 Bellomy St #12 </street-address>
		<locality>SANTA CLARA, </locality>
		<region>CA</region>
		<postal-code>95050</postal-code>
	</HomeInfo_Address>
	<main_stats>
		<Price>$949,000</Price>
		<Beds>2</Beds>
		<Baths>1.5</Baths>
		<key name="$815 / Sq. Ft.">1,165</key>
	</main_stats>
	<text_base_description>Townhouse across from Santa Clara University. Perfect investment property. Updated and shows well. Two car attached garage.  </text_base_description>
	<listed_by>
		<name>Kevin Tierney</name>
		<agentLicenseDisplay>•DRE #00698187</agentLicenseDisplay>
		<org>•DRE #00698187</org>
	</listed_by>
	<price_insights>
		<List_Price>$949,000</List_Price>
		<Est._Mo._Payment>$4,353</Est._Mo._Payment>
		<Redfin_Estimate>$945,772</Redfin_Estimate>
		<key name="Price/Sq.Ft.">$815</key>
	</price_insights>
	<home_facts>
		<Status>Active</Status>
		<Time_on_Redfin>10 days</Time_on_Redfin>
		<Property_Type>Townhouse</Property_Type>
		<HOA_Dues>$404</HOA_Dues>
		<Year_Built>1984</Year_Built>
		<Community>SANTA CLARA</Community>
		<Lot_Size>611 Sq. Ft.</Lot_Size>
		<key name="MLS#">ML81811294</key>
	</home_facts>
	<property_details>
		<item>
			<item>Interior Features</item>
			<item>
				<item>
					<item>Bedroom Information</item>
					<item>
						<item># of Bedrooms (Minimum): 2</item>
						<item># of Bedrooms (Maximum): 2</item>
					</item>
				</item>
				<item>
					<item>Bathroom Information</item>
					<item>
						<item># of Baths (Full): 1</item>
						<item># of Baths (1/2): 1</item>
					</item>
				</item>
				<item>
					<item>Room Information</item>
					<item>
						<item>Dining Room Description: Dining Area in Living Room</item>
					</item>
				</item>
				<item>
					<item>Heating &amp; Cooling Information</item>
					<item>
						<item>Heating: Forced Air</item>
					</item>
				</item>
			</item>
		</item>
		<item>
			<item>Parking / Garage, Multi-Unit Information, Homeowners Association, School / Neighborhood</item>
			<item>
				<item>
					<item>Parking Information</item>
					<item>
						<item>Garage (Minimum): 2</item>
						<item>Garage (Maximum): 2</item>
						<item>Parking Description: Attached Garage</item>
						<item>Garage Spaces: 2</item>
					</item>
				</item>
				<item>
					<item>Multi-Unit Information</item>
					<item>
						<item># of Stories: 2</item>
					</item>
				</item>
				<item>
					<item>HOA Information</item>
					<item>
						<item>Has HOA</item>
						<item>Fees Include: Landscaping/Gardening</item>
						<item>HOA Fee: $404</item>
						<item>HOA Name: University Gardens</item>
					</item>
				</item>
				<item>
					<item>School Information</item>
					<item>
						<item>Elementary School District: Santa Clara Unified</item>
						<item>High School District: Santa Clara Unified</item>
					</item>
				</item>
			</item>
		</item>
		<item>
			<item>Exterior Features</item>
			<item>
				<item>
					<item>Exterior Features</item>
					<item>
						<item>Roof: Composition</item>
					</item>
				</item>
				<item>
					<item>Building Information</item>
					<item>
						<item>Concrete Perimeter and Slab</item>
					</item>
				</item>
			</item>
		</item>
		<item>
			<item>Utilities</item>
			<item>
				<item>
					<item>Utility Information</item>
					<item>
						<item>Sewer Septic: Sewer Connected</item>
						<item>Utilities: Individual Electric Meters, Individual Gas Meters</item>
					</item>
				</item>
				<item>
					<item>Water Information</item>
					<item>
						<item>Water: Public</item>
					</item>
				</item>
			</item>
		</item>
		<item>
			<item>Property / Lot Details</item>
			<item>
				<item>
					<item>Property Features</item>
					<item>
						<item>Living Sq. Ft.: 1,165</item>
					</item>
				</item>
				<item>
					<item>Property Information</item>
					<item>
						<item>Ownership Type: Individual</item>
						<item>Property Master ID: 647586</item>
						<item>Restrictions: Parking Restrictions</item>
					</item>
				</item>
				<item>
					<item>Lot Information</item>
					<item>
						<item>Lot Acres: 0.014</item>
						<item>Lot Size Area Minimum Units: Sq. Ft.</item>
						<item>Lot Size Area Maximum Units: Sq. Ft.</item>
						<item>Lot Size Source: Assessor</item>
						<item>Zoning: R1</item>
					</item>
				</item>
			</item>
		</item>
	</property_details>
	<public_facts>
		<Beds>2</Beds>
		<Baths>2</Baths>
		<Finished_Sq._Ft.>1,165</Finished_Sq._Ft.>
		<Unfinished_Sq._Ft.>—</Unfinished_Sq._Ft.>
		<Total_Sq._Ft.>1,165</Total_Sq._Ft.>
		<Stories>2</Stories>
		<Lot_Size>—</Lot_Size>
		<Style>Condo/Co-op</Style>
		<Year_Built>1984</Year_Built>
		<Year_Renovated>1984</Year_Renovated>
		<County>Santa Clara County</County>
		<APN>26944081</APN>
	</public_facts>
</home>
