<?xml version="1.0" ?>
<home>
	<HomeInfo_Address>
		<street-address>533 W Main St #201 </street-address>
		<locality>Madison, </locality>
		<region>WI</region>
		<postal-code>53703</postal-code>
	</HomeInfo_Address>
	<main_stats>
		<Price>$539,000</Price>
		<Beds>2</Beds>
		<Baths>2</Baths>
		<key name="$308 / Sq. Ft.">1,752</key>
	</main_stats>
	<text_base_description>Public Remarks: Downtown end unit condo featuring two bedrooms, two full bathrooms and a very rare three indoor garage parking spaces (heated, reserved). Master bathroom has both bathtub and separate walk-in shower. Spacious open floor plan, 10 ft ceilings, balcony with room for table and chairs and gas grill (grill included). Substantial upgrades throughout entire unit, including Viking appliances, built-in bookshelves throughout living area and master bedroom. Maple floors and and granite countertops throughout. Tons of natural light with large windows! Very quiet building and condo community with common area private courtyard. Owner managed and strong reserves.  </text_base_description>
	<listed_by>
		<name>Seth Pfaehler</name>
		<org> • The McGrady Group, LLC </org>
	</listed_by>
	<price_insights>
		<List_Price>$539,000</List_Price>
		<Est._Mo._Payment>$2,749</Est._Mo._Payment>
		<Redfin_Estimate>$529,815</Redfin_Estimate>
		<key name="Price/Sq.Ft.">$308</key>
	</price_insights>
	<home_facts>
		<Status>Active</Status>
		<Time_on_Redfin>43 days</Time_on_Redfin>
		<Property_Type>Condo</Property_Type>
		<HOA_Dues>$410/month</HOA_Dues>
		<Year_Built>2001</Year_Built>
		<Community>Madison</Community>
		<key name="MLS#">1890567</key>
	</home_facts>
	<property_details>
		<item>
			<item>Interior Features</item>
			<item>
				<item>
					<item>Bedroom Information</item>
					<item>
						<item>Master Bedroom Dimensions: 12 x 13</item>
						<item>Master Bedroom Level: Main</item>
						<item>Bedroom 2 Dimensions: 13 x 11</item>
						<item>Bedroom 2 Level: Main</item>
					</item>
				</item>
				<item>
					<item>Bathroom Information</item>
					<item>
						<item>Bath Description(s): At Least 1 Tub, Master Bedroom Bath (Full), Master Bedroom Bath, Walk-In Shower  in Master Bathroom, Tub/No Shower in Master Bathroom</item>
						<item># of Baths (Full): 2</item>
					</item>
				</item>
				<item>
					<item>Interior Features</item>
					<item>
						<item>Wood or Simulation Wood Floors, Walk-In Closet(s), Great Room, Cable/Satellite Available, High Speed Internet</item>
					</item>
				</item>
				<item>
					<item>Room Information</item>
					<item>
						<item>Living Room Dimensions: 23 x 15</item>
						<item>Living Room Level: Main</item>
						<item>Kitchen Level: Main</item>
						<item>Kitchen Dimensions: 14 x 18</item>
					</item>
				</item>
				<item>
					<item>Equipment</item>
					<item>
						<item>Appliances: Range/Oven, Refrigerator, Dishwasher, Microwave, Garbage Disposal, Washer, Dryer</item>
					</item>
				</item>
			</item>
		</item>
		<item>
			<item>Parking / Garage</item>
			<item>
				<item>
					<item>Parking Information</item>
					<item>
						<item>Parking: Underground, Heated, 2 Spaces, Assigned, 1-5 Spaces</item>
					</item>
				</item>
				<item>
					<item>Garage Information</item>
					<item>
						<item>Garage: Underground, Underground Garage, Underground Space, Tandem, Heated, Opener Included</item>
					</item>
				</item>
			</item>
		</item>
		<item>
			<item>Exterior Features</item>
			<item>
				<item>
					<item>Building Information</item>
					<item>
						<item>Estimated Sq. Ft. Range: 1751-2000</item>
					</item>
				</item>
				<item>
					<item>Exterior</item>
					<item>
						<item>Exterior Features: Deck</item>
						<item>Exterior: Brick</item>
					</item>
				</item>
			</item>
		</item>
		<item>
			<item>Multi-Unit Information</item>
			<item>
				<item>
					<item>Condo Information</item>
					<item>
						<item>Condominium Name: Bedford Court</item>
						<item>Garden</item>
					</item>
				</item>
				<item>
					<item>Multi-Unit Information</item>
					<item>
						<item># of Units: 31</item>
						<item>Units In Association: 54</item>
					</item>
				</item>
			</item>
		</item>
		<item>
			<item>Homeowners Association, Utilities, Taxes / Assessments, Lease / Rent Details</item>
			<item>
				<item>
					<item>HOA Information</item>
					<item>
						<item>Condo Fee Monthly: $410</item>
						<item>Association Common Amenities: Common Green Space, Security, Elevator</item>
					</item>
				</item>
				<item>
					<item>Utility Information</item>
					<item>
						<item>Municipal Water, Municipal Sewer</item>
						<item>Heating/Cooling: Forced Air, Central Air</item>
						<item>Natural Gas</item>
					</item>
				</item>
				<item>
					<item>Tax Information</item>
					<item>
						<item> Total Taxes: $8,831</item>
						<item> Tax Year: 2019</item>
					</item>
				</item>
				<item>
					<item>Rental Information</item>
					<item>
						<item>Pets Permitted</item>
					</item>
				</item>
			</item>
		</item>
		<item>
			<item>School / Neighborhood</item>
			<item>
				<item>
					<item>Neighborhood Information</item>
					<item>
						<item>Municipality: MADISON</item>
						<item>Municipality Type: City</item>
					</item>
				</item>
				<item>
					<item>School Information</item>
					<item>
						<item> School District: Madison</item>
						<item>Middle School: Hamilton</item>
						<item>High School: West</item>
					</item>
				</item>
			</item>
		</item>
		<item>
			<item>Property / Lot Details</item>
			<item>
				<item>
					<item>Property Information</item>
					<item>
						<item>Condo</item>
						<item>Information Source Year Built: Assessor/Public Record</item>
					</item>
				</item>
				<item>
					<item>Lot Information</item>
					<item>
						<item> Zoning: PD</item>
					</item>
				</item>
			</item>
		</item>
		<item>
			<item>Listing Information</item>
			<item>
				<item>
					<item>Listing Information</item>
					<item>
						<item>Inclusions: Washer, Dryer, Refrigerator, Range/Oven, Dishwasher, Microwave, Gas Grill on back porch (Attached).  3 parcels included (Condo, Parking P10, and Tandem Parking P26)</item>
						<item>Exclusions: Water Softener, Water heater (Both Association Owned)</item>
					</item>
				</item>
			</item>
		</item>
	</property_details>
	<public_facts>
		<Beds>1</Beds>
		<Baths>2</Baths>
		<Finished_Sq._Ft.>1,752</Finished_Sq._Ft.>
		<Unfinished_Sq._Ft.>—</Unfinished_Sq._Ft.>
		<Total_Sq._Ft.>1,752</Total_Sq._Ft.>
		<Stories>1</Stories>
		<Lot_Size>—</Lot_Size>
		<Style>Condo/Co-op</Style>
		<Year_Built>2001</Year_Built>
		<Year_Renovated>2001</Year_Renovated>
		<County>Dane County</County>
		<APN>070923138353</APN>
	</public_facts>
</home>
