<?xml version="1.0" ?>
<home>
	<HomeInfo_Address>
		<street-address>615 W Main St #306 </street-address>
		<locality>Madison, </locality>
		<region>WI</region>
		<postal-code>53703</postal-code>
	</HomeInfo_Address>
	<main_stats>
		<Price>$238,000</Price>
		<Bed>1</Bed>
		<Baths>1.5</Baths>
		<key name="$265 / Sq. Ft.">897</key>
	</main_stats>
	<text_base_description>Public Remarks: Showings start 7/31. This petite condo packs a punch!  Urban loft feel with full wall of sunny windows, high ceilings, exposed ductwork. Tons of storage in giant floor-to-ceiling closets! New fridge, new wood floors in bedroom. View of pretty shared courtyard, Perfect downtown location near an exceptional bike trail network, John Nolen Dr, the Kohl Center  &amp;  UW campus. Cool custom kitchen island and 2 stools included. Guest parking available. Condo fee $316.07 includes high-speed internet and Spectrum cable.  </text_base_description>
	<listed_by>
		<name>Jenny Swain</name>
		<org> • Keller Williams Realty </org>
	</listed_by>
	<price_insights>
		<List_Price>$238,000</List_Price>
		<Est._Mo._Payment>$1,252</Est._Mo._Payment>
		<Redfin_Estimate>$234,673</Redfin_Estimate>
		<key name="Price/Sq.Ft.">$265</key>
	</price_insights>
	<home_facts>
		<Status>Active</Status>
		<Time_on_Redfin>56 days</Time_on_Redfin>
		<Property_Type>Condo</Property_Type>
		<HOA_Dues>$316/month</HOA_Dues>
		<Year_Built>2004</Year_Built>
		<Community>Madison</Community>
		<key name="MLS#">1889677</key>
	</home_facts>
	<property_details>
		<item>
			<item>Interior Features</item>
			<item>
				<item>
					<item>Bedroom Information</item>
					<item>
						<item>Master Bedroom Dimensions: 11 x 11</item>
						<item>Master Bedroom Level: Main</item>
					</item>
				</item>
				<item>
					<item>Bathroom Information</item>
					<item>
						<item>Bath Description(s): Master Bedroom Bath (Full), Master Bedroom Bath</item>
						<item># of Baths (1/2): 1</item>
						<item># of Baths (Full): 1</item>
					</item>
				</item>
				<item>
					<item>Interior Features</item>
					<item>
						<item>Wood or Simulation Wood Floors, Water Softener, Security System, Cable/Satellite Available, High Speed Internet</item>
					</item>
				</item>
				<item>
					<item>Room Information</item>
					<item>
						<item>Living Room Dimensions: 17 x 15</item>
						<item>Living Room Level: Main</item>
						<item>Kitchen Level: Main</item>
						<item>Kitchen Dimensions: 17 x 6</item>
					</item>
				</item>
				<item>
					<item>Equipment</item>
					<item>
						<item>Appliances: Range/Oven, Refrigerator, Dishwasher, Microwave, Washer, Dryer</item>
					</item>
				</item>
			</item>
		</item>
		<item>
			<item>Parking / Garage</item>
			<item>
				<item>
					<item>Parking Information</item>
					<item>
						<item>Parking: Underground, 1-5 Spaces, 1 Space, Assigned</item>
					</item>
				</item>
				<item>
					<item>Garage Information</item>
					<item>
						<item>Garage: Attached, Underground, Underground Garage, Underground Space, Opener Included</item>
					</item>
				</item>
			</item>
		</item>
		<item>
			<item>Exterior Features</item>
			<item>
				<item>
					<item>Building Information</item>
					<item>
						<item>Estimated Sq. Ft. Range: 751-1000</item>
					</item>
				</item>
				<item>
					<item>Exterior</item>
					<item>
						<item>Exterior: Brick, Stone</item>
					</item>
				</item>
			</item>
		</item>
		<item>
			<item>Multi-Unit Information</item>
			<item>
				<item>
					<item>Condo Information</item>
					<item>
						<item>Condominium Name: 4th Ward Lofts</item>
						<item>Garden</item>
					</item>
				</item>
				<item>
					<item>Multi-Unit Information</item>
					<item>
						<item># of Units: 38</item>
						<item>Units In Association: 75</item>
					</item>
				</item>
			</item>
		</item>
		<item>
			<item>Homeowners Association, Utilities, Taxes / Assessments, Lease / Rent Details</item>
			<item>
				<item>
					<item>HOA Information</item>
					<item>
						<item>Condo Fee Monthly: $316</item>
						<item>Association Common Amenities: Common Green Space, Security, Elevator</item>
					</item>
				</item>
				<item>
					<item>Utility Information</item>
					<item>
						<item>Municipal Water, Municipal Sewer</item>
						<item>Heating/Cooling: Forced Air, Central Air</item>
						<item>Natural Gas</item>
					</item>
				</item>
				<item>
					<item>Tax Information</item>
					<item>
						<item> Total Taxes: $4,342</item>
						<item> Tax Year: 2019</item>
					</item>
				</item>
				<item>
					<item>Rental Information</item>
					<item>
						<item>Pets Permitted</item>
					</item>
				</item>
			</item>
		</item>
		<item>
			<item>School / Neighborhood</item>
			<item>
				<item>
					<item>Neighborhood Information</item>
					<item>
						<item>Municipality: MADISON</item>
						<item>Municipality Type: City</item>
					</item>
				</item>
				<item>
					<item>School Information</item>
					<item>
						<item> School District: Madison</item>
						<item>Middle School: Hamilton</item>
						<item>High School: West</item>
					</item>
				</item>
			</item>
		</item>
		<item>
			<item>Property / Lot Details</item>
			<item>
				<item>
					<item>Property Information</item>
					<item>
						<item>Condo</item>
						<item>Information Source Year Built: Assessor/Public Record</item>
					</item>
				</item>
				<item>
					<item>Lot Information</item>
					<item>
						<item> Zoning: PUDSIP</item>
					</item>
				</item>
			</item>
		</item>
	</property_details>
	<public_facts>
		<Beds>1</Beds>
		<Baths>1.5</Baths>
		<Finished_Sq._Ft.>897</Finished_Sq._Ft.>
		<Unfinished_Sq._Ft.>—</Unfinished_Sq._Ft.>
		<Total_Sq._Ft.>897</Total_Sq._Ft.>
		<Stories>1</Stories>
		<Lot_Size>—</Lot_Size>
		<Style>Condo/Co-op</Style>
		<Year_Built>2004</Year_Built>
		<Year_Renovated>2007</Year_Renovated>
		<County>Dane County</County>
		<APN>070923411246</APN>
	</public_facts>
</home>
