<?xml version="1.0" ?>
<home>
	<HomeInfo_Address>
		<street-address>615 W Main St #406 </street-address>
		<locality>Madison, </locality>
		<region>WI</region>
		<postal-code>53703</postal-code>
	</HomeInfo_Address>
	<main_stats>
		<Price>$245,000</Price>
		<Bed>1</Bed>
		<Baths>1.5</Baths>
		<key name="$273 / Sq. Ft.">897</key>
	</main_stats>
	<text_base_description>Public Remarks: Come now to see this Fantastic Top Floor Loft that overlooks the beautiful courtyard. Quiet living in Madison's Beautiful Downtown. This unit has great exposure, Skylights in the interior of the unit, 10 Foot Ceilings, an amazing kitchen  overlooking a large living room and even has dining space! The Kitchen features solid surface counters, stainless appliances and great cabinetry. Amazing floor to ceiling closets for extra storage, long entry hall with half bath perfect for Gallery space. There is a common courtyard for entertaining and grilling. 4th Ward is located in a quiet residential area. The condo is just 6 blocks to the Capitol and very accessible to Monona Terrace, the Lake, UW and everything else you love about downtown. It's time for someone else to own this great home </text_base_description>
	<listed_by>
		<name>Devery Cash</name>
		<org> • Keller Williams Realty </org>
	</listed_by>
	<price_insights>
		<List_Price>$245,000</List_Price>
		<Est._Mo._Payment>$1,329</Est._Mo._Payment>
		<Redfin_Estimate>$242,088</Redfin_Estimate>
		<key name="Price/Sq.Ft.">$273</key>
	</price_insights>
	<home_facts>
		<Status>Active</Status>
		<Time_on_Redfin>40 days</Time_on_Redfin>
		<Property_Type>Condo</Property_Type>
		<HOA_Dues>$240/month</HOA_Dues>
		<Year_Built>2005</Year_Built>
		<Community>Madison</Community>
		<key name="MLS#">1890428</key>
	</home_facts>
	<property_details>
		<item>
			<item>Virtual Tour, Homeowners Association, Utilities, Taxes / Assessments</item>
			<item>
				<item>
					<item> Virtual Tour Branded</item>
					<item>
						<item> Branded Virtual Tour: https://wisconsin3d.com/tours/615-w-main-st-406-madison-wi-53703/nobrand/</item>
					</item>
				</item>
				<item>
					<item>HOA Information</item>
					<item>
						<item>Condo Fee Monthly: $240</item>
						<item>Association Common Amenities: Common Green Space, Security, Elevator</item>
					</item>
				</item>
				<item>
					<item>Utility Information</item>
					<item>
						<item>Municipal Water, Municipal Sewer</item>
						<item>Heating/Cooling: Forced Air, Central Air</item>
						<item>Natural Gas</item>
					</item>
				</item>
				<item>
					<item>Tax Information</item>
					<item>
						<item> Total Taxes: $4,970</item>
						<item> Tax Year: 2019</item>
					</item>
				</item>
			</item>
		</item>
		<item>
			<item>Interior Features</item>
			<item>
				<item>
					<item>Bedroom Information</item>
					<item>
						<item>Master Bedroom Dimensions: 14 x 11</item>
						<item>Master Bedroom Level: Main</item>
					</item>
				</item>
				<item>
					<item>Bathroom Information</item>
					<item>
						<item>Bath Description(s): Master Bedroom Bath (Full), Master Bedroom Bath, Walk-In Shower  in Master Bathroom</item>
						<item># of Baths (1/2): 1</item>
						<item># of Baths (Full): 1</item>
					</item>
				</item>
				<item>
					<item>Interior Features</item>
					<item>
						<item>Wood or Simulation Wood Floors, Skylight(s), Security System, Intercom, Cable/Satellite Available, High Speed Internet</item>
					</item>
				</item>
				<item>
					<item>Room Information</item>
					<item>
						<item>Living Room Dimensions: 21 x 17</item>
						<item>Living Room Level: Main</item>
						<item>Kitchen Level: Main</item>
						<item>Kitchen Dimensions: 21 x 17</item>
						<item>Dining Room Dimensions: 21 x 17</item>
						<item>Dining Room Level: Main</item>
					</item>
				</item>
				<item>
					<item>Equipment</item>
					<item>
						<item>Appliances: Range/Oven, Refrigerator, Dishwasher, Microwave, Garbage Disposal, Washer, Dryer</item>
					</item>
				</item>
			</item>
		</item>
		<item>
			<item>Parking / Garage</item>
			<item>
				<item>
					<item>Parking Information</item>
					<item>
						<item>Parking: Underground, Heated, 1-5 Spaces, 1 Space, Assigned</item>
					</item>
				</item>
				<item>
					<item>Garage Information</item>
					<item>
						<item>Garage: 1 Car, Attached, Underground, Underground Garage, Underground Space, Heated</item>
					</item>
				</item>
			</item>
		</item>
		<item>
			<item>Exterior Features</item>
			<item>
				<item>
					<item>Building Information</item>
					<item>
						<item>Estimated Sq. Ft. Range: 751-1000</item>
					</item>
				</item>
				<item>
					<item>Exterior</item>
					<item>
						<item>Exterior: Brick</item>
					</item>
				</item>
			</item>
		</item>
		<item>
			<item>Multi-Unit Information</item>
			<item>
				<item>
					<item>Condo Information</item>
					<item>
						<item>Condominium Name: 4th Ward Lofts</item>
						<item>Garden</item>
					</item>
				</item>
				<item>
					<item>Multi-Unit Information</item>
					<item>
						<item># of Units: 37</item>
						<item>Units In Association: 75</item>
					</item>
				</item>
			</item>
		</item>
		<item>
			<item>School / Neighborhood</item>
			<item>
				<item>
					<item>Neighborhood Information</item>
					<item>
						<item>Municipality: MADISON</item>
						<item>Municipality Type: City</item>
					</item>
				</item>
				<item>
					<item>School Information</item>
					<item>
						<item> School District: Madison</item>
						<item>Middle School: Hamilton</item>
						<item>High School: West</item>
					</item>
				</item>
			</item>
		</item>
		<item>
			<item>Lease / Rent Details, Listing Information</item>
			<item>
				<item>
					<item>Rental Information</item>
					<item>
						<item>Pets Permitted</item>
					</item>
				</item>
				<item>
					<item>Listing Information</item>
					<item>
						<item>Inclusions: Range/Oven, Microwave, Disposal, Dishwasher, Refrigerator, Washer/Dryer</item>
						<item>Exclusions: Sellers Personal Items</item>
					</item>
				</item>
			</item>
		</item>
		<item>
			<item>Property / Lot Details</item>
			<item>
				<item>
					<item>Property Information</item>
					<item>
						<item>Condo</item>
						<item>Information Source Year Built: Assessor/Public Record</item>
					</item>
				</item>
				<item>
					<item>Lot Information</item>
					<item>
						<item> Zoning: PUD</item>
					</item>
				</item>
			</item>
		</item>
	</property_details>
	<public_facts>
		<Beds>1</Beds>
		<Baths>1.5</Baths>
		<Finished_Sq._Ft.>897</Finished_Sq._Ft.>
		<Unfinished_Sq._Ft.>—</Unfinished_Sq._Ft.>
		<Total_Sq._Ft.>897</Total_Sq._Ft.>
		<Stories>1</Stories>
		<Lot_Size>—</Lot_Size>
		<Style>Condo/Co-op</Style>
		<Year_Built>2004</Year_Built>
		<Year_Renovated>2006</Year_Renovated>
		<County>Dane County</County>
		<APN>070923411345</APN>
	</public_facts>
</home>
