<?xml version="1.0" ?>
<home>
	<HomeInfo_Address>
		<street-address>614 W Doty St #305 </street-address>
		<locality>Madison, </locality>
		<region>WI</region>
		<postal-code>53703</postal-code>
	</HomeInfo_Address>
	<main_stats>
		<Price>$220,000</Price>
		<Bed>1</Bed>
		<Bath>1</Bath>
		<key name="$314 / Sq. Ft.">700</key>
	</main_stats>
	<text_base_description>Public Remarks: Great Downtown Condo close to everything! Updated luxury vinyl plank flooring and new fridge in 2017. High ceilings, wide hallway and large windows create an open and spacious feel in this urban retreat. Stainless appliances and granite counter tops. Convenient to the Capitol Square, UW Madison Athletic Venues, Farmers Market, Restaurants, Lake Monona, Brittingham Bay and boat rentals. The Southwest Commuter Bike Trail is steps from your front door. Quiet dead-end street and heated underground parking with available guest parking. Beautiful courtyard. Great condo community and neighborhood make this a wonderful place to call home.  </text_base_description>
	<listed_by>
		<name>Lena Oberwetter</name>
		<org> • First Weber Inc </org>
	</listed_by>
	<price_insights>
		<List_Price>$220,000</List_Price>
		<Est._Mo._Payment>$1,132</Est._Mo._Payment>
		<Redfin_Estimate>$218,061</Redfin_Estimate>
		<key name="Price/Sq.Ft.">$314</key>
	</price_insights>
	<home_facts>
		<Status>Active</Status>
		<Time_on_Redfin>44 days</Time_on_Redfin>
		<Property_Type>Condo</Property_Type>
		<HOA_Dues>$295/month</HOA_Dues>
		<Year_Built>2004</Year_Built>
		<Community>Madison</Community>
		<key name="MLS#">1890626</key>
	</home_facts>
	<property_details>
		<item>
			<item>Interior Features</item>
			<item>
				<item>
					<item>Bedroom Information</item>
					<item>
						<item>Master Bedroom Dimensions: 10 x 12</item>
						<item>Master Bedroom Level: Main</item>
					</item>
				</item>
				<item>
					<item>Bathroom Information</item>
					<item>
						<item>Bath Description(s): No Master Bedroom Bath</item>
						<item># of Baths (Full): 1</item>
					</item>
				</item>
				<item>
					<item>Interior Features</item>
					<item>
						<item>Wood or Simulation Wood Floors, Intercom, Cable/Satellite Available, High Speed Internet</item>
					</item>
				</item>
				<item>
					<item>Room Information</item>
					<item>
						<item>Living Room Dimensions: 7 x 17</item>
						<item>Living Room Level: Main</item>
						<item>Kitchen Level: Main</item>
						<item>Kitchen Dimensions: 7 x 17</item>
					</item>
				</item>
				<item>
					<item>Equipment</item>
					<item>
						<item>Appliances: Range/Oven, Refrigerator, Dishwasher, Microwave, Garbage Disposal, Washer, Dryer</item>
					</item>
				</item>
			</item>
		</item>
		<item>
			<item>Parking / Garage</item>
			<item>
				<item>
					<item>Parking Information</item>
					<item>
						<item>Parking: Underground, Heated, 1-5 Spaces, 1 Space, Assigned</item>
					</item>
				</item>
				<item>
					<item>Garage Information</item>
					<item>
						<item>Garage: Underground, Underground Garage, Underground Space, Heated, Opener Included</item>
					</item>
				</item>
			</item>
		</item>
		<item>
			<item>Exterior Features</item>
			<item>
				<item>
					<item>Building Information</item>
					<item>
						<item>Estimated Sq. Ft. Range: 750 or Less</item>
					</item>
				</item>
				<item>
					<item>Exterior</item>
					<item>
						<item>Exterior: Aluminum/Steel, Brick</item>
					</item>
				</item>
			</item>
		</item>
		<item>
			<item>Multi-Unit Information</item>
			<item>
				<item>
					<item>Condo Information</item>
					<item>
						<item>Condominium Name: 4th Ward Lofts</item>
						<item>Garden</item>
					</item>
				</item>
				<item>
					<item>Multi-Unit Information</item>
					<item>
						<item># of Units: 36</item>
						<item>Units In Association: 75</item>
					</item>
				</item>
			</item>
		</item>
		<item>
			<item>Homeowners Association, Utilities, Taxes / Assessments, Lease / Rent Details</item>
			<item>
				<item>
					<item>HOA Information</item>
					<item>
						<item>Condo Fee Monthly: $295</item>
						<item>Association Common Amenities: Common Green Space, Security, Elevator</item>
					</item>
				</item>
				<item>
					<item>Utility Information</item>
					<item>
						<item>Municipal Water, Municipal Sewer</item>
						<item>Heating/Cooling: Forced Air, Central Air</item>
						<item>Natural Gas</item>
					</item>
				</item>
				<item>
					<item>Tax Information</item>
					<item>
						<item> Total Taxes: $3,711</item>
						<item> Tax Year: 2019</item>
					</item>
				</item>
				<item>
					<item>Rental Information</item>
					<item>
						<item>Pets Permitted</item>
					</item>
				</item>
			</item>
		</item>
		<item>
			<item>School / Neighborhood</item>
			<item>
				<item>
					<item>Neighborhood Information</item>
					<item>
						<item>Municipality: MADISON</item>
						<item>Municipality Type: City</item>
					</item>
				</item>
				<item>
					<item>School Information</item>
					<item>
						<item> School District: Madison</item>
						<item>Middle School: Hamilton</item>
						<item>High School: West</item>
					</item>
				</item>
			</item>
		</item>
		<item>
			<item>Property / Lot Details</item>
			<item>
				<item>
					<item>Property Information</item>
					<item>
						<item>Condo</item>
						<item>Information Source Year Built: Assessor/Public Record</item>
					</item>
				</item>
				<item>
					<item>Lot Information</item>
					<item>
						<item> Zoning: Pudsip</item>
					</item>
				</item>
			</item>
		</item>
		<item>
			<item>Listing Information</item>
			<item>
				<item>
					<item>Listing Information</item>
					<item>
						<item>Inclusions: Refrigerator, range/oven, dishwasher, microwave, washer, dryer, window treatments</item>
						<item>Exclusions: Seller's personal possessions</item>
					</item>
				</item>
			</item>
		</item>
	</property_details>
	<public_facts>
		<Beds>1</Beds>
		<Baths>1</Baths>
		<Finished_Sq._Ft.>700</Finished_Sq._Ft.>
		<Unfinished_Sq._Ft.>—</Unfinished_Sq._Ft.>
		<Total_Sq._Ft.>700</Total_Sq._Ft.>
		<Stories>1</Stories>
		<Lot_Size>—</Lot_Size>
		<Style>Condo/Co-op</Style>
		<Year_Built>2004</Year_Built>
		<Year_Renovated>2006</Year_Renovated>
		<County>Dane County</County>
		<APN>070923411593</APN>
	</public_facts>
</home>
