<?xml version="1.0" ?>
<home>
	<HomeInfo_Address>
		<street-address>331 W Wilson St </street-address>
		<locality>Madison, </locality>
		<region>WI</region>
		<postal-code>53703</postal-code>
	</HomeInfo_Address>
	<main_stats>
		<Price>$580,000</Price>
		<Beds>2</Beds>
		<Baths>3.5</Baths>
		<key name="$315 / Sq. Ft.">1,840</key>
	</main_stats>
	<text_base_description>Public Remarks: Welcome to the Nolen Shore Townhomes. 3 story living w/ private entrance! Great office space, full bath, laundry  &amp;  access to the underground parking garage on the entry level. 2nd floor features an open floor plan w/ open kitchen featuring s/s appliances  &amp;  ample dining space. Living room includes surround sound, awesome windows providing abundant natural light  &amp;  the outdoor patio which opens up to the Nolen Shore courtyard. 3rd level has 2 bedrooms both en suite style w/ their own bath. Perfect for guests when they come to visit. Amenities w/ the building are a guest suite for overnight guests instead of using a hotel, fitness room and a conference room overlooking Lake Monona. All within just a few blocks of Capitol Square, downtown dog park, &amp;  Lake Monona. Downtown living at its finest! </text_base_description>
	<listed_by>
		<name>Liz Lauer</name>
		<org> • Lauer Realty Group, Inc. </org>
	</listed_by>
	<price_insights>
		<List_Price>$580,000</List_Price>
		<Est._Mo._Payment>$3,148</Est._Mo._Payment>
		<Redfin_Estimate>$573,209</Redfin_Estimate>
		<key name="Price/Sq.Ft.">$315</key>
	</price_insights>
	<home_facts>
		<Status>Active</Status>
		<Time_on_Redfin>31 days</Time_on_Redfin>
		<Property_Type>Condo</Property_Type>
		<HOA_Dues>$385/month</HOA_Dues>
		<Year_Built>2006</Year_Built>
		<Community>Madison</Community>
		<key name="MLS#">1891740</key>
	</home_facts>
	<property_details>
		<item>
			<item>Virtual Tour, Homeowners Association, Utilities, Taxes / Assessments</item>
			<item>
				<item>
					<item> Virtual Tour Branded</item>
					<item>
						<item> Branded Virtual Tour: https://my.matterport.com/show/?m=sEYDr3c5jU4&amp;mls=1</item>
					</item>
				</item>
				<item>
					<item>HOA Information</item>
					<item>
						<item>Condo Fee Monthly: $385</item>
						<item>Association Common Amenities: Clubhouse, Common Green Space, Exercise Room</item>
					</item>
				</item>
				<item>
					<item>Utility Information</item>
					<item>
						<item>Municipal Water, Municipal Sewer</item>
						<item>Heating/Cooling: Forced Air, Central Air</item>
						<item>Natural Gas</item>
					</item>
				</item>
				<item>
					<item>Tax Information</item>
					<item>
						<item> Total Taxes: $11,739</item>
						<item> Tax Year: 2019</item>
					</item>
				</item>
			</item>
		</item>
		<item>
			<item>Interior Features</item>
			<item>
				<item>
					<item>Bedroom Information</item>
					<item>
						<item>Master Bedroom Dimensions: 15 x 11</item>
						<item>Master Bedroom Level: Upper</item>
						<item>Bedroom 2 Dimensions: 11 x 9</item>
						<item>Bedroom 2 Level: Upper</item>
					</item>
				</item>
				<item>
					<item>Bathroom Information</item>
					<item>
						<item>Bath Description(s): At Least 1 Tub, Master Bedroom Bath (Full), Master Bedroom Bath</item>
						<item># of Baths (1/2): 1</item>
						<item># of Baths (Full): 3</item>
					</item>
				</item>
				<item>
					<item>Interior Features</item>
					<item>
						<item>Wood or Simulation Wood Floors, Walk-In Closet(s), Great Room, Skylight(s), Water Softener, Cable/Satellite Available</item>
					</item>
				</item>
				<item>
					<item>Room Information</item>
					<item>
						<item>Other Room 2 Name: Other</item>
						<item>Living Room Dimensions: 20 x 12</item>
						<item>Living Room Level: Main</item>
						<item>Kitchen Level: Main</item>
						<item>Kitchen Dimensions: 13 x 9</item>
						<item>Dining Room Dimensions: 13 x 7</item>
						<item>Dining Room Level: Main</item>
						<item>Den/Office Dimension: 14 x 9</item>
						<item>Den/Office Level: Lower</item>
					</item>
				</item>
				<item>
					<item>Equipment</item>
					<item>
						<item>Appliances: Range/Oven, Refrigerator, Dishwasher, Microwave, Garbage Disposal, Washer, Dryer</item>
					</item>
				</item>
			</item>
		</item>
		<item>
			<item>Parking / Garage</item>
			<item>
				<item>
					<item>Parking Information</item>
					<item>
						<item>Parking: Underground, Heated, 1-5 Spaces, 1 Space, Assigned</item>
					</item>
				</item>
				<item>
					<item>Garage Information</item>
					<item>
						<item>Garage: Underground, Underground Garage, Underground Space, Heated, Opener Included</item>
					</item>
				</item>
			</item>
		</item>
		<item>
			<item>Exterior Features</item>
			<item>
				<item>
					<item>Building Information</item>
					<item>
						<item>Estimated Sq. Ft. Range: 1751-2000</item>
					</item>
				</item>
				<item>
					<item>Exterior</item>
					<item>
						<item>Exterior Features: Private Entry, Deck, Patio</item>
						<item>Exterior: Aluminum/Steel, Brick, Stone</item>
					</item>
				</item>
			</item>
		</item>
		<item>
			<item>Multi-Unit Information</item>
			<item>
				<item>
					<item>Condo Information</item>
					<item>
						<item>Condominium Name: Nolen Shore Condminium</item>
						<item>Townhouse, 2 Story</item>
					</item>
				</item>
				<item>
					<item>Multi-Unit Information</item>
					<item>
						<item># of Units: 8</item>
						<item>Units In Association: 64</item>
					</item>
				</item>
			</item>
		</item>
		<item>
			<item>School / Neighborhood</item>
			<item>
				<item>
					<item>Neighborhood Information</item>
					<item>
						<item>Municipality: MADISON</item>
						<item>Municipality Type: City</item>
					</item>
				</item>
				<item>
					<item>School Information</item>
					<item>
						<item> School District: Madison</item>
						<item>Middle School: Hamilton</item>
						<item>High School: West</item>
					</item>
				</item>
			</item>
		</item>
		<item>
			<item>Lease / Rent Details, Listing Information</item>
			<item>
				<item>
					<item>Rental Information</item>
					<item>
						<item>Pets Permitted</item>
					</item>
				</item>
				<item>
					<item>Listing Information</item>
					<item>
						<item>Inclusions: Refrigerator, Range/Oven, Dishwasher, Microwave, Disposal, All Window Coverings, Washer, Dryer, 2 Building Fobs</item>
						<item>Exclusions: Seller's Personal Property</item>
					</item>
				</item>
			</item>
		</item>
		<item>
			<item>Property / Lot Details</item>
			<item>
				<item>
					<item>Property Information</item>
					<item>
						<item>Condo</item>
						<item>Information Source Year Built: Assessor/Public Record</item>
					</item>
				</item>
				<item>
					<item>Lot Information</item>
					<item>
						<item> Zoning: PD</item>
					</item>
				</item>
			</item>
		</item>
	</property_details>
	<public_facts>
		<Beds>2</Beds>
		<Baths>3.5</Baths>
		<Finished_Sq._Ft.>1,840</Finished_Sq._Ft.>
		<Unfinished_Sq._Ft.>—</Unfinished_Sq._Ft.>
		<Total_Sq._Ft.>1,840</Total_Sq._Ft.>
		<Stories>3</Stories>
		<Lot_Size>—</Lot_Size>
		<Style>Townhouse</Style>
		<Year_Built>2006</Year_Built>
		<Year_Renovated>2008</Year_Renovated>
		<County>Dane County</County>
		<APN>070923152634</APN>
	</public_facts>
</home>
