<?xml version="1.0" ?>
<home>
	<HomeInfo_Address>
		<street-address>98-120 Lipoa Pl #206 </street-address>
		<locality>Aiea, </locality>
		<region>HI</region>
		<postal-code>96701</postal-code>
	</HomeInfo_Address>
	<main_stats>
		<Price>$280,000</Price>
		<Beds>2</Beds>
		<Bath>1</Bath>
		<key name="$425 / Sq. Ft.">659</key>
	</main_stats>
	<text_base_description>Here is your chance to make it your own 2 bedrooms, 1 bath unit with 1 assigned open parking, centrally located nearby banks, schools, restaurants &amp; Pearl Harbor.  Walking distance to Pearl Ridge Shopping Center &amp; Pearl Kai.  It's a great starter home or investment!  Subject to seller closing on a replacement property. </text_base_description>
	<listed_by>
		<name>Michelle Ogata (RA)</name>
		<org> • Pacific Century Realty </org>
	</listed_by>
	<price_insights>
		<List_Price>$280,000</List_Price>
		<Est._Mo._Payment>$1,066</Est._Mo._Payment>
		<Redfin_Estimate>$275,986</Redfin_Estimate>
		<key name="Price/Sq.Ft.">$425</key>
	</price_insights>
	<home_facts>
		<Status>Active</Status>
		<Time_on_Redfin>242 days</Time_on_Redfin>
		<Property_Type>Condo/Townhouse, Low-Rise 6 or Less Stories</Property_Type>
		<HOA_Dues>$484/month</HOA_Dues>
		<Year_Built>1967</Year_Built>
		<Community>Pearlridge</Community>
		<Lot_Size>1.05 Acres</Lot_Size>
		<key name="MLS#">202001795</key>
	</home_facts>
	<property_details>
		<item>
			<item>Interior Features</item>
			<item>
				<item>
					<item>Bathroom Information</item>
					<item>
						<item># of Bathrooms (Full): 1</item>
					</item>
				</item>
				<item>
					<item>Interior Features</item>
					<item>
						<item># of Elevators: 1</item>
						<item>Inclusions: A/C Window Unit, Disposal, Range/Oven, Refrigerator, Smoke Detector</item>
						<item>Furnished: Partial</item>
						<item>Flooring: Ceramic Tile, Laminate, Vinyl</item>
					</item>
				</item>
				<item>
					<item>Square Footage</item>
					<item>
						<item>Sq. Ft. Roofed (Living): 659</item>
					</item>
				</item>
			</item>
		</item>
		<item>
			<item>Parking / Garage, Exterior Features, Multi-Unit Information, Homeowners Association</item>
			<item>
				<item>
					<item>Parking/Garage Information</item>
					<item>
						<item>Parking Features: Assigned, 1 Open Space</item>
						<item># of Parking Spaces (Total): 1</item>
						<item>Condo Parking Unit: 4</item>
					</item>
				</item>
				<item>
					<item>Exterior Features</item>
					<item>
						<item>Security Features: Gated Community, Key</item>
					</item>
				</item>
				<item>
					<item>Multi-Unit Information</item>
					<item>
						<item>Unit Features: Even# Unit, Storage</item>
						<item>Amenities: Community Laundry</item>
					</item>
				</item>
				<item>
					<item>Homeowners Association Information</item>
					<item>
						<item>Maintenance Expense: 483.66</item>
						<item>Association Fee Total: $484</item>
						<item>Sewer, Water</item>
					</item>
				</item>
			</item>
		</item>
		<item>
			<item>School / Neighborhood, Taxes / Assessments, Location Details, Documents &amp; Disclosures</item>
			<item>
				<item>
					<item>School Information</item>
					<item>
						<item>Elementary School: ALVAH SCOTT</item>
						<item>Middle Or Junior School: Aiea</item>
						<item>High School: Aiea</item>
					</item>
				</item>
				<item>
					<item>Tax Information</item>
					<item>
						<item>Tax Amount: 72.00</item>
						<item>Tax Year: 2019</item>
						<item>Tax Assessed Value Land: 147200.00</item>
						<item>Tax Assessed Value Improvements: $98,800</item>
						<item>Tax Assessed Value: 246000.00</item>
						<item>Tax Exemption Owner Occupancy: 0</item>
					</item>
				</item>
				<item>
					<item>Location Details</item>
					<item>
						<item>Neighbourhood: PEARLRIDGE</item>
						<item>Floor Number: 2</item>
					</item>
				</item>
				<item>
					<item>Documents &amp; Disclosures</item>
					<item>
						<item>Disclosures: Property Disclosure Stmt</item>
					</item>
				</item>
			</item>
		</item>
		<item>
			<item>Property / Lot Details</item>
			<item>
				<item>
					<item>Property Information</item>
					<item>
						<item>Property Type: Condo/Townhouse</item>
						<item>Architectural Style: Low-Rise 6 or Less Stories</item>
						<item>Property Frontage: Other</item>
						<item>Property Condition: Average</item>
						<item>Year Built: 1967</item>
						<item>Construction Materials: Above Ground, Concrete</item>
						<item>Building Name: Pearl Manor Apts</item>
						<item>Stories Type: One</item>
					</item>
				</item>
				<item>
					<item>Lot Information</item>
					<item>
						<item>Zoning: 11 - A-1 Low Density Apartment</item>
						<item>Lot Size Area: 45782.00</item>
						<item>Parcel Number: 1-9-8-014-009-0016</item>
					</item>
				</item>
				<item>
					<item>Land Information</item>
					<item>
						<item>Land Tenure: FS - Fee Simple</item>
						<item>Land Recorded: Dual Systems</item>
						<item>Flood Zone: Zone X</item>
					</item>
				</item>
			</item>
		</item>
	</property_details>
	<public_facts>
		<Beds>2</Beds>
		<Baths>1</Baths>
		<Finished_Sq._Ft.>659</Finished_Sq._Ft.>
		<Unfinished_Sq._Ft.>—</Unfinished_Sq._Ft.>
		<Total_Sq._Ft.>659</Total_Sq._Ft.>
		<Stories>1</Stories>
		<Lot_Size>—</Lot_Size>
		<Style>Condo/Co-op</Style>
		<Year_Built>1967</Year_Built>
		<Year_Renovated>—</Year_Renovated>
		<County>Honolulu County</County>
		<APN>1 9 8 014 009 0016</APN>
	</public_facts>
</home>
