<?xml version="1.0" ?>
<home>
	<HomeInfo_Address>
		<street-address>98-866 Kaahele St </street-address>
		<locality>Aiea, </locality>
		<region>HI</region>
		<postal-code>96701</postal-code>
	</HomeInfo_Address>
	<main_stats>
		<Price>$1,599,000</Price>
		<Beds>6</Beds>
		<Baths>6</Baths>
		<key name="$222 / Sq. Ft.">7,206</key>
	</main_stats>
	<text_base_description>At the top of Royal Summit, this is an expansive home on a huge lot!  This distinctive, custom-built home boasts a spacious living room with high ceilings, and a large kitchen for dining and entertaining.  Imagine the great potential for this elegant home with over 7,000 SqFt interior and over 15,000 SqFt land.  Listed under appraised value.  Sold &quot;As Is.&quot; </text_base_description>
	<listed_by>
		<name>Mikiko Terahira (RA)</name>
		<org> • Coldwell Banker Realty </org>
	</listed_by>
	<price_insights>
		<List_Price>$1,599,000</List_Price>
		<Est._Mo._Payment>$6,779</Est._Mo._Payment>
		<Redfin_Estimate>$1,524,526</Redfin_Estimate>
		<key name="Price/Sq.Ft.">$222</key>
	</price_insights>
	<home_facts>
		<Status>In Escrow Showing</Status>
		<Time_on_Redfin>179 days</Time_on_Redfin>
		<Property_Type>Single Family, Detach Single Family</Property_Type>
		<Baths>4 full, 2 partial</Baths>
		<HOA_Dues>$33/month</HOA_Dues>
		<Year_Built>1989</Year_Built>
		<Community>Royal Summit</Community>
		<Lot_Size>0.34 Acres</Lot_Size>
		<key name="MLS#">202006722</key>
	</home_facts>
	<property_details>
		<item>
			<item>Interior Features</item>
			<item>
				<item>
					<item>Bathroom Information</item>
					<item>
						<item># of Bathrooms (1/2): 2</item>
						<item># of Bathrooms (Full): 4</item>
					</item>
				</item>
				<item>
					<item>Interior Features</item>
					<item>
						<item>Inclusions: A/C Central, A/C Split, Auto Garage Door Opener, Blinds, Book Shelves, Cable TV, Ceiling Fan, Chandelier, Compactor, Convection Oven, Dishwasher, Disposal, Drapes, Gas Grill, Home Warranty, Intercom, Microwave Hood, Range Hood, Range/Oven, Refrigerator, Security System, Smoke Detector, Washer</item>
						<item>Flooring: Ceramic Tile, Hardwood, Marble/Granite, Other, W/W Carpet</item>
					</item>
				</item>
				<item>
					<item>Square Footage</item>
					<item>
						<item>Sq. Ft. Roofed (Living): 7,206</item>
					</item>
				</item>
			</item>
		</item>
		<item>
			<item>Parking / Garage, Exterior Features, Multi-Unit Information, Homeowners Association</item>
			<item>
				<item>
					<item>Parking/Garage Information</item>
					<item>
						<item>Parking Features: 3 Car+, Driveway, Garage</item>
						<item># of Parking Spaces (Total): 3</item>
						<item>Sq. Ft. Garage Carport: 376</item>
					</item>
				</item>
				<item>
					<item>Exterior Features</item>
					<item>
						<item>Security Features: Key</item>
						<item>Roof: Tile</item>
						<item>Pool Features: None</item>
					</item>
				</item>
				<item>
					<item>Multi-Unit Information</item>
					<item>
						<item>Amenities: Bedroom on 1st Floor, Full Bath on 1st Floor, Landscaped, Maids/Guest Qrters, Patio/Deck, Storage, Wall/Fence</item>
					</item>
				</item>
				<item>
					<item>Homeowners Association Information</item>
					<item>
						<item>Association Fee: $33</item>
						<item>Association Fee Total: $33</item>
						<item>Association</item>
						<item>Association Community Name: Newtown Estates Comm Assn</item>
					</item>
				</item>
			</item>
		</item>
		<item>
			<item>Utilities, Taxes / Assessments, Location Details, Documents &amp; Disclosures</item>
			<item>
				<item>
					<item>Utility Information</item>
					<item>
						<item>Utilities: Cable, Connected, Public Water, Underground Electricity, Water</item>
					</item>
				</item>
				<item>
					<item>Tax Information</item>
					<item>
						<item>Tax Amount: 1120.24</item>
						<item>Tax Year: 2019</item>
						<item>Tax Assessed Value Land: 937400.00</item>
						<item>Tax Assessed Value Improvements: $914,300</item>
						<item>Tax Assessed Value: 1851700.00</item>
						<item>Tax Exemption Owner Occupancy: 0</item>
					</item>
				</item>
				<item>
					<item>Location Details</item>
					<item>
						<item>Location: Inside</item>
						<item>Neighbourhood: ROYAL SUMMIT</item>
					</item>
				</item>
				<item>
					<item>Documents &amp; Disclosures</item>
					<item>
						<item>Disclosures: Property Disclosure Stmt</item>
					</item>
				</item>
			</item>
		</item>
		<item>
			<item>Property / Lot Details</item>
			<item>
				<item>
					<item>Property Information</item>
					<item>
						<item>Property Type: Single Family</item>
						<item>Property Sub Type: Single Family</item>
						<item>Architectural Style: Detach Single Family</item>
						<item>Property Condition: Average</item>
						<item>Year Remodeled: 1994</item>
						<item>Year Built: 1989</item>
						<item>Construction Materials: Double Wall, Masonry/Stucco, Slab, Wood Frame</item>
						<item>View: Coastline, Mountain, Ocean, Sunset</item>
						<item>Stories Type: Three+</item>
					</item>
				</item>
				<item>
					<item>Lot Information</item>
					<item>
						<item>Lot Features: Clear, Rim Lot</item>
						<item>Zoning: 05 - R-5 Residential District</item>
						<item>Easements: Sewer</item>
						<item>Road Frontage: Paved Road</item>
						<item>Lot Size Area: 15009.00</item>
						<item>Parcel Number: 1-9-8-071-013-0000</item>
					</item>
				</item>
				<item>
					<item>Land Information</item>
					<item>
						<item>Topography: Level</item>
						<item>Land Tenure: FS - Fee Simple</item>
						<item>Land Recorded: Land Court</item>
						<item>Flood Zone: Zone D</item>
					</item>
				</item>
			</item>
		</item>
	</property_details>
	<public_facts>
		<Beds>7</Beds>
		<Baths>5.5</Baths>
		<Finished_Sq._Ft.>7,206</Finished_Sq._Ft.>
		<Unfinished_Sq._Ft.>—</Unfinished_Sq._Ft.>
		<Total_Sq._Ft.>7,206</Total_Sq._Ft.>
		<Stories>1</Stories>
		<Lot_Size>0.34 Acres</Lot_Size>
		<Style>Single Family Residential</Style>
		<Year_Built>1989</Year_Built>
		<Year_Renovated>1994</Year_Renovated>
		<County>Honolulu County</County>
		<APN>1 9 8 071 013 0000</APN>
	</public_facts>
</home>
