<?xml version="1.0" ?>
<home>
	<HomeInfo_Address>
		<street-address>98-440 Kilinoe St #6607 </street-address>
		<locality>Aiea, </locality>
		<region>HI</region>
		<postal-code>96701</postal-code>
	</HomeInfo_Address>
	<main_stats>
		<Price>$439,000</Price>
		<Beds>2</Beds>
		<Baths>1.5</Baths>
		<key name="$467 / Sq. Ft.">941</key>
	</main_stats>
	<text_base_description>Rarely available Chateau Newtown single level ground floor unit. Remodeled and renovated. Laminate and tile floors, upgraded kitchen and baths, upgraded appliances with brand new  stove,  freshly painted interior, 3 ACs, coffee bar, touch lighting under kitchen cabinet,  One assigned parking stall right in front of unit and ample street parking nearby. Part of NECA with award winning recreation center that has pools, play area, tennis and basketball courts, exercise equipment, party/meeting rooms, activities and more. Maintenance fee includes water, hot water, sewer, gas. Showing by appointment only - call your Realtor.  Pet friendly. Click on virtual tour link for more photos </text_base_description>
	<listed_by>
		<name>Fukuyuki Puckett (DR)</name>
		<org> • Summit Realty, LLC </org>
	</listed_by>
	<price_insights>
		<List_Price>$439,000</List_Price>
		<Est._Mo._Payment>$1,668</Est._Mo._Payment>
		<Redfin_Estimate>$438,373</Redfin_Estimate>
		<key name="Price/Sq.Ft.">$467</key>
	</price_insights>
	<home_facts>
		<Status>In Escrow Showing</Status>
		<Time_on_Redfin>28 days</Time_on_Redfin>
		<Property_Type>Condo/Townhouse, Townhouse</Property_Type>
		<HOA_Dues>$491/month</HOA_Dues>
		<Year_Built>1975</Year_Built>
		<Community>Newtown</Community>
		<Lot_Size>3.76 Acres</Lot_Size>
		<key name="MLS#">202021437</key>
	</home_facts>
	<property_details>
		<item>
			<item>Virtual Tour, Parking / Garage, Exterior Features, Multi-Unit Information</item>
			<item>
				<item>
					<item>Virtual Tour</item>
					<item>
						<item>Virtual Tour (External Link)</item>
					</item>
				</item>
				<item>
					<item>Parking/Garage Information</item>
					<item>
						<item>Parking Features: Assigned, 1 Open Space, Street</item>
						<item># of Parking Spaces (Total): 1</item>
						<item>Condo Parking Unit: 607</item>
					</item>
				</item>
				<item>
					<item>Exterior Features</item>
					<item>
						<item>Security Features: Key</item>
					</item>
				</item>
				<item>
					<item>Multi-Unit Information</item>
					<item>
						<item>Unit Features: Bedroom on 1st Level, Full Bath on 1st Floor, Ground Floor Unit, Single Level, Storage</item>
						<item>Amenities: Recreation Area, Resident Manager</item>
					</item>
				</item>
			</item>
		</item>
		<item>
			<item>Interior Features</item>
			<item>
				<item>
					<item>Bathroom Information</item>
					<item>
						<item># of Bathrooms (1/2): 1</item>
						<item># of Bathrooms (Full): 1</item>
					</item>
				</item>
				<item>
					<item>Interior Features</item>
					<item>
						<item>Inclusions: A/C Window Unit, Blinds, Cable TV, Disposal, Dryer, Range Hood, Range/Oven, Refrigerator, Smoke Detector, Washer</item>
						<item>Furnished: Partial</item>
						<item>Flooring: Ceramic Tile, Laminate</item>
					</item>
				</item>
				<item>
					<item>Square Footage</item>
					<item>
						<item>Sq. Ft. Lanai (Open): 72</item>
						<item>Sq. Ft. Roofed (Living): 941</item>
					</item>
				</item>
			</item>
		</item>
		<item>
			<item>Homeowners Association, School / Neighborhood, Taxes / Assessments, Location Details</item>
			<item>
				<item>
					<item>Homeowners Association Information</item>
					<item>
						<item>Association Fee: $33</item>
						<item>Maintenance Expense: 458.39</item>
						<item>Association Fee Total: $491</item>
						<item>Gas, Hot Water, Other Common Expenses, Sewer, Water</item>
						<item>Association Community Name: NECA</item>
					</item>
				</item>
				<item>
					<item>School Information</item>
					<item>
						<item>Elementary School: Waimalu</item>
						<item>Middle Or Junior School: Aiea</item>
						<item>High School: Aiea</item>
					</item>
				</item>
				<item>
					<item>Tax Information</item>
					<item>
						<item>Tax Amount: 114.00</item>
						<item>Tax Year: 2020</item>
						<item>Tax Assessed Value Land: 235200.00</item>
						<item>Tax Assessed Value Improvements: $156,700</item>
						<item>Tax Assessed Value: 391900.00</item>
						<item>Tax Exemption Owner Occupancy: 0</item>
					</item>
				</item>
				<item>
					<item>Location Details</item>
					<item>
						<item>Neighbourhood: NEWTOWN</item>
						<item>Floor Number: 1</item>
					</item>
				</item>
			</item>
		</item>
		<item>
			<item>Property / Lot Details</item>
			<item>
				<item>
					<item>Property Information</item>
					<item>
						<item>Property Type: Condo/Townhouse</item>
						<item>Architectural Style: Townhouse</item>
						<item>Property Frontage: Other</item>
						<item>Property Condition: Above Average, Excellent</item>
						<item>Year Remodeled: 2013</item>
						<item>Year Built: 1975</item>
						<item>Construction Materials: Double Wall, Wood Frame</item>
						<item>Building Name: Chateau Newtown Vlg 3</item>
						<item>Stories Type: One</item>
					</item>
				</item>
				<item>
					<item>Lot Information</item>
					<item>
						<item>Zoning: 11 - A-1 Low Density Apartment</item>
						<item>Lot Size Area: 163829.00</item>
						<item>Parcel Number: 1-9-8-060-011-0007</item>
					</item>
				</item>
				<item>
					<item>Land Information</item>
					<item>
						<item>Land Tenure: FS - Fee Simple</item>
						<item>Remodelled: Partial</item>
						<item>Land Recorded: Land Court</item>
						<item>Flood Zone: Zone D</item>
					</item>
				</item>
			</item>
		</item>
		<item>
			<item>Documents &amp; Disclosures</item>
			<item>
				<item>
					<item>Documents &amp; Disclosures</item>
					<item>
						<item>Disclosures: Pets Allowed (Verify), Property Disclosure Stmt</item>
					</item>
				</item>
			</item>
		</item>
	</property_details>
	<public_facts>
		<Beds>2</Beds>
		<Baths>1.5</Baths>
		<Finished_Sq._Ft.>941</Finished_Sq._Ft.>
		<Unfinished_Sq._Ft.>—</Unfinished_Sq._Ft.>
		<Total_Sq._Ft.>941</Total_Sq._Ft.>
		<Stories>1</Stories>
		<Lot_Size>—</Lot_Size>
		<Style>Condo/Co-op</Style>
		<Year_Built>1975</Year_Built>
		<Year_Renovated>—</Year_Renovated>
		<County>Honolulu County</County>
		<APN>1 9 8 060 011 0007</APN>
	</public_facts>
</home>
