<?xml version="1.0" ?>
<home>
	<HomeInfo_Address>
		<street-address>98-450 Koauka Loop #312 </street-address>
		<locality>Aiea, </locality>
		<region>HI</region>
		<postal-code>96701</postal-code>
	</HomeInfo_Address>
	<main_stats>
		<Price>$340,000</Price>
		<Bed>1</Bed>
		<Bath>1</Bath>
		<key name="$661 / Sq. Ft.">514</key>
	</main_stats>
	<text_base_description>Highly sought after end unit on the Makai side of Highlander. On site resident manager, secured entry, guest parking, BBQ grill, pool, sauna, meeting room, workout room, coin-operated laundry, and a storage locker. Ideal location to Pearlridge Shopping Center, Pali Momi Medical Center, restaurants, freeway, Joint Base PH/Hickam, Tripler and Airport. Maintenance fee includes electricity and hot water. </text_base_description>
	<listed_by>
		<name>Denise Fisher (RA)</name>
		<org> • Locations LLC </org>
	</listed_by>
	<price_insights>
		<List_Price>$340,000</List_Price>
		<Est._Mo._Payment>$1,265</Est._Mo._Payment>
		<Redfin_Estimate>$338,324</Redfin_Estimate>
		<key name="Price/Sq.Ft.">$661</key>
	</price_insights>
	<home_facts>
		<Status>Active</Status>
		<Time_on_Redfin>5 days</Time_on_Redfin>
		<Property_Type>Condo/Townhouse, High-Rise 7+ Stories</Property_Type>
		<HOA_Dues>$757/month</HOA_Dues>
		<Year_Built>1975</Year_Built>
		<Community>Pearlridge</Community>
		<Lot_Size>1.72 Acres</Lot_Size>
		<key name="MLS#">202024207</key>
	</home_facts>
	<property_details>
		<item>
			<item>Virtual Tour, Parking / Garage, Exterior Features, Multi-Unit Information</item>
			<item>
				<item>
					<item>Virtual Tour</item>
					<item>
						<item>Virtual Tour (External Link)</item>
					</item>
				</item>
				<item>
					<item>Parking/Garage Information</item>
					<item>
						<item>Parking Features: Assigned, 1 Open Space, Street</item>
						<item># of Parking Spaces (Total): 1</item>
						<item>Condo Parking Unit: C168</item>
					</item>
				</item>
				<item>
					<item>Exterior Features</item>
					<item>
						<item>Security Features: Key, Keyed Elevator, Security Patrol, Video</item>
					</item>
				</item>
				<item>
					<item>Multi-Unit Information</item>
					<item>
						<item>Unit Features: Bedroom on 1st Level, Corner/End, Even# Unit, Full Bath on 1st Floor, Single Level</item>
						<item>Amenities: BBQ, Community Laundry, Exercise Room, Meeting Room, Pool, Resident Manager, Sauna, Security Guard</item>
					</item>
				</item>
			</item>
		</item>
		<item>
			<item>Interior Features</item>
			<item>
				<item>
					<item>Bathroom Information</item>
					<item>
						<item># of Bathrooms (Full): 1</item>
					</item>
				</item>
				<item>
					<item>Interior Features</item>
					<item>
						<item># of Elevators: 3</item>
						<item>Inclusions: A/C Window Unit, Dishwasher, Disposal, Drapes, Dryer, Range Hood, Range/Oven, Refrigerator, Smoke Detector, Washer</item>
						<item>Flooring: Ceramic Tile, Laminate</item>
					</item>
				</item>
				<item>
					<item>Square Footage</item>
					<item>
						<item>Sq. Ft. Lanai (Open): 72</item>
						<item>Sq. Ft. Roofed (Living): 514</item>
					</item>
				</item>
			</item>
		</item>
		<item>
			<item>Homeowners Association, School / Neighborhood, Taxes / Assessments, Lease / Rent Details</item>
			<item>
				<item>
					<item>Homeowners Association Information</item>
					<item>
						<item>Association Fee 2: $95</item>
						<item>Maintenance Expense: 662.00</item>
						<item>Association Fee Total: $757</item>
						<item>Electricity, Hot Water, Other Common Expenses, Sewer, Water</item>
					</item>
				</item>
				<item>
					<item>School Information</item>
					<item>
						<item>Elementary School: ALVAH SCOTT</item>
						<item>Middle Or Junior School: Aiea</item>
						<item>High School: Aiea</item>
					</item>
				</item>
				<item>
					<item>Tax Information</item>
					<item>
						<item>Tax Amount: 62.00</item>
						<item>Tax Year: 2020</item>
						<item>Tax Assessed Value Land: 46000.00</item>
						<item>Tax Assessed Value Improvements: $265,000</item>
						<item>Tax Paid By Seller </item>
						<item>Tax Assessed Value: 311000.00</item>
						<item>Tax Exemption Owner Occupancy: 100000</item>
					</item>
				</item>
				<item>
					<item>Rent Details</item>
					<item>
						<item>Total Actual Rent: 0.00</item>
					</item>
				</item>
			</item>
		</item>
		<item>
			<item>Property / Lot Details</item>
			<item>
				<item>
					<item>Property Information</item>
					<item>
						<item>Property Type: Condo/Townhouse</item>
						<item>Architectural Style: High-Rise 7+ Stories</item>
						<item>Property Condition: Above Average, Average</item>
						<item>Year Remodeled: 1975</item>
						<item>Year Built: 1975</item>
						<item>Construction Materials: Concrete</item>
						<item>View: Coastline, Sunrise, Sunset</item>
						<item>Building Name: Highlander</item>
						<item>Stories Type: 15-20</item>
					</item>
				</item>
				<item>
					<item>Lot Information</item>
					<item>
						<item>Zoning: 12 - A-2 Medium Density Apartme</item>
						<item>Lot Size Area: 75010.00</item>
						<item>Parcel Number: 1-9-8-012-054-0024</item>
					</item>
				</item>
				<item>
					<item>Land Information</item>
					<item>
						<item>Land Tenure: FS - Fee Simple</item>
						<item>Remodelled: Partial</item>
						<item>Land Recorded: Regular System</item>
						<item>Flood Zone: Zone X</item>
					</item>
				</item>
			</item>
		</item>
		<item>
			<item>Location Details, Documents &amp; Disclosures</item>
			<item>
				<item>
					<item>Location Details</item>
					<item>
						<item>Neighbourhood: PEARLRIDGE</item>
						<item>Floor Number: 3</item>
					</item>
				</item>
				<item>
					<item>Documents &amp; Disclosures</item>
					<item>
						<item>Disclosures: Pet on Property, Pets Allowed (Verify), Property Disclosure Stmt</item>
					</item>
				</item>
			</item>
		</item>
	</property_details>
	<public_facts>
		<Beds>1</Beds>
		<Baths>1</Baths>
		<Finished_Sq._Ft.>514</Finished_Sq._Ft.>
		<Unfinished_Sq._Ft.>—</Unfinished_Sq._Ft.>
		<Total_Sq._Ft.>514</Total_Sq._Ft.>
		<Stories>1</Stories>
		<Lot_Size>—</Lot_Size>
		<Style>Condo/Co-op</Style>
		<Year_Built>1975</Year_Built>
		<Year_Renovated>—</Year_Renovated>
		<County>Honolulu County</County>
		<APN>1 9 8 012 054 0024</APN>
	</public_facts>
</home>
