<?xml version="1.0" ?>
<home>
	<HomeInfo_Address>
		<street-address>98-351 Koauka Loop Unit C1102 </street-address>
		<locality>Aiea, </locality>
		<region>HI</region>
		<postal-code>96701</postal-code>
	</HomeInfo_Address>
	<main_stats>
		<Price>$442,000</Price>
		<Beds>2</Beds>
		<Baths>2</Baths>
		<key name="$461 / Sq. Ft.">959</key>
	</main_stats>
	<text_base_description>Conveniently located near the Pearl Ridge shopping center at a great price.  Lots of room to live comfortably with 2 full baths in this condo with great amenities such as Heated Pool- Rec Area and Tennis Courts.   This unit is move in ready some what original but has been very well maintained in spite of age. Newer carpets split  A/C in the main area and master bedroom.   Come add your finishing touches and make it your own. </text_base_description>
	<listed_by>
		<name>Lynn Wilkinson (DR)</name>
		<org> • Vonlin Hawaii Real Estate </org>
	</listed_by>
	<price_insights>
		<List_Price>$442,000</List_Price>
		<Est._Mo._Payment>$1,690</Est._Mo._Payment>
		<Redfin_Estimate>$438,228</Redfin_Estimate>
		<key name="Price/Sq.Ft.">$461</key>
	</price_insights>
	<home_facts>
		<Status>Active</Status>
		<Time_on_Redfin>49 days</Time_on_Redfin>
		<Property_Type>Condo/Townhouse, High-Rise 7+ Stories</Property_Type>
		<HOA_Dues>$608/month</HOA_Dues>
		<Year_Built>1982</Year_Built>
		<Community>Pearlridge</Community>
		<Lot_Size>6.50 Acres</Lot_Size>
		<key name="MLS#">202012615</key>
	</home_facts>
	<property_details>
		<item>
			<item>Interior Features</item>
			<item>
				<item>
					<item>Bathroom Information</item>
					<item>
						<item># of Bathrooms (Full): 2</item>
					</item>
				</item>
				<item>
					<item>Interior Features</item>
					<item>
						<item># of Elevators: 2</item>
						<item>Inclusions: A/C Split, Dishwasher, Disposal, Dryer, Home Warranty, Range Hood, Range/Oven, Refrigerator, Washer</item>
						<item>Furnished: Partial</item>
						<item>Flooring: Vinyl, W/W Carpet</item>
					</item>
				</item>
				<item>
					<item>Square Footage</item>
					<item>
						<item>Sq. Ft. Lanai (Open): 42</item>
						<item>Sq. Ft. Roofed (Living): 959</item>
					</item>
				</item>
			</item>
		</item>
		<item>
			<item>Parking / Garage, Exterior Features, Multi-Unit Information, Homeowners Association</item>
			<item>
				<item>
					<item>Parking/Garage Information</item>
					<item>
						<item>Parking Features: Assigned, 1 Covered Spaces, Secured Entry</item>
						<item># of Parking Spaces (Total): 1</item>
						<item>Condo Parking Unit: 515</item>
					</item>
				</item>
				<item>
					<item>Exterior Features</item>
					<item>
						<item>Security Features: Key</item>
					</item>
				</item>
				<item>
					<item>Multi-Unit Information</item>
					<item>
						<item>Unit Features: Corner/End, Single Level</item>
						<item>Amenities: BBQ, Pool, Resident Manager, Security Guard, Tennis Court, Trash Chute, Whirlpool</item>
					</item>
				</item>
				<item>
					<item>Homeowners Association Information</item>
					<item>
						<item>Maintenance Expense: 607.93</item>
						<item>Association Fee Total: $608</item>
						<item>Hot Water, Other Common Expenses, Sewer, Water</item>
						<item>Association Community Name: The Park at Pearlridge</item>
					</item>
				</item>
			</item>
		</item>
		<item>
			<item>School / Neighborhood, Taxes / Assessments, Location Details, Documents &amp; Disclosures</item>
			<item>
				<item>
					<item>School Information</item>
					<item>
						<item>Elementary School: Scott</item>
						<item>Middle Or Junior School: Aiea</item>
						<item>High School: Aiea</item>
					</item>
				</item>
				<item>
					<item>Tax Information</item>
					<item>
						<item>Tax Amount: 125.36</item>
						<item>Tax Year: 2020</item>
						<item>Tax Assessed Value Land: 76000.00</item>
						<item>Tax Assessed Value Improvements: $353,800</item>
						<item>Tax Assessed Value: 429800.00</item>
						<item>Tax Exemption Owner Occupancy: 00.00</item>
					</item>
				</item>
				<item>
					<item>Location Details</item>
					<item>
						<item>Neighbourhood: PEARLRIDGE</item>
						<item>Floor Number: 11</item>
					</item>
				</item>
				<item>
					<item>Documents &amp; Disclosures</item>
					<item>
						<item>Disclosures: Property Disclosure Stmt</item>
					</item>
				</item>
			</item>
		</item>
		<item>
			<item>Property / Lot Details</item>
			<item>
				<item>
					<item>Property Information</item>
					<item>
						<item>Property Type: Condo/Townhouse</item>
						<item>Architectural Style: High-Rise 7+ Stories</item>
						<item>Property Condition: Average</item>
						<item>Year Built: 1982</item>
						<item>Construction Materials: Concrete, Double Wall</item>
						<item>View: City, Golf Course</item>
						<item>Building Name: Park at Pearlridge</item>
						<item>Stories Type: One</item>
					</item>
				</item>
				<item>
					<item>Lot Information</item>
					<item>
						<item>Zoning: 12 - A-2 Medium Density Apartme</item>
						<item>Lot Size Area: 283096.00</item>
						<item>Parcel Number: 1-9-8-012-079-0346</item>
					</item>
				</item>
				<item>
					<item>Land Information</item>
					<item>
						<item>Land Tenure: FS - Fee Simple</item>
						<item>Land Recorded: Regular System</item>
						<item>Flood Zone: Zone D</item>
					</item>
				</item>
			</item>
		</item>
	</property_details>
	<public_facts>
		<Beds>2</Beds>
		<Baths>2</Baths>
		<Finished_Sq._Ft.>959</Finished_Sq._Ft.>
		<Unfinished_Sq._Ft.>—</Unfinished_Sq._Ft.>
		<Total_Sq._Ft.>959</Total_Sq._Ft.>
		<Stories>1</Stories>
		<Lot_Size>—</Lot_Size>
		<Style>Condo/Co-op</Style>
		<Year_Built>1982</Year_Built>
		<Year_Renovated>—</Year_Renovated>
		<County>Honolulu County</County>
		<APN>1 9 8 012 079 0346</APN>
	</public_facts>
</home>
