<?xml version="1.0" ?>
<home>
	<HomeInfo_Address>
		<street-address>98-360 Koauka Loop #235 </street-address>
		<locality>Aiea, </locality>
		<region>HI</region>
		<postal-code>96701</postal-code>
	</HomeInfo_Address>
	<main_stats>
		<Price>$460,000</Price>
		<Beds>3</Beds>
		<Baths>2</Baths>
		<key name="$365 / Sq. Ft.">1,261</key>
	</main_stats>
	<text_base_description>Spacious 3-bedroom 2-bath residence in The Bougainville with over 1,200 square feet of living area and a covered lanai. Upgraded with a split AC in the living room, laminate wood flooring, hardwood cabinets, granite countertops in the kitchen &amp; bathrooms and fresh paint throughout. A master bedroom walk-in closet, utility closet under the stairs, and an exterior closet provides ample storage. Relax on your lanai or cool off in the pool. Comes with one covered assigned parking stall. Minutes to Pearlridge Shopping Center, Down to Earth, and many other shops and restaurants.  Schedule showing for Sunday 5/30 2-5pm. </text_base_description>
	<listed_by>
		<name>Brandon Lau (R)</name>
		<org> • ChaneyBrooks Choice Advisors </org>
	</listed_by>
	<price_insights>
		<List_Price>$460,000</List_Price>
		<Est._Mo._Payment>$1,748</Est._Mo._Payment>
		<Redfin_Estimate>$456,360</Redfin_Estimate>
		<key name="Price/Sq.Ft.">$365</key>
	</price_insights>
	<home_facts>
		<Status>In Escrow Showing</Status>
		<Time_on_Redfin>27 days</Time_on_Redfin>
		<Property_Type>Condo/Townhouse, Low-Rise 6 or Less Stories, Townhouse, Walk-Up</Property_Type>
		<HOA_Dues>$620/month</HOA_Dues>
		<Year_Built>1975</Year_Built>
		<Community>Pearlridge</Community>
		<Lot_Size>5.36 Acres</Lot_Size>
		<key name="MLS#">202021503</key>
	</home_facts>
	<property_details>
		<item>
			<item>Virtual Tour, Parking / Garage, Exterior Features, Multi-Unit Information</item>
			<item>
				<item>
					<item>Virtual Tour</item>
					<item>
						<item>Virtual Tour (External Link)</item>
					</item>
				</item>
				<item>
					<item>Parking/Garage Information</item>
					<item>
						<item>Parking Features: Assigned, 1 Covered Spaces, Secured Entry</item>
						<item># of Parking Spaces (Total): 1</item>
						<item>Condo Parking Unit: 30</item>
					</item>
				</item>
				<item>
					<item>Exterior Features</item>
					<item>
						<item>Security Features: Security Patrol</item>
					</item>
				</item>
				<item>
					<item>Multi-Unit Information</item>
					<item>
						<item>Unit Features: Corner/End, Full Bath on 1st Floor, Multi Level, Odd# Unit, Split Level, Storage</item>
						<item>Amenities: BBQ, Pool, Recreation Area, Resident Manager, Security Guard, Storage</item>
					</item>
				</item>
			</item>
		</item>
		<item>
			<item>Interior Features</item>
			<item>
				<item>
					<item>Bathroom Information</item>
					<item>
						<item># of Bathrooms (Full): 2</item>
					</item>
				</item>
				<item>
					<item>Interior Features</item>
					<item>
						<item>Inclusions: A/C Split, Blinds, Cable TV, Ceiling Fan, Disposal, Drapes, Dryer, Microwave Hood, Other, Range/Oven, Refrigerator, Smoke Detector, Washer</item>
						<item>Flooring: Laminate, Vinyl</item>
					</item>
				</item>
				<item>
					<item>Square Footage</item>
					<item>
						<item>Sq. Ft. Lanai (Open): 75</item>
						<item>Sq. Ft. Roofed (Living): 1,261</item>
					</item>
				</item>
			</item>
		</item>
		<item>
			<item>Homeowners Association, School / Neighborhood, Taxes / Assessments, Location Details</item>
			<item>
				<item>
					<item>Homeowners Association Information</item>
					<item>
						<item>Maintenance Expense: 619.62</item>
						<item>Association Fee Total: $620</item>
						<item>Cable TV, Other Common Expenses, Sewer, Water</item>
					</item>
				</item>
				<item>
					<item>School Information</item>
					<item>
						<item>Elementary School: ALVAH SCOTT</item>
						<item>Middle Or Junior School: Aiea</item>
						<item>High School: Aiea</item>
					</item>
				</item>
				<item>
					<item>Tax Information</item>
					<item>
						<item>Tax Amount: 120.37</item>
						<item>Tax Year: 2020</item>
						<item>Tax Assessed Value Land: 199500.00</item>
						<item>Tax Assessed Value Improvements: $213,200</item>
						<item>Tax Paid By Seller </item>
						<item>Tax Assessed Value: 412700.00</item>
						<item>Tax Exemption Owner Occupancy: 0</item>
					</item>
				</item>
				<item>
					<item>Location Details</item>
					<item>
						<item>Neighbourhood: PEARLRIDGE</item>
						<item>Floor Number: 2</item>
					</item>
				</item>
			</item>
		</item>
		<item>
			<item>Property / Lot Details</item>
			<item>
				<item>
					<item>Property Information</item>
					<item>
						<item>Property Type: Condo/Townhouse</item>
						<item>Architectural Style: Low-Rise 6 or Less Stories, Townhouse, Walk-Up</item>
						<item>Property Condition: Above Average</item>
						<item>Year Built: 1975</item>
						<item>Construction Materials: Wood Frame</item>
						<item>Building Name: Bougainville</item>
						<item>Stories Type: Two, Split Level</item>
					</item>
				</item>
				<item>
					<item>Lot Information</item>
					<item>
						<item>Zoning: 12 - A-2 Medium Density Apartme</item>
						<item>Lot Size Area: 233351.00</item>
						<item>Parcel Number: 1-9-8-039-001-0062</item>
					</item>
				</item>
				<item>
					<item>Land Information</item>
					<item>
						<item>Land Tenure: FS - Fee Simple</item>
						<item>Remodelled: Partial</item>
						<item>Land Recorded: Regular System</item>
						<item>Flood Zone: Zone D</item>
					</item>
				</item>
			</item>
		</item>
		<item>
			<item>Documents &amp; Disclosures</item>
			<item>
				<item>
					<item>Documents &amp; Disclosures</item>
					<item>
						<item>Disclosures: Property Disclosure Stmt</item>
					</item>
				</item>
			</item>
		</item>
	</property_details>
	<public_facts>
		<Beds>3</Beds>
		<Baths>2</Baths>
		<Finished_Sq._Ft.>1,261</Finished_Sq._Ft.>
		<Unfinished_Sq._Ft.>—</Unfinished_Sq._Ft.>
		<Total_Sq._Ft.>1,261</Total_Sq._Ft.>
		<Stories>1</Stories>
		<Lot_Size>—</Lot_Size>
		<Style>Condo/Co-op</Style>
		<Year_Built>1975</Year_Built>
		<Year_Renovated>—</Year_Renovated>
		<County>Honolulu County</County>
		<APN>1 9 8 039 001 0062</APN>
	</public_facts>
</home>
