<?xml version="1.0" ?>
<home>
	<HomeInfo_Address>
		<street-address>98-410 Koauka Loop Unit 1K </street-address>
		<locality>Aiea, </locality>
		<region>HI</region>
		<postal-code>96701</postal-code>
	</HomeInfo_Address>
	<main_stats>
		<Price>$440,000</Price>
		<Beds>2</Beds>
		<Bath>1</Bath>
		<key name="$525 / Sq. Ft.">838</key>
	</main_stats>
	<text_base_description>Rarely available 2 bedroom ground floor unit with your own private yard! Unit is move-in-ready and includes washer/dryer in-unit and one covered parking stall. Secure building features a private pool deck, dog park, BBQ, tennis court, recreation area and whirlpool/sauna. A short drive to Pearl Harbor, Hickam AFB and Pearl Country Club. Walking distance to Pearlridge Shopping Center for restaurants, shopping, movie theater, banks, and more! Pet friendly and VA approved! Please contact listing agent to schedule a private showing and check out our virtual tour. </text_base_description>
	<listed_by>
		<name>Kumu Logan-Blomfield (RA)</name>
		<org> • Hawaii Life </org>
	</listed_by>
	<price_insights>
		<List_Price>$440,000</List_Price>
		<Est._Mo._Payment>$1,638</Est._Mo._Payment>
		<Redfin_Estimate>$436,237</Redfin_Estimate>
		<key name="Price/Sq.Ft.">$525</key>
	</price_insights>
	<home_facts>
		<Status>Active</Status>
		<Time_on_Redfin>7 days</Time_on_Redfin>
		<Property_Type>Condo/Townhouse, High-Rise 7+ Stories</Property_Type>
		<HOA_Dues>$607/month</HOA_Dues>
		<Year_Built>1975</Year_Built>
		<Community>Pearlridge</Community>
		<Lot_Size>3.58 Acres</Lot_Size>
		<key name="MLS#">202024018</key>
	</home_facts>
	<property_details>
		<item>
			<item>Virtual Tour, Parking / Garage, Exterior Features, Multi-Unit Information</item>
			<item>
				<item>
					<item>Virtual Tour</item>
					<item>
						<item>Virtual Tour (External Link)</item>
					</item>
				</item>
				<item>
					<item>Parking/Garage Information</item>
					<item>
						<item>Parking Features: Assigned, 1 Covered Spaces, Guest, Secured Entry</item>
						<item># of Parking Spaces (Total): 1</item>
						<item># of Additional Parking Spaces: 1</item>
						<item>Condo Parking Unit: 335</item>
					</item>
				</item>
				<item>
					<item>Exterior Features</item>
					<item>
						<item>Security Features: Card, Key, Security Patrol, Video</item>
					</item>
				</item>
				<item>
					<item>Multi-Unit Information</item>
					<item>
						<item>Unit Features: Bedroom on 1st Level, Corner/End, Ground Floor Unit, Single Level, Storage, Yard</item>
						<item>Amenities: BBQ, Club House, Patio/Deck, Pool, Private Yard, Recreation Area, Resident Manager, Sauna, Security Guard, Tennis Court, Trash Chute, Walking/Jogging Path, Wall/Fence, Whirlpool</item>
					</item>
				</item>
			</item>
		</item>
		<item>
			<item>Interior Features</item>
			<item>
				<item>
					<item>Bathroom Information</item>
					<item>
						<item># of Bathrooms (Full): 1</item>
					</item>
				</item>
				<item>
					<item>Interior Features</item>
					<item>
						<item>Inclusions: A/C Window Unit, Auto Garage Door Opener, Blinds, Cable TV, Ceiling Fan, Dishwasher, Disposal, Dryer, Microwave, Range Hood, Range/Oven, Refrigerator, Security System, Washer</item>
						<item>Flooring: Ceramic Tile, W/W Carpet</item>
					</item>
				</item>
				<item>
					<item>Square Footage</item>
					<item>
						<item>Sq. Ft. Roofed (Living): 838</item>
					</item>
				</item>
			</item>
		</item>
		<item>
			<item>Homeowners Association, School / Neighborhood, Taxes / Assessments, Location Details</item>
			<item>
				<item>
					<item>Homeowners Association Information</item>
					<item>
						<item>Maintenance Expense: 607.00</item>
						<item>Association Fee Total: $607</item>
						<item>Hot Water, Sewer, Water</item>
					</item>
				</item>
				<item>
					<item>School Information</item>
					<item>
						<item>Elementary School: Scott</item>
						<item>Middle Or Junior School: Aiea</item>
						<item>High School: Aiea</item>
					</item>
				</item>
				<item>
					<item>Tax Information</item>
					<item>
						<item>Tax Amount: 107.00</item>
						<item>Tax Year: 2020</item>
						<item>Tax Assessed Value Land: 71500.00</item>
						<item>Tax Assessed Value Improvements: $303,700</item>
						<item>Tax Assessed Value: 375200.00</item>
						<item>Tax Exemption Owner Occupancy: 100,000</item>
					</item>
				</item>
				<item>
					<item>Location Details</item>
					<item>
						<item>Neighbourhood: PEARLRIDGE</item>
						<item>Floor Number: 1</item>
					</item>
				</item>
			</item>
		</item>
		<item>
			<item>Property / Lot Details</item>
			<item>
				<item>
					<item>Property Information</item>
					<item>
						<item>Property Type: Condo/Townhouse</item>
						<item>Architectural Style: High-Rise 7+ Stories</item>
						<item>Property Condition: Above Average, Excellent</item>
						<item>Year Built: 1975</item>
						<item>Construction Materials: Above Ground, Concrete, Double Wall, Masonry/Stucco</item>
						<item>View: City, Garden, Sunrise, Sunset</item>
						<item>Building Name: Pearl 2</item>
						<item>Stories Type: 21+</item>
					</item>
				</item>
				<item>
					<item>Lot Information</item>
					<item>
						<item>Zoning: 12 - A-2 Medium Density Apartme</item>
						<item>Lot Size Area: 155814.00</item>
						<item>Parcel Number: 1-9-8-039-013-0006</item>
					</item>
				</item>
				<item>
					<item>Land Information</item>
					<item>
						<item>Land Tenure: FS - Fee Simple</item>
						<item>Land Recorded: Regular System</item>
						<item>Flood Zone: Zone X</item>
					</item>
				</item>
			</item>
		</item>
		<item>
			<item>Documents &amp; Disclosures</item>
			<item>
				<item>
					<item>Documents &amp; Disclosures</item>
					<item>
						<item>Disclosures: Pet on Property, Property Disclosure Stmt</item>
					</item>
				</item>
			</item>
		</item>
	</property_details>
	<public_facts>
		<Beds>2</Beds>
		<Baths>1</Baths>
		<Finished_Sq._Ft.>838</Finished_Sq._Ft.>
		<Unfinished_Sq._Ft.>—</Unfinished_Sq._Ft.>
		<Total_Sq._Ft.>838</Total_Sq._Ft.>
		<Stories>1</Stories>
		<Lot_Size>—</Lot_Size>
		<Style>Condo/Co-op</Style>
		<Year_Built>1975</Year_Built>
		<Year_Renovated>—</Year_Renovated>
		<County>Honolulu County</County>
		<APN>1 9 8 039 013 0006</APN>
	</public_facts>
</home>
