<?xml version="1.0" ?>
<home>
	<HomeInfo_Address>
		<street-address>98-410 Koauka Loop Unit 11C </street-address>
		<locality>Aiea, </locality>
		<region>HI</region>
		<postal-code>96701</postal-code>
	</HomeInfo_Address>
	<main_stats>
		<Price>$398,000</Price>
		<Beds>2</Beds>
		<Bath>1</Bath>
		<key name="$431 / Sq. Ft.">924</key>
	</main_stats>
	<text_base_description>Located on the breezy side of this pet friendly building, take in the trade winds while enjoying the golf  course and mountain views in this spacious 924 sf 2 bedroom, 1 bath condo with covered parking in a  prime Pearlridge location!! This freshly painted unit features a new AC and dishwasher and stands out  with its light laminate wood floors, large bedrooms, and ample closet space. Amenities include secured  building with 24-hour security patrol, on-site resident manager, recreation area, BBQ, pool, sauna,  tennis court, private and gated dog park, and guest parking. Easy access to highways and close to  Pearlridge Mall, movie theaters, restaurants, hospital, schools, and military bases. </text_base_description>
	<listed_by>
		<name>Marie Lugo-Dy (R)</name>
		<org> • Coldwell Banker Realty </org>
	</listed_by>
	<price_insights>
		<List_Price>$398,000</List_Price>
		<Est._Mo._Payment>$1,528</Est._Mo._Payment>
		<Redfin_Estimate>$391,532</Redfin_Estimate>
		<key name="Price/Sq.Ft.">$431</key>
	</price_insights>
	<home_facts>
		<Status>In Escrow Showing</Status>
		<Time_on_Redfin>139 days</Time_on_Redfin>
		<Property_Type>Condo/Townhouse, High-Rise 7+ Stories</Property_Type>
		<HOA_Dues>$628/month</HOA_Dues>
		<Year_Built>1975</Year_Built>
		<Community>Pearlridge</Community>
		<Lot_Size>3.58 Acres</Lot_Size>
		<key name="MLS#">202009298</key>
	</home_facts>
	<property_details>
		<item>
			<item>Interior Features</item>
			<item>
				<item>
					<item>Bathroom Information</item>
					<item>
						<item># of Bathrooms (Full): 1</item>
					</item>
				</item>
				<item>
					<item>Interior Features</item>
					<item>
						<item># of Elevators: 3</item>
						<item>Inclusions: A/C Window Unit, Auto Garage Door Opener, Blinds, Cable TV, Ceiling Fan, Dishwasher, Disposal, Dryer, Range Hood, Range/Oven, Refrigerator, Smoke Detector, Washer</item>
						<item>Flooring: Ceramic Tile, Laminate, W/W Carpet</item>
					</item>
				</item>
				<item>
					<item>Square Footage</item>
					<item>
						<item>Sq. Ft. Lanai (Open): 35</item>
						<item>Sq. Ft. Roofed (Living): 924</item>
					</item>
				</item>
			</item>
		</item>
		<item>
			<item>Parking / Garage, Exterior Features, Multi-Unit Information, Homeowners Association</item>
			<item>
				<item>
					<item>Parking/Garage Information</item>
					<item>
						<item>Parking Features: Assigned, 1 Covered Spaces, Guest, Secured Entry</item>
						<item># of Parking Spaces (Total): 1</item>
						<item>Condo Parking Unit: 247</item>
					</item>
				</item>
				<item>
					<item>Exterior Features</item>
					<item>
						<item>Security Features: Card, Key, Security Patrol, Video</item>
					</item>
				</item>
				<item>
					<item>Multi-Unit Information</item>
					<item>
						<item>Unit Features: Odd# Unit</item>
						<item>Amenities: BBQ, Club House, Pool, Recreation Area, Resident Manager, Sauna, Security Guard, Tennis Court, Trash Chute, Whirlpool</item>
					</item>
				</item>
				<item>
					<item>Homeowners Association Information</item>
					<item>
						<item>Maintenance Expense: 628.38</item>
						<item>Association Fee Total: $628</item>
						<item>Hot Water, Sewer, Water</item>
					</item>
				</item>
			</item>
		</item>
		<item>
			<item>Taxes / Assessments, Location Details, Documents &amp; Disclosures</item>
			<item>
				<item>
					<item>Tax Information</item>
					<item>
						<item>Tax Amount: 122.00</item>
						<item>Tax Year: 2020</item>
						<item>Tax Assessed Value Land: 71500.00</item>
						<item>Tax Assessed Value Improvements: $337,000</item>
						<item>Tax Assessed Value: 408500.00</item>
						<item>Tax Exemption Owner Occupancy: 0</item>
					</item>
				</item>
				<item>
					<item>Location Details</item>
					<item>
						<item>Neighbourhood: PEARLRIDGE</item>
						<item>Floor Number: 11</item>
					</item>
				</item>
				<item>
					<item>Documents &amp; Disclosures</item>
					<item>
						<item>Disclosures: Property Disclosure Stmt</item>
					</item>
				</item>
			</item>
		</item>
		<item>
			<item>Property / Lot Details</item>
			<item>
				<item>
					<item>Property Information</item>
					<item>
						<item>Property Type: Condo/Townhouse</item>
						<item>Architectural Style: High-Rise 7+ Stories</item>
						<item>Property Condition: Above Average</item>
						<item>Year Built: 1975</item>
						<item>Construction Materials: Above Ground, Concrete, Double Wall, Masonry/Stucco, Slab</item>
						<item>View: Golf Course, Mountain</item>
						<item>Model Site Contact Phone: 488-3452</item>
						<item>Building Name: Pearl 2</item>
						<item>Stories Type: 21+</item>
					</item>
				</item>
				<item>
					<item>Lot Information</item>
					<item>
						<item>Zoning: 12 - A-2 Medium Density Apartme</item>
						<item>Lot Size Area: 155814.00</item>
						<item>Parcel Number: 1-9-8-039-013-0099</item>
					</item>
				</item>
				<item>
					<item>Land Information</item>
					<item>
						<item>Land Tenure: FS - Fee Simple</item>
						<item>Land Recorded: Regular System</item>
						<item>Flood Zone: Zone X</item>
					</item>
				</item>
			</item>
		</item>
	</property_details>
	<public_facts>
		<Beds>2</Beds>
		<Baths>1</Baths>
		<Finished_Sq._Ft.>924</Finished_Sq._Ft.>
		<Unfinished_Sq._Ft.>—</Unfinished_Sq._Ft.>
		<Total_Sq._Ft.>924</Total_Sq._Ft.>
		<Stories>1</Stories>
		<Lot_Size>—</Lot_Size>
		<Style>Condo/Co-op</Style>
		<Year_Built>1975</Year_Built>
		<Year_Renovated>—</Year_Renovated>
		<County>Honolulu County</County>
		<APN>1 9 8 039 013 0099</APN>
	</public_facts>
</home>
