<?xml version="1.0" ?>
<home>
	<HomeInfo_Address>
		<street-address>98-288 Kaonohi St #1603 </street-address>
		<locality>Aiea, </locality>
		<region>HI</region>
		<postal-code>96701</postal-code>
	</HomeInfo_Address>
	<main_stats>
		<Price>$320,000</Price>
		<Bed>1</Bed>
		<Bath>1</Bath>
		<key name="$621 / Sq. Ft.">515</key>
	</main_stats>
	<text_base_description>Perfect opportunity to won a 16th floor, ocean, Diamond Head corner unit in the desirable Pearlridge Square condominium. Unit features views of Pearl Harbor &amp; the Arizona Memorial &amp; Diamond Head in the distance, 1 covered parking stall inside a gated lot, laminate flooring, granite counter tops. Building is located near bus stops &amp; Pearlridge Shopping Center,close to the proposed rail station, &amp; close to other shopping centers &amp; supermarkets, freeway entrance &amp; exits. Building also features sauna, pool, excellent management team, workout room, 24 hour security, &amp; resident manager. No showings at this time. Please submit all offers, subject to inspection along w/ pre approvel letter &amp; proof of funds. Subject to tenant lease that expires 5/31/2021. Tenants are paying $1500/month. </text_base_description>
	<listed_by>
		<name>Tim Borsch (RA)</name>
		<org> • Horita Realty LLC </org>
	</listed_by>
	<price_insights>
		<List_Price>$320,000</List_Price>
		<Est._Mo._Payment>$1,218</Est._Mo._Payment>
		<Redfin_Estimate>$318,392</Redfin_Estimate>
		<key name="Price/Sq.Ft.">$621</key>
	</price_insights>
	<home_facts>
		<Status>Active</Status>
		<Time_on_Redfin>30 days</Time_on_Redfin>
		<Property_Type>Condo/Townhouse, High-Rise 7+ Stories</Property_Type>
		<HOA_Dues>$399/month</HOA_Dues>
		<Year_Built>1980</Year_Built>
		<Community>Pearlridge</Community>
		<Lot_Size>1.15 Acres</Lot_Size>
		<key name="MLS#">202021252</key>
	</home_facts>
	<property_details>
		<item>
			<item>Interior Features</item>
			<item>
				<item>
					<item>Bathroom Information</item>
					<item>
						<item># of Bathrooms (Full): 1</item>
					</item>
				</item>
				<item>
					<item>Interior Features</item>
					<item>
						<item># of Elevators: 3</item>
						<item>Inclusions: A/C Window Unit, Cable TV, Ceiling Fan, Dishwasher, Disposal, Dryer, Range/Oven, Refrigerator, Smoke Detector, Washer</item>
						<item>Flooring: Laminate</item>
					</item>
				</item>
				<item>
					<item>Square Footage</item>
					<item>
						<item>Sq. Ft. Roofed (Living): 515</item>
					</item>
				</item>
			</item>
		</item>
		<item>
			<item>Parking / Garage, Exterior Features, Multi-Unit Information, Homeowners Association</item>
			<item>
				<item>
					<item>Parking/Garage Information</item>
					<item>
						<item>Parking Features: Assigned, 1 Covered Spaces, Guest, Secured Entry</item>
						<item># of Parking Spaces (Total): 1</item>
						<item>Condo Parking Unit: 265</item>
					</item>
				</item>
				<item>
					<item>Exterior Features</item>
					<item>
						<item>Security Features: Key, Keyed Elevator, Security Patrol</item>
					</item>
				</item>
				<item>
					<item>Multi-Unit Information</item>
					<item>
						<item>Unit Features: Bedroom on 1st Level, Corner/End, Full Bath on 1st Floor, Odd# Unit, Single Level</item>
						<item>Amenities: BBQ, Community Laundry, Exercise Room, Pool, Resident Manager, Sauna, Security Guard</item>
					</item>
				</item>
				<item>
					<item>Homeowners Association Information</item>
					<item>
						<item>Maintenance Expense: 399.00</item>
						<item>Association Fee Total: $399</item>
						<item>Cable TV, Internet Service, Sewer, Water</item>
						<item>Maintenance</item>
					</item>
				</item>
			</item>
		</item>
		<item>
			<item>Taxes / Assessments, Lease / Rent Details, Location Details, Documents &amp; Disclosures</item>
			<item>
				<item>
					<item>Tax Information</item>
					<item>
						<item>Tax Amount: 86.00</item>
						<item>Tax Year: 2020</item>
						<item>Tax Assessed Value Land: 23300.00</item>
						<item>Tax Assessed Value Improvements: $270,000</item>
						<item>Tax Assessed Value: 293300.00</item>
						<item>Tax Exemption Owner Occupancy: 0</item>
					</item>
				</item>
				<item>
					<item>Rent Details</item>
					<item>
						<item>Total Actual Rent: 1500.00</item>
					</item>
				</item>
				<item>
					<item>Location Details</item>
					<item>
						<item>Neighbourhood: PEARLRIDGE</item>
						<item>Floor Number: 16</item>
					</item>
				</item>
				<item>
					<item>Documents &amp; Disclosures</item>
					<item>
						<item>Disclosures: Property Disclosure Stmt, See Remarks</item>
					</item>
				</item>
			</item>
		</item>
		<item>
			<item>Property / Lot Details</item>
			<item>
				<item>
					<item>Property Information</item>
					<item>
						<item>Property Type: Condo/Townhouse</item>
						<item>Architectural Style: High-Rise 7+ Stories</item>
						<item>Property Frontage: Other</item>
						<item>Property Condition: Above Average</item>
						<item>Year Built: 1980</item>
						<item>Construction Materials: Above Ground, Concrete, Double Wall, Other</item>
						<item>View: City, Golf Course, Mountain, Ocean, Sunrise</item>
						<item>Building Name: Pearlridge Square</item>
						<item>Stories Type: One</item>
					</item>
				</item>
				<item>
					<item>Lot Information</item>
					<item>
						<item>Zoning: 12 - A-2 Medium Density Apartme</item>
						<item>Lot Size Area: 50007.00</item>
						<item>Parcel Number: 1-9-8-039-005-0092</item>
					</item>
				</item>
				<item>
					<item>Land Information</item>
					<item>
						<item>Land Tenure: FS - Fee Simple</item>
						<item>Land Recorded: Regular System</item>
						<item>Flood Zone: Zone X</item>
					</item>
				</item>
			</item>
		</item>
	</property_details>
	<public_facts>
		<Beds>1</Beds>
		<Baths>1</Baths>
		<Finished_Sq._Ft.>515</Finished_Sq._Ft.>
		<Unfinished_Sq._Ft.>—</Unfinished_Sq._Ft.>
		<Total_Sq._Ft.>515</Total_Sq._Ft.>
		<Stories>1</Stories>
		<Lot_Size>—</Lot_Size>
		<Style>Condo/Co-op</Style>
		<Year_Built>1980</Year_Built>
		<Year_Renovated>—</Year_Renovated>
		<County>Honolulu County</County>
		<APN>1 9 8 039 005 0092</APN>
	</public_facts>
</home>
