<?xml version="1.0" ?>
<home>
	<HomeInfo_Address>
		<street-address>98-715 Iho Pl #4103 </street-address>
		<locality>Aiea, </locality>
		<region>HI</region>
		<postal-code>96701</postal-code>
	</HomeInfo_Address>
	<main_stats>
		<Price>$640,000</Price>
		<Beds>4</Beds>
		<Baths>3</Baths>
		<key name="$322 / Sq. Ft.">1,987</key>
	</main_stats>
	<text_base_description>Sip your morning coffee to sweeping views of Pearl Harbor and a lush tree line in a rarely available 4-bedroom, 3-bath unit, with 2 covered parking unit in Colonnade on the Greens. The home features new flooring in downstairs living area, open concept kitchen with granite counter tops, stainless steel appliances, and new carpet in the downstairs Master bedroom. The split levels give the rooms privacy within your home.  A convenient centrally location in Aiea  means less time commuting and more time enjoying all of the Colonnade's community features like a game room, pool and jacuzzi, exercise rooms, tennis court, indoor golf driving range, bbq grills, surfboard storage racks, and more.  &quot;One or more photos have been enhanced.&quot; </text_base_description>
	<listed_by>
		<name>Lucien Breault (RA)</name>
		<org> • Coldwell Banker Realty </org>
	</listed_by>
	<price_insights>
		<List_Price>$640,000</List_Price>
		<Est._Mo._Payment>$2,388</Est._Mo._Payment>
		<Redfin_Estimate>$637,329</Redfin_Estimate>
		<key name="Price/Sq.Ft.">$322</key>
	</price_insights>
	<home_facts>
		<Status>Active</Status>
		<Time_on_Redfin>15 days</Time_on_Redfin>
		<Property_Type>Condo/Townhouse, High-Rise 7+ Stories</Property_Type>
		<HOA_Dues>$1,688/month</HOA_Dues>
		<Year_Built>1976</Year_Built>
		<Community>Pearlridge</Community>
		<Lot_Size>6.85 Acres</Lot_Size>
		<key name="MLS#">202023382</key>
	</home_facts>
	<property_details>
		<item>
			<item>Virtual Tour, Parking / Garage, Exterior Features, Multi-Unit Information</item>
			<item>
				<item>
					<item>Virtual Tour</item>
					<item>
						<item>Virtual Tour (External Link)</item>
					</item>
				</item>
				<item>
					<item>Parking/Garage Information</item>
					<item>
						<item>Parking Features: 2 Covered Spaces</item>
						<item># of Parking Spaces (Total): 2</item>
						<item>Condo Parking Unit: G41, G42</item>
					</item>
				</item>
				<item>
					<item>Exterior Features</item>
					<item>
						<item>Security Features: Gated Community</item>
					</item>
				</item>
				<item>
					<item>Multi-Unit Information</item>
					<item>
						<item>Unit Features: Bedroom on 1st Level, Full Bath on 1st Floor, Multi Level, Odd# Unit, Split Level</item>
						<item>Amenities: BBQ, Exercise Room, Heated Pool, Meeting Room, Other, Pool, Putting Green, Recreation Area, Resident Manager, Sauna, Security Guard, Tennis Court</item>
					</item>
				</item>
			</item>
		</item>
		<item>
			<item>Interior Features</item>
			<item>
				<item>
					<item>Bathroom Information</item>
					<item>
						<item># of Bathrooms (Full): 3</item>
					</item>
				</item>
				<item>
					<item>Interior Features</item>
					<item>
						<item>Inclusions: Ceiling Fan, Dishwasher, Disposal, Dryer, Range/Oven, Refrigerator, Washer</item>
						<item>Flooring: Ceramic Tile, Laminate, W/W Carpet</item>
					</item>
				</item>
				<item>
					<item>Square Footage</item>
					<item>
						<item>Sq. Ft. Roofed (Living): 1,987</item>
					</item>
				</item>
			</item>
		</item>
		<item>
			<item>Homeowners Association, School / Neighborhood, Taxes / Assessments, Location Details</item>
			<item>
				<item>
					<item>Homeowners Association Information</item>
					<item>
						<item>Association Fee 2: $49</item>
						<item>Maintenance Expense: 1639.10</item>
						<item>Association Fee Total: $1,688</item>
						<item>Hot Water, Sewer, Water</item>
						<item>Other Common Expenses</item>
					</item>
				</item>
				<item>
					<item>School Information</item>
					<item>
						<item>Elementary School: Pearl Ridge</item>
						<item>Middle Or Junior School: Aiea</item>
						<item>High School: Aiea</item>
					</item>
				</item>
				<item>
					<item>Tax Information</item>
					<item>
						<item>Tax Amount: 134.37</item>
						<item>Tax Year: 2020</item>
						<item>Tax Assessed Value Land: 251800.00</item>
						<item>Tax Assessed Value Improvements: $169,800</item>
						<item>Tax Assessed Value: 421600.00</item>
						<item>Tax Exemption Owner Occupancy: 0</item>
					</item>
				</item>
				<item>
					<item>Location Details</item>
					<item>
						<item>Neighbourhood: PEARLRIDGE</item>
						<item>Floor Number: 1</item>
					</item>
				</item>
			</item>
		</item>
		<item>
			<item>Property / Lot Details</item>
			<item>
				<item>
					<item>Property Information</item>
					<item>
						<item>Property Type: Condo/Townhouse</item>
						<item>Architectural Style: High-Rise 7+ Stories</item>
						<item>Property Condition: Above Average, Excellent</item>
						<item>Year Built: 1976</item>
						<item>Construction Materials: Concrete</item>
						<item>View: Golf Course, Ocean</item>
						<item>Building Name: Colonnade On Greens</item>
						<item>Stories Type: Split Level</item>
					</item>
				</item>
				<item>
					<item>Lot Information</item>
					<item>
						<item>Zoning: 12 - A-2 Medium Density Apartme</item>
						<item>Lot Size Area: 298212.00</item>
						<item>Parcel Number: 1-9-8-011-042-0142</item>
					</item>
				</item>
				<item>
					<item>Land Information</item>
					<item>
						<item>Land Tenure: FS - Fee Simple</item>
						<item>Land Recorded: Regular System</item>
						<item>Flood Zone: Zone D</item>
					</item>
				</item>
			</item>
		</item>
		<item>
			<item>Documents &amp; Disclosures</item>
			<item>
				<item>
					<item>Documents &amp; Disclosures</item>
					<item>
						<item>Disclosures: Pets Allowed (Verify), Property Disclosure Stmt</item>
					</item>
				</item>
			</item>
		</item>
	</property_details>
	<public_facts>
		<Beds>4</Beds>
		<Baths>3.5</Baths>
		<Finished_Sq._Ft.>1,987</Finished_Sq._Ft.>
		<Unfinished_Sq._Ft.>—</Unfinished_Sq._Ft.>
		<Total_Sq._Ft.>1,987</Total_Sq._Ft.>
		<Stories>2</Stories>
		<Lot_Size>—</Lot_Size>
		<Style>Condo/Co-op</Style>
		<Year_Built>1976</Year_Built>
		<Year_Renovated>—</Year_Renovated>
		<County>Honolulu County</County>
		<APN>1 9 8 011 042 0142</APN>
	</public_facts>
</home>
