<?xml version="1.0" ?>
<home>
	<HomeInfo_Address>
		<street-address>98-402 Koauka Loop #613 </street-address>
		<locality>Aiea, </locality>
		<region>HI</region>
		<postal-code>96701</postal-code>
	</HomeInfo_Address>
	<main_stats>
		<Price>$340,000</Price>
		<Bed>1</Bed>
		<Bath>1</Bath>
		<key name="$540 / Sq. Ft.">630</key>
	</main_stats>
	<text_base_description>Condo available in the highly desirable Koauka Loop! This is a well-established neighborhood in a prime location. Located right across the street is Pearlridge Mall, Pali Momi hospital, down to earth, and more all at your convenience. Close to Pearl Harbor and Camp Smith for military! The condo is patrolled by 24-hour security making it very safe so that you can rest easy. There is an endless amount of amenities on-site including but not limited to a pool, bbq area, gym, and more. You won't ever have to leave home! Please view the virtual tour! https://www.zillow.com/view-3d-home/2f5fe407-6730-4699-a665-a46ae2a1b2e2 </text_base_description>
	<listed_by>
		<name>Timothy Phillips (RA)</name>
		<org> • Hawaii Property Center </org>
	</listed_by>
	<price_insights>
		<List_Price>$340,000</List_Price>
		<Est._Mo._Payment>$1,307</Est._Mo._Payment>
		<Redfin_Estimate>$337,726</Redfin_Estimate>
		<key name="Price/Sq.Ft.">$540</key>
	</price_insights>
	<home_facts>
		<Status>Active</Status>
		<Time_on_Redfin>39 days</Time_on_Redfin>
		<Property_Type>Condo/Townhouse, High-Rise 7+ Stories</Property_Type>
		<HOA_Dues>$533/month</HOA_Dues>
		<Year_Built>1981</Year_Built>
		<Community>Pearlridge</Community>
		<key name="MLS#">202020672</key>
	</home_facts>
	<property_details>
		<item>
			<item>Virtual Tour, Parking / Garage, Multi-Unit Information, Homeowners Association</item>
			<item>
				<item>
					<item>Virtual Tour</item>
					<item>
						<item>Virtual Tour (External Link)</item>
					</item>
				</item>
				<item>
					<item>Parking/Garage Information</item>
					<item>
						<item>Parking Features: Assigned</item>
						<item># of Parking Spaces (Total): 1</item>
						<item>Condo Parking Unit: 212</item>
					</item>
				</item>
				<item>
					<item>Multi-Unit Information</item>
					<item>
						<item>Unit Features: Storage</item>
						<item>Amenities: BBQ, Club House, Exercise Room, Fire Sprinkler, Resident Manager, Sauna, Security Guard, Storage, Tennis Court, Trash Chute</item>
					</item>
				</item>
				<item>
					<item>Homeowners Association Information</item>
					<item>
						<item>Maintenance Expense: 533.00</item>
						<item>Association Fee Total: $533</item>
					</item>
				</item>
			</item>
		</item>
		<item>
			<item>Interior Features</item>
			<item>
				<item>
					<item>Bathroom Information</item>
					<item>
						<item># of Bathrooms (Full): 1</item>
					</item>
				</item>
				<item>
					<item>Interior Features</item>
					<item>
						<item># of Elevators: 3</item>
						<item>Inclusions: A/C Window Unit, Ceiling Fan, Dryer, Microwave, Range/Oven, Refrigerator, Washer</item>
						<item>Flooring: Vinyl</item>
					</item>
				</item>
				<item>
					<item>Square Footage</item>
					<item>
						<item>Sq. Ft. Lanai (Open): 27</item>
						<item>Sq. Ft. Roofed (Living): 630</item>
					</item>
				</item>
			</item>
		</item>
		<item>
			<item>School / Neighborhood, Taxes / Assessments, Lease / Rent Details, Location Details</item>
			<item>
				<item>
					<item>School Information</item>
					<item>
						<item>Elementary School: ALVAH SCOTT</item>
						<item>Middle Or Junior School: Aiea</item>
						<item>High School: Aiea</item>
					</item>
				</item>
				<item>
					<item>Tax Information</item>
					<item>
						<item>Tax Amount: 103.54</item>
						<item>Tax Year: 2020</item>
						<item>Tax Assessed Value Land: 51800.00</item>
						<item>Tax Assessed Value Improvements: $303,200</item>
						<item>Tax Assessed Value: 355000.00</item>
						<item>Tax Exemption Owner Occupancy: 0</item>
					</item>
				</item>
				<item>
					<item>Rent Details</item>
					<item>
						<item>Total Actual Rent: 1650.00</item>
					</item>
				</item>
				<item>
					<item>Location Details</item>
					<item>
						<item>Neighbourhood: PEARLRIDGE</item>
						<item>Floor Number: 6</item>
					</item>
				</item>
			</item>
		</item>
		<item>
			<item>Property / Lot Details</item>
			<item>
				<item>
					<item>Property Information</item>
					<item>
						<item>Property Type: Condo/Townhouse</item>
						<item>Architectural Style: High-Rise 7+ Stories</item>
						<item>Property Condition: Average</item>
						<item>Year Built: 1981</item>
						<item>Construction Materials: Concrete</item>
						<item>View: Golf Course</item>
						<item>Building Name: Pearl Regency</item>
					</item>
				</item>
				<item>
					<item>Lot Information</item>
					<item>
						<item>Zoning: 12 - A-2 Medium Density Apartme</item>
						<item>Parcel Number: 1-9-8-039-020-0076</item>
					</item>
				</item>
				<item>
					<item>Land Information</item>
					<item>
						<item>Land Tenure: FS - Fee Simple</item>
						<item>Land Recorded: Regular System</item>
						<item>Flood Zone: Zone X</item>
					</item>
				</item>
			</item>
		</item>
		<item>
			<item>Documents &amp; Disclosures</item>
			<item>
				<item>
					<item>Documents &amp; Disclosures</item>
					<item>
						<item>Disclosures: Licensed Owner, Listor Owner, Pets Allowed (Verify)</item>
					</item>
				</item>
			</item>
		</item>
	</property_details>
	<public_facts>
		<Beds>1</Beds>
		<Baths>1</Baths>
		<Finished_Sq._Ft.>630</Finished_Sq._Ft.>
		<Unfinished_Sq._Ft.>—</Unfinished_Sq._Ft.>
		<Total_Sq._Ft.>630</Total_Sq._Ft.>
		<Stories>1</Stories>
		<Lot_Size>—</Lot_Size>
		<Style>Condo/Co-op</Style>
		<Year_Built>1981</Year_Built>
		<Year_Renovated>—</Year_Renovated>
		<County>Honolulu County</County>
		<APN>1 9 8 039 002 0076</APN>
	</public_facts>
</home>
