<?xml version="1.0" ?>
<home>
	<HomeInfo_Address>
		<street-address>98-288 Kaonohi St #403 </street-address>
		<locality>Aiea, </locality>
		<region>HI</region>
		<postal-code>96701</postal-code>
	</HomeInfo_Address>
	<main_stats>
		<Price>$275,000</Price>
		<Bed>1</Bed>
		<Bath>1</Bath>
		<key name="$534 / Sq. Ft.">515</key>
	</main_stats>
	<text_base_description>*Location &amp; View* This conveniently located 1 bedroom/1 bath, corner unit is walking distance to Pearlridge Shopping Center, Westridge, Pearl Kai, elementary school, golf course, restaurants, hospital, bus stops and more. Low floor and situated on the cool side of the building experiencing gentle trade winds. Enjoy the panoramic views of the mountains, golf course, ocean and Pearl Harbor.  Building has 24-hour security, gym, sauna, pool, etc.  Perfect unit for rental, owner occupant or 1st time buyer to bring their vision and make it their own.  To be sold &quot;As-Is&quot;. </text_base_description>
	<listed_by>
		<name>Sanford Ujimori (DR)</name>
		<org> • Sanford R. Ujimori Realty, Inc </org>
	</listed_by>
	<price_insights>
		<List_Price>$275,000</List_Price>
		<Est._Mo._Payment>$1,056</Est._Mo._Payment>
		<Redfin_Estimate>$272,690</Redfin_Estimate>
		<key name="Price/Sq.Ft.">$534</key>
	</price_insights>
	<home_facts>
		<Status>Active</Status>
		<Time_on_Redfin>54 days</Time_on_Redfin>
		<Property_Type>Condo/Townhouse, High-Rise 7+ Stories</Property_Type>
		<HOA_Dues>$399/month</HOA_Dues>
		<Year_Built>1980</Year_Built>
		<Community>Pearlridge</Community>
		<key name="MLS#">202018478</key>
	</home_facts>
	<property_details>
		<item>
			<item>Interior Features</item>
			<item>
				<item>
					<item>Bathroom Information</item>
					<item>
						<item># of Bathrooms (Full): 1</item>
					</item>
				</item>
				<item>
					<item>Interior Features</item>
					<item>
						<item># of Elevators: 3</item>
						<item>Inclusions: A/C Window Unit, Auto Garage Door Opener, Cable TV, Disposal, Dryer, Range/Oven, Refrigerator, Washer</item>
						<item>Flooring: Vinyl, W/W Carpet</item>
					</item>
				</item>
				<item>
					<item>Square Footage</item>
					<item>
						<item>Sq. Ft. Roofed (Living): 515</item>
					</item>
				</item>
			</item>
		</item>
		<item>
			<item>Parking / Garage, Exterior Features, Multi-Unit Information, Homeowners Association</item>
			<item>
				<item>
					<item>Parking/Garage Information</item>
					<item>
						<item>Parking Features: 1 Covered Spaces, Guest, Secured Entry</item>
						<item># of Parking Spaces (Total): 1</item>
						<item>Condo Parking Unit: 362</item>
					</item>
				</item>
				<item>
					<item>Exterior Features</item>
					<item>
						<item>Security Features: Keyed Elevator, Security Patrol, Video</item>
					</item>
				</item>
				<item>
					<item>Multi-Unit Information</item>
					<item>
						<item>Unit Features: Corner/End, Single Level</item>
						<item>Amenities: BBQ, Community Laundry, Exercise Room, Resident Manager, Security Guard</item>
					</item>
				</item>
				<item>
					<item>Homeowners Association Information</item>
					<item>
						<item>Maintenance Expense: 398.87</item>
						<item>Association Fee Total: $399</item>
						<item>Hot Water, Sewer, Water</item>
						<item>Maintenance</item>
					</item>
				</item>
			</item>
		</item>
		<item>
			<item>Taxes / Assessments, Location Details, Documents &amp; Disclosures</item>
			<item>
				<item>
					<item>Tax Information</item>
					<item>
						<item>Tax Amount: 76.00</item>
						<item>Tax Year: 2020</item>
						<item>Tax Assessed Value Land: 23300.00</item>
						<item>Tax Assessed Value Improvements: $261,500</item>
						<item>Tax Assessed Value: 284800.00</item>
						<item>Tax Exemption Owner Occupancy: 0</item>
					</item>
				</item>
				<item>
					<item>Location Details</item>
					<item>
						<item>Neighbourhood: PEARLRIDGE</item>
						<item>Floor Number: 4</item>
					</item>
				</item>
				<item>
					<item>Documents &amp; Disclosures</item>
					<item>
						<item>Disclosures: Property Disclosure Stmt</item>
					</item>
				</item>
			</item>
		</item>
		<item>
			<item>Property / Lot Details</item>
			<item>
				<item>
					<item>Property Information</item>
					<item>
						<item>Property Type: Condo/Townhouse</item>
						<item>Architectural Style: High-Rise 7+ Stories</item>
						<item>Property Condition: Average, Fair</item>
						<item>Year Built: 1980</item>
						<item>Construction Materials: Concrete, Slab</item>
						<item>View: Golf Course, Mountain, Ocean</item>
						<item>Building Name: Pearlridge Square</item>
					</item>
				</item>
				<item>
					<item>Lot Information</item>
					<item>
						<item>Zoning: 12 - A-2 Medium Density Apartme</item>
						<item>Parcel Number: 1-9-8-039-005-0004</item>
					</item>
				</item>
				<item>
					<item>Land Information</item>
					<item>
						<item>Land Tenure: FS - Fee Simple</item>
						<item>Land Recorded: Regular System</item>
						<item>Flood Zone: Zone X</item>
					</item>
				</item>
			</item>
		</item>
	</property_details>
	<public_facts>
		<Beds>1</Beds>
		<Baths>1</Baths>
		<Finished_Sq._Ft.>515</Finished_Sq._Ft.>
		<Unfinished_Sq._Ft.>—</Unfinished_Sq._Ft.>
		<Total_Sq._Ft.>515</Total_Sq._Ft.>
		<Stories>1</Stories>
		<Lot_Size>—</Lot_Size>
		<Style>Condo/Co-op</Style>
		<Year_Built>1980</Year_Built>
		<Year_Renovated>—</Year_Renovated>
		<County>Honolulu County</County>
		<APN>1 9 8 039 005 0004</APN>
	</public_facts>
</home>
