<?xml version="1.0" ?>
<home>
	<HomeInfo_Address>
		<street-address>98-1032 Moanalua Rd Unit 3-105 </street-address>
		<locality>Aiea, </locality>
		<region>HI</region>
		<postal-code>96701</postal-code>
	</HomeInfo_Address>
	<main_stats>
		<Price>$275,000</Price>
		<Beds>2</Beds>
		<Baths>2</Baths>
		<key name="$353 / Sq. Ft.">778</key>
	</main_stats>
	<text_base_description>Location, location, location! Centrally located, this 2 bedroom 2 full bath ground floor condo is perfect for a low maintenance lifestyle. No car, no problem so much in close distance and right on the bus line. You will love this well maintained condo. Updated building plumbing has been completed, pending building updates on spalling, painting and other improvements- assessment through June 2031. </text_base_description>
	<listed_by>
		<name>Jocelyn Okudara (RA)</name>
		<org> • Locations LLC </org>
	</listed_by>
	<price_insights>
		<List_Price>$275,000</List_Price>
		<Est._Mo._Payment>$1,062</Est._Mo._Payment>
		<Redfin_Estimate>$270,849</Redfin_Estimate>
		<key name="Price/Sq.Ft.">$353</key>
	</price_insights>
	<home_facts>
		<Status>Active</Status>
		<Time_on_Redfin>92 days</Time_on_Redfin>
		<Property_Type>Condo/Townhouse, High-Rise 7+ Stories</Property_Type>
		<HOA_Dues>$829/month</HOA_Dues>
		<Year_Built>1976</Year_Built>
		<Community>Pearlridge</Community>
		<Lot_Size>5.75 Acres</Lot_Size>
		<key name="MLS#">202014714</key>
	</home_facts>
	<property_details>
		<item>
			<item>Interior Features</item>
			<item>
				<item>
					<item>Bathroom Information</item>
					<item>
						<item># of Bathrooms (Full): 2</item>
					</item>
				</item>
				<item>
					<item>Interior Features</item>
					<item>
						<item>Inclusions: A/C Window Unit, Blinds, Chandelier, Disposal, Dryer, Range/Oven, Refrigerator, Washer</item>
						<item>Flooring: Laminate</item>
					</item>
				</item>
				<item>
					<item>Square Footage</item>
					<item>
						<item>Sq. Ft. Roofed (Living): 778</item>
					</item>
				</item>
			</item>
		</item>
		<item>
			<item>Parking / Garage, Multi-Unit Information, Homeowners Association, Taxes / Assessments</item>
			<item>
				<item>
					<item>Parking/Garage Information</item>
					<item>
						<item>Parking Features: 1 Covered Spaces</item>
						<item># of Parking Spaces (Total): 1</item>
						<item>Condo Parking Unit: 883</item>
					</item>
				</item>
				<item>
					<item>Multi-Unit Information</item>
					<item>
						<item>Unit Features: Bedroom on 1st Level, Full Bath on 1st Floor, Ground Floor Unit, Single Level</item>
						<item>Amenities: BBQ, Community Laundry, Pool, Resident Manager, Trash Chute</item>
					</item>
				</item>
				<item>
					<item>Homeowners Association Information</item>
					<item>
						<item>Association Fee 2: $285</item>
						<item>Maintenance Expense: 543.51</item>
						<item>Association Fee Total: $829</item>
						<item>Hot Water, Other Common Expenses, Sewer, Water</item>
						<item>Special Assessment</item>
					</item>
				</item>
				<item>
					<item>Tax Information</item>
					<item>
						<item>Tax Amount: 89.00</item>
						<item>Tax Year: 2019</item>
						<item>Tax Assessed Value Land: 123700.00</item>
						<item>Tax Assessed Value Improvements: $180,400</item>
						<item>Tax Paid By Seller </item>
						<item>Tax Assessed Value: 304100.00</item>
						<item>Tax Exemption Owner Occupancy: 80000</item>
					</item>
				</item>
			</item>
		</item>
		<item>
			<item>Property / Lot Details</item>
			<item>
				<item>
					<item>Property Information</item>
					<item>
						<item>Property Type: Condo/Townhouse</item>
						<item>Architectural Style: High-Rise 7+ Stories</item>
						<item>Property Condition: Above Average</item>
						<item>Year Built: 1976</item>
						<item>Construction Materials: Concrete, Hollow Tile</item>
						<item>Building Name: Pearl Ridge Gdns &amp; Twr</item>
						<item>Stories Type: One</item>
					</item>
				</item>
				<item>
					<item>Lot Information</item>
					<item>
						<item>Zoning: 13 - A-3 High Density Apartment</item>
						<item>Lot Size Area: 250557.00</item>
						<item>Parcel Number: 1-9-8-039-003-0037</item>
					</item>
				</item>
				<item>
					<item>Land Information</item>
					<item>
						<item>Land Tenure: FS - Fee Simple</item>
						<item>Land Recorded: Land Court</item>
						<item>Flood Zone: Zone X</item>
					</item>
				</item>
			</item>
		</item>
		<item>
			<item>Location Details, Documents &amp; Disclosures</item>
			<item>
				<item>
					<item>Location Details</item>
					<item>
						<item>Neighbourhood: PEARLRIDGE</item>
						<item>Floor Number: 1</item>
					</item>
				</item>
				<item>
					<item>Documents &amp; Disclosures</item>
					<item>
						<item>Disclosures: Property Disclosure Stmt</item>
					</item>
				</item>
			</item>
		</item>
	</property_details>
	<public_facts>
		<Beds>2</Beds>
		<Baths>2</Baths>
		<Finished_Sq._Ft.>778</Finished_Sq._Ft.>
		<Unfinished_Sq._Ft.>—</Unfinished_Sq._Ft.>
		<Total_Sq._Ft.>778</Total_Sq._Ft.>
		<Stories>1</Stories>
		<Lot_Size>—</Lot_Size>
		<Style>Condo/Co-op</Style>
		<Year_Built>1976</Year_Built>
		<Year_Renovated>—</Year_Renovated>
		<County>Honolulu County</County>
		<APN>1 9 8 039 003 0037</APN>
	</public_facts>
</home>
