<?xml version="1.0" ?>
<home>
	<HomeInfo_Address>
		<street-address>98-450 Koauka Loop #1908 </street-address>
		<locality>Aiea, </locality>
		<region>HI</region>
		<postal-code>96701</postal-code>
	</HomeInfo_Address>
	<main_stats>
		<Price>$350,000</Price>
		<Bed>1</Bed>
		<Bath>1</Bath>
		<key name="$681 / Sq. Ft.">514</key>
	</main_stats>
	<text_base_description>Desirable one bedroom Highlander unit with two parking stalls and private storage! Well maintained, this unit is nicely renovated with an updated bathtub and in-unit washer/dryer. Plenty of guest parking in front of building. Enjoy the Highlander amenities which include a pool, sauna, gym, and barbecue area. </text_base_description>
	<listed_by>
		<name>Mari Hirano (R)</name>
		<org> • List Sotheby's Int'l Realty </org>
	</listed_by>
	<price_insights>
		<List_Price>$350,000</List_Price>
		<Est._Mo._Payment>$1,333</Est._Mo._Payment>
		<Redfin_Estimate>$349,361</Redfin_Estimate>
		<key name="Price/Sq.Ft.">$681</key>
	</price_insights>
	<home_facts>
		<Status>Active</Status>
		<Time_on_Redfin>22 hours</Time_on_Redfin>
		<Property_Type>Condo/Townhouse, High-Rise 7+ Stories</Property_Type>
		<HOA_Dues>$662/month</HOA_Dues>
		<Year_Built>1975</Year_Built>
		<Community>Pearlridge</Community>
		<key name="MLS#">202023921</key>
	</home_facts>
	<property_details>
		<item>
			<item>Virtual Tour, Parking / Garage, Multi-Unit Information, Homeowners Association</item>
			<item>
				<item>
					<item>Virtual Tour</item>
					<item>
						<item>Virtual Tour (External Link)</item>
					</item>
				</item>
				<item>
					<item>Parking/Garage Information</item>
					<item>
						<item>Parking Features: Assigned, 2 Covered Spaces, Guest, Tandem</item>
						<item># of Parking Spaces (Total): 2</item>
						<item>Condo Parking Unit: A-024</item>
					</item>
				</item>
				<item>
					<item>Multi-Unit Information</item>
					<item>
						<item>Unit Features: Even# Unit</item>
						<item>Amenities: BBQ, Exercise Room, Pool, Recreation Room, Resident Manager, Sauna, Security Guard</item>
					</item>
				</item>
				<item>
					<item>Homeowners Association Information</item>
					<item>
						<item>Association Fee 2: $95</item>
						<item>Maintenance Expense: 567.36</item>
						<item>Association Fee Total: $662</item>
						<item>Electricity, Sewer, Water</item>
					</item>
				</item>
			</item>
		</item>
		<item>
			<item>Interior Features</item>
			<item>
				<item>
					<item>Bathroom Information</item>
					<item>
						<item># of Bathrooms (Full): 1</item>
					</item>
				</item>
				<item>
					<item>Interior Features</item>
					<item>
						<item>Inclusions: A/C Window Unit, Ceiling Fan, Dryer, Microwave Hood, Range/Oven, Refrigerator, Washer</item>
						<item>Flooring: Ceramic Tile</item>
					</item>
				</item>
				<item>
					<item>Square Footage</item>
					<item>
						<item>Sq. Ft. Lanai (Open): 72</item>
						<item>Sq. Ft. Roofed (Living): 514</item>
					</item>
				</item>
			</item>
		</item>
		<item>
			<item>School / Neighborhood, Taxes / Assessments, Location Details, Documents &amp; Disclosures</item>
			<item>
				<item>
					<item>School Information</item>
					<item>
						<item>Elementary School: ALVAH SCOTT</item>
						<item>Middle Or Junior School: Aiea</item>
						<item>High School: Aiea</item>
					</item>
				</item>
				<item>
					<item>Tax Information</item>
					<item>
						<item>Tax Amount: 93.77</item>
						<item>Tax Year: 2020</item>
						<item>Tax Assessed Value Land: 46000.00</item>
						<item>Tax Assessed Value Improvements: $275,500</item>
						<item>Tax Paid By Seller </item>
						<item>Tax Assessed Value: 321500.00</item>
						<item>Tax Exemption Owner Occupancy: 0</item>
					</item>
				</item>
				<item>
					<item>Location Details</item>
					<item>
						<item>Neighbourhood: PEARLRIDGE</item>
						<item>Floor Number: 19</item>
					</item>
				</item>
				<item>
					<item>Documents &amp; Disclosures</item>
					<item>
						<item>Disclosures: None</item>
					</item>
				</item>
			</item>
		</item>
		<item>
			<item>Property / Lot Details</item>
			<item>
				<item>
					<item>Property Information</item>
					<item>
						<item>Property Type: Condo/Townhouse</item>
						<item>Architectural Style: High-Rise 7+ Stories</item>
						<item>Property Condition: Excellent</item>
						<item>Year Built: 1975</item>
						<item>Construction Materials: Concrete, Double Wall</item>
						<item>View: City, Ocean</item>
						<item>Building Name: Highlander</item>
					</item>
				</item>
				<item>
					<item>Lot Information</item>
					<item>
						<item>Zoning: 12 - A-2 Medium Density Apartme</item>
						<item>Parcel Number: 1-9-8-012-054-0200</item>
					</item>
				</item>
				<item>
					<item>Land Information</item>
					<item>
						<item>Land Tenure: FS - Fee Simple</item>
						<item>Land Recorded: Regular System</item>
						<item>Flood Zone: Zone D</item>
					</item>
				</item>
			</item>
		</item>
	</property_details>
	<public_facts>
		<Beds>1</Beds>
		<Baths>1</Baths>
		<Finished_Sq._Ft.>514</Finished_Sq._Ft.>
		<Unfinished_Sq._Ft.>—</Unfinished_Sq._Ft.>
		<Total_Sq._Ft.>514</Total_Sq._Ft.>
		<Stories>1</Stories>
		<Lot_Size>—</Lot_Size>
		<Style>Condo/Co-op</Style>
		<Year_Built>1975</Year_Built>
		<Year_Renovated>—</Year_Renovated>
		<County>Honolulu County</County>
		<APN>1 9 8 012 054 0200</APN>
	</public_facts>
</home>
