<?xml version="1.0" ?>
<home>
	<HomeInfo_Address>
		<street-address>98-341 Puaalii St </street-address>
		<locality>Aiea, </locality>
		<region>HI</region>
		<postal-code>96701</postal-code>
	</HomeInfo_Address>
	<main_stats>
		<Price>$1,145,000</Price>
		<Beds>5</Beds>
		<Baths>4</Baths>
		<key name="$324 / Sq. Ft.">3,536</key>
	</main_stats>
	<text_base_description>Convenience and serenity without the sacrifice of affordability! Legal multi-family home with 2 electric meters in desirable Pearl-Ridge, Aiea. It is 5 minutes from Pearl Ridge Mall, hospitals, restaurant, and public transportation. Let the unobstructed views from the mountains to the ocean take you away from the hustle and bustle. This home has no neighbors to the south nor the backyard! Purposefully upgraded with 52 OWNED PV panels on the NEM system, 2 solar water heater, newly painted, newly built outside storage, easy maintenance yard, tenants in place, and the best unit is vacant ready for the next owner! This home is ready for your customized touches or investment opportunity! *Bedroom and bathroom count do not match tax records* </text_base_description>
	<listed_by>
		<name>Brittany Hampton (RA)</name>
		<org> • eXp Realty </org>
	</listed_by>
	<price_insights>
		<List_Price>$1,145,000</List_Price>
		<Est._Mo._Payment>$4,458</Est._Mo._Payment>
		<Redfin_Estimate>$1,135,229</Redfin_Estimate>
		<key name="Price/Sq.Ft.">$324</key>
	</price_insights>
	<home_facts>
		<Status>In Escrow Showing</Status>
		<Time_on_Redfin>26 days</Time_on_Redfin>
		<Property_Type>Single Family, Detach Single Family</Property_Type>
		<Year_Built>1970</Year_Built>
		<Community>Pearlridge</Community>
		<Lot_Size>7,598 Sq. Ft.</Lot_Size>
		<key name="MLS#">202021521</key>
	</home_facts>
	<property_details>
		<item>
			<item>Virtual Tour, Parking / Garage, Exterior Features, Multi-Unit Information</item>
			<item>
				<item>
					<item>Virtual Tour</item>
					<item>
						<item>Virtual Tour (External Link)</item>
					</item>
				</item>
				<item>
					<item>Parking/Garage Information</item>
					<item>
						<item>Parking Features: 2 Car, Carport, Street</item>
						<item># of Parking Spaces (Total): 2</item>
					</item>
				</item>
				<item>
					<item>Exterior Features</item>
					<item>
						<item>Roof: Composition</item>
						<item>Pool Features: None</item>
					</item>
				</item>
				<item>
					<item>Multi-Unit Information</item>
					<item>
						<item>Amenities: Bedroom on 1st Floor, Full Bath on 1st Floor, Landscaped, Storage, Wall/Fence</item>
					</item>
				</item>
			</item>
		</item>
		<item>
			<item>Interior Features</item>
			<item>
				<item>
					<item>Bathroom Information</item>
					<item>
						<item># of Bathrooms (Full): 4</item>
					</item>
				</item>
				<item>
					<item>Interior Features</item>
					<item>
						<item>Inclusions: A/C Window Unit, Blinds, Ceiling Fan, Disposal, Dryer, Photovoltaic, Range/Oven, Refrigerator, Smoke Detector, Solar Heater, Washer</item>
						<item>Flooring: Ceramic Tile, Vinyl</item>
						<item>Exclusions: Other</item>
					</item>
				</item>
				<item>
					<item>Square Footage</item>
					<item>
						<item>Sq. Ft. Roofed (Living): 3,536</item>
					</item>
				</item>
			</item>
		</item>
		<item>
			<item>Utilities, Taxes / Assessments, Location Details, Documents &amp; Disclosures</item>
			<item>
				<item>
					<item>Utility Information</item>
					<item>
						<item>Utilities: Cable, Connected, Public Water, Telephone, Underground Electricity</item>
					</item>
				</item>
				<item>
					<item>Tax Information</item>
					<item>
						<item>Tax Amount: 406.00</item>
						<item>Tax Year: 2020</item>
						<item>Tax Assessed Value Land: 759300.00</item>
						<item>Tax Assessed Value Improvements: $276,100</item>
						<item>Tax Assessed Value: 1035400.00</item>
						<item>Tax Exemption Owner Occupancy: 0</item>
					</item>
				</item>
				<item>
					<item>Location Details</item>
					<item>
						<item>Location: Inside</item>
						<item>Neighbourhood: PEARLRIDGE</item>
					</item>
				</item>
				<item>
					<item>Documents &amp; Disclosures</item>
					<item>
						<item>Disclosures: Property Disclosure Stmt</item>
					</item>
				</item>
			</item>
		</item>
		<item>
			<item>Property / Lot Details</item>
			<item>
				<item>
					<item>Property Information</item>
					<item>
						<item>Property Type: Single Family</item>
						<item>Property Sub Type: Single Family</item>
						<item>Architectural Style: Detach Single Family</item>
						<item>Property Condition: Above Average, Average</item>
						<item>Year Remodeled: 1980</item>
						<item>Year Built: 1970</item>
						<item>Construction Materials: Above Ground, Hollow Tile, Masonry/Stucco, Single Wall</item>
						<item>View: Coastline, Mountain, Sunset</item>
						<item>Stories Type: Two</item>
					</item>
				</item>
				<item>
					<item>Lot Information</item>
					<item>
						<item>Lot Features: Clear</item>
						<item>Zoning: 05 - R-5 Residential District</item>
						<item>Road Frontage: Paved Road</item>
						<item>Lot Size Area: 7598.00</item>
						<item>Parcel Number: 1-9-8-045-038-0000</item>
					</item>
				</item>
				<item>
					<item>Land Information</item>
					<item>
						<item>Topography: Gentle Slope</item>
						<item>Land Tenure: FS - Fee Simple</item>
						<item>Land Recorded: Regular System</item>
						<item>Flood Zone: Zone X</item>
					</item>
				</item>
			</item>
		</item>
	</property_details>
	<public_facts>
		<Beds>5</Beds>
		<Baths>4.5</Baths>
		<Finished_Sq._Ft.>3,536</Finished_Sq._Ft.>
		<Unfinished_Sq._Ft.>—</Unfinished_Sq._Ft.>
		<Total_Sq._Ft.>3,536</Total_Sq._Ft.>
		<Stories>2</Stories>
		<Lot_Size>7,598 Sq. Ft.</Lot_Size>
		<Style>Single Family Residential</Style>
		<Year_Built>1970</Year_Built>
		<Year_Renovated>1980</Year_Renovated>
		<County>Honolulu County</County>
		<APN>1 9 8 045 038 0000</APN>
	</public_facts>
</home>
