<?xml version="1.0" ?>
<home>
	<HomeInfo_Address>
		<street-address>98-364 Kilihe Way #33 </street-address>
		<locality>Aiea, </locality>
		<region>HI</region>
		<postal-code>96701</postal-code>
	</HomeInfo_Address>
	<main_stats>
		<Price>$950,000</Price>
		<Beds>8</Beds>
		<Baths>5</Baths>
		<key name="$329 / Sq. Ft.">2,886</key>
	</main_stats>
	<text_base_description>AMAZING opportunity in Newtown Villa II! This large, detached, single family home has 40 owned net metered PV panels atop a newer roof, ample parking for over 6 cars, and a flexible layout great for a family, multigenerational living, or rental. The upstairs foyer opens to two units, both with 3 bedrooms/2 baths and the separate downstairs unit with 2 bedrooms/1 bath with a wet bar/laundry area that was just renovated! Enjoy the privacy from the home’s preferred location at the end of the lane with no neighbors across the street or on the right side. But wait there’s more - ample guest parking, parks within walking distance, access to the Newton Estates Recreation Center, and proximity to Waimalu Plaza and Pearlridge! With all it has to offer this home won’t last long. </text_base_description>
	<listed_by>
		<name>Larry Chun (RA)</name>
		<org> • BHGRE Advantage Realty </org>
	</listed_by>
	<price_insights>
		<List_Price>$950,000</List_Price>
		<Est._Mo._Payment>$3,622</Est._Mo._Payment>
		<Redfin_Estimate>$944,651</Redfin_Estimate>
		<key name="Price/Sq.Ft.">$329</key>
	</price_insights>
	<home_facts>
		<Status>Active</Status>
		<Time_on_Redfin>5 days</Time_on_Redfin>
		<Property_Type>Single Family, CPR, Detach Single Family</Property_Type>
		<HOA_Dues>$264/month</HOA_Dues>
		<Year_Built>1980</Year_Built>
		<Community>Newtown</Community>
		<Lot_Size>0.37 Acres</Lot_Size>
		<key name="MLS#">202024146</key>
	</home_facts>
	<property_details>
		<item>
			<item>Virtual Tour, Parking / Garage, Exterior Features, Multi-Unit Information</item>
			<item>
				<item>
					<item>Virtual Tour</item>
					<item>
						<item>Virtual Tour (External Link)</item>
					</item>
				</item>
				<item>
					<item>Parking/Garage Information</item>
					<item>
						<item>Parking Features: 3 Car+, Boat, Carport, Driveway</item>
						<item># of Parking Spaces (Total): 4</item>
						<item>Sq. Ft. Garage Carport: 369</item>
					</item>
				</item>
				<item>
					<item>Exterior Features</item>
					<item>
						<item>Roof: Asphalt Shingle</item>
						<item>Pool Features: None</item>
					</item>
				</item>
				<item>
					<item>Multi-Unit Information</item>
					<item>
						<item>Amenities: Bedroom on 1st Floor, Full Bath on 1st Floor, Patio/Deck</item>
					</item>
				</item>
			</item>
		</item>
		<item>
			<item>Interior Features</item>
			<item>
				<item>
					<item>Bathroom Information</item>
					<item>
						<item># of Bathrooms (Full): 5</item>
					</item>
				</item>
				<item>
					<item>Interior Features</item>
					<item>
						<item>Inclusions: Cable TV, Ceiling Fan, Dryer, Microwave Hood, Photovoltaic, Range/Oven, Refrigerator, Washer</item>
						<item>Flooring: Ceramic Tile, Laminate, Vinyl</item>
					</item>
				</item>
				<item>
					<item>Square Footage</item>
					<item>
						<item>Sq. Ft. Lanai (Open): 24</item>
						<item>Sq. Ft. Roofed (Living): 2,886</item>
					</item>
				</item>
			</item>
		</item>
		<item>
			<item>Homeowners Association, School / Neighborhood, Utilities, Taxes / Assessments</item>
			<item>
				<item>
					<item>Homeowners Association Information</item>
					<item>
						<item>Association Fee: $25</item>
						<item>Maintenance Expense: 239.33</item>
						<item>Association Fee Total: $264</item>
						<item>Association</item>
						<item>Association Community Name: Newtown</item>
					</item>
				</item>
				<item>
					<item>School Information</item>
					<item>
						<item>Elementary School: Waimalu</item>
						<item>Middle Or Junior School: Aiea</item>
						<item>High School: Aiea</item>
					</item>
				</item>
				<item>
					<item>Utility Information</item>
					<item>
						<item>Utilities: Cable, Connected, Gas, Internet, Public Water, Telephone, Underground Electricity</item>
					</item>
				</item>
				<item>
					<item>Tax Information</item>
					<item>
						<item>Tax Amount: 259.25</item>
						<item>Tax Year: 2020</item>
						<item>Tax Assessed Value Land: 610100.00</item>
						<item>Tax Assessed Value Improvements: $278,800</item>
						<item>Tax Assessed Value: 888900.00</item>
						<item>Tax Exemption Owner Occupancy: 0</item>
					</item>
				</item>
			</item>
		</item>
		<item>
			<item>Property / Lot Details</item>
			<item>
				<item>
					<item>Property Information</item>
					<item>
						<item>Property Type: Single Family</item>
						<item>Property Sub Type: Single Family</item>
						<item>Architectural Style: CPR, Detach Single Family</item>
						<item>Property Frontage: Other</item>
						<item>Property Condition: Above Average, Average</item>
						<item>Year Remodeled: 2020</item>
						<item>Year Built: 1980</item>
						<item>Construction Materials: Above Ground, Double Wall, Hollow Tile, Slab, Wood Frame</item>
						<item>View: Mountain</item>
						<item>Building Name: Newtown Villa 2</item>
						<item>Stories Type: Two, Split Level</item>
						<item>Condo Property Regime </item>
					</item>
				</item>
				<item>
					<item>Lot Information</item>
					<item>
						<item>Lot Features: Other</item>
						<item>Zoning: 11 - A-1 Low Density Apartment</item>
						<item>Easements: Drainage</item>
						<item>Road Frontage: Private Road</item>
						<item>Lot Size Area: 16276.00</item>
						<item>Parcel Number: 1-9-8-060-019-0033</item>
					</item>
				</item>
				<item>
					<item>Land Information</item>
					<item>
						<item>Topography: Gentle Slope, Level</item>
						<item>Land Tenure: FS - Fee Simple</item>
						<item>Land Recorded: Land Court</item>
						<item>Flood Zone: Zone D</item>
					</item>
				</item>
			</item>
		</item>
		<item>
			<item>Location Details, Documents &amp; Disclosures</item>
			<item>
				<item>
					<item>Location Details</item>
					<item>
						<item>Location: Cul-De-Sac, Dead End</item>
						<item>Neighbourhood: NEWTOWN</item>
					</item>
				</item>
				<item>
					<item>Documents &amp; Disclosures</item>
					<item>
						<item>Disclosures: Pet on Property, Property Disclosure Stmt</item>
					</item>
				</item>
			</item>
		</item>
	</property_details>
	<public_facts>
		<Beds>6</Beds>
		<Baths>4</Baths>
		<Finished_Sq._Ft.>2,886</Finished_Sq._Ft.>
		<Unfinished_Sq._Ft.>—</Unfinished_Sq._Ft.>
		<Total_Sq._Ft.>2,886</Total_Sq._Ft.>
		<Stories>1</Stories>
		<Lot_Size>—</Lot_Size>
		<Style>Condo/Co-op</Style>
		<Year_Built>1980</Year_Built>
		<Year_Renovated>—</Year_Renovated>
		<County>Honolulu County</County>
		<APN>1 9 8 060 019 0033</APN>
	</public_facts>
</home>
