<?xml version="1.0" ?>
<home>
	<HomeInfo_Address>
		<street-address>98-1451 Kaahumanu St Unit C-219 </street-address>
		<locality>Aiea, </locality>
		<region>HI</region>
		<postal-code>96701</postal-code>
	</HomeInfo_Address>
	<main_stats>
		<Price>$514,900</Price>
		<Beds>2</Beds>
		<Baths>1.5</Baths>
		<key name="$434 / Sq. Ft.">1,187</key>
	</main_stats>
	<text_base_description>Well maintained, spacious split level home with fabulous Pearl Harbor and tranquil valley views. Newer mahogany colored bamboo flooring and Mitsubishi split a/c in living room and master bedroom, Upgraded kitchen and bathroom. One car garage plus one open parking stall. Reasonable maintenance fee and association fee includes access to Newtown Rec Center, pool, tennis, basketball, exercise and amenities. Generous guest and street parking. Pet friendly. Convenient location near shopping, restaurants, freeway. </text_base_description>
	<listed_by>
		<name>Michael Koyama (R)</name>
		<org> • Locations LLC </org>
	</listed_by>
	<price_insights>
		<List_Price>$514,900</List_Price>
		<Est._Mo._Payment>$1,939</Est._Mo._Payment>
		<Redfin_Estimate>$512,617</Redfin_Estimate>
		<key name="Price/Sq.Ft.">$434</key>
	</price_insights>
	<home_facts>
		<Status>In Escrow Showing</Status>
		<Time_on_Redfin>31 days</Time_on_Redfin>
		<Property_Type>Condo/Townhouse, Townhouse</Property_Type>
		<HOA_Dues>$433/month</HOA_Dues>
		<Year_Built>1974</Year_Built>
		<Community>Newtown</Community>
		<key name="MLS#">202021148</key>
	</home_facts>
	<property_details>
		<item>
			<item>Interior Features</item>
			<item>
				<item>
					<item>Bathroom Information</item>
					<item>
						<item># of Bathrooms (1/2): 1</item>
						<item># of Bathrooms (Full): 1</item>
					</item>
				</item>
				<item>
					<item>Interior Features</item>
					<item>
						<item># of Rooms: 3</item>
						<item>Inclusions: A/C Split, Auto Garage Door Opener, Blinds, Disposal, Dryer, Microwave, Range/Oven, Refrigerator, Washer</item>
						<item>Flooring: Ceramic Tile, Hardwood, W/W Carpet</item>
					</item>
				</item>
				<item>
					<item>Square Footage</item>
					<item>
						<item>Sq. Ft. Roofed (Living): 1,187</item>
					</item>
				</item>
				<item>
					<item>Room 1 Information</item>
					<item>
						<item>Room Type: Dining Area</item>
						<item>Room Level: Lower</item>
						<item>Room Description: Living Area</item>
					</item>
				</item>
				<item>
					<item>Room 2 Information</item>
					<item>
						<item>Room Type: Lanai, Enclosed</item>
					</item>
				</item>
				<item>
					<item>Room 3 Information</item>
					<item>
						<item>Room Type: Bedroom</item>
						<item>Room Level: Upper</item>
						<item>Room Description: Full Bathroom</item>
					</item>
				</item>
			</item>
		</item>
		<item>
			<item>Parking / Garage, Multi-Unit Information, Homeowners Association, School / Neighborhood</item>
			<item>
				<item>
					<item>Parking/Garage Information</item>
					<item>
						<item>Parking Features: Assigned, 1 Covered Spaces, Garage, Guest, 1 Open Space</item>
						<item># of Parking Spaces (Total): 2</item>
						<item>Condo Parking Unit: 219</item>
					</item>
				</item>
				<item>
					<item>Multi-Unit Information</item>
					<item>
						<item>Unit Features: Multi Level, Odd# Unit, Split Level</item>
						<item>Amenities: Club House, Exercise Room, Meeting Room, Patio/Deck, Pool, Recreation Area, Recreation Room, Tennis Court</item>
					</item>
				</item>
				<item>
					<item>Homeowners Association Information</item>
					<item>
						<item>Association Fee: $33</item>
						<item>Maintenance Expense: 400.00</item>
						<item>Association Fee Total: $433</item>
						<item>Sewer, Water</item>
						<item>Association</item>
					</item>
				</item>
				<item>
					<item>School Information</item>
					<item>
						<item>Elementary School: Waiau</item>
						<item>Middle Or Junior School: Highlands</item>
						<item>High School: Pearl City</item>
					</item>
				</item>
			</item>
		</item>
		<item>
			<item>Taxes / Assessments, Location Details, Documents &amp; Disclosures</item>
			<item>
				<item>
					<item>Tax Information</item>
					<item>
						<item>Tax Amount: 117.00</item>
						<item>Tax Year: 2020</item>
						<item>Tax Assessed Value Land: 423900.00</item>
						<item>Tax Assessed Value Improvements: $76,400</item>
						<item>Tax Paid By Seller </item>
						<item>Tax Assessed Value: 500300.00</item>
						<item>Tax Exemption Owner Occupancy: 100,000.00</item>
					</item>
				</item>
				<item>
					<item>Location Details</item>
					<item>
						<item>Neighbourhood: NEWTOWN</item>
						<item>Floor Number: 2</item>
					</item>
				</item>
				<item>
					<item>Documents &amp; Disclosures</item>
					<item>
						<item>Disclosures: Pet on Property, Pets Allowed (Verify), Property Disclosure Stmt</item>
					</item>
				</item>
			</item>
		</item>
		<item>
			<item>Property / Lot Details</item>
			<item>
				<item>
					<item>Property Information</item>
					<item>
						<item>Property Type: Condo/Townhouse</item>
						<item>Architectural Style: Townhouse</item>
						<item>Property Condition: Above Average</item>
						<item>Year Built: 1974</item>
						<item>Construction Materials: Double Wall</item>
						<item>View: City, Coastline, Mountain</item>
						<item>Building Name: Hillside Terrace 3</item>
						<item>Stories Type: Split Level</item>
					</item>
				</item>
				<item>
					<item>Lot Information</item>
					<item>
						<item>Zoning: 11 - A-1 Low Density Apartment</item>
						<item>Parcel Number: 1-9-8-002-029-0085</item>
					</item>
				</item>
				<item>
					<item>Land Information</item>
					<item>
						<item>Land Tenure: FS - Fee Simple</item>
						<item>Land Recorded: Land Court</item>
						<item>Flood Zone: Zone D</item>
					</item>
				</item>
			</item>
		</item>
	</property_details>
	<public_facts>
		<Beds>2</Beds>
		<Baths>1.5</Baths>
		<Finished_Sq._Ft.>1,187</Finished_Sq._Ft.>
		<Unfinished_Sq._Ft.>—</Unfinished_Sq._Ft.>
		<Total_Sq._Ft.>1,187</Total_Sq._Ft.>
		<Stories>1</Stories>
		<Lot_Size>—</Lot_Size>
		<Style>Condo/Co-op</Style>
		<Year_Built>1974</Year_Built>
		<Year_Renovated>—</Year_Renovated>
		<County>Honolulu County</County>
		<APN>1 9 8 002 029 0085</APN>
	</public_facts>
</home>
