<?xml version="1.0" ?>
<home>
	<HomeInfo_Address>
		<street-address>99-1521 Aiea Heights Dr </street-address>
		<locality>Aiea, </locality>
		<region>HI</region>
		<postal-code>96701</postal-code>
	</HomeInfo_Address>
	<main_stats>
		<Price>$549,000</Price>
		<Beds>—</Beds>
		<Baths>—</Baths>
		<Sq._Ft.>—</Sq._Ft.>
	</main_stats>
	<text_base_description>Priced-to-sell, large vacant lot at cool elevation near top of Aiea Heights Drive. Near great shopping, recreation, schools and freeway access, but in a secluded and peaceful location. Easily accessed and viewed by parking along side the road. Good potential property that may be used to build your home. Must-see! </text_base_description>
	<listed_by>
		<name>Jeffrey Samuels (DR)</name>
		<org> • Lifestyle Homes of Hawaii </org>
	</listed_by>
	<price_insights>
		<List_Price>$549,000</List_Price>
		<Est._Mo._Payment>$2,102</Est._Mo._Payment>
		<Redfin_Estimate>$540,327</Redfin_Estimate>
	</price_insights>
	<home_facts>
		<Status>Active</Status>
		<Time_on_Redfin>26 days</Time_on_Redfin>
		<Property_Type>Lots/Acres/Farms</Property_Type>
		<Community>Aiea Heights</Community>
		<Lot_Size>10,714 Sq. Ft.</Lot_Size>
		<key name="MLS#">202021642</key>
	</home_facts>
	<property_details>
		<item>
			<item>Utilities, Taxes / Assessments, Location Details, Documents &amp; Disclosures</item>
			<item>
				<item>
					<item>Utility Information</item>
					<item>
						<item>Sewer: Connected</item>
					</item>
				</item>
				<item>
					<item>Tax Information</item>
					<item>
						<item>Tax Amount: 160.00</item>
						<item>Tax Year: 2020</item>
						<item>Tax Assessed Value Land: 545100.00</item>
						<item>Tax Assessed Value: 545100.00</item>
					</item>
				</item>
				<item>
					<item>Location Details</item>
					<item>
						<item>Location: Corner</item>
						<item>Neighbourhood: AIEA HEIGHTS</item>
					</item>
				</item>
				<item>
					<item>Documents &amp; Disclosures</item>
					<item>
						<item>Documents: Topo Map</item>
						<item>Disclosures: Property Disclosure Stmt</item>
					</item>
				</item>
			</item>
		</item>
		<item>
			<item>Property / Lot Details</item>
			<item>
				<item>
					<item>Property Information</item>
					<item>
						<item>Property Type: Lots/Acres/Farms</item>
						<item>Property Sub Type: Land</item>
						<item>View: Garden</item>
					</item>
				</item>
				<item>
					<item>Lot Information</item>
					<item>
						<item>Zoning: 03 - R10 - Residential District</item>
						<item>Road Frontage: Paved Road</item>
						<item>Lot Size Area: 10714.00</item>
						<item>Parcel Number: 1-9-9-017-027-0000</item>
					</item>
				</item>
				<item>
					<item>Land Information</item>
					<item>
						<item>Topography: Hilly</item>
						<item>Land Use: Residential</item>
						<item>Land Tenure: FS - Fee Simple</item>
						<item>Land Recorded: Regular System</item>
						<item>Flood Zone: Zone D</item>
					</item>
				</item>
			</item>
		</item>
	</property_details>
	<public_facts>
		<Beds>—</Beds>
		<Baths>—</Baths>
		<Finished_Sq._Ft.>—</Finished_Sq._Ft.>
		<Unfinished_Sq._Ft.>—</Unfinished_Sq._Ft.>
		<Total_Sq._Ft.>—</Total_Sq._Ft.>
		<Stories>—</Stories>
		<Lot_Size>10,714 Sq. Ft.</Lot_Size>
		<Style>Vacant Land</Style>
		<Year_Built>—</Year_Built>
		<Year_Renovated>—</Year_Renovated>
		<County>Honolulu County</County>
		<APN>1 9 9 017 027 0000</APN>
	</public_facts>
</home>
