<?xml version="1.0" ?>
<home>
	<HomeInfo_Address>
		<street-address>977 Warburton #104 </street-address>
		<locality>SANTA CLARA, </locality>
		<region>CA</region>
		<postal-code>95050</postal-code>
	</HomeInfo_Address>
	<main_stats>
		<Price>$669,800</Price>
		<Beds>2</Beds>
		<Baths>2</Baths>
		<key name="$765 / Sq. Ft.">876</key>
	</main_stats>
	<text_base_description>NEW LOOK!  NEW PRICE! Significant 30k price reduction!!! 1 car garage. .. vaulted ceilings. .. inside laundry. .. wood burning fireplace. .. .air conditioning . .. .. .outside patio. .. .This upstairs unit with 876 sq. ft, 2 bedrooms and 2 bathrooms, vaulted ceilings, formal living room with wood burning fireplace, open dining and kitchen area with loads of natural light!  The unit is super clean and ready to move in with A/C, bamboo wood floors, new baseboards and paint, new range, microwave  &amp;  dishwasher, recessed lighting, bathroom fixtures and inside laundry. The home also has a small balcony and 1 car garage with plenty of guest parking close by. Super location for easy freeway, train and commute location. In the heart of Santa Clara sits this small development called Washington Square sitting off the street and back in the complex for maximum privacy.  </text_base_description>
	<listed_by>
		<name>Julie Gilbert</name>
		<agentLicenseDisplay>•DRE #01265151</agentLicenseDisplay>
		<org>•DRE #01265151</org>
	</listed_by>
	<price_insights>
		<List_Price>$669,800</List_Price>
		<Est._Mo._Payment>$3,073</Est._Mo._Payment>
		<Redfin_Estimate>$666,012</Redfin_Estimate>
		<key name="Price/Sq.Ft.">$765</key>
	</price_insights>
	<home_facts>
		<Status>Active</Status>
		<Time_on_Redfin>51 days</Time_on_Redfin>
		<Property_Type>Condominium</Property_Type>
		<HOA_Dues>$480</HOA_Dues>
		<Year_Built>1987</Year_Built>
		<Style>Traditional</Style>
		<Community>SANTA CLARA</Community>
		<key name="MLS#">ML81804919</key>
	</home_facts>
	<property_details>
		<item>
			<item>Virtual Tour, Parking / Garage, Multi-Unit Information, Homeowners Association</item>
			<item>
				<item>
					<item>Virtual Tour</item>
					<item>
						<item>Branded Virtual Tour (External Link)</item>
						<item>Unbranded Virtual Tour (External Link)</item>
					</item>
				</item>
				<item>
					<item>Parking Information</item>
					<item>
						<item>Garage (Minimum): 1</item>
						<item>Garage (Maximum): 1</item>
						<item>Parking Description: Detached</item>
						<item>Garage Spaces: 1</item>
						<item>Parking Spaces: 5</item>
					</item>
				</item>
				<item>
					<item>Multi-Unit Information</item>
					<item>
						<item># of Units in Complex (Minimum): 40</item>
					</item>
				</item>
				<item>
					<item>HOA Information</item>
					<item>
						<item>Has HOA</item>
						<item>Fees Include: Exterior Painting, Insurance, Insurance (Liability), Maintenance (Exterior), Management Fee, Reserves, Water/Sewer</item>
						<item>HOA Documents: Articles of Incorporation, Budget, Bylaws, CC&amp;RS, Rules &amp; Regulations</item>
						<item>HOA Fee: $480</item>
						<item>HOA Fee Frequency: Monthly</item>
						<item>HOA Name: WASHINGTON SQUARE</item>
						<item>HOA Primary Phone: 408-225-3001</item>
					</item>
				</item>
			</item>
		</item>
		<item>
			<item>Interior Features</item>
			<item>
				<item>
					<item>Bedroom Information</item>
					<item>
						<item># of Bedrooms (Minimum): 2</item>
						<item># of Bedrooms (Maximum): 2</item>
					</item>
				</item>
				<item>
					<item>Bathroom Information</item>
					<item>
						<item># of Baths (Full): 2</item>
						<item>Bathroom Description: 2+ Showers Over Tubs</item>
					</item>
				</item>
				<item>
					<item>Room Information</item>
					<item>
						<item>Dining Room Description: Formal Dining Room</item>
						<item>Kitchen Description: Dishwasher, Microwave, Oven Range (Electric), Refrigerator(s)</item>
					</item>
				</item>
				<item>
					<item>Interior Features</item>
					<item>
						<item>Laundry: Inside, Washer/Dryer</item>
						<item>Flooring: Tile, Wood</item>
					</item>
				</item>
				<item>
					<item>Fireplace Information</item>
					<item>
						<item>Has Fireplace</item>
						<item>Fireplace Description: Wood-Burning</item>
						<item>Fireplaces (Minimum): 1</item>
					</item>
				</item>
				<item>
					<item>Heating &amp; Cooling Information</item>
					<item>
						<item>Cooling: Central Forced Air</item>
						<item>Heating: Central Forced Air (Gas)</item>
					</item>
				</item>
			</item>
		</item>
		<item>
			<item>Exterior Features</item>
			<item>
				<item>
					<item>Exterior Features</item>
					<item>
						<item>Roof: Tile</item>
					</item>
				</item>
				<item>
					<item>Building Information</item>
					<item>
						<item>Concrete Perimeter</item>
					</item>
				</item>
			</item>
		</item>
		<item>
			<item>School / Neighborhood, Taxes / Assessments, Location Details, Misc. Information</item>
			<item>
				<item>
					<item>School Information</item>
					<item>
						<item>Elementary School: Scott Lane Elementary</item>
						<item>Elementary School District: Santa Clara Unified</item>
						<item>Middle School: Buchser Middle</item>
						<item>High School: Santa Clara High</item>
						<item>High School District: Santa Clara Unified</item>
					</item>
				</item>
				<item>
					<item>Tax/Assessment Information</item>
					<item>
						<item>City Transfer Tax: No</item>
					</item>
				</item>
				<item>
					<item>Location Information</item>
					<item>
						<item>Directions: PLEASE LOOK FOR THE WASHINGTON SQUARE SIGN ON LEFT SIDE OF WARBURTON, DRIVE INTO COMPLEX AND PARK....</item>
					</item>
				</item>
				<item>
					<item>Miscellaneous Information</item>
					<item>
						<item>Incorporated: Yes</item>
					</item>
				</item>
			</item>
		</item>
		<item>
			<item>Utilities</item>
			<item>
				<item>
					<item>Utility Information</item>
					<item>
						<item>Sewer Septic: Sewer (Public)</item>
						<item>Utilities: Public Utilities</item>
					</item>
				</item>
				<item>
					<item>Water Information</item>
					<item>
						<item>Water: Public</item>
					</item>
				</item>
			</item>
		</item>
		<item>
			<item>Property / Lot Details</item>
			<item>
				<item>
					<item>Property Features</item>
					<item>
						<item>Amenities: High Ceiling, Vaulted Ceiling</item>
						<item>Living Sq. Ft.: 876</item>
					</item>
				</item>
				<item>
					<item>Property Information</item>
					<item>
						<item>Ownership Type: Common Interest Development</item>
						<item>Property Master ID: 155037</item>
						<item>Restrictions: Parking Restrictions</item>
					</item>
				</item>
				<item>
					<item>Lot Information</item>
					<item>
						<item>Lot Size Source: Assessor</item>
						<item>Zoning: R1PD</item>
					</item>
				</item>
			</item>
		</item>
	</property_details>
	<public_facts>
		<Beds>2</Beds>
		<Baths>2</Baths>
		<Finished_Sq._Ft.>876</Finished_Sq._Ft.>
		<Unfinished_Sq._Ft.>—</Unfinished_Sq._Ft.>
		<Total_Sq._Ft.>876</Total_Sq._Ft.>
		<Stories>1</Stories>
		<Lot_Size>—</Lot_Size>
		<Style>Condo/Co-op</Style>
		<Year_Built>1987</Year_Built>
		<Year_Renovated>1987</Year_Renovated>
		<County>Santa Clara County</County>
		<APN>22427071</APN>
	</public_facts>
</home>
