<?xml version="1.0" ?>
<home>
	<HomeInfo_Address>
		<street-address>133 SW 106th St </street-address>
		<locality>Seattle, </locality>
		<region>WA</region>
		<postal-code>98146</postal-code>
	</HomeInfo_Address>
	<main_stats>
		<Price>$245,000</Price>
		<Bed>1</Bed>
		<Bath>0.75</Bath>
		<key name="$462 / Sq. Ft.">530</key>
	</main_stats>
	<text_base_description>LARGE Price REDUCTION! Awesome opportunity to improve or re-build, minutes to downtown Seattle and I-5. Secluded street, live-able, instant equity! Home sold as is. Seller to make no repairs. Don't let this one slip by! </text_base_description>
	<listed_by>
		<name>Fylicia Waugh</name>
		<org> • Gateway Real Estate </org>
	</listed_by>
	<price_insights>
		<List_Price>$245,000</List_Price>
		<Est._Mo._Payment>$1,137</Est._Mo._Payment>
		<Redfin_Estimate>$240,967</Redfin_Estimate>
		<key name="Price/Sq.Ft.">$462</key>
		<key name="Buyer's Brokerage Compensation">3.0%</key>
	</price_insights>
	<home_facts>
		<Status>Active</Status>
		<Time_on_Redfin>107 days</Time_on_Redfin>
		<Offer_Review_Date>Thursday, June 18, 2020</Offer_Review_Date>
		<Property_Type>Residential</Property_Type>
		<Year_Built>1939</Year_Built>
		<Style>1 Story</Style>
		<Community>White Center</Community>
		<Lot_Size>2,590 Sq. Ft.</Lot_Size>
		<key name="MLS#">1613097</key>
	</home_facts>
	<property_details>
		<item>
			<item>Interior Features</item>
			<item>
				<item>
					<item>Bedroom Information</item>
					<item>
						<item># of Bedrooms (Main): 1</item>
						<item>Master Bedroom on Main Level</item>
					</item>
				</item>
				<item>
					<item>Bathroom Information</item>
					<item>
						<item># of Baths (Total): 0.75</item>
						<item># of Baths (3/4): 1</item>
						<item># of Main Baths (3/4): 1</item>
					</item>
				</item>
				<item>
					<item>Room Information</item>
					<item>
						<item>Kitchen with Eating Space on Main Level</item>
						<item>Living Room on Main Level</item>
					</item>
				</item>
				<item>
					<item>Flooring Information</item>
					<item>
						<item>Laminate Floor, Vinyl Floor, Wall-to-Wall Carpet</item>
					</item>
				</item>
				<item>
					<item>Heating &amp; Cooling</item>
					<item>
						<item>Wall Heat</item>
						<item>Water Heater: Bedroom Closet-Electric</item>
					</item>
				</item>
			</item>
		</item>
		<item>
			<item>Parking / Garage, Exterior Features, School / Neighborhood, Utilities</item>
			<item>
				<item>
					<item>Parking Information</item>
					<item>
						<item># of Covered Spaces: 1</item>
						<item>Off-Street Parking</item>
					</item>
				</item>
				<item>
					<item>Building Information</item>
					<item>
						<item>Built On Site</item>
						<item>Wood Products Exterior</item>
						<item>Slab Foundation</item>
						<item>Flat Roof, Torch Down Roof</item>
					</item>
				</item>
				<item>
					<item>School Information</item>
					<item>
						<item>Elementary School: White Center Heights</item>
						<item>Junior High School: Cascade Mid</item>
						<item>Senior High School: Highline High</item>
						<item>School District: Highline</item>
					</item>
				</item>
				<item>
					<item>Utility Information</item>
					<item>
						<item>Energy Source: Electric</item>
						<item>Public Water Source</item>
						<item>Sewer Connected</item>
						<item>Power Company: Seattle City Light</item>
						<item>Water Company: King County Water District 45</item>
						<item>Sewer Company: King County Water District 45</item>
					</item>
				</item>
			</item>
		</item>
		<item>
			<item>Financing, Location Details</item>
			<item>
				<item>
					<item>Financial Information</item>
					<item>
						<item>Cash Out</item>
						<item>Annual Taxes: $3,126</item>
						<item>Tax Year: 2019</item>
						<item>No Senior Exemption</item>
					</item>
				</item>
				<item>
					<item>Location Information</item>
					<item>
						<item>Burien/Normandy Park</item>
					</item>
				</item>
			</item>
		</item>
		<item>
			<item>Property / Lot Details</item>
			<item>
				<item>
					<item>Property Features</item>
					<item>
						<item>Fully Fenced, Gated Entry, Patio, RV Parking</item>
					</item>
				</item>
				<item>
					<item>Lot Information</item>
					<item>
						<item>Lot Is On Paved Street</item>
						<item>Garden Space, Level</item>
					</item>
				</item>
				<item>
					<item>Property Information</item>
					<item>
						<item>Sq. Ft. (Finished): 550</item>
						<item>Preliminary Title Ordered: Yes</item>
						<item>Tax ID #: 1721801276</item>
					</item>
				</item>
			</item>
		</item>
		<item>
			<item>Listing Information</item>
			<item>
				<item>
					<item>Listing Information</item>
					<item>
						<item>Offers Reviewed on Offer Review Date</item>
						<item>Offer Review Date: Thursday, June 18, 2020</item>
						<item>Possession: Closing</item>
					</item>
				</item>
				<item>
					<item>Buyer's Brokerage Compensation</item>
					<item>
						<item>3.0%</item>
					</item>
				</item>
			</item>
		</item>
	</property_details>
	<public_facts>
		<Beds>1</Beds>
		<Baths>1</Baths>
		<Finished_Sq._Ft.>530</Finished_Sq._Ft.>
		<Unfinished_Sq._Ft.>—</Unfinished_Sq._Ft.>
		<Total_Sq._Ft.>530</Total_Sq._Ft.>
		<Stories>1</Stories>
		<Lot_Size>2,590 Sq. Ft.</Lot_Size>
		<Style>Single Family Residential</Style>
		<Year_Built>1939</Year_Built>
		<Year_Renovated>—</Year_Renovated>
		<County>King County</County>
		<APN>172180 1276</APN>
	</public_facts>
</home>
