<?xml version="1.0" ?>
<home>
	<HomeInfo_Address>
		<street-address>3362 Kenneth Dr </street-address>
		<locality>El Sereno, </locality>
		<region>CA</region>
		<postal-code>90032</postal-code>
	</HomeInfo_Address>
	<main_stats>
		<Price>$765,000</Price>
		<Beds>3</Beds>
		<Baths>2</Baths>
		<key name="$664 / Sq. Ft.">1,152</key>
	</main_stats>
	<text_base_description>CHARMING Duplex with a 3rd bonus legal unit that includes a bathroom  &amp;  sink area. This property has great views and is maintained in original condition with all the character and charm of a vintage home. Private and quite location, no immediate neighbors, located in a culdesac just 10 minutes from downtown LA and Pasadena. It has hardwood floors and craftsman style. It’s a serene setting both inside and out that sets the stage for entertaining as well as the perfect zen location to rest. There are 2 koi ponds on the property. Perfect home for 1st time buyers, live in one  &amp;  rent the other. The bonus unit can be used as a spare room, or guest house. The basement is large and spacious with lots of area for storage. Single car garage with washer/dryer. The upper unit has 2 bedrooms and one bath, currently rented. The lower vacant unit is a 1 bedroom w/ an extra room that serves as a second bedroom. This is everything Silverlake and Highland Park is at an affordable price. El Sereno is becoming the next Highland Park and it’s property values are still affordable. Take advantage of this home with an extra lot while there is still time. First time on market since 1987. </text_base_description>
	<listed_by>
		<name>Ozzie Gonzalez</name>
		<agentLicenseDisplay>•DRE #01753989</agentLicenseDisplay>
		<org>•DRE #01753989</org>
	</listed_by>
	<price_insights>
		<List_Price>$765,000</List_Price>
		<Est._Mo._Payment>$3,553</Est._Mo._Payment>
		<Redfin_Estimate>$750,644</Redfin_Estimate>
		<key name="Price/Sq.Ft.">$664</key>
	</price_insights>
	<home_facts>
		<Status>Active</Status>
		<Time_on_Redfin>125 days</Time_on_Redfin>
		<Year_Built>1926</Year_Built>
		<Community>621 - El Sereno</Community>
		<Lot_Size>8,497 Sq. Ft.</Lot_Size>
		<key name="MLS#">SR20083621</key>
	</home_facts>
	<property_details>
		<item>
			<item>Virtual Tour, Parking / Garage, Exterior Features, School / Neighborhood</item>
			<item>
				<item>
					<item>Virtual Tour</item>
					<item>
						<item>Virtual TourURL Unbranded: Virtual Tour (External Link)</item>
						<item>Virtual Tour URL Unbranded: Virtual Tour (External Link)</item>
					</item>
				</item>
				<item>
					<item>Parking / Garage Information</item>
					<item>
						<item>Uncovered Spaces: 2</item>
						<item># of Garage Spaces: 1</item>
						<item># of Parking Spaces: 3</item>
					</item>
				</item>
				<item>
					<item>Exterior Features</item>
					<item>
						<item>Pool Features: None</item>
					</item>
				</item>
				<item>
					<item>Neighborhood Information</item>
					<item>
						<item>Ravine</item>
					</item>
				</item>
			</item>
		</item>
		<item>
			<item>Interior Features</item>
			<item>
				<item>
					<item>Laundry Information</item>
					<item>
						<item>Has Laundry</item>
						<item>In Garage</item>
					</item>
				</item>
				<item>
					<item>Interior Features</item>
					<item>
						<item>Levels: Two</item>
					</item>
				</item>
			</item>
		</item>
		<item>
			<item>Multi-Unit Information</item>
			<item>
				<item>
					<item>Unit Type 1 Information</item>
					<item>
						<item>Actual Rent: $1,000</item>
						<item>Total # of Baths: 1</item>
						<item>Total # of Beds: 2</item>
						<item>Furnished: Unfurnished</item>
						<item># of Garage Spaces: 1</item>
						<item>Total Rent: $1,000</item>
						<item>Total # of Units: 1</item>
					</item>
				</item>
				<item>
					<item>Unit Type 2 Information</item>
					<item>
						<item>Total # of Baths: 1</item>
						<item>Total # of Beds: 1</item>
						<item>Furnished: Unfurnished</item>
						<item># of Garage Spaces: 1</item>
						<item>Total # of Units: 1</item>
					</item>
				</item>
				<item>
					<item>Expenses</item>
					<item>
						<item>Trash: $1,000</item>
						<item>Total: $10,000</item>
						<item>Maintenance: $1,500</item>
						<item>Insurance: $1,000</item>
						<item>Water Sewer: $2,000</item>
						<item>New Taxes: $3,500</item>
						<item>Gardener: $1,000</item>
					</item>
				</item>
				<item>
					<item>Multi-Unit Information</item>
					<item>
						<item>Other Income Description: $60,000 gross income potential</item>
						<item>Net Operating Income: $10,000</item>
						<item>Average 3 Bed Area Units: Sq. Ft.</item>
						<item>Average 2 Bed Area Units: Sq. Ft.</item>
						<item>Average 1 Bed Area Units: Sq. Ft.</item>
						<item>Sq. Ft.</item>
						<item>Total Building Area: 1,152</item>
						<item>Gross Scheduled Income: $12,000</item>
						<item>Gross Income: $12,000</item>
						<item># Of Leased Units: 3</item>
						<item># Of Separate Water Meters: 2</item>
						<item># Of Separate Gas Meters: 2</item>
						<item># Of Separate Electric Meters: 2</item>
						<item># Of Buildings: 2</item>
					</item>
				</item>
			</item>
		</item>
		<item>
			<item>Utilities, Lease / Rent Details, Location Details, Misc. Information</item>
			<item>
				<item>
					<item>Utilities Information</item>
					<item>
						<item>Sewer: Public Sewer</item>
						<item>Water Source: District/Public</item>
					</item>
				</item>
				<item>
					<item>Lease / Rental Details</item>
					<item>
						<item>Operating Expense: $10,000</item>
						<item>Rent Control</item>
					</item>
				</item>
				<item>
					<item>Location Information</item>
					<item>
						<item>Directions: Huntington Drive</item>
						<item>Zoning: LAR1</item>
					</item>
				</item>
				<item>
					<item>Miscellaneous Information</item>
					<item>
						<item>Exclusions: All staging decor excluded - furniture, curtains, rods etc.</item>
					</item>
				</item>
			</item>
		</item>
		<item>
			<item>Property / Lot Details</item>
			<item>
				<item>
					<item>Lot Information</item>
					<item>
						<item>Elevation Units: Feet</item>
						<item>Lot Size Source: Assessor's Data</item>
						<item>Lot Features: Down Slope from Street</item>
					</item>
				</item>
				<item>
					<item>Property Information</item>
					<item>
						<item>Total # of Units: 2</item>
						<item>Common Walls: No Common Walls</item>
						<item>Parcel Number: 5213027033</item>
						<item>Year Built Source: Assessor</item>
					</item>
				</item>
			</item>
		</item>
	</property_details>
	<public_facts>
		<Beds>3</Beds>
		<Baths>2</Baths>
		<Finished_Sq._Ft.>1,152</Finished_Sq._Ft.>
		<Unfinished_Sq._Ft.>—</Unfinished_Sq._Ft.>
		<Total_Sq._Ft.>1,152</Total_Sq._Ft.>
		<Stories>—</Stories>
		<Lot_Size>8,497 Sq. Ft.</Lot_Size>
		<Style>Multi-Family (2-4 Unit)</Style>
		<Year_Built>1926</Year_Built>
		<Year_Renovated>1931</Year_Renovated>
		<County>Los Angeles County</County>
		<APN>5213027033</APN>
	</public_facts>
</home>
