<?xml version="1.0" ?>
<home>
	<HomeInfo_Address>
		<street-address>4760 Templeton St #3329 </street-address>
		<locality>Los Angeles, </locality>
		<region>CA</region>
		<postal-code>90032</postal-code>
	</HomeInfo_Address>
	<main_stats>
		<Price>$465,000</Price>
		<Beds>3</Beds>
		<Baths>3</Baths>
		<key name="$333 / Sq. Ft.">1,396</key>
	</main_stats>
	<text_base_description>Picture yourself in a resort-like community overlooking the up-and-coming community of El Sereno. Then imagine a condo with two master suites, with one having a separate shower and a third bedroom and bathroom. Now, open your eyes because this unit has all of that and more and its available!  You can gaze at mountaintop views, enjoy the community pool, spa, recreation room, playground with 24/7 gated security!  You have two parking spaces, guest parking, storage space of about 100sf and easy access to freeways!  It also is one of the bigger units in the complex at almost 1400 sf. Being an end unit, it gives added privacy. It’s the perfect location! </text_base_description>
	<listed_by>
		<name>JOHN FONTAMILLAS</name>
		<agentLicenseDisplay>•DRE #01782532</agentLicenseDisplay>
		<org>•DRE #01782532</org>
	</listed_by>
	<price_insights>
		<List_Price>$465,000</List_Price>
		<Est._Mo._Payment>$2,160</Est._Mo._Payment>
		<Redfin_Estimate>$456,495</Redfin_Estimate>
		<key name="Price/Sq.Ft.">$333</key>
	</price_insights>
	<home_facts>
		<Status>Active</Status>
		<Time_on_Redfin>74 days</Time_on_Redfin>
		<Property_Type>Condominium</Property_Type>
		<HOA_Dues>$575/month</HOA_Dues>
		<Year_Built>1995</Year_Built>
		<Community>677 - Lincoln Hts</Community>
		<Lot_Size>0.73 Acres</Lot_Size>
		<key name="MLS#">CV20138977</key>
	</home_facts>
	<property_details>
		<item>
			<item>Virtual Tour, Parking / Garage, Exterior Features, Multi-Unit Information</item>
			<item>
				<item>
					<item>Virtual Tour</item>
					<item>
						<item>Virtual TourURL Unbranded: Virtual Tour (External Link)</item>
					</item>
				</item>
				<item>
					<item>Parking / Garage Information</item>
					<item>
						<item>Attached Garage</item>
						<item># of Garage Spaces: 2</item>
						<item># of Parking Spaces: 2</item>
					</item>
				</item>
				<item>
					<item>Exterior Features</item>
					<item>
						<item>Pool Features: Association, In Ground</item>
					</item>
				</item>
				<item>
					<item>Multi-Unit Information</item>
					<item>
						<item># of Units In Community: 74</item>
					</item>
				</item>
			</item>
		</item>
		<item>
			<item>Interior Features</item>
			<item>
				<item>
					<item>Laundry Information</item>
					<item>
						<item>Has Laundry</item>
						<item>Individual Room</item>
					</item>
				</item>
				<item>
					<item>Bathroom Information</item>
					<item>
						<item># of Baths (Full): 3</item>
					</item>
				</item>
				<item>
					<item>Cooling Information</item>
					<item>
						<item>Central</item>
						<item>Has Cooling</item>
					</item>
				</item>
				<item>
					<item>Room Information</item>
					<item>
						<item>All Bedrooms Up</item>
					</item>
				</item>
				<item>
					<item>Heating Information</item>
					<item>
						<item>Central Furnace</item>
						<item>Has Heating</item>
					</item>
				</item>
				<item>
					<item>Interior Features</item>
					<item>
						<item>Levels: Two</item>
						<item>Main Level Bathrooms: 2</item>
						<item>Main Level Bedrooms: 3</item>
					</item>
				</item>
			</item>
		</item>
		<item>
			<item>Homeowners Association, Utilities, Taxes / Assessments, Location Details</item>
			<item>
				<item>
					<item>Homeowners Association</item>
					<item>
						<item>Is Part of Association</item>
						<item>Association Name: Hilltop Colony</item>
						<item>Monthly</item>
						<item>Association Fee: $575</item>
						<item>Association Amenities: Pool, Spa, Picnic Area</item>
					</item>
				</item>
				<item>
					<item>Utilities Information</item>
					<item>
						<item>Sewer: Public Sewer</item>
						<item>Water Source: District/Public</item>
					</item>
				</item>
				<item>
					<item>Assesments Information</item>
					<item>
						<item>Assessments: Unknown</item>
					</item>
				</item>
				<item>
					<item>Location Information</item>
					<item>
						<item>Directions: West of Eastern and South of Huntington Dr.</item>
						<item>Zoning: LAR3</item>
					</item>
				</item>
			</item>
		</item>
		<item>
			<item>School / Neighborhood</item>
			<item>
				<item>
					<item>Neighborhood Information</item>
					<item>
						<item>Sidewalks</item>
					</item>
				</item>
				<item>
					<item>School Information</item>
					<item>
						<item>High School District: Los Angeles Unified</item>
					</item>
				</item>
			</item>
		</item>
		<item>
			<item>Property / Lot Details</item>
			<item>
				<item>
					<item>Lot Information</item>
					<item>
						<item>Elevation Units: Feet</item>
						<item>Lot Size Source: Assessor's Data</item>
					</item>
				</item>
				<item>
					<item>Property Information</item>
					<item>
						<item>Common Interest: Condominium</item>
						<item>Total # of Units: 72</item>
						<item>Common Walls: 1 common wall</item>
						<item>Parcel Number: 5213032124</item>
						<item>Attached Property</item>
						<item>Has View</item>
						<item>Year Built Source: Assessor</item>
					</item>
				</item>
			</item>
		</item>
	</property_details>
	<public_facts>
		<Beds>3</Beds>
		<Baths>2</Baths>
		<Finished_Sq._Ft.>1,396</Finished_Sq._Ft.>
		<Unfinished_Sq._Ft.>—</Unfinished_Sq._Ft.>
		<Total_Sq._Ft.>1,396</Total_Sq._Ft.>
		<Stories>—</Stories>
		<Lot_Size>—</Lot_Size>
		<Style>Condo/Co-op</Style>
		<Year_Built>1995</Year_Built>
		<Year_Renovated>1995</Year_Renovated>
		<County>Los Angeles County</County>
		<APN>5213032124</APN>
	</public_facts>
</home>
