<?xml version="1.0" ?>
<home>
	<HomeInfo_Address>
		<street-address>4717 Del Paso Ct </street-address>
		<locality>Los Angeles, </locality>
		<region>CA</region>
		<postal-code>90032</postal-code>
	</HomeInfo_Address>
	<main_stats>
		<Price>$689,000</Price>
		<Beds>5</Beds>
		<Baths>2</Baths>
		<key name="$359 / Sq. Ft.">1,920</key>
	</main_stats>
	<text_base_description>Views, views, views! Where else can you get a view lot like this for under $700k? This home with 5 bedrooms and den/ 6th bedroom with 2 baths is located in the quiet hillside neighborhood of El Sereno. The single story traditional, is spacious and has plenty of room for a large or extended family. There are beautiful views too  with a large view deck for entertaining. You will find lots of storage and enough on site parking for 6 or more cars. Home is on a double lot for a possible development opportunity. Conveniently located a quick 10 minute drive to Downtown Los Angeles, or USC Medical Center.  </text_base_description>
	<listed_by>
		<name>Jason Anderson</name>
		<agentLicenseDisplay>•DRE #01762393</agentLicenseDisplay>
		<org>•DRE #01762393</org>
	</listed_by>
	<price_insights>
		<List_Price>$689,000</List_Price>
		<Est._Mo._Payment>$3,201</Est._Mo._Payment>
		<Redfin_Estimate>$677,331</Redfin_Estimate>
		<key name="Price/Sq.Ft.">$359</key>
	</price_insights>
	<home_facts>
		<Status>Active</Status>
		<Time_on_Redfin>429 days</Time_on_Redfin>
		<Property_Type>Single Family, Residential Single-Family</Property_Type>
		<Year_Built>1955</Year_Built>
		<Style>Traditional</Style>
		<Community>El Sereno</Community>
		<Lot_Size>0.28 Acres</Lot_Size>
		<key name="MLS#">19-492556</key>
	</home_facts>
	<property_details>
		<item>
			<item>Interior Features</item>
			<item>
				<item>
					<item>Bathroom Information</item>
					<item>
						<item># of Baths (Full): 2</item>
					</item>
				</item>
				<item>
					<item>Laundry Information</item>
					<item>
						<item>Laundry Room</item>
					</item>
				</item>
				<item>
					<item>Additional Rooms</item>
					<item>
						<item>In Kitchen</item>
						<item>Den</item>
						<item>Den/Office</item>
					</item>
				</item>
				<item>
					<item>Fireplace Information</item>
					<item>
						<item>Decorative</item>
						<item># of Fireplaces: 1</item>
					</item>
				</item>
				<item>
					<item>Flooring Information</item>
					<item>
						<item>Linoleum Floors</item>
					</item>
				</item>
				<item>
					<item>Equipment</item>
					<item>
						<item>Gas Or Electric Dryer Hookup</item>
					</item>
				</item>
				<item>
					<item>Heating &amp; Cooling</item>
					<item>
						<item>Wall/Window Unit Cooling</item>
						<item>Wall Heat</item>
					</item>
				</item>
			</item>
		</item>
		<item>
			<item>Parking / Garage</item>
			<item>
				<item>
					<item>Garage</item>
					<item>
						<item>Driveway</item>
					</item>
				</item>
				<item>
					<item>Parking</item>
					<item>
						<item># of Parking Spaces (Total): 6</item>
						<item># of Open Other Spaces: 6</item>
					</item>
				</item>
			</item>
		</item>
		<item>
			<item>Exterior Features, Taxes / Assessments, Location Details, Documents &amp; Disclosures</item>
			<item>
				<item>
					<item>Building Information</item>
					<item>
						<item>Total Floors: 1</item>
						<item>Detached</item>
						<item>Detached/No Common Walls</item>
					</item>
				</item>
				<item>
					<item>Assessment Information</item>
					<item>
						<item>Assessor Parcel Number: 5215-029-035</item>
					</item>
				</item>
				<item>
					<item>Location Information</item>
					<item>
						<item>Directions: Del Paso Ave to Del Paso Court</item>
					</item>
				</item>
				<item>
					<item>Documents &amp; Disclosures</item>
					<item>
						<item>Disclosures: As Is</item>
					</item>
				</item>
			</item>
		</item>
		<item>
			<item>Property / Lot Details</item>
			<item>
				<item>
					<item>Property Information</item>
					<item>
						<item>Property Type: Residential Single-Family</item>
					</item>
				</item>
				<item>
					<item>Land Information</item>
					<item>
						<item>Other Structures: Shed</item>
					</item>
				</item>
				<item>
					<item>Lot Information</item>
					<item>
						<item>Lot Size (Sq. Ft.): 11,979</item>
						<item>Zoning: LAR1</item>
					</item>
				</item>
				<item>
					<item>Property Features</item>
					<item>
						<item>Has View</item>
						<item>View: Panoramic</item>
					</item>
				</item>
			</item>
		</item>
	</property_details>
	<public_facts>
		<Beds>4</Beds>
		<Baths>2</Baths>
		<Finished_Sq._Ft.>1,920</Finished_Sq._Ft.>
		<Unfinished_Sq._Ft.>—</Unfinished_Sq._Ft.>
		<Total_Sq._Ft.>1,920</Total_Sq._Ft.>
		<Stories>1</Stories>
		<Lot_Size>0.28 Acres</Lot_Size>
		<Style>Single Family Residential</Style>
		<Year_Built>1955</Year_Built>
		<Year_Renovated>1958</Year_Renovated>
		<County>Los Angeles County</County>
		<APN>5215029035</APN>
	</public_facts>
</home>
