<?xml version="1.0" ?>
<home>
	<HomeInfo_Address>
		<street-address>5000 Templeton St </street-address>
		<locality>El Sereno, </locality>
		<region>CA</region>
		<postal-code>90032</postal-code>
	</HomeInfo_Address>
	<main_stats>
		<Price>$1,990,000</Price>
		<Beds>—</Beds>
		<Baths>—</Baths>
		<Sq._Ft.>—</Sq._Ft.>
	</main_stats>
	<text_base_description>Investment Property  &amp;  Land for sale, 6 miles to Los Angeles City Hall. The location is only 6 miles to Los Angeles City Hall, 2.4 miles from Cal State LA, 4.6 miles from East LA College. There is an existing house with 5-Bedroom, 2-Bath house on R-3 zoning, good for building 7-10 Condos/Apartments; plus 7 subdivided Single-Residence adjacent vacant lots in the back with scenic up-sloping lot and gorgeous hillside views. Potential growth on your investment and rare profit return for builders. R-3 Parcel # 5218-006-031: Front house on street, 22,084 sqft; good for 7-10 units on this parcel; the house is currently under rental. Vacant lots in the back - R-1 Parcel # 5218-006-043: 5924 sqft, R-1 Parcel # 5218-006-041: 5967 sqft, R-1 Parcel # 5218-006-040: 5967 sqft, R-1 Parcel # 5218-006-038: 6011 sqft, R-1 Parcel # 5218-006-035: 5622 sqft, R-1 Parcel # 5218-006-033: 2482 sqft, R-1 Parcel # 5218-006-036: 566 sqft. ALL PARCELS LISTED ARE INCLUDED IN THE LISTING PRICE.  </text_base_description>
	<listed_by>
		<name>RICK LI-CHIH CHANG</name>
		<agentLicenseDisplay>•DRE #00961423</agentLicenseDisplay>
		<org>•DRE #00961423</org>
	</listed_by>
	<price_insights>
		<List_Price>$1,990,000</List_Price>
		<Est._Mo._Payment>$9,245</Est._Mo._Payment>
		<Redfin_Estimate>$1,833,968</Redfin_Estimate>
	</price_insights>
	<home_facts>
		<Status>Active</Status>
		<Time_on_Redfin>106 days</Time_on_Redfin>
		<Community>621 - El Sereno</Community>
		<Lot_Size>1.25 Acres</Lot_Size>
		<key name="MLS#">WS20114372</key>
	</home_facts>
	<property_details>
		<item>
			<item>Exterior Features, School / Neighborhood, Utilities, Location Details</item>
			<item>
				<item>
					<item>Exterior Information</item>
					<item>
						<item>Fencing: Chain Link</item>
					</item>
				</item>
				<item>
					<item>Neighborhood Information</item>
					<item>
						<item>Street Lighting, Urban</item>
					</item>
				</item>
				<item>
					<item>Utilities Information</item>
					<item>
						<item>Electric: Standard</item>
						<item>Sewer: Public Sewer</item>
						<item>Water Source: District/Public</item>
					</item>
				</item>
				<item>
					<item>Location Information</item>
					<item>
						<item>Directions: East of Pueblo Avenue</item>
						<item>Road Frontage Type: Access via City Streets</item>
						<item>Road Surface Type: Paved</item>
						<item>Zoning: LARD3</item>
					</item>
				</item>
			</item>
		</item>
		<item>
			<item>Property / Lot Details</item>
			<item>
				<item>
					<item>Lot Information</item>
					<item>
						<item>Distance To Water Comments: City</item>
						<item>Additional Parcels Description: 5218-006-035,5218-006-038,5218-006-040,5218-006-041,5218-006-043,5218-006-033,5218-006-036</item>
						<item>Additional Parcels</item>
						<item>Elevation Units: Feet</item>
						<item>Lot Size Source: Assessor's Data</item>
						<item>Lot Features: Lot Over 40000 Sqft, Rolling Slope</item>
					</item>
				</item>
				<item>
					<item>Property Information</item>
					<item>
						<item>Common Interest: Planned Development</item>
						<item>Parcel Number: 5218006031</item>
						<item>Has View</item>
					</item>
				</item>
			</item>
		</item>
		<item>
			<item>Listing Information</item>
			<item>
				<item>
					<item>Listing Information</item>
					<item>
						<item>Special Assessments: None</item>
					</item>
				</item>
			</item>
		</item>
	</property_details>
	<public_facts>
		<Beds>5</Beds>
		<Baths>2</Baths>
		<Finished_Sq._Ft.>1,611</Finished_Sq._Ft.>
		<Unfinished_Sq._Ft.>—</Unfinished_Sq._Ft.>
		<Total_Sq._Ft.>1,611</Total_Sq._Ft.>
		<Stories>2</Stories>
		<Lot_Size>0.51 Acres</Lot_Size>
		<Style>Single Family Residential</Style>
		<Year_Built>1949</Year_Built>
		<Year_Renovated>1953</Year_Renovated>
		<County>Los Angeles County</County>
		<APN>5218006031</APN>
	</public_facts>
</home>
