<?xml version="1.0" ?>
<home>
	<HomeInfo_Address>
		<street-address>4875 Axtell St </street-address>
		<locality>Los Angeles, </locality>
		<region>CA</region>
		<postal-code>90032</postal-code>
	</HomeInfo_Address>
	<main_stats>
		<Price>$1,085,000</Price>
		<Beds>6</Beds>
		<Baths>5</Baths>
		<key name="$518 / Sq. Ft.">2,096</key>
	</main_stats>
	<text_base_description>5 multi-family units with strong rental income and lots of building character located in lower Monterey Hills area not far from Alhambra. Situated on a generously sized lot with three separate building structures, each unit is single level and includes designated parking. Below market rents offers the new ownership significant rental upside of 20% or greater. Separately metered for both electricity  &amp;  gas plus a well-maintained property, this investment offers historically low expenses, ease of management and superb cash flow. Unit mix:  one 2 bed/1 bath house and four 1 bed/1bath units. The prime location is in an upcoming area surrounded by plenty of large and new developments. Priced for a quick sale at only $1,085,000 ($217,000 door) this investment will not last long.  </text_base_description>
	<listed_by>
		<name>Brian Gordon</name>
		<agentLicenseDisplay>•DRE #01302670</agentLicenseDisplay>
		<org>•DRE #01302670</org>
	</listed_by>
	<price_insights>
		<List_Price>$1,085,000</List_Price>
		<Est._Mo._Payment>$5,041</Est._Mo._Payment>
		<key name="Price/Sq.Ft.">$518</key>
	</price_insights>
	<home_facts>
		<Status>Active</Status>
		<Time_on_Redfin>209 days</Time_on_Redfin>
		<Property_Type>Commercial/Residential</Property_Type>
		<Year_Built>1924</Year_Built>
		<Community>699 - Not Defined</Community>
		<Lot_Size>6,128 Sq. Ft.</Lot_Size>
		<key name="MLS#">AR20046067</key>
	</home_facts>
	<property_details>
		<item>
			<item>Interior Features</item>
			<item>
				<item>
					<item>Laundry Information</item>
					<item>
						<item>None</item>
					</item>
				</item>
				<item>
					<item>Bathroom Information</item>
					<item>
						<item># of Baths (Full): 5</item>
					</item>
				</item>
				<item>
					<item>Room Information</item>
					<item>
						<item>All Bedrooms Down</item>
					</item>
				</item>
				<item>
					<item>Interior Features</item>
					<item>
						<item>Levels: One</item>
						<item>Main Level Bathrooms: 5</item>
						<item>Main Level Bedrooms: 6</item>
					</item>
				</item>
			</item>
		</item>
		<item>
			<item>Exterior Features, Utilities, Taxes / Assessments, Location Details</item>
			<item>
				<item>
					<item>Exterior Features</item>
					<item>
						<item>Pool Features: None</item>
					</item>
				</item>
				<item>
					<item>Utilities Information</item>
					<item>
						<item>Sewer: Public Sewer</item>
						<item>Water Source: District/Public</item>
					</item>
				</item>
				<item>
					<item>Assesments Information</item>
					<item>
						<item>Assessments: Unknown</item>
					</item>
				</item>
				<item>
					<item>Location Information</item>
					<item>
						<item>Directions: East on Eastern Nrth on Axtell property is on the left hand side</item>
						<item>Zoning: LARD3</item>
					</item>
				</item>
			</item>
		</item>
		<item>
			<item>School / Neighborhood</item>
			<item>
				<item>
					<item>Neighborhood Information</item>
					<item>
						<item>Sidewalks</item>
					</item>
				</item>
				<item>
					<item>School Information</item>
					<item>
						<item>High School District: Los Angeles Unified</item>
					</item>
				</item>
			</item>
		</item>
		<item>
			<item>Property / Lot Details</item>
			<item>
				<item>
					<item>Lot Information</item>
					<item>
						<item>Elevation Units: Feet</item>
						<item>Lot Size Source: Assessor's Data</item>
						<item>Lot Features: Near Public Transit</item>
					</item>
				</item>
				<item>
					<item>Property Information</item>
					<item>
						<item>Common Interest: Community Apartment</item>
						<item>Total # of Units: 5</item>
						<item>Common Walls: 2+ common walls</item>
						<item>Parcel Number: 5218013021</item>
						<item>Attached Property</item>
						<item>Total # of Stories: 1</item>
						<item>Year Built Source: Public Records</item>
					</item>
				</item>
			</item>
		</item>
	</property_details>
	<public_facts>
		<Beds>4</Beds>
		<Baths>4</Baths>
		<Finished_Sq._Ft.>—</Finished_Sq._Ft.>
		<Unfinished_Sq._Ft.>—</Unfinished_Sq._Ft.>
		<Total_Sq._Ft.>1,760</Total_Sq._Ft.>
		<Stories>1</Stories>
		<Lot_Size>—</Lot_Size>
		<Style>Condo/Co-op</Style>
		<Year_Built>1924</Year_Built>
		<Year_Renovated>—</Year_Renovated>
		<County>Los Angeles County</County>
		<APN>5218013021</APN>
	</public_facts>
</home>
