<?xml version="1.0" ?>
<home>
	<HomeInfo_Address>
		<street-address>3073 Chadwick Dr </street-address>
		<locality>Los Angeles, </locality>
		<region>CA</region>
		<postal-code>90032</postal-code>
	</HomeInfo_Address>
	<main_stats>
		<Price>$1,200,000</Price>
		<Beds>6</Beds>
		<Baths>2</Baths>
		<key name="$585 / Sq. Ft.">2,050</key>
	</main_stats>
	<text_base_description>Terrific investment opportunity in East Los Angeles, this amazing duplex sits on almost half an acre! The main house consist of five bedrooms and one bath with an additional BONUS room. The back unit is just steps down from the main house entrance and is newly renovated with one bedroom and one bath with its own separate entry for privacy, living-room area, and kitchenette. This property offers spectacular views overlooking the city, close to shopping, transportation and freeways. The opportunities for various living arrangements are countless including multi-generational families and/or even offering the potential for lucrative rental income.  </text_base_description>
	<listed_by>
		<name>Christian Flores</name>
		<agentLicenseDisplay>•DRE #01749345</agentLicenseDisplay>
		<org>•DRE #01749345</org>
	</listed_by>
	<price_insights>
		<List_Price>$1,200,000</List_Price>
		<Est._Mo._Payment>$5,574</Est._Mo._Payment>
		<Redfin_Estimate>$1,160,378</Redfin_Estimate>
		<key name="Price/Sq.Ft.">$585</key>
	</price_insights>
	<home_facts>
		<Status>Active</Status>
		<Time_on_Redfin>113 days</Time_on_Redfin>
		<Property_Type>Duplex</Property_Type>
		<Year_Built>1925</Year_Built>
		<Community>699 - Not Defined</Community>
		<Lot_Size>0.51 Acres</Lot_Size>
		<key name="MLS#">DW20108732</key>
	</home_facts>
	<property_details>
		<item>
			<item>Virtual Tour, Parking / Garage, School / Neighborhood, Utilities</item>
			<item>
				<item>
					<item>Virtual Tour</item>
					<item>
						<item>Virtual Tour URL Branded: Virtual Tour (External Link)</item>
						<item>Virtual TourURL Unbranded: Virtual Tour (External Link)</item>
						<item>Virtual Tour URL Unbranded: Virtual Tour (External Link)</item>
					</item>
				</item>
				<item>
					<item>Parking / Garage Information</item>
					<item>
						<item># of Garage Spaces: 2</item>
						<item>Driveway, Garage, Garage - Front Entry</item>
						<item>Has Parking</item>
						<item># of Parking Spaces: 2</item>
					</item>
				</item>
				<item>
					<item>Neighborhood Information</item>
					<item>
						<item>Sidewalks, Street Lighting</item>
					</item>
				</item>
				<item>
					<item>Utilities Information</item>
					<item>
						<item>Sewer: Public Sewer</item>
						<item>Water Source: District/Public</item>
					</item>
				</item>
			</item>
		</item>
		<item>
			<item>Interior Features</item>
			<item>
				<item>
					<item>Laundry Information</item>
					<item>
						<item>Has Laundry</item>
						<item>Inside</item>
					</item>
				</item>
				<item>
					<item>Fireplace Information</item>
					<item>
						<item>Bath, Bonus Room, Dining Room, Family Room, Kitchen, Living Room, Electric, Gas, Gas Starter</item>
						<item>Has Fireplace</item>
					</item>
				</item>
				<item>
					<item>Interior Features</item>
					<item>
						<item>Levels: Two</item>
					</item>
				</item>
			</item>
		</item>
		<item>
			<item>Exterior Features</item>
			<item>
				<item>
					<item>Exterior Information</item>
					<item>
						<item>Other Structures: Guest House Detached, Second Garage Detached, Two On A Lot</item>
					</item>
				</item>
				<item>
					<item>Exterior Features</item>
					<item>
						<item>Pool Features: None</item>
					</item>
				</item>
			</item>
		</item>
		<item>
			<item>Multi-Unit Information</item>
			<item>
				<item>
					<item>Unit Type 1 Information</item>
					<item>
						<item>Total # of Baths: 1</item>
						<item>Total # of Beds: 5</item>
						<item>Furnished: Unfurnished</item>
						<item># of Garage Spaces: 2</item>
						<item>Total # of Units: 1</item>
					</item>
				</item>
				<item>
					<item>Unit Type 2 Information</item>
					<item>
						<item>Total # of Baths: 1</item>
						<item>Total # of Beds: 1</item>
						<item>Furnished: Unfurnished</item>
						<item>Total # of Units: 1</item>
					</item>
				</item>
				<item>
					<item>Multi-Unit Information</item>
					<item>
						<item>Average 3 Bed Area Units: Sq. Ft.</item>
						<item>Average 2 Bed Area Units: Sq. Ft.</item>
						<item>Average 1 Bed Area Units: Sq. Ft.</item>
						<item>Sq. Ft.</item>
						<item>Total Building Area: 2,050</item>
						<item># Of Separate Water Meters: 1</item>
						<item># Of Separate Gas Meters: 1</item>
						<item># Of Separate Electric Meters: 1</item>
						<item># Of Buildings: 1</item>
					</item>
				</item>
			</item>
		</item>
		<item>
			<item>Lease / Rent Details, Location Details</item>
			<item>
				<item>
					<item>Lease / Rental Details</item>
					<item>
						<item>Rent Control</item>
					</item>
				</item>
				<item>
					<item>Location Information</item>
					<item>
						<item>Other Subdivision Name: El Sereno</item>
						<item>Directions: Major cross street is Templeton St.</item>
						<item>Zoning: LAR1</item>
					</item>
				</item>
			</item>
		</item>
		<item>
			<item>Property / Lot Details</item>
			<item>
				<item>
					<item>Lot Information</item>
					<item>
						<item>Elevation Units: Feet</item>
						<item>Lot Size Source: Assessor's Data</item>
						<item>Lot Features: Front Yard, Lot 20000-39999 Sqft</item>
					</item>
				</item>
				<item>
					<item>Property Information</item>
					<item>
						<item>Total # of Units: 2</item>
						<item>Common Walls: 1 common wall</item>
						<item>Parcel Number: 5218005041</item>
						<item>Attached Property</item>
						<item>Year Built Source: Assessor</item>
					</item>
				</item>
			</item>
		</item>
	</property_details>
	<public_facts>
		<Beds>4</Beds>
		<Baths>2</Baths>
		<Finished_Sq._Ft.>2,050</Finished_Sq._Ft.>
		<Unfinished_Sq._Ft.>—</Unfinished_Sq._Ft.>
		<Total_Sq._Ft.>2,050</Total_Sq._Ft.>
		<Stories>—</Stories>
		<Lot_Size>0.51 Acres</Lot_Size>
		<Style>Multi-Family (2-4 Unit)</Style>
		<Year_Built>1925</Year_Built>
		<Year_Renovated>1937</Year_Renovated>
		<County>Los Angeles County</County>
		<APN>5218005041</APN>
	</public_facts>
</home>
