<?xml version="1.0" ?>
<home>
	<HomeInfo_Address>
		<street-address>4938 Gambier St </street-address>
		<locality>Los Angeles, </locality>
		<region>CA</region>
		<postal-code>90032</postal-code>
	</HomeInfo_Address>
	<main_stats>
		<Price>$1,000,000</Price>
		<Beds>8</Beds>
		<Baths>4</Baths>
		<key name="$289 / Sq. Ft.">3,455</key>
	</main_stats>
	<text_base_description>4938 Gambier Street is a 1920 construction that consists of two duplexes with all two-bedroom one-bath units, one of which is non-conforming, and all units are separately metered for gas and electricity. The property offers in-unit laundry hookups, four surface parking spaces, and an underutilized back patio. The property is located in Northeast Los Angeles south of Huntington Drive, two blocks from El Sereno Middle School, and just two miles from Cal State Los Angeles and the 710 and 10 freeways. This offering presents a great opportunity for an astute investor to add value and capture significant upside in rents.  </text_base_description>
	<listed_by>
		<name>Steven Bogoyevac</name>
		<agentLicenseDisplay>•DRE #01332755</agentLicenseDisplay>
		<org>•DRE #01332755</org>
	</listed_by>
	<price_insights>
		<List_Price>$1,000,000</List_Price>
		<Est._Mo._Payment>$4,645</Est._Mo._Payment>
		<Redfin_Estimate>$1,048,731</Redfin_Estimate>
		<key name="Price/Sq.Ft.">$289</key>
	</price_insights>
	<home_facts>
		<Status>Active</Status>
		<Time_on_Redfin>59 days</Time_on_Redfin>
		<Year_Built>1920</Year_Built>
		<Community>699 - Not Defined</Community>
		<Lot_Size>7,838 Sq. Ft.</Lot_Size>
		<key name="MLS#">PW20137315</key>
	</home_facts>
	<property_details>
		<item>
			<item>Interior Features, Parking / Garage, Exterior Features, School / Neighborhood</item>
			<item>
				<item>
					<item>Laundry Information</item>
					<item>
						<item>Has Laundry</item>
						<item>Electric Dryer Hookup, Washer Hookup</item>
					</item>
				</item>
				<item>
					<item>Parking / Garage Information</item>
					<item>
						<item>Uncovered Spaces: 4</item>
						<item># of Parking Spaces: 4</item>
					</item>
				</item>
				<item>
					<item>Exterior Features</item>
					<item>
						<item>Pool Features: None</item>
					</item>
				</item>
				<item>
					<item>Neighborhood Information</item>
					<item>
						<item>Urban</item>
					</item>
				</item>
			</item>
		</item>
		<item>
			<item>Multi-Unit Information</item>
			<item>
				<item>
					<item>Unit Type 1 Information</item>
					<item>
						<item>Actual Rent: $1,250</item>
						<item>Total # of Baths: 1</item>
						<item>Total # of Beds: 2</item>
						<item>Furnished: Unfurnished</item>
						<item>Total Rent: $5,000</item>
						<item>Total # of Units: 4</item>
					</item>
				</item>
				<item>
					<item>Expenses</item>
					<item>
						<item>Total: $20,609</item>
					</item>
				</item>
				<item>
					<item>Multi-Unit Information</item>
					<item>
						<item>Net Operating Income: $37,591</item>
						<item>Average 3 Bed Area Units: Sq. Ft.</item>
						<item>Average 2 Bed Area Units: Sq. Ft.</item>
						<item>Average 1 Bed Area Units: Sq. Ft.</item>
						<item>Sq. Ft.</item>
						<item>Total Building Area: 3,455</item>
						<item>Gross Scheduled Income: $60,000</item>
						<item>Gross Multiplier: 16.67</item>
						<item>Gross Income: $60,000</item>
						<item># Of Separate Gas Meters: 4</item>
						<item># Of Separate Electric Meters: 4</item>
						<item># Of Buildings: 2</item>
					</item>
				</item>
			</item>
		</item>
		<item>
			<item>Utilities, Lease / Rent Details, Location Details</item>
			<item>
				<item>
					<item>Utilities Information</item>
					<item>
						<item>Sewer: Public Sewer</item>
						<item>Water Source: District/Public</item>
					</item>
				</item>
				<item>
					<item>Lease / Rental Details</item>
					<item>
						<item>Operating Expense: $20,609</item>
						<item>Rent Control</item>
					</item>
				</item>
				<item>
					<item>Location Information</item>
					<item>
						<item>Other Subdivision Name: MLS area 621 - El Sereno</item>
						<item>Directions: south of Templeton, east of Eastern</item>
						<item>Zoning: LARD3</item>
					</item>
				</item>
			</item>
		</item>
		<item>
			<item>Property / Lot Details</item>
			<item>
				<item>
					<item>Lot Information</item>
					<item>
						<item>Elevation Units: Feet</item>
						<item>Lot Size Source: Assessor's Data</item>
						<item>Lot Features: Lot Shape-Rectangular</item>
					</item>
				</item>
				<item>
					<item>Property Information</item>
					<item>
						<item>Total # of Units: 4</item>
						<item>Common Walls: No Common Walls</item>
						<item>Parcel Number: 5218010024</item>
						<item>Year Built Source: Assessor</item>
					</item>
				</item>
			</item>
		</item>
	</property_details>
	<public_facts>
		<Beds>3</Beds>
		<Baths>2</Baths>
		<Finished_Sq._Ft.>1,655</Finished_Sq._Ft.>
		<Unfinished_Sq._Ft.>—</Unfinished_Sq._Ft.>
		<Total_Sq._Ft.>1,655</Total_Sq._Ft.>
		<Stories>—</Stories>
		<Lot_Size>7,838 Sq. Ft.</Lot_Size>
		<Style>Multi-Family (2-4 Unit)</Style>
		<Year_Built>1920</Year_Built>
		<Year_Renovated>—</Year_Renovated>
		<County>Los Angeles County</County>
		<APN>5218010024</APN>
	</public_facts>
</home>
