<?xml version="1.0" ?>
<home>
	<HomeInfo_Address>
		<street-address>2846 Chadwick Cir </street-address>
		<locality>El Sereno, </locality>
		<region>CA</region>
		<postal-code>90032</postal-code>
	</HomeInfo_Address>
	<main_stats>
		<Price>$450,000</Price>
		<Beds>2</Beds>
		<Bath>1</Bath>
		<key name="$560 / Sq. Ft.">803</key>
	</main_stats>
	<text_base_description>2 bed 1 bath 803 sq. ft. fixer with panoramic city and canyon views. Perfect for redevelopment for new dream home or potential flip with amazing views. AS IS Sale, no repairs, no warranties, most likely has to be all cash. Minutes from Downtown LA and close to freeways, schools, shopping, and entertainment.  </text_base_description>
	<listed_by>
		<name>Tony Morrison</name>
		<agentLicenseDisplay>•DRE #01346460</agentLicenseDisplay>
		<org>•DRE #01346460</org>
	</listed_by>
	<price_insights>
		<List_Price>$450,000</List_Price>
		<Est._Mo._Payment>$2,090</Est._Mo._Payment>
		<Redfin_Estimate>$455,498</Redfin_Estimate>
		<key name="Price/Sq.Ft.">$560</key>
	</price_insights>
	<home_facts>
		<Status>Active</Status>
		<Time_on_Redfin>27 days</Time_on_Redfin>
		<Property_Type>Single Family Residence</Property_Type>
		<Year_Built>1954</Year_Built>
		<Community>621 - El Sereno</Community>
		<Lot_Size>5,167 Sq. Ft.</Lot_Size>
		<key name="MLS#">OC20179781</key>
	</home_facts>
	<property_details>
		<item>
			<item>Interior Features</item>
			<item>
				<item>
					<item>Laundry Information</item>
					<item>
						<item>None</item>
					</item>
				</item>
				<item>
					<item>Bathroom Information</item>
					<item>
						<item># of Baths (Full): 1</item>
					</item>
				</item>
				<item>
					<item>Room Information</item>
					<item>
						<item>All Bedrooms Down, Galley Kitchen, Kitchen</item>
					</item>
				</item>
				<item>
					<item>Flooring Information</item>
					<item>
						<item>Laminated</item>
					</item>
				</item>
				<item>
					<item>Interior Features</item>
					<item>
						<item>Levels: One</item>
						<item>Main Level Bathrooms: 1</item>
						<item>Main Level Bedrooms: 2</item>
					</item>
				</item>
			</item>
		</item>
		<item>
			<item>Parking / Garage, Utilities, Taxes / Assessments, Location Details</item>
			<item>
				<item>
					<item>Parking / Garage Information</item>
					<item>
						<item># of Garage Spaces: 1</item>
						<item>Driveway, Garage, Parking Space</item>
						<item>Has Parking</item>
						<item># of Parking Spaces: 1</item>
					</item>
				</item>
				<item>
					<item>Utilities Information</item>
					<item>
						<item>Sewer: Public Sewer, Sewer Paid</item>
						<item>Water Source: District/Public</item>
					</item>
				</item>
				<item>
					<item>Assesments Information</item>
					<item>
						<item>Assessments: Unknown</item>
					</item>
				</item>
				<item>
					<item>Location Information</item>
					<item>
						<item>Directions: North on N. Eastern, Right on Lynnfield St., Right on Chester, Right on Chadwick Dr., Right on Chadwick Circle.</item>
						<item>Zoning: LAR1</item>
					</item>
				</item>
			</item>
		</item>
		<item>
			<item>Exterior Features</item>
			<item>
				<item>
					<item>Exterior Information</item>
					<item>
						<item>Fencing: Wrought Iron</item>
						<item>Has Fence</item>
					</item>
				</item>
				<item>
					<item>Exterior Features</item>
					<item>
						<item>Patio And Porch Features: Covered, Deck</item>
						<item>Has Patio</item>
						<item>Pool Features: None</item>
					</item>
				</item>
			</item>
		</item>
		<item>
			<item>School / Neighborhood</item>
			<item>
				<item>
					<item>Neighborhood Information</item>
					<item>
						<item>Street Lighting, Suburban, Urban</item>
					</item>
				</item>
				<item>
					<item>School Information</item>
					<item>
						<item>High School District: Los Angeles Unified</item>
					</item>
				</item>
			</item>
		</item>
		<item>
			<item>Property / Lot Details</item>
			<item>
				<item>
					<item>Lot Information</item>
					<item>
						<item>Elevation Units: Feet</item>
						<item>Lot Size Source: Assessor's Data</item>
						<item>Lot Features: 0-1 Unit/Acre, Steep Slope</item>
					</item>
				</item>
				<item>
					<item>Property Information</item>
					<item>
						<item>Total # of Units: 1</item>
						<item>Common Walls: No Common Walls</item>
						<item>Parcel Number: 5217004009</item>
						<item>Total # of Stories: 1</item>
						<item>Has View</item>
						<item>Year Built Source: Assessor</item>
					</item>
				</item>
			</item>
		</item>
	</property_details>
	<public_facts>
		<Beds>2</Beds>
		<Baths>1</Baths>
		<Finished_Sq._Ft.>803</Finished_Sq._Ft.>
		<Unfinished_Sq._Ft.>—</Unfinished_Sq._Ft.>
		<Total_Sq._Ft.>803</Total_Sq._Ft.>
		<Stories>1</Stories>
		<Lot_Size>5,167 Sq. Ft.</Lot_Size>
		<Style>Single Family Residential</Style>
		<Year_Built>1954</Year_Built>
		<Year_Renovated>1954</Year_Renovated>
		<County>Los Angeles County</County>
		<APN>5217004009</APN>
	</public_facts>
</home>
