<?xml version="1.0" ?>
<home>
	<HomeInfo_Address>
		<street-address>5501 Bohlig Rd #45 </street-address>
		<locality>Los Angeles, </locality>
		<region>CA</region>
		<postal-code>90032</postal-code>
	</HomeInfo_Address>
	<main_stats>
		<Price>$409,000</Price>
		<Beds>2</Beds>
		<Baths>2</Baths>
		<key name="$503 / Sq. Ft.">813</key>
	</main_stats>
	<text_base_description>Location !  Location !  Location !   5 minutes walking distance to Los Angeles State University. A luxury Condo has a lot of improvements with hard wood floor through out the living room, bed room, granite floor in 2 baths room and kitchen , Granite top on kitchen counter, and new hard wood cabinets, new steel  facets and sinks, open kitchen, brand new hot water heater inside the condo; The  new French Door dinning room can be used as the third room. Down stair, the attached 2-cars garage has new remote control iron door. .. .etc. In addition, you can have a fixed parking in the center of the complex and 3 non-fixed parking spaces for residence parking day and night on the street . Besides, you have your own stair steps to go up to your condo and not need to share with  your neighbor; a gate security complex with swimming pool, etc. with security. 5 minutes walking distance to California State University. facing South-West is another great place to live and a great Investment for its High-Rent are hardly to find.  </text_base_description>
	<listed_by>
		<name>BIG CHANG</name>
		<agentLicenseDisplay>•DRE #01808159</agentLicenseDisplay>
		<org>•DRE #01808159</org>
	</listed_by>
	<price_insights>
		<List_Price>$409,000</List_Price>
		<Est._Mo._Payment>$1,900</Est._Mo._Payment>
		<Redfin_Estimate>$388,119</Redfin_Estimate>
		<key name="Price/Sq.Ft.">$503</key>
	</price_insights>
	<home_facts>
		<Status>Active</Status>
		<Time_on_Redfin>88 days</Time_on_Redfin>
		<Property_Type>Condominium</Property_Type>
		<HOA_Dues>$300/month</HOA_Dues>
		<Year_Built>1982</Year_Built>
		<Community>WLA - West Los Angeles</Community>
		<Lot_Size>3.83 Acres</Lot_Size>
		<key name="MLS#">WS20128137</key>
	</home_facts>
	<property_details>
		<item>
			<item>Interior Features</item>
			<item>
				<item>
					<item>Laundry Information</item>
					<item>
						<item>Has Laundry</item>
						<item>On Upper Level</item>
					</item>
				</item>
				<item>
					<item>Bathroom Information</item>
					<item>
						<item># of Baths (Full): 2</item>
					</item>
				</item>
				<item>
					<item>Cooling Information</item>
					<item>
						<item>Central</item>
						<item>Has Cooling</item>
					</item>
				</item>
				<item>
					<item>Room Information</item>
					<item>
						<item>All Bedrooms Up, Entry</item>
					</item>
				</item>
				<item>
					<item>Fireplace Information</item>
					<item>
						<item>Bath, Bonus Room, Den, Dining Room, Family Room, Kitchen, Living Room, Master Bedroom, Electric, Gas, Gas Starter</item>
						<item>Has Fireplace</item>
					</item>
				</item>
				<item>
					<item>Heating Information</item>
					<item>
						<item>Central Furnace</item>
						<item>Has Heating</item>
					</item>
				</item>
				<item>
					<item>Interior Features</item>
					<item>
						<item>French Doors</item>
						<item>Levels: One</item>
						<item>Main Level Bathrooms: 2</item>
						<item>Main Level Bedrooms: 2</item>
					</item>
				</item>
			</item>
		</item>
		<item>
			<item>Parking / Garage, Multi-Unit Information, Homeowners Association, Utilities</item>
			<item>
				<item>
					<item>Parking / Garage Information</item>
					<item>
						<item>Attached Garage</item>
						<item># of Garage Spaces: 2</item>
						<item># of Parking Spaces: 2</item>
					</item>
				</item>
				<item>
					<item>Multi-Unit Information</item>
					<item>
						<item># of Units In Community: 170</item>
					</item>
				</item>
				<item>
					<item>Homeowners Association</item>
					<item>
						<item>Is Part of Association</item>
						<item>Association Name: Autumn Pointa</item>
						<item>Monthly</item>
						<item>Association Fee: $300</item>
						<item>Association Amenities: Pool, Spa, Barbecue, Picnic Area, Trash, Sewer, Water, Onsite Property Management, Security, Controlled Access, Hot Water</item>
					</item>
				</item>
				<item>
					<item>Utilities Information</item>
					<item>
						<item>Sewer: Public Sewer</item>
						<item>Water Source: District/Public</item>
					</item>
				</item>
			</item>
		</item>
		<item>
			<item>Exterior Features</item>
			<item>
				<item>
					<item>Exterior Information</item>
					<item>
						<item>Fencing: Excellent Condition</item>
						<item>Has Fence</item>
					</item>
				</item>
				<item>
					<item>Exterior Features</item>
					<item>
						<item>Pool Features: Association</item>
					</item>
				</item>
			</item>
		</item>
		<item>
			<item>School / Neighborhood</item>
			<item>
				<item>
					<item>Neighborhood Information</item>
					<item>
						<item>Curbs</item>
					</item>
				</item>
				<item>
					<item>School Information</item>
					<item>
						<item>High School District: Los Angeles Unified</item>
					</item>
				</item>
			</item>
		</item>
		<item>
			<item>Taxes / Assessments, Location Details</item>
			<item>
				<item>
					<item>Assesments Information</item>
					<item>
						<item>Assessments: Sewer Assessments</item>
					</item>
				</item>
				<item>
					<item>Location Information</item>
					<item>
						<item>Directions: Take Fwy 710, 10 or 60 to California State University, stay on  Mariondale ave, then go to college Dr. to  lillyvalle Ave, left turn on Lillyvalle ave, now you see Bohlig Road, left turn on Bohlig road about 200 ft, then reach this property</item>
						<item>Zoning: LARD1.5</item>
					</item>
				</item>
			</item>
		</item>
		<item>
			<item>Property / Lot Details</item>
			<item>
				<item>
					<item>Lot Information</item>
					<item>
						<item>Elevation Units: Feet</item>
						<item>Lot Size Source: Assessor's Data</item>
					</item>
				</item>
				<item>
					<item>Property Information</item>
					<item>
						<item>Common Interest: Condominium</item>
						<item>Total # of Units: 1</item>
						<item>Common Walls: 1 common wall</item>
						<item>Parcel Number: 5221012086</item>
						<item>Attached Property</item>
						<item>Has View</item>
						<item>Year Built Source: Public Records</item>
					</item>
				</item>
			</item>
		</item>
	</property_details>
	<public_facts>
		<Beds>2</Beds>
		<Baths>2</Baths>
		<Finished_Sq._Ft.>813</Finished_Sq._Ft.>
		<Unfinished_Sq._Ft.>—</Unfinished_Sq._Ft.>
		<Total_Sq._Ft.>813</Total_Sq._Ft.>
		<Stories>—</Stories>
		<Lot_Size>—</Lot_Size>
		<Style>Condo/Co-op</Style>
		<Year_Built>1982</Year_Built>
		<Year_Renovated>1982</Year_Renovated>
		<County>Los Angeles County</County>
		<APN>5221012086</APN>
	</public_facts>
</home>
