<?xml version="1.0" ?>
<home>
	<HomeInfo_Address>
		<street-address>2915 Warwick Ave </street-address>
		<locality>El Sereno, </locality>
		<region>CA</region>
		<postal-code>90032</postal-code>
	</HomeInfo_Address>
	<main_stats>
		<Price>$899,000</Price>
		<Beds>5</Beds>
		<Baths>4</Baths>
		<key name="$461 / Sq. Ft.">1,950</key>
	</main_stats>
	<text_base_description>Welcome to one of the most sought after area of El Sereno, sub-market of Los Angeles. Conveniently located close to Cal State LA, Downtown LA, USC Medical Center, South Pasadena, and Alhambra, the El Sereno neighborhood is undergoing rapid growth and urbanization as older stock apartment buildings are being renovated and upgraded to appeal to the Millennials seeking affordable housing alternatives. New construction homes, fourplexes, retail and entertainment options are transforming this once sleepy-bedroom community into a vibrant city-like location. This turnkey 3 unit property boasts a large, detached 3-bed, 2-bath home with a large yard, ample parking and a garage. There is a separate duplex with 2 units, each with 1-bed  &amp;  1-bath. There are up to 8 parking spots available at the property, which is a huge bonus in this area. Located near shopping, dining, transportation, parks, and schools, this location is highly desirable. Numerous upgrades at the home include partial copper plumbing, new doors  &amp;  windows, new electrical panels, upgrades to the foundation, and much more. With significant development in the area, the El Sereno market is red hot and this property provides endless future potential  . The property is located on a quiet residential street, with mostly single-family homes, providing a cozy neighborhood-like feel with abundant street-parking for guests. Two units may be delivered vacant! </text_base_description>
	<listed_by>
		<name>Andrew Munoz</name>
		<agentLicenseDisplay>•DRE #01989243</agentLicenseDisplay>
		<org>•DRE #01989243</org>
	</listed_by>
	<price_insights>
		<List_Price>$899,000</List_Price>
		<Est._Mo._Payment>$4,176</Est._Mo._Payment>
		<Redfin_Estimate>$892,634</Redfin_Estimate>
		<key name="Price/Sq.Ft.">$461</key>
	</price_insights>
	<home_facts>
		<Status>Active</Status>
		<Time_on_Redfin>34 hours</Time_on_Redfin>
		<Property_Type>Triplex</Property_Type>
		<Year_Built>1946</Year_Built>
		<Community>621 - El Sereno</Community>
		<Lot_Size>6,108 Sq. Ft.</Lot_Size>
		<key name="MLS#">PW20201495</key>
	</home_facts>
	<property_details>
		<item>
			<item>Interior Features</item>
			<item>
				<item>
					<item>Laundry Information</item>
					<item>
						<item>Has Laundry</item>
						<item>Gas Dryer Hookup, Inside, See Remarks, Washer Hookup</item>
					</item>
				</item>
				<item>
					<item>Cooling Information</item>
					<item>
						<item>Wall Window</item>
						<item>Has Cooling</item>
					</item>
				</item>
				<item>
					<item>Heating Information</item>
					<item>
						<item>Wall Heater</item>
						<item>Has Heating</item>
					</item>
				</item>
				<item>
					<item>Interior Features</item>
					<item>
						<item>Ceiling Fan, Copper Plumbing Partial, Crown Moldings</item>
					</item>
				</item>
			</item>
		</item>
		<item>
			<item>Parking / Garage, Exterior Features, School / Neighborhood, Utilities</item>
			<item>
				<item>
					<item>Parking / Garage Information</item>
					<item>
						<item>Uncovered Spaces: 7</item>
						<item># of Garage Spaces: 1</item>
						<item>Assigned, Driveway - Asphalt, Garage</item>
						<item>Has Parking</item>
						<item># of Parking Spaces: 8</item>
					</item>
				</item>
				<item>
					<item>Exterior Features</item>
					<item>
						<item>Pool Features: None</item>
					</item>
				</item>
				<item>
					<item>Neighborhood Information</item>
					<item>
						<item>Sidewalks, Street Lighting</item>
					</item>
				</item>
				<item>
					<item>Utilities Information</item>
					<item>
						<item>Sewer: Public Sewer</item>
						<item>Water Source: District/Public</item>
					</item>
				</item>
			</item>
		</item>
		<item>
			<item>Multi-Unit Information</item>
			<item>
				<item>
					<item>Unit Type 1 Information</item>
					<item>
						<item>Actual Rent: $1,480</item>
						<item>Total # of Baths: 2</item>
						<item>Total # of Beds: 3</item>
						<item>Furnished: Furnished</item>
						<item># of Garage Spaces: 1</item>
						<item>Total Rent: $1,480</item>
						<item>Total # of Units: 1</item>
					</item>
				</item>
				<item>
					<item>Unit Type 2 Information</item>
					<item>
						<item>Actual Rent: $655</item>
						<item>Total # of Baths: 1</item>
						<item>Total # of Beds: 1</item>
						<item>Furnished: Furnished</item>
						<item>Total Rent: $655</item>
						<item>Total # of Units: 1</item>
					</item>
				</item>
				<item>
					<item>Unit Type 3 Information</item>
					<item>
						<item>Actual Rent: $864</item>
						<item>Total # of Baths: 1</item>
						<item>Total # of Beds: 1</item>
						<item>Furnished: Furnished</item>
						<item>Total Rent: $864</item>
						<item>Total # of Units: 1</item>
					</item>
				</item>
				<item>
					<item>Expenses</item>
					<item>
						<item>Total: $10,037</item>
						<item>Insurance: $1,600</item>
						<item>Water Sewer: $2,400</item>
						<item>New Taxes: $11,237</item>
					</item>
				</item>
				<item>
					<item>Multi-Unit Information</item>
					<item>
						<item>Net Operating Income: $28,951</item>
						<item>Average 3 Bed Area Units: Sq. Ft.</item>
						<item>Average 2 Bed Area Units: Sq. Ft.</item>
						<item>Average 1 Bed Area Units: Sq. Ft.</item>
						<item>Sq. Ft.</item>
						<item>Total Building Area: 1,950</item>
						<item>Garage Income: $200</item>
						<item>Gross Scheduled Income: $38,988</item>
						<item>Gross Income: $38,988</item>
						<item># Of Leased Units: 3</item>
						<item># Of Separate Water Meters: 1</item>
						<item># Of Separate Gas Meters: 3</item>
						<item># Of Separate Electric Meters: 3</item>
						<item># Of Buildings: 2</item>
					</item>
				</item>
			</item>
		</item>
		<item>
			<item>Lease / Rent Details, Location Details</item>
			<item>
				<item>
					<item>Lease / Rental Details</item>
					<item>
						<item>Number Of Rented Garages: 1</item>
						<item>Operating Expense: $10,037</item>
						<item>Rent Control</item>
						<item>Tenant Pays: Electricity, Gas, Trash</item>
						<item>Total Actual Rent: $3,199</item>
					</item>
				</item>
				<item>
					<item>Location Information</item>
					<item>
						<item>Directions: W/Fremont N/Alhambra Ave.</item>
						<item>Zoning: LAR1</item>
					</item>
				</item>
			</item>
		</item>
		<item>
			<item>Property / Lot Details</item>
			<item>
				<item>
					<item>Lot Information</item>
					<item>
						<item>Elevation Units: Feet</item>
						<item>Lot Size Source: Assessor's Data</item>
						<item>Lot Features: 0-1 Unit/Acre</item>
					</item>
				</item>
				<item>
					<item>Property Information</item>
					<item>
						<item>Total # of Units: 3</item>
						<item>Common Walls: 1 common wall</item>
						<item>Parcel Number: 5220021014</item>
						<item>Attached Property</item>
						<item>Property Condition: Turnkey, Updated/Remodeled</item>
						<item>Year Built Source: Assessor</item>
					</item>
				</item>
			</item>
		</item>
	</property_details>
	<public_facts>
		<Beds>2</Beds>
		<Baths>2</Baths>
		<Finished_Sq._Ft.>904</Finished_Sq._Ft.>
		<Unfinished_Sq._Ft.>—</Unfinished_Sq._Ft.>
		<Total_Sq._Ft.>904</Total_Sq._Ft.>
		<Stories>—</Stories>
		<Lot_Size>6,108 Sq. Ft.</Lot_Size>
		<Style>Multi-Family (2-4 Unit)</Style>
		<Year_Built>1946</Year_Built>
		<Year_Renovated>—</Year_Renovated>
		<County>Los Angeles County</County>
		<APN>5220021014</APN>
	</public_facts>
</home>
