<?xml version="1.0" ?>
<home>
	<HomeInfo_Address>
		<street-address>0 Marianna Ave </street-address>
		<locality>Los Angeles, </locality>
		<region>CA</region>
		<postal-code>90032</postal-code>
	</HomeInfo_Address>
	<main_stats>
		<Price>$199,900</Price>
		<Beds>—</Beds>
		<Baths>—</Baths>
		<Sq._Ft.>—</Sq._Ft.>
	</main_stats>
	<text_base_description>Development opportunity. This 8,064 sq. ft. lot offers a breathtaking view in the El Sereno area of Los Angeles. This lot is in close proximity to USC Keck Medical Center, Cal State Los Angeles campus and some of the most sought out areas of Los Angeles. Broker and Brokers Agents do not represent or guarantee accuracy of the square footage and lot size. Buyer is advised to independently verify the accuracy of all information with city and county of Los Angeles.  </text_base_description>
	<listed_by>
		<name>YOLANDA THOMAS</name>
		<agentLicenseDisplay>•DRE #01450226</agentLicenseDisplay>
		<org>•DRE #01450226</org>
	</listed_by>
	<price_insights>
		<List_Price>$199,900</List_Price>
		<Est._Mo._Payment>$928</Est._Mo._Payment>
		<Redfin_Estimate>$227,516</Redfin_Estimate>
	</price_insights>
	<home_facts>
		<Status>Active</Status>
		<Time_on_Redfin>176 days</Time_on_Redfin>
		<Community>699 - Not Defined</Community>
		<Lot_Size>8,064 Sq. Ft.</Lot_Size>
		<key name="MLS#">CV20069051</key>
	</home_facts>
	<property_details>
		<item>
			<item>School / Neighborhood, Utilities, Location Details</item>
			<item>
				<item>
					<item>Neighborhood Information</item>
					<item>
						<item>Curbs, Sidewalks, Storm Drains, Street Lighting, Urban</item>
					</item>
				</item>
				<item>
					<item>Utilities Information</item>
					<item>
						<item>Water Source: See Remarks</item>
					</item>
				</item>
				<item>
					<item>Location Information</item>
					<item>
						<item>Directions: Off Valley and Marianna</item>
						<item>Zoning: LAR1</item>
					</item>
				</item>
			</item>
		</item>
		<item>
			<item>Property / Lot Details</item>
			<item>
				<item>
					<item>Lot Information</item>
					<item>
						<item>Distance To Water Comments: See Remarks</item>
						<item>Elevation Units: Feet</item>
						<item>Lot Size Source: Assessor's Data</item>
						<item>Lot Features: 0-1 Unit/Acre, Down Slope from Street</item>
					</item>
				</item>
				<item>
					<item>Property Information</item>
					<item>
						<item>Parcel Number: 5223009004</item>
						<item>Has View</item>
					</item>
				</item>
			</item>
		</item>
	</property_details>
	<public_facts>
		<Beds>—</Beds>
		<Baths>—</Baths>
		<Finished_Sq._Ft.>—</Finished_Sq._Ft.>
		<Unfinished_Sq._Ft.>—</Unfinished_Sq._Ft.>
		<Total_Sq._Ft.>126,479</Total_Sq._Ft.>
		<Stories>3</Stories>
		<Lot_Size>—</Lot_Size>
		<Style>Condo/Co-op</Style>
		<Year_Built>1966</Year_Built>
		<Year_Renovated>1966</Year_Renovated>
		<County>Los Angeles County</County>
		<APN>5223002006</APN>
	</public_facts>
</home>
