<?xml version="1.0" ?>
<home>
	<HomeInfo_Address>
		<street-address>4938 O Sullivan Dr </street-address>
		<locality>Los Angeles, </locality>
		<region>CA</region>
		<postal-code>90032</postal-code>
	</HomeInfo_Address>
	<main_stats>
		<Price>$688,000</Price>
		<Beds>3</Beds>
		<Baths>2</Baths>
		<key name="$636 / Sq. Ft.">1,082</key>
	</main_stats>
	<text_base_description>Price is negotiable, welcome to submit your best offers.  </text_base_description>
	<listed_by>
		<name>YING XIA</name>
		<agentLicenseDisplay>•DRE #02031925</agentLicenseDisplay>
		<org>•DRE #02031925</org>
	</listed_by>
	<price_insights>
		<List_Price>$688,000</List_Price>
		<Est._Mo._Payment>$3,196</Est._Mo._Payment>
		<Redfin_Estimate>$697,419</Redfin_Estimate>
		<key name="Price/Sq.Ft.">$636</key>
	</price_insights>
	<home_facts>
		<Status>Active</Status>
		<Time_on_Redfin>7 hours</Time_on_Redfin>
		<Property_Type>Single Family Residence</Property_Type>
		<Year_Built>1962</Year_Built>
		<Community>699 - Not Defined</Community>
		<Lot_Size>4,800 Sq. Ft.</Lot_Size>
		<key name="MLS#">WS20202211</key>
	</home_facts>
	<property_details>
		<item>
			<item>Interior Features</item>
			<item>
				<item>
					<item>Laundry Information</item>
					<item>
						<item>Has Laundry</item>
						<item>See Remarks</item>
					</item>
				</item>
				<item>
					<item>Bathroom Information</item>
					<item>
						<item># of Baths (Full): 2</item>
					</item>
				</item>
				<item>
					<item>Cooling Information</item>
					<item>
						<item>See Remarks</item>
						<item>Has Cooling</item>
					</item>
				</item>
				<item>
					<item>Room Information</item>
					<item>
						<item>See Remarks</item>
					</item>
				</item>
				<item>
					<item>Fireplace Information</item>
					<item>
						<item>See Remarks</item>
						<item>Has Fireplace</item>
					</item>
				</item>
				<item>
					<item>Interior Features</item>
					<item>
						<item>Levels: One</item>
						<item>Main Level Bathrooms: 2</item>
						<item>Main Level Bedrooms: 3</item>
					</item>
				</item>
			</item>
		</item>
		<item>
			<item>Parking / Garage, Exterior Features, Utilities, Taxes / Assessments</item>
			<item>
				<item>
					<item>Parking / Garage Information</item>
					<item>
						<item>Attached Garage</item>
						<item># of Garage Spaces: 1</item>
						<item># of Parking Spaces: 1</item>
					</item>
				</item>
				<item>
					<item>Exterior Features</item>
					<item>
						<item>Pool Features: None</item>
					</item>
				</item>
				<item>
					<item>Utilities Information</item>
					<item>
						<item>Sewer: Public Sewer</item>
						<item>Water Source: District/Public</item>
					</item>
				</item>
				<item>
					<item>Assesments Information</item>
					<item>
						<item>Assessments: Unknown</item>
					</item>
				</item>
			</item>
		</item>
		<item>
			<item>School / Neighborhood</item>
			<item>
				<item>
					<item>Neighborhood Information</item>
					<item>
						<item>Valley</item>
					</item>
				</item>
				<item>
					<item>School Information</item>
					<item>
						<item>High School District: Los Angeles Unified</item>
					</item>
				</item>
			</item>
		</item>
		<item>
			<item>Property / Lot Details</item>
			<item>
				<item>
					<item>Lot Information</item>
					<item>
						<item>Elevation Units: Feet</item>
						<item>Lot Size Source: Assessor's Data</item>
						<item>Lot Features: 0-1 Unit/Acre</item>
					</item>
				</item>
				<item>
					<item>Property Information</item>
					<item>
						<item>Total # of Units: 1</item>
						<item>Common Walls: No Common Walls</item>
						<item>Parcel Number: 5223018026</item>
						<item>Total # of Stories: 1</item>
						<item>Has View</item>
						<item>Year Built Source: Assessor</item>
					</item>
				</item>
			</item>
		</item>
		<item>
			<item>Location Details</item>
			<item>
				<item>
					<item>Location Information</item>
					<item>
						<item>Directions: GPS</item>
						<item>Zoning: LAR1</item>
					</item>
				</item>
			</item>
		</item>
	</property_details>
	<public_facts>
		<Beds>3</Beds>
		<Baths>2</Baths>
		<Finished_Sq._Ft.>1,082</Finished_Sq._Ft.>
		<Unfinished_Sq._Ft.>—</Unfinished_Sq._Ft.>
		<Total_Sq._Ft.>1,082</Total_Sq._Ft.>
		<Stories>1</Stories>
		<Lot_Size>4,800 Sq. Ft.</Lot_Size>
		<Style>Single Family Residential</Style>
		<Year_Built>1962</Year_Built>
		<Year_Renovated>1962</Year_Renovated>
		<County>Los Angeles County</County>
		<APN>5223018026</APN>
	</public_facts>
</home>
