<?xml version="1.0" ?>
<home>
	<HomeInfo_Address>
		<street-address>1806 N Eastern Ave </street-address>
		<locality>Los Angeles, </locality>
		<region>CA</region>
		<postal-code>90032</postal-code>
	</HomeInfo_Address>
	<main_stats>
		<Price>$450,000</Price>
		<Bed>1</Bed>
		<Bath>1</Bath>
		<key name="$1393 / Sq. Ft.">323</key>
	</main_stats>
	<text_base_description>This is a fixer upper!  Investor's Dream!  Located minutes away from Cal State LA, this one bedroom one bathroom single family home sits on top of a hill. 323 sqft of living space on a 3,603 sqft lot. Huge potential. Conveniently located near the 10, 710, and 5 freeway.  </text_base_description>
	<listed_by>
		<name>CHRISTINE CHENG</name>
		<agentLicenseDisplay>•DRE #01991087</agentLicenseDisplay>
		<org>•DRE #01991087</org>
	</listed_by>
	<price_insights>
		<List_Price>$450,000</List_Price>
		<Est._Mo._Payment>$2,091</Est._Mo._Payment>
		<Redfin_Estimate>$445,532</Redfin_Estimate>
		<key name="Price/Sq.Ft.">$1,393</key>
	</price_insights>
	<home_facts>
		<Status>Active</Status>
		<Time_on_Redfin>5 days</Time_on_Redfin>
		<Property_Type>Single Family Residence</Property_Type>
		<Year_Built>1947</Year_Built>
		<Community>BOYH - Boyle Heights</Community>
		<Lot_Size>3,603 Sq. Ft.</Lot_Size>
		<key name="MLS#">WS20198817</key>
	</home_facts>
	<property_details>
		<item>
			<item>Interior Features</item>
			<item>
				<item>
					<item>Laundry Information</item>
					<item>
						<item>None</item>
					</item>
				</item>
				<item>
					<item>Bathroom Information</item>
					<item>
						<item># of Baths (Full): 1</item>
						<item>Shower</item>
					</item>
				</item>
				<item>
					<item>Cooling Information</item>
					<item>
						<item>Wall Window</item>
						<item>Has Cooling</item>
					</item>
				</item>
				<item>
					<item>Room Information</item>
					<item>
						<item>Living Room, Main Floor Bedroom</item>
					</item>
				</item>
				<item>
					<item>Interior Features</item>
					<item>
						<item>Levels: One</item>
						<item>Main Level Bathrooms: 1</item>
						<item>Main Level Bedrooms: 1</item>
					</item>
				</item>
			</item>
		</item>
		<item>
			<item>Parking / Garage, Exterior Features, Utilities, Location Details</item>
			<item>
				<item>
					<item>Parking / Garage Information</item>
					<item>
						<item>Street</item>
					</item>
				</item>
				<item>
					<item>Exterior Features</item>
					<item>
						<item>Pool Features: None</item>
					</item>
				</item>
				<item>
					<item>Utilities Information</item>
					<item>
						<item>Sewer: Public Sewer</item>
						<item>Water Source: District/Public</item>
					</item>
				</item>
				<item>
					<item>Location Information</item>
					<item>
						<item>Directions: Corner of Eastern Ave and Medford St.</item>
						<item>Zoning: LCC3*</item>
					</item>
				</item>
			</item>
		</item>
		<item>
			<item>School / Neighborhood</item>
			<item>
				<item>
					<item>Neighborhood Information</item>
					<item>
						<item>Sidewalks, Street Lighting</item>
					</item>
				</item>
				<item>
					<item>School Information</item>
					<item>
						<item>High School District: Los Angeles Unified</item>
					</item>
				</item>
			</item>
		</item>
		<item>
			<item>Property / Lot Details</item>
			<item>
				<item>
					<item>Lot Information</item>
					<item>
						<item>Elevation Units: Feet</item>
						<item>Lot Size Source: Assessor's Data</item>
						<item>Lot Features: Down Slope from Street</item>
					</item>
				</item>
				<item>
					<item>Property Information</item>
					<item>
						<item>Total # of Units: 1</item>
						<item>Common Walls: No Common Walls</item>
						<item>Parcel Number: 5223012031</item>
						<item>Total # of Stories: 1</item>
						<item>Has View</item>
						<item>Year Built Source: Assessor</item>
					</item>
				</item>
			</item>
		</item>
	</property_details>
	<public_facts>
		<Beds>1</Beds>
		<Baths>1</Baths>
		<Finished_Sq._Ft.>323</Finished_Sq._Ft.>
		<Unfinished_Sq._Ft.>—</Unfinished_Sq._Ft.>
		<Total_Sq._Ft.>323</Total_Sq._Ft.>
		<Stories>—</Stories>
		<Lot_Size>3,603 Sq. Ft.</Lot_Size>
		<Style>Single Family Residential</Style>
		<Year_Built>1947</Year_Built>
		<Year_Renovated>1947</Year_Renovated>
		<County>Los Angeles County</County>
		<APN>5223012031</APN>
	</public_facts>
</home>
