<?xml version="1.0" ?>
<home>
	<HomeInfo_Address>
		<street-address>2065 Barnett Rd </street-address>
		<locality>Los Angeles, </locality>
		<region>CA</region>
		<postal-code>90032</postal-code>
	</HomeInfo_Address>
	<main_stats>
		<Price>$530,000</Price>
		<Bed>1</Bed>
		<Bath>1</Bath>
		<key name="$946 / Sq. Ft.">560</key>
	</main_stats>
	<text_base_description>VIEWS  &amp;  VIEWS!!!  'All Cash' Offers Only; This property is located in the sought-after area of University Hills, this home is truly a Diamond in the rough. .. with some TLC this home will be a true delight. With many breathtaking views from the front balcony, you can see Downtown LA, you are also within walking distance to Cal-State LA and close to USC Medical. There is both Garage and driveway parking, including an additional parking area on the side of the home. There is a nice size back yard for entertaining family and friends, and much more! </text_base_description>
	<listed_by>
		<name>Andrea Drawn</name>
		<agentLicenseDisplay>•DRE #00921389</agentLicenseDisplay>
		<org>•DRE #00921389</org>
	</listed_by>
	<price_insights>
		<List_Price>$530,000</List_Price>
		<Est._Mo._Payment>$2,462</Est._Mo._Payment>
		<Redfin_Estimate>$509,282</Redfin_Estimate>
		<key name="Price/Sq.Ft.">$946</key>
	</price_insights>
	<home_facts>
		<Status>Active</Status>
		<Time_on_Redfin>327 days</Time_on_Redfin>
		<Property_Type>Single Family Residence</Property_Type>
		<Year_Built>1929</Year_Built>
		<Community>621 - El Sereno</Community>
		<Lot_Size>6,217 Sq. Ft.</Lot_Size>
		<key name="MLS#">P0-819005101</key>
	</home_facts>
	<property_details>
		<item>
			<item>Virtual Tour, Parking / Garage, Property / Lot Details, Location Details</item>
			<item>
				<item>
					<item>Virtual Tour</item>
					<item>
						<item>Virtual Tour URL Branded: Virtual Tour (External Link)</item>
						<item>Virtual TourURL Unbranded: Virtual Tour (External Link)</item>
					</item>
				</item>
				<item>
					<item>Parking / Garage Information</item>
					<item>
						<item># of Garage Spaces: 1</item>
						<item># of Parking Spaces: 1</item>
					</item>
				</item>
				<item>
					<item>Property Information</item>
					<item>
						<item>Living Area Source: Public Records</item>
						<item>Parcel Number: 5223021011</item>
						<item>Has View</item>
						<item>Year Built Source: Assessor</item>
					</item>
				</item>
				<item>
					<item>Location Information</item>
					<item>
						<item>Other Subdivision Name: Other</item>
						<item>Directions: From 710 fwy, turn left onto Valley Blvd. to Mariondale Ave. make a left then proceed to Paseo Rancho Castilla, make right proceed to  Lansdowne Ave make another  right to O'Sullivan Dr, make a left proceed up the hill to Barnett Road. (Barnett Road is on your left) off of O'Sullivan Drive. Cross Street: O'Sullivan Drive</item>
						<item>Subdivision Name: Other</item>
						<item>Zoning: LAR1</item>
					</item>
				</item>
			</item>
		</item>
		<item>
			<item>Interior Features</item>
			<item>
				<item>
					<item>Bathroom Information</item>
					<item>
						<item># of Baths (Full): 1</item>
					</item>
				</item>
				<item>
					<item>Interior Features</item>
					<item>
						<item>Balcony</item>
						<item>Levels: Multi/Split</item>
					</item>
				</item>
			</item>
		</item>
	</property_details>
	<public_facts>
		<Beds>1</Beds>
		<Baths>1</Baths>
		<Finished_Sq._Ft.>560</Finished_Sq._Ft.>
		<Unfinished_Sq._Ft.>—</Unfinished_Sq._Ft.>
		<Total_Sq._Ft.>560</Total_Sq._Ft.>
		<Stories>1</Stories>
		<Lot_Size>6,217 Sq. Ft.</Lot_Size>
		<Style>Single Family Residential</Style>
		<Year_Built>1929</Year_Built>
		<Year_Renovated>1929</Year_Renovated>
		<County>Los Angeles County</County>
		<APN>5223021011</APN>
	</public_facts>
</home>
