<?xml version="1.0" ?>
<home>
	<HomeInfo_Address>
		<street-address>3411 Galena St </street-address>
		<locality>Los Angeles, </locality>
		<region>CA</region>
		<postal-code>90032</postal-code>
	</HomeInfo_Address>
	<main_stats>
		<Price>$585,000</Price>
		<Beds>2</Beds>
		<Bath>1</Bath>
		<key name="$561 / Sq. Ft.">1,043</key>
	</main_stats>
	<text_base_description>Perfect home to remodel and remake at your own design.  </text_base_description>
	<listed_by>
		<name>Ramiro Palomo</name>
		<agentLicenseDisplay>•DRE #01492448</agentLicenseDisplay>
		<org>•DRE #01492448</org>
	</listed_by>
	<price_insights>
		<List_Price>$585,000</List_Price>
		<Est._Mo._Payment>$2,717</Est._Mo._Payment>
		<Redfin_Estimate>$579,048</Redfin_Estimate>
		<key name="Price/Sq.Ft.">$561</key>
	</price_insights>
	<home_facts>
		<Status>Active</Status>
		<Time_on_Redfin>75 days</Time_on_Redfin>
		<Property_Type>Single Family Residence</Property_Type>
		<Year_Built>1910</Year_Built>
		<Community>621 - El Sereno</Community>
		<Lot_Size>2,614 Sq. Ft.</Lot_Size>
		<key name="MLS#">P0-820002703</key>
	</home_facts>
	<property_details>
		<item>
			<item>Interior Features</item>
			<item>
				<item>
					<item>Bathroom Information</item>
					<item>
						<item># of Baths (Full): 1</item>
					</item>
				</item>
				<item>
					<item>Flooring Information</item>
					<item>
						<item>Carpet, Laminated</item>
					</item>
				</item>
				<item>
					<item>Interior Features</item>
					<item>
						<item>Levels: One</item>
					</item>
				</item>
			</item>
		</item>
		<item>
			<item>Parking / Garage, Exterior Features, Location Details</item>
			<item>
				<item>
					<item>Parking / Garage Information</item>
					<item>
						<item># of Garage Spaces: 2</item>
						<item># of Parking Spaces: 2</item>
					</item>
				</item>
				<item>
					<item>Exterior Information</item>
					<item>
						<item>Fencing: Chain Link</item>
						<item>Has Fence</item>
					</item>
				</item>
				<item>
					<item>Location Information</item>
					<item>
						<item>Other Subdivision Name: Not Applicable - 1007242</item>
						<item>Directions: Cross Street: Topaz</item>
						<item>Subdivision Name: Not Applicable - 1007242</item>
						<item>Zoning: LAR1</item>
					</item>
				</item>
			</item>
		</item>
		<item>
			<item>Property / Lot Details</item>
			<item>
				<item>
					<item>Lot Information</item>
					<item>
						<item>Lot Size Source: Estimated</item>
					</item>
				</item>
				<item>
					<item>Property Information</item>
					<item>
						<item>Parcel Number: 5305026003</item>
						<item>Total # of Stories: 1</item>
						<item>Year Built Source: Estimated</item>
					</item>
				</item>
			</item>
		</item>
	</property_details>
	<public_facts>
		<Beds>2</Beds>
		<Baths>1</Baths>
		<Finished_Sq._Ft.>1,043</Finished_Sq._Ft.>
		<Unfinished_Sq._Ft.>—</Unfinished_Sq._Ft.>
		<Total_Sq._Ft.>1,043</Total_Sq._Ft.>
		<Stories>1</Stories>
		<Lot_Size>2,969 Sq. Ft.</Lot_Size>
		<Style>Single Family Residential</Style>
		<Year_Built>1910</Year_Built>
		<Year_Renovated>1927</Year_Renovated>
		<County>Los Angeles County</County>
		<APN>5305026003</APN>
	</public_facts>
</home>
