<?xml version="1.0" ?>
<home>
	<HomeInfo_Address>
		<street-address>4425 W Rose Hill Dr </street-address>
		<locality>Los Angeles, </locality>
		<region>CA</region>
		<postal-code>90032</postal-code>
	</HomeInfo_Address>
	<main_stats>
		<Price>$79,000</Price>
		<Beds>—</Beds>
		<Baths>—</Baths>
		<Sq._Ft.>—</Sq._Ft.>
	</main_stats>
	<text_base_description>TWO LOTS BEING SOLD TOGETHER &gt;&gt;&gt;&gt;&gt; Check out lot size Beautiful piece of land ready to build. Owners originally wanted to build on it but their retirement plans changed. There are two lots side by side and seller would like to sell both as a package since it will allow any builder more space to build a beautiful home. Check out the view this property can give. Easy access to all utilities  As you know . .. .. it might be available today and gone tomorrow! CALL NOW    See you in escrow </text_base_description>
	<listed_by>
		<name>Elvis Huerta</name>
		<agentLicenseDisplay>•DRE #02013961</agentLicenseDisplay>
		<org>•DRE #02013961</org>
	</listed_by>
	<price_insights>
		<List_Price>$79,000</List_Price>
		<Est._Mo._Payment>$367</Est._Mo._Payment>
		<Redfin_Estimate>$69,886</Redfin_Estimate>
	</price_insights>
	<home_facts>
		<Status>Active</Status>
		<Time_on_Redfin>506 days</Time_on_Redfin>
		<Community>699 - Not Defined</Community>
		<Lot_Size>7,470 Sq. Ft.</Lot_Size>
		<key name="MLS#">DW19109535</key>
	</home_facts>
	<property_details>
		<item>
			<item>School / Neighborhood, Utilities, Location Details</item>
			<item>
				<item>
					<item>Neighborhood Information</item>
					<item>
						<item>Rural</item>
					</item>
				</item>
				<item>
					<item>Utilities Information</item>
					<item>
						<item>Water Source: See Remarks</item>
					</item>
				</item>
				<item>
					<item>Location Information</item>
					<item>
						<item>Directions: West of Huntington Drive</item>
						<item>Zoning: LAR1</item>
					</item>
				</item>
			</item>
		</item>
		<item>
			<item>Property / Lot Details</item>
			<item>
				<item>
					<item>Lot Information</item>
					<item>
						<item>Possible Use Comments: Build, parking, plant</item>
						<item>Distance To Water Comments: 0</item>
						<item>Additional Parcels Description: 5305020003</item>
						<item>Additional Parcels</item>
						<item>Elevation Units: Feet</item>
						<item>Lot Size Source: Assessor's Data</item>
						<item>Lot Features: Lot 6500-9999, Up Slope from Street</item>
					</item>
				</item>
				<item>
					<item>Property Information</item>
					<item>
						<item>Parcel Number: 5305020004</item>
						<item>Has View</item>
					</item>
				</item>
			</item>
		</item>
	</property_details>
	<public_facts>
		<Beds>—</Beds>
		<Baths>1</Baths>
		<Finished_Sq._Ft.>280</Finished_Sq._Ft.>
		<Unfinished_Sq._Ft.>—</Unfinished_Sq._Ft.>
		<Total_Sq._Ft.>280</Total_Sq._Ft.>
		<Stories>—</Stories>
		<Lot_Size>3,044 Sq. Ft.</Lot_Size>
		<Style>Single Family Residential</Style>
		<Year_Built>1923</Year_Built>
		<Year_Renovated>1928</Year_Renovated>
		<County>Los Angeles County</County>
		<APN>5305020004</APN>
	</public_facts>
</home>
