<?xml version="1.0" ?>
<home>
	<HomeInfo_Address>
		<street-address>4400 Portola Ave </street-address>
		<locality>Los Angeles, </locality>
		<region>CA</region>
		<postal-code>90032</postal-code>
	</HomeInfo_Address>
	<main_stats>
		<Price>$765,000</Price>
		<Beds>2</Beds>
		<Baths>2.25</Baths>
		<key name="$638 / Sq. Ft.">1,200</key>
	</main_stats>
	<text_base_description>Home Sweet Home. Come see the potential of this great corner lot. Wonderful opportunity for developers. Intersect with two cul-de-suc streets. Must see to appreciate! Airy and bright. There are green belt hilly views from the master Bedroom and Breakfast area. A Gem in the rough yet the house inside is livable. There is a 400 sq. ft. basement, with windows and 3./4 bathroom with its own entrance. Fruit trees, and passion fruits vine surrounding the house. 5 car ports, Quiet area yet minutes from shopping, downtown and South Pasadena. House can be delivered furnished for additional cost.  </text_base_description>
	<listed_by>
		<name>Rachel Neuwirth</name>
		<agentLicenseDisplay>•DRE #00874714</agentLicenseDisplay>
		<org>•DRE #00874714</org>
	</listed_by>
	<price_insights>
		<List_Price>$765,000</List_Price>
		<Est._Mo._Payment>$3,554</Est._Mo._Payment>
		<Redfin_Estimate>$725,424</Redfin_Estimate>
		<key name="Price/Sq.Ft.">$638</key>
	</price_insights>
	<home_facts>
		<Status>Active</Status>
		<Time_on_Redfin>41 days</Time_on_Redfin>
		<Property_Type>Single Family, Residential Single-Family</Property_Type>
		<Year_Built>1929</Year_Built>
		<Style>Other</Style>
		<Community>El Sereno</Community>
		<Lot_Size>8,486 Sq. Ft.</Lot_Size>
		<key name="MLS#">20-619476</key>
	</home_facts>
	<property_details>
		<item>
			<item>Virtual Tour, School / Neighborhood, Utilities, Taxes / Assessments</item>
			<item>
				<item>
					<item>Virtual Tour</item>
					<item>
						<item>Virtual Tour (External Link)</item>
					</item>
				</item>
				<item>
					<item>Community Information</item>
					<item>
						<item>Athletic Court: None</item>
					</item>
				</item>
				<item>
					<item>Utility Information</item>
					<item>
						<item>Sewer: In Street</item>
						<item>Water: In Street, Public</item>
					</item>
				</item>
				<item>
					<item>Assessment Information</item>
					<item>
						<item>Assessor Parcel Number: 5307-021-012</item>
					</item>
				</item>
			</item>
		</item>
		<item>
			<item>Interior Features</item>
			<item>
				<item>
					<item>Bedroom Information</item>
					<item>
						<item>All Bedrooms Down, Main Floor Bedroom</item>
					</item>
				</item>
				<item>
					<item>Bathroom Information</item>
					<item>
						<item># of Baths (Full): 2</item>
						<item># of Baths (1/4): 1</item>
						<item>Shower and Tub, Shower Stall</item>
					</item>
				</item>
				<item>
					<item>Kitchen Information</item>
					<item>
						<item>Cooktop - Gas</item>
						<item>Granite Counters</item>
					</item>
				</item>
				<item>
					<item>Laundry Information</item>
					<item>
						<item>Laundry Area</item>
					</item>
				</item>
				<item>
					<item>Additional Rooms</item>
					<item>
						<item>Breakfast Area, Other - See Remarks, Formal Dining Room</item>
						<item>Basement, Breakfast Area</item>
					</item>
				</item>
				<item>
					<item>Interior Features</item>
					<item>
						<item>Furnished Or Unfurnished</item>
						<item>Living Room</item>
						<item>Windows: Vertical Blinds</item>
					</item>
				</item>
				<item>
					<item>Flooring Information</item>
					<item>
						<item>Hardwood Floors, Tile Floors</item>
					</item>
				</item>
				<item>
					<item>Equipment</item>
					<item>
						<item>Gas Dryer Hookup, Ceiling Fan</item>
					</item>
				</item>
				<item>
					<item>Heating &amp; Cooling</item>
					<item>
						<item>Ceiling Fan, Wall Unit Cooling</item>
						<item>Wall Heat</item>
						<item>Water Heater Features: Water Heater Unit</item>
					</item>
				</item>
			</item>
		</item>
		<item>
			<item>Parking / Garage</item>
			<item>
				<item>
					<item>Garage</item>
					<item>
						<item>Carport Detached</item>
					</item>
				</item>
				<item>
					<item>Parking</item>
					<item>
						<item># of Parking Spaces (Total): 5</item>
						<item># of Carport Spaces: 5</item>
					</item>
				</item>
			</item>
		</item>
		<item>
			<item>Exterior Features</item>
			<item>
				<item>
					<item>Building Information</item>
					<item>
						<item>Total Floors: 1</item>
						<item>Ground Level</item>
						<item>Attached</item>
						<item>Attached</item>
						<item>Faces West</item>
						<item>Security Features: Smoke Detector, Carbon Monoxide Detector(s)</item>
						<item>Guest House: Attached</item>
						<item>Exterior Construction: Aluminum</item>
					</item>
				</item>
				<item>
					<item>Exterior Features</item>
					<item>
						<item>Roof: Other</item>
						<item>Patio Features: Porch - Rear</item>
						<item>Other Structural Features: Balcony</item>
					</item>
				</item>
				<item>
					<item>Pool Information</item>
					<item>
						<item>Bath Tub</item>
					</item>
				</item>
			</item>
		</item>
		<item>
			<item>Property / Lot Details</item>
			<item>
				<item>
					<item>Property Information</item>
					<item>
						<item>Property Type: Residential Single-Family</item>
					</item>
				</item>
				<item>
					<item>Land Information</item>
					<item>
						<item>Other Structures: Shed</item>
					</item>
				</item>
				<item>
					<item>Lot Information</item>
					<item>
						<item>Lot Size (Sq. Ft.): 8,486</item>
						<item>Lot Size (Acres): 0.1948</item>
						<item>Zoning: LAR1</item>
						<item>Lot Description: Corners Established, Fenced, Back Yard, Front Yard, Fenced Yard</item>
					</item>
				</item>
				<item>
					<item>Property Features</item>
					<item>
						<item>Chain Link Fence</item>
						<item>Has View</item>
						<item>View: Hills, Green Belt</item>
					</item>
				</item>
			</item>
		</item>
		<item>
			<item>Location Details, Documents &amp; Disclosures, Listing Information</item>
			<item>
				<item>
					<item>Location Information</item>
					<item>
						<item>Directions: See GPS</item>
						<item>Cross Streets: See GPS</item>
					</item>
				</item>
				<item>
					<item>Documents &amp; Disclosures</item>
					<item>
						<item>Disclosures: As Is</item>
					</item>
				</item>
				<item>
					<item>Listing Information</item>
					<item>
						<item>Possession: Close Of Escrow</item>
					</item>
				</item>
			</item>
		</item>
	</property_details>
	<public_facts>
		<Beds>2</Beds>
		<Baths>1</Baths>
		<Finished_Sq._Ft.>976</Finished_Sq._Ft.>
		<Unfinished_Sq._Ft.>—</Unfinished_Sq._Ft.>
		<Total_Sq._Ft.>976</Total_Sq._Ft.>
		<Stories>1</Stories>
		<Lot_Size>8,486 Sq. Ft.</Lot_Size>
		<Style>Single Family Residential</Style>
		<Year_Built>1929</Year_Built>
		<Year_Renovated>1930</Year_Renovated>
		<County>Los Angeles County</County>
		<APN>5307021012</APN>
	</public_facts>
</home>
