<?xml version="1.0" ?>
<home>
	<HomeInfo_Address>
		<street-address>5237 Lathrop St </street-address>
		<locality>El Sereno, </locality>
		<region>CA</region>
		<postal-code>90032</postal-code>
	</HomeInfo_Address>
	<main_stats>
		<Price>$549,000</Price>
		<Beds>2</Beds>
		<Bath>1</Bath>
		<key name="$824 / Sq. Ft.">666</key>
	</main_stats>
	<text_base_description>A COZY HOME WITH PANARAMIC VIEWS. * SOLD AS IS *   CLOSE BY TO A LOCAL PARK. THIS HOME IS MINUTES FROM TO DOWNTOWN LOS ANGELES, USC MEDICAL, CAL STATE L. A. AND SHOPPING CENTERS. 2 SMALL UNPERMITTED AND UNFINISHED BONUS ROOMS (NOT INCLUDED IN THE RECORDED FOOTAGE). RECENTLY MADE UPGRADES SUCH AS ALL WINDOWS, CABINETS, FLOORING AND REMODELED BATHROOM. PROPERTY HAS POTENTIAL ACCESS FROM STREET ABOVE. THIS IS A MUST SEE! </text_base_description>
	<listed_by>
		<name>Argelia Cruz</name>
		<agentLicenseDisplay>•DRE #01231559</agentLicenseDisplay>
		<org>•DRE #01231559</org>
	</listed_by>
	<price_insights>
		<List_Price>$549,000</List_Price>
		<Est._Mo._Payment>$2,550</Est._Mo._Payment>
		<Redfin_Estimate>$537,941</Redfin_Estimate>
		<key name="Price/Sq.Ft.">$824</key>
	</price_insights>
	<home_facts>
		<Status>Active</Status>
		<Time_on_Redfin>72 days</Time_on_Redfin>
		<Property_Type>Single Family Residence</Property_Type>
		<Year_Built>1942</Year_Built>
		<Community>621 - El Sereno</Community>
		<Lot_Size>5,368 Sq. Ft.</Lot_Size>
		<key name="MLS#">TR20141791</key>
	</home_facts>
	<property_details>
		<item>
			<item>Interior Features</item>
			<item>
				<item>
					<item>Laundry Information</item>
					<item>
						<item>Has Laundry</item>
						<item>Outside</item>
					</item>
				</item>
				<item>
					<item>Bathroom Information</item>
					<item>
						<item># of Baths (Full): 1</item>
					</item>
				</item>
				<item>
					<item>Room Information</item>
					<item>
						<item>All Bedrooms Down, Bonus Room</item>
					</item>
				</item>
				<item>
					<item>Interior Features</item>
					<item>
						<item>Levels: One</item>
						<item>Main Level Bathrooms: 1</item>
						<item>Main Level Bedrooms: 2</item>
					</item>
				</item>
			</item>
		</item>
		<item>
			<item>Exterior Features, Utilities, Location Details</item>
			<item>
				<item>
					<item>Exterior Features</item>
					<item>
						<item>Pool Features: None</item>
					</item>
				</item>
				<item>
					<item>Utilities Information</item>
					<item>
						<item>Sewer: Public Sewer</item>
						<item>Water Source: District/Public</item>
					</item>
				</item>
				<item>
					<item>Location Information</item>
					<item>
						<item>Directions: MAJOR STREETS HUNTINGTON DRIVE AND VAN HORNE</item>
						<item>Zoning: LAR1</item>
					</item>
				</item>
			</item>
		</item>
		<item>
			<item>School / Neighborhood</item>
			<item>
				<item>
					<item>Neighborhood Information</item>
					<item>
						<item>Park</item>
					</item>
				</item>
				<item>
					<item>School Information</item>
					<item>
						<item>High School District: Los Angeles Unified</item>
					</item>
				</item>
			</item>
		</item>
		<item>
			<item>Property / Lot Details</item>
			<item>
				<item>
					<item>Lot Information</item>
					<item>
						<item>Elevation Units: Feet</item>
						<item>Lot Size Source: Assessor's Data</item>
						<item>Lot Features: 0-1 Unit/Acre, Down Slope from Street</item>
					</item>
				</item>
				<item>
					<item>Property Information</item>
					<item>
						<item>Total # of Units: 1</item>
						<item>Common Walls: No Common Walls</item>
						<item>Parcel Number: 5309010030</item>
						<item>Total # of Stories: 1</item>
						<item>Has View</item>
						<item>Year Built Source: Assessor</item>
					</item>
				</item>
			</item>
		</item>
	</property_details>
	<public_facts>
		<Beds>2</Beds>
		<Baths>1</Baths>
		<Finished_Sq._Ft.>666</Finished_Sq._Ft.>
		<Unfinished_Sq._Ft.>—</Unfinished_Sq._Ft.>
		<Total_Sq._Ft.>666</Total_Sq._Ft.>
		<Stories>1</Stories>
		<Lot_Size>5,368 Sq. Ft.</Lot_Size>
		<Style>Single Family Residential</Style>
		<Year_Built>1942</Year_Built>
		<Year_Renovated>1948</Year_Renovated>
		<County>Los Angeles County</County>
		<APN>5309010030</APN>
	</public_facts>
</home>
