<?xml version="1.0" ?>
<home>
	<HomeInfo_Address>
		<street-address>4343 Stillwell Ave </street-address>
		<locality>Los Angeles, </locality>
		<region>CA</region>
		<postal-code>90032</postal-code>
	</HomeInfo_Address>
	<main_stats>
		<Price>$1,200,000</Price>
		<Beds>—</Beds>
		<Baths>—</Baths>
		<Sq._Ft.>—</Sq._Ft.>
	</main_stats>
	<text_base_description>Builders and developers dream lot!! 2 Acres of buildable land in a very desirable community with easy unobstructed access off Newtonia Drive for all contraction purposes. This property in surrounded by mostly single family homes that are quickly climbing in value and is ideal for building brand new homes.  </text_base_description>
	<listed_by>
		<name>Daniel Waheed</name>
		<agentLicenseDisplay>•DRE #02105900</agentLicenseDisplay>
		<org>•DRE #02105900</org>
	</listed_by>
	<price_insights>
		<List_Price>$1,200,000</List_Price>
		<Est._Mo._Payment>$5,575</Est._Mo._Payment>
		<Redfin_Estimate>$1,118,860</Redfin_Estimate>
	</price_insights>
	<home_facts>
		<Status>Active</Status>
		<Time_on_Redfin>9 days</Time_on_Redfin>
		<Community>699 - Not Defined</Community>
		<Lot_Size>2 Acres</Lot_Size>
		<key name="MLS#">PW20195912</key>
	</home_facts>
	<property_details>
		<item>
			<item>School / Neighborhood, Utilities, Location Details</item>
			<item>
				<item>
					<item>Neighborhood Information</item>
					<item>
						<item>Curbs</item>
					</item>
				</item>
				<item>
					<item>Utilities Information</item>
					<item>
						<item>None</item>
						<item>Water Source: District/Public</item>
					</item>
				</item>
				<item>
					<item>Location Information</item>
					<item>
						<item>Directions: Cross Streets: N. HUNTINGTON DR/W. FREMONT</item>
						<item>Zoning: LAR1</item>
					</item>
				</item>
			</item>
		</item>
		<item>
			<item>Property / Lot Details</item>
			<item>
				<item>
					<item>Lot Information</item>
					<item>
						<item>Distance To Water Comments: 0</item>
						<item>Elevation Units: Feet</item>
						<item>Lot Size Source: Assessor's Data</item>
						<item>Lot Features: 2-5 Units/Acre</item>
					</item>
				</item>
				<item>
					<item>Property Information</item>
					<item>
						<item>Parcel Number: 5309006009</item>
					</item>
				</item>
			</item>
		</item>
	</property_details>
	<public_facts>
		<Beds>2</Beds>
		<Baths>1</Baths>
		<Finished_Sq._Ft.>1,000</Finished_Sq._Ft.>
		<Unfinished_Sq._Ft.>—</Unfinished_Sq._Ft.>
		<Total_Sq._Ft.>1,000</Total_Sq._Ft.>
		<Stories>—</Stories>
		<Lot_Size>2.18 Acres</Lot_Size>
		<Style>Single Family Residential</Style>
		<Year_Built>1940</Year_Built>
		<Year_Renovated>1940</Year_Renovated>
		<County>Los Angeles County</County>
		<APN>5309006009</APN>
	</public_facts>
</home>
