<?xml version="1.0" ?>
<home>
	<HomeInfo_Address>
		<street-address>344 Noe St </street-address>
		<locality>San Francisco, </locality>
		<region>CA</region>
		<postal-code>94114</postal-code>
	</HomeInfo_Address>
	<main_stats>
		<Price>$2,998,000</Price>
		<Beds>4</Beds>
		<Baths>3</Baths>
		<Sq._Ft.>—</Sq._Ft.>
	</main_stats>
	<text_base_description>Two detached homes on lrg lot located in the heart of Castro/Mission Dolores. A gorgeously remodeled Victorian home is designated at the main house. Beautiful original period details showcased throughout w/ ornate wainscoting, classic moldings, soaring ceilings, 2 marble fireplaces, wood floors  &amp;  bay windows. Formal living rm w/ pocket doors opens to dining rm adorned w/ gold leaf mirror  &amp;  frplce. A chef's dream in this renovated kitchen boasting huge center island w/ seating, SS appliances, glass tile backsplash  &amp;  Quartz counters w/ direct access to garage  &amp;  yard. New bath sits adjacent w/ clawfoot tub/shower. Upper flr features spacious front bdrm w/ bay windows, sitting area w/ frplce, 2nd BD + den/office or 3rd bed option w/ direct access to deck  &amp;  split bath. Lovely garden  &amp;  patio divides the 1940's Bungalow Carriage house. Offering 2 bedrooms, living, dining, updated eat-in kitchen  &amp;  bath w/ skylight, W/ D  &amp;  private rear patio -ideal rental/guest house. Truly a rare find  &amp;  100 Walkscore! </text_base_description>
	<listed_by>
		<name>Joanna Rose</name>
		<agentLicenseDisplay>•DRE #01748746</agentLicenseDisplay>
		<listed_by_page>/real-estate-agents/joanna-rose</listed_by_page>
	</listed_by>
	<price_insights>
		<List_Price>$2,998,000</List_Price>
		<Est._Mo._Payment>$13,777</Est._Mo._Payment>
		<Redfin_Estimate>$3,007,986</Redfin_Estimate>
		<key name="Buyer's Brokerage Compensation">2.5%</key>
	</price_insights>
	<home_facts>
		<Status>Active</Status>
		<Time_on_Redfin>34 days</Time_on_Redfin>
		<Property_Type>Detached, 2 Story, Single-Family Home</Property_Type>
		<Year_Built>1900</Year_Built>
		<Style>Victorian, Bungalow</Style>
		<Community>Eureka Valley/Dolore</Community>
		<Lot_Size>3,249 Sq. Ft.</Lot_Size>
		<key name="MLS#">504311</key>
	</home_facts>
	<property_details>
		<item>
			<item>Virtual Tour, Parking / Garage, Exterior Features, Multi-Unit Information</item>
			<item>
				<item>
					<item>Virtual Tour</item>
					<item>
						<item>Virtual Tour (External Link)</item>
						<item>Virtual Media: 3</item>
					</item>
				</item>
				<item>
					<item>Parking Information</item>
					<item>
						<item>Parking Type: On Site</item>
						<item># of Garage Spaces: 2</item>
						<item># of Parking Spaces: 2</item>
						<item>Attached, Garage, Automatic Door, Interior Access</item>
					</item>
				</item>
				<item>
					<item>Exterior Features</item>
					<item>
						<item>Deck(s), Enclosed Patio(s), Fenced Yard, Garden, Landscaping (Rear), Patio(s), Security Gate</item>
					</item>
				</item>
				<item>
					<item>Multi-Family Features</item>
					<item>
						<item>Monthly Rent: 0.00</item>
					</item>
				</item>
			</item>
		</item>
		<item>
			<item>Interior Features</item>
			<item>
				<item>
					<item>Bedroom Information</item>
					<item>
						<item># of Bedrooms: 4</item>
						<item>2 Bedrooms on Upper Level</item>
					</item>
				</item>
				<item>
					<item>Bathroom Information</item>
					<item>
						<item># of Baths: 3</item>
						<item>1 Bath on Upper Level</item>
						<item>1 Bath on Main Level</item>
						<item>Split Bath, Tile, Marble, Shower over Tub, Stall Shower, Skylight(s), Remodeled</item>
					</item>
				</item>
				<item>
					<item>Living Room Information</item>
					<item>
						<item>Living Room: Cathedral/Vaulted</item>
						<item>Living Room on Main Level</item>
					</item>
				</item>
				<item>
					<item>Dining Room Information</item>
					<item>
						<item>Dining Room on Main Level</item>
						<item>Formal</item>
					</item>
				</item>
				<item>
					<item>Additional Rooms</item>
					<item>
						<item>Den/Bonus Room: 1</item>
						<item>Den/Study, Laundry Room, Storage, In Law Apartment, Bonus Room</item>
					</item>
				</item>
				<item>
					<item>Fireplace Information</item>
					<item>
						<item># of Fireplace(s): 2, In Master Bedroom, In Dining Room</item>
					</item>
				</item>
				<item>
					<item>Laundry Information</item>
					<item>
						<item>Laundry Appliances: Washer/Dryer, In Laundry Room</item>
					</item>
				</item>
				<item>
					<item>Kitchen Features</item>
					<item>
						<item>Gas Range, Hood Over Range, Refrigerator, Dishwasher, Microwave, Garbage Disposal, Island, Pantry, Remodeled</item>
						<item>Kitchen on Main Level</item>
					</item>
				</item>
				<item>
					<item>Interior Features</item>
					<item>
						<item>Floors: Hardwood</item>
						<item># of Rooms (Total): 0</item>
						<item>1 Bath on Main Level, Living Room on Main Level, Dining Room on Main Level, Kitchen on Main Level</item>
						<item>2 Bedrooms on Upper Level, 1 Bath on Upper Level</item>
						<item>Bay Window(s), Ceiling Fan(s), Double Pane Windows, Formal Entry, Security Alarm(s), Smoke Alarms, Storage Area(s)</item>
					</item>
				</item>
				<item>
					<item>Heating &amp; Cooling</item>
					<item>
						<item>Heating/Cooling: Central Heating</item>
					</item>
				</item>
			</item>
		</item>
		<item>
			<item>Homeowners Association, Location Details, Documents &amp; Disclosures</item>
			<item>
				<item>
					<item>Homeowners Association Information</item>
					<item>
						<item>Unconfirmed Co-op Fee: 0.00</item>
					</item>
				</item>
				<item>
					<item>Location Information</item>
					<item>
						<item>Cross Street: Between 16th St &amp; 17th St</item>
					</item>
				</item>
				<item>
					<item>Documents &amp; Disclosures</item>
					<item>
						<item>Documents/Disclosure: Disclosure Pkg Avail</item>
					</item>
				</item>
			</item>
		</item>
		<item>
			<item>Property / Lot Details</item>
			<item>
				<item>
					<item>Lot Information</item>
					<item>
						<item>Lot Measurement: Square Feet</item>
						<item>Workshop, Guest House(s)</item>
					</item>
				</item>
				<item>
					<item>Property Information</item>
					<item>
						<item>Transportation: 1 Block</item>
						<item>Shopping: 1 Block</item>
						<item>Type: Detached, 2 Story</item>
						<item>Garden, Landscaping (Rear), Fenced Yard, Patio(s), Enclosed Patio(s), Deck(s), Formal Entry, Bay Window(s), Double Pane Windows, Storage Area(s), Ceiling Fan(s), Smoke Alarms, Security Alarm(s), Security Gate</item>
						<item>APN: 3563-005</item>
						<item>Property Disclaimer: Copyright: 2020 by San Francisco Assoc of REALTORS - All data, including all measurements and calculations of area, is obtained from various sources and has not been, and will not be, verified by broker or MLS. All information should be independently reviewed and verified for accuracy. Properties may or may not be listed by the office/agent presenting the information.</item>
					</item>
				</item>
			</item>
		</item>
		<item>
			<item>Listing Information</item>
			<item>
				<item>
					<item>Listing Information</item>
					<item>
						<item>Original Price: $2,998,000</item>
						<item>On Market Date: Friday, August 21, 2020</item>
					</item>
				</item>
				<item>
					<item>Buyer's Brokerage Compensation</item>
					<item>
						<item>2.5%</item>
					</item>
				</item>
			</item>
		</item>
	</property_details>
	<public_facts>
		<Beds>4</Beds>
		<Baths>3</Baths>
		<Finished_Sq._Ft.>—</Finished_Sq._Ft.>
		<Unfinished_Sq._Ft.>—</Unfinished_Sq._Ft.>
		<Total_Sq._Ft.>2,562</Total_Sq._Ft.>
		<Stories>2</Stories>
		<Lot_Size>3,249 Sq. Ft.</Lot_Size>
		<Style>Multi-Family (2-4 Unit)</Style>
		<Year_Built>1900</Year_Built>
		<Year_Renovated>—</Year_Renovated>
		<County>San Francisco County</County>
		<APN>3563 005</APN>
	</public_facts>
</home>
