<?xml version="1.0" ?>
<home>
	<HomeInfo_Address>
		<street-address>713 N Alta Vista Blvd </street-address>
		<locality>West Hollywood, </locality>
		<region>CA</region>
		<postal-code>90046</postal-code>
	</HomeInfo_Address>
	<main_stats>
		<Price>$1,799,000</Price>
		<Beds>3</Beds>
		<Baths>2.75</Baths>
		<key name="$832 / Sq. Ft.">2,162</key>
	</main_stats>
	<text_base_description>Exceptionally private and stylish Spanish bungalow within the desirable neighborhood of Melrose Village. Close to the Farmer’s Market and some of the top restaurants in Los Angeles, you’ll find this hidden retreat. A private gate welcomes you to the front yard with mature landscaping and a high fence that encloses the perimeter. A hardscape patio leads to the entryway of the home. Through the door is the sizable living room boasting ample natural light through an oversized arched window, high vaulted ceilings, beautifully exposed wood beams, and original hardwood floors. The updated kitchen is flooded with natural light through the ceiling skylight that extends above the Viking range and high end appliances. The home has three sizable bedrooms all ensuite, with larger closets than what is traditionally found in a 1920’s Spanish Style home. A romantic deck shaded with cascading Bougainvillea is accessible from both the master and 2nd bedroom providing a perfect escape at the end of the day. Turf grass extends from the deck creating a drought tolerant entertainment space that leads to the heated swimming pool. A converted garage doubles as an office/bedroom space with storage and stylish fixtures. Additionally, there are two gated uncovered parking spots on the property. Sellers have architectural plans for a potential expansion included with the sale (see attachments). Come experience the Melrose lifestyle that is 713 N. Alta Vista! </text_base_description>
	<listed_by>
		<name>Victoria Parks-Murphy</name>
		<agentLicenseDisplay>•DRE #02024128</agentLicenseDisplay>
		<org>•DRE #02024128</org>
	</listed_by>
	<price_insights>
		<List_Price>$1,799,000</List_Price>
		<Est._Mo._Payment>$8,337</Est._Mo._Payment>
		<Redfin_Estimate>$1,764,387</Redfin_Estimate>
		<key name="Price/Sq.Ft.">$832</key>
	</price_insights>
	<home_facts>
		<Status>Active</Status>
		<Time_on_Redfin>29 days</Time_on_Redfin>
		<Property_Type>Single Family Residence</Property_Type>
		<Year_Built>1928</Year_Built>
		<Style>Spanish</Style>
		<Community>C10 - West Hollywood Vicinity</Community>
		<Lot_Size>6,756 Sq. Ft.</Lot_Size>
		<key name="MLS#">SR20173894</key>
	</home_facts>
	<property_details>
		<item>
			<item>Virtual Tour, Parking / Garage, Utilities, Taxes / Assessments</item>
			<item>
				<item>
					<item>Virtual Tour</item>
					<item>
						<item>Virtual Tour URL Branded: Virtual Tour (External Link)</item>
						<item>Virtual TourURL Unbranded: Virtual Tour (External Link)</item>
					</item>
				</item>
				<item>
					<item>Parking / Garage Information</item>
					<item>
						<item>Uncovered Spaces: 2</item>
						<item># of Parking Spaces: 2</item>
					</item>
				</item>
				<item>
					<item>Utilities Information</item>
					<item>
						<item>Sewer: Public Sewer</item>
						<item>Water Source: District/Public</item>
					</item>
				</item>
				<item>
					<item>Assesments Information</item>
					<item>
						<item>Assessments: Unknown</item>
					</item>
				</item>
			</item>
		</item>
		<item>
			<item>Interior Features</item>
			<item>
				<item>
					<item>Laundry Information</item>
					<item>
						<item>Has Laundry</item>
						<item>Individual Room, Inside</item>
					</item>
				</item>
				<item>
					<item>Kitchen Information</item>
					<item>
						<item>Breakfast Counter / Bar</item>
					</item>
				</item>
				<item>
					<item>Bathroom Information</item>
					<item>
						<item># of Baths (Full): 2</item>
						<item># of Baths (3/4): 1</item>
					</item>
				</item>
				<item>
					<item>Cooling Information</item>
					<item>
						<item>Central</item>
						<item>Has Cooling</item>
					</item>
				</item>
				<item>
					<item>Room Information</item>
					<item>
						<item>All Bedrooms Down, Laundry, Living Room, Main Floor Bedroom, Main Floor Master Bedroom, Master Bathroom, Office</item>
					</item>
				</item>
				<item>
					<item>Fireplace Information</item>
					<item>
						<item>Living Room</item>
						<item>Has Fireplace</item>
					</item>
				</item>
				<item>
					<item>Heating Information</item>
					<item>
						<item>Central Furnace</item>
						<item>Has Heating</item>
					</item>
				</item>
				<item>
					<item>Interior Features</item>
					<item>
						<item>Levels: One</item>
						<item>Main Level Bathrooms: 3</item>
						<item>Main Level Bedrooms: 3</item>
						<item>Window Features: Skylights</item>
					</item>
				</item>
			</item>
		</item>
		<item>
			<item>Exterior Features</item>
			<item>
				<item>
					<item>Exterior Information</item>
					<item>
						<item>Roof: Spanish Tile</item>
						<item>Fencing: Wood</item>
						<item>Has Fence</item>
					</item>
				</item>
				<item>
					<item>Exterior Features</item>
					<item>
						<item>Pool Features: Private, In Ground</item>
						<item>Has Pool</item>
					</item>
				</item>
			</item>
		</item>
		<item>
			<item>School / Neighborhood</item>
			<item>
				<item>
					<item>Neighborhood Information</item>
					<item>
						<item>Sidewalks, Urban</item>
					</item>
				</item>
				<item>
					<item>School Information</item>
					<item>
						<item>High School District: Los Angeles Unified</item>
					</item>
				</item>
			</item>
		</item>
		<item>
			<item>Property / Lot Details</item>
			<item>
				<item>
					<item>Lot Information</item>
					<item>
						<item>Elevation Units: Feet</item>
						<item>Lot Size Source: Assessor's Data</item>
						<item>Lot Features: 0-1 Unit/Acre</item>
					</item>
				</item>
				<item>
					<item>Property Information</item>
					<item>
						<item>Total # of Units: 1</item>
						<item>Common Walls: No Common Walls</item>
						<item>Parcel Number: 5525012009</item>
						<item>Total # of Stories: 1</item>
						<item>Year Built Source: Public Records</item>
					</item>
				</item>
			</item>
		</item>
		<item>
			<item>Location Details</item>
			<item>
				<item>
					<item>Location Information</item>
					<item>
						<item>Directions: Near Cross section of La Brea and Melrose</item>
						<item>Zoning: LAR1</item>
					</item>
				</item>
			</item>
		</item>
	</property_details>
	<public_facts>
		<Beds>3</Beds>
		<Baths>2</Baths>
		<Finished_Sq._Ft.>1,815</Finished_Sq._Ft.>
		<Unfinished_Sq._Ft.>—</Unfinished_Sq._Ft.>
		<Total_Sq._Ft.>1,815</Total_Sq._Ft.>
		<Stories>1</Stories>
		<Lot_Size>6,756 Sq. Ft.</Lot_Size>
		<Style>Single Family Residential</Style>
		<Year_Built>1928</Year_Built>
		<Year_Renovated>1937</Year_Renovated>
		<County>Los Angeles County</County>
		<APN>5525012009</APN>
	</public_facts>
</home>
