<?xml version="1.0" ?>
<home>
	<HomeInfo_Address>
		<street-address>744 N Vista St </street-address>
		<locality>Los Angeles, </locality>
		<region>CA</region>
		<postal-code>90046</postal-code>
	</HomeInfo_Address>
	<main_stats>
		<Price>$3,799,000</Price>
		<Beds>5</Beds>
		<Baths>5.5</Baths>
		<key name="$745 / Sq. Ft.">5,100</key>
	</main_stats>
	<text_base_description>Discover your new lifestyle at this city stunning prime location custom new build featured one of a kind head turning interior designs quality craftsmanship  &amp;  cozy open transitional floorplan. You'll want to linger in the dramatic entry light  &amp;  bright 14ft high ceiling formal living rm natural colors chic hardwood floors. This Luxury Estate offers contemporary modern  &amp;  traditional stylish lifestyle! Prepare family feasts in a luxurious chefs kitchen w/ all you need 60''  Sub-Zero Refrigerator  &amp;  Wolf appliances plus a large island! The large private back yard saltwater Spa  &amp;  Pool, Tall trees for privacy invites your imagination for new outdoor living lifestyle. Equipped with Wine room-Wine collectors paradise! Control4 home automation, 2 washers 2 dryers hookups, Full basement features 2 bedrooms, second family /game/main open living spaces, also a stunning designer style Wet bar  &amp;  screening theater for those family or game times, You do not want to miss on this stunning luxury new estate </text_base_description>
	<listed_by>
		<name>Patrick Bengal</name>
		<agentLicenseDisplay>•DRE #01723519</agentLicenseDisplay>
		<org>•DRE #01723519</org>
	</listed_by>
	<price_insights>
		<List_Price>$3,799,000</List_Price>
		<Est._Mo._Payment>$17,606</Est._Mo._Payment>
		<Redfin_Estimate>$3,768,198</Redfin_Estimate>
		<key name="Price/Sq.Ft.">$745</key>
	</price_insights>
	<home_facts>
		<Status>Active</Status>
		<Time_on_Redfin>3 days</Time_on_Redfin>
		<Property_Type>Single Family, Residential Single-Family</Property_Type>
		<Year_Built>2020</Year_Built>
		<Style>Cape Cod</Style>
		<Community>Beverly Center-Miracle Mile</Community>
		<Lot_Size>7,001 Sq. Ft.</Lot_Size>
		<key name="MLS#">20-635686</key>
	</home_facts>
	<property_details>
		<item>
			<item>Interior Features</item>
			<item>
				<item>
					<item>Bedroom Information</item>
					<item>
						<item>WalkInCloset, Master Suite</item>
					</item>
				</item>
				<item>
					<item>Bathroom Information</item>
					<item>
						<item># of Baths (Full): 5</item>
						<item># of Baths (1/2): 1</item>
						<item>Double Vanity(s), Linen Closet, Low Flow Shower(s), Low Flow Toilet(s), Powder Room, Shower and Tub, Shower Over Tub, Steam Shower</item>
					</item>
				</item>
				<item>
					<item>Kitchen Information</item>
					<item>
						<item>Double Oven, Built-In Gas, Oven-Gas</item>
						<item>Island, Open to Family Room, Pantry</item>
					</item>
				</item>
				<item>
					<item>Laundry Information</item>
					<item>
						<item>Laundry Room</item>
					</item>
				</item>
				<item>
					<item>Additional Rooms</item>
					<item>
						<item>Breakfast Nook, Formal Dining Room, Kitchen Island</item>
						<item>Dining Room</item>
						<item>Family Room</item>
						<item>Basement, Breakfast Room, Dining Room, Home Theatre, Living Room, Master Bedroom, Pantry, Powder Room, Bar Room, Center Hall, Formal Entry Room, Family Room, Patio Open, Projection, Separate Family Room, Walk-In Closet, Walk-In Pantry, Wine Cellar, Patio Covered</item>
					</item>
				</item>
				<item>
					<item>Interior Features</item>
					<item>
						<item>Furnished Or Unfurnished</item>
						<item>Bar, Basement, Furnished, Built-Ins, Crown Moldings</item>
						<item>Living Room</item>
						<item>Windows: Double Pane Windows, Screens</item>
					</item>
				</item>
				<item>
					<item>Fireplace Information</item>
					<item>
						<item>Gas Fireplace, In Living Room, In Master Bedroom, On Patio, In Family Room</item>
						<item># of Fireplaces: 5</item>
					</item>
				</item>
				<item>
					<item>Flooring Information</item>
					<item>
						<item>Hardwood Floors, Marble Floors</item>
					</item>
				</item>
				<item>
					<item>Equipment</item>
					<item>
						<item>Alarm System, Dishwasher, Gas Dryer Hookup, Microwave, Range/Oven, Refrigerator, Garbage Disposal, Hood Fan</item>
					</item>
				</item>
				<item>
					<item>Heating &amp; Cooling</item>
					<item>
						<item>Central Cooling, Dual Cooling, Multi/Zone Cooling</item>
						<item>Central Heat, Zoned Heat</item>
						<item>Water Heater Features: Gas, Hot Water Circulator, Central Water Heater, Tankless</item>
					</item>
				</item>
			</item>
		</item>
		<item>
			<item>Parking / Garage</item>
			<item>
				<item>
					<item>Garage</item>
					<item>
						<item>Attached, Private Garage</item>
						<item># of Garage Spaces: 2</item>
					</item>
				</item>
				<item>
					<item>Parking</item>
					<item>
						<item># of Parking Spaces (Total): 2</item>
						<item># of Covered Parking Spaces: 2</item>
					</item>
				</item>
			</item>
		</item>
		<item>
			<item>Exterior Features</item>
			<item>
				<item>
					<item>Building Information</item>
					<item>
						<item>Total Floors: 3</item>
						<item>Detached</item>
						<item>Detached/No Common Walls</item>
						<item>Security Features: Carbon Monoxide Detector(s), Fire Sprinklers, Owned, Fire and Smoke Detection System, Exterior Security Lights</item>
						<item>Exterior Construction: Brick, Hardee Plank, Wood</item>
					</item>
				</item>
				<item>
					<item>Exterior Features</item>
					<item>
						<item>Roof: Metal</item>
						<item>Patio Features: Patio Open</item>
						<item>Other Structural Features: Custom Built, High Ceilings (9 Feet+)</item>
					</item>
				</item>
				<item>
					<item>Pool Information</item>
					<item>
						<item>In Ground Pool, Private Pool</item>
						<item>Heated with Gas, In Ground Spa, Private Spa</item>
					</item>
				</item>
			</item>
		</item>
		<item>
			<item>Multi-Unit Information, Utilities, Taxes / Assessments, Location Details</item>
			<item>
				<item>
					<item>Multi-Unit Information</item>
					<item>
						<item># of Remote Controls: 2</item>
					</item>
				</item>
				<item>
					<item>Utility Information</item>
					<item>
						<item>Water: Water District, Public</item>
					</item>
				</item>
				<item>
					<item>Assessment Information</item>
					<item>
						<item>Assessor Parcel Number: 5526-010-016</item>
					</item>
				</item>
				<item>
					<item>Location Information</item>
					<item>
						<item>Directions: Warring &amp; Vista 90046</item>
					</item>
				</item>
			</item>
		</item>
		<item>
			<item>Property / Lot Details</item>
			<item>
				<item>
					<item>Property Information</item>
					<item>
						<item>Property Type: Residential Single-Family</item>
						<item>Property Condition: New Construction</item>
					</item>
				</item>
				<item>
					<item>Lot Information</item>
					<item>
						<item>Lot Size (Sq. Ft.): 7,001</item>
						<item>Zoning: LAR1</item>
						<item>Lot Description: Front Yard, Lawn, Back Yard, Gutters, Exterior Security Lights</item>
					</item>
				</item>
				<item>
					<item>Property Features</item>
					<item>
						<item>Vinyl Fence</item>
						<item>Front Sprinklers, Rear Sprinklers, Sprinkler System, Sprinkler Timer, Side Sprinklers, Drip Irrigation System</item>
						<item>Has View</item>
						<item>View: Pool</item>
					</item>
				</item>
			</item>
		</item>
		<item>
			<item>Documents &amp; Disclosures, Listing Information</item>
			<item>
				<item>
					<item>Documents &amp; Disclosures</item>
					<item>
						<item>Disclosures: None</item>
					</item>
				</item>
				<item>
					<item>Listing Information</item>
					<item>
						<item>Possession: Close Of Escrow</item>
					</item>
				</item>
			</item>
		</item>
	</property_details>
	<public_facts>
		<Beds>5</Beds>
		<Baths>6</Baths>
		<Finished_Sq._Ft.>5,197</Finished_Sq._Ft.>
		<Unfinished_Sq._Ft.>—</Unfinished_Sq._Ft.>
		<Total_Sq._Ft.>5,197</Total_Sq._Ft.>
		<Stories>1</Stories>
		<Lot_Size>7,001 Sq. Ft.</Lot_Size>
		<Style>Single Family Residential</Style>
		<Year_Built>2019</Year_Built>
		<Year_Renovated>2019</Year_Renovated>
		<County>Los Angeles County</County>
		<APN>5526010016</APN>
	</public_facts>
</home>
