<?xml version="1.0" ?>
<home>
	<HomeInfo_Address>
		<street-address>801 N Martel Ave #2 </street-address>
		<locality>Los Angeles, </locality>
		<region>CA</region>
		<postal-code>90046</postal-code>
	</HomeInfo_Address>
	<main_stats>
		<Price>$1,260,000</Price>
		<Beds>3</Beds>
		<Baths>4</Baths>
		<key name="$696 / Sq. Ft.">1,810</key>
	</main_stats>
	<text_base_description>Rare opportunity to own a 3 bedroom, 3.5 baths completely remodeled townhouse with private rooftop in LAs most desirable location for under 1.3M! One of thelargest square foot condo in the area. This no expense spared townhome has it all; very bright, low HOAs, 3 full en-suite bedrooms and panoramic views of the city. First floor features brand new kitchen, hardwood floors throughout, formal dining area, two story ceiling family room with a balcony, bar and fireplace. Laundry inside the unit. 2 car spaces in a gated garage. Quiet street and walking distance to the local parks, shopping, restaurants and the Grove. Beverly Center, Sunset Strip, Beverly Hills, Hollywood are just few miles away. Very convenient central location in the heart of the city. A must see! </text_base_description>
	<listed_by>
		<name>Alexis Boris Waterman</name>
		<agentLicenseDisplay>•DRE #01941211</agentLicenseDisplay>
		<org>•DRE #01941211</org>
	</listed_by>
	<price_insights>
		<List_Price>$1,260,000</List_Price>
		<Est._Mo._Payment>$5,839</Est._Mo._Payment>
		<Redfin_Estimate>$1,251,276</Redfin_Estimate>
		<key name="Price/Sq.Ft.">$696</key>
	</price_insights>
	<home_facts>
		<Status>Active</Status>
		<Time_on_Redfin>15 days</Time_on_Redfin>
		<Property_Type>Townhouse, Residential Condo/Co-Op</Property_Type>
		<HOA_Dues>$250/month</HOA_Dues>
		<Year_Built>1990</Year_Built>
		<Style>Contemporary</Style>
		<Community>West Hollywood Vicinity</Community>
		<Lot_Size>6,239 Sq. Ft.</Lot_Size>
		<key name="MLS#">20-629496</key>
	</home_facts>
	<property_details>
		<item>
			<item>Virtual Tour, Homeowners Association, School / Neighborhood, Taxes / Assessments</item>
			<item>
				<item>
					<item>Virtual Tour</item>
					<item>
						<item>Virtual Tour (External Link)</item>
					</item>
				</item>
				<item>
					<item>HOA Information</item>
					<item>
						<item>Amenities: Controlled Access, Gated Parking</item>
						<item>Fee #1: $250</item>
						<item>Fee #1 Frequency: Monthly</item>
						<item>Fees Include Maintenance</item>
						<item>AssociationPetRules: Yes</item>
					</item>
				</item>
				<item>
					<item>Community Information</item>
					<item>
						<item># of Units in Complex (Total): 5</item>
						<item>Athletic Court: None</item>
					</item>
				</item>
				<item>
					<item>Assessment Information</item>
					<item>
						<item>Assessor Parcel Number: 5526-005-043</item>
					</item>
				</item>
			</item>
		</item>
		<item>
			<item>Interior Features</item>
			<item>
				<item>
					<item>Bedroom Information</item>
					<item>
						<item>2 Master Bedrooms, All Bedrooms Up, Master Bedroom, Master Suite, WalkInCloset</item>
					</item>
				</item>
				<item>
					<item>Bathroom Information</item>
					<item>
						<item># of Baths (Full): 4</item>
						<item>Double Vanity(s), Linen Closet, Remodeled, Powder Room</item>
					</item>
				</item>
				<item>
					<item>Kitchen Information</item>
					<item>
						<item>Built-Ins, Gas, Microwave, Built-In BBQ</item>
					</item>
				</item>
				<item>
					<item>Laundry Information</item>
					<item>
						<item>Laundry in Unit, Laundry Inside, Laundry Area, Stacked Laundry in Closet</item>
					</item>
				</item>
				<item>
					<item>Additional Rooms</item>
					<item>
						<item>Dining Area</item>
						<item>Dining Room</item>
						<item>Family Room</item>
						<item>Den</item>
						<item>Family Room, Entry Room, Powder Room, Dining Room, Den, Patio Enclosed, Other Room, Master Bedroom, Living Room, Sun Room, Two Masters, Walk-In Closet</item>
					</item>
				</item>
				<item>
					<item>Interior Features</item>
					<item>
						<item>Ground Level w/steps</item>
					</item>
				</item>
				<item>
					<item>Fireplace Information</item>
					<item>
						<item>In Living Room</item>
					</item>
				</item>
				<item>
					<item>Flooring Information</item>
					<item>
						<item>Hardwood Floors</item>
					</item>
				</item>
				<item>
					<item>Equipment</item>
					<item>
						<item>Alarm System, Barbeque, Built-Ins, Cable, Dishwasher, Dryer, Phone System, Microwave, Ice Maker, Hood Fan, Garbage Disposal, Freezer, Gas Or Electric Dryer Hookup, Refrigerator, Range/Oven, Recirculated Exhaust Fan, Trash Compactor, Vented Exhaust Fan, Washer, Water Filter, Water Purifier</item>
					</item>
				</item>
				<item>
					<item>Heating &amp; Cooling</item>
					<item>
						<item>A/C</item>
						<item>Central Heat, Fireplace Heat</item>
					</item>
				</item>
			</item>
		</item>
		<item>
			<item>Parking / Garage</item>
			<item>
				<item>
					<item>Garage</item>
					<item>
						<item>Assigned, Community Garage, Controlled Entrance, Covered Parking, Gated, On street</item>
					</item>
				</item>
				<item>
					<item>Parking</item>
					<item>
						<item># of Parking Spaces (Total): 2</item>
						<item># of Covered Parking Spaces: 2</item>
					</item>
				</item>
			</item>
		</item>
		<item>
			<item>Exterior Features</item>
			<item>
				<item>
					<item>Building Information</item>
					<item>
						<item>Total Floors: 3</item>
						<item>Three Or More Levels</item>
						<item>Townhouse, Split Level, Attached</item>
						<item>Attached</item>
						<item>Entry Floor Number: 1</item>
						<item>Security Features: Carbon Monoxide Detector(s), Card/Code Access, Exterior Security Lights, Fire and Smoke Detection System, Gated, Fire Sprinklers, Smoke Detector, Window Bars</item>
					</item>
				</item>
				<item>
					<item>Exterior Features</item>
					<item>
						<item>Patio Features: Balcony, Roof Top Deck, Porch - Front</item>
						<item>Other Structural Features: Balcony, Barbecue Private, High Ceilings (9 Feet+)</item>
					</item>
				</item>
			</item>
		</item>
		<item>
			<item>Property / Lot Details</item>
			<item>
				<item>
					<item>Property Information</item>
					<item>
						<item>Property Type: Residential Condo/Co-Op</item>
						<item>Property Condition: Updated/Remodeled</item>
					</item>
				</item>
				<item>
					<item>Lot Information</item>
					<item>
						<item>Lot Size (Sq. Ft.): 6,239</item>
						<item>Lot Size (Acres): 0.1432</item>
						<item>Zoning: LAR3</item>
						<item>Special Zoning: None</item>
						<item>Lot Location: City</item>
					</item>
				</item>
				<item>
					<item>Property Features</item>
					<item>
						<item>Has View</item>
						<item>View: Hills, City, City Lights</item>
					</item>
				</item>
			</item>
		</item>
		<item>
			<item>Location Details, Documents &amp; Disclosures</item>
			<item>
				<item>
					<item>Location Information</item>
					<item>
						<item>Unit Floor In Building: 1</item>
						<item>Complex Name: Royale HOA</item>
						<item>Directions: One block North of Melrose, South of Santa Monica blvd.</item>
					</item>
				</item>
				<item>
					<item>Documents &amp; Disclosures</item>
					<item>
						<item>Disclosures: As Is, CC and R</item>
					</item>
				</item>
			</item>
		</item>
	</property_details>
	<public_facts>
		<Beds>2</Beds>
		<Baths>3</Baths>
		<Finished_Sq._Ft.>1,638</Finished_Sq._Ft.>
		<Unfinished_Sq._Ft.>—</Unfinished_Sq._Ft.>
		<Total_Sq._Ft.>1,638</Total_Sq._Ft.>
		<Stories>—</Stories>
		<Lot_Size>—</Lot_Size>
		<Style>Condo/Co-op</Style>
		<Year_Built>1990</Year_Built>
		<Year_Renovated>1990</Year_Renovated>
		<County>Los Angeles County</County>
		<APN>5526005043</APN>
	</public_facts>
</home>
