<?xml version="1.0" ?>
<home>
	<HomeInfo_Address>
		<street-address>828 N Sierra Bonita Ave </street-address>
		<locality>Los Angeles, </locality>
		<region>CA</region>
		<postal-code>90046</postal-code>
	</HomeInfo_Address>
	<main_stats>
		<Price>$4,179,000</Price>
		<Beds>5</Beds>
		<Baths>5.5</Baths>
		<key name="$804 / Sq. Ft.">5,200</key>
	</main_stats>
	<text_base_description>Elegantly designed newly constructed 5 bedroom home in the prestigious West Hollywood vicinity offers unparalleled craftsmanship and exceptional amenities. From designer finishes, to a flawless open floor plan, this 5200 sqft home with a seamless design provides a sense of freshness with brilliant uses of clean whites and an abundance of natural light. The Master suite boast double entry doors, high ceilings, walk-in closet, luxurious spa-like bathroom and a spacious balcony. Fully equipped chef's kitchen is dressed with Marble counter-tops, a butler's pantry and for the enthusiast - a wine cellar. Expansive kitchen/family room combo with wall-to-wall pocket doors provides a true indoor/outdoor living. Entertain in the backyard by the pool and spa equipped with an outdoor BBQ or in your private state-of-art movie theater. Control4 smart home automation, this home is a perfect blend of traditional elegance and modern amenities. Available For Purchase $4,179,000 </text_base_description>
	<listed_by>
		<name>Scott Ammann</name>
		<agentLicenseDisplay>•DRE #01295980</agentLicenseDisplay>
		<org>•DRE #01295980</org>
	</listed_by>
	<price_insights>
		<List_Price>$4,179,000</List_Price>
		<Est._Mo._Payment>$19,367</Est._Mo._Payment>
		<Redfin_Estimate>$3,997,512</Redfin_Estimate>
		<key name="Price/Sq.Ft.">$804</key>
	</price_insights>
	<home_facts>
		<Status>Active</Status>
		<Time_on_Redfin>45 days</Time_on_Redfin>
		<Property_Type>Single Family, Residential Single-Family</Property_Type>
		<Year_Built>2020</Year_Built>
		<Style>High Tech</Style>
		<Community>West Hollywood Vicinity</Community>
		<Lot_Size>6,695 Sq. Ft.</Lot_Size>
		<key name="MLS#">20-615268</key>
	</home_facts>
	<property_details>
		<item>
			<item>Interior Features</item>
			<item>
				<item>
					<item>Bathroom Information</item>
					<item>
						<item># of Baths (Full): 5</item>
						<item># of Baths (1/2): 1</item>
					</item>
				</item>
				<item>
					<item>Laundry Information</item>
					<item>
						<item>Laundry in Unit</item>
					</item>
				</item>
				<item>
					<item>Additional Rooms</item>
					<item>
						<item>Dining Room</item>
						<item>Family Room</item>
						<item>Den</item>
						<item>Bonus Room, Breakfast Room, Breakfast Area, Den, Dining Room, Dining Area, Entry Room, Family Room, Home Theatre, Living Room, Master Bedroom, Media Room, Office, Patio Covered, Patio Open, Powder Room, Separate Family Room, Walk-In Closet, Wine Tasting, Other Room</item>
						<item>Maids Room</item>
					</item>
				</item>
				<item>
					<item>Fireplace Information</item>
					<item>
						<item>In Family Room, In Living Room</item>
					</item>
				</item>
				<item>
					<item>Flooring Information</item>
					<item>
						<item>Hardwood Floors</item>
					</item>
				</item>
				<item>
					<item>Equipment</item>
					<item>
						<item>Alarm System, Attic Fan, Barbeque, Built-Ins, Cable, Dishwasher, Dryer, Freezer, Garbage Disposal, Hood Fan, Ice Maker, Range/Oven, Refrigerator, Washer, Other</item>
					</item>
				</item>
				<item>
					<item>Heating &amp; Cooling</item>
					<item>
						<item>Central Cooling</item>
						<item>Central Heat</item>
					</item>
				</item>
			</item>
		</item>
		<item>
			<item>Parking / Garage</item>
			<item>
				<item>
					<item>Garage</item>
					<item>
						<item>Driveway, 2 Car Garage</item>
						<item># of Garage Spaces: 2</item>
					</item>
				</item>
				<item>
					<item>Parking</item>
					<item>
						<item># of Parking Spaces (Total): 4</item>
						<item># of Covered Parking Spaces: 2</item>
						<item># of Open Other Spaces: 2</item>
					</item>
				</item>
			</item>
		</item>
		<item>
			<item>Exterior Features</item>
			<item>
				<item>
					<item>Building Information</item>
					<item>
						<item>Total Floors: 2</item>
						<item>Attached</item>
						<item>Attached</item>
					</item>
				</item>
				<item>
					<item>Pool Information</item>
					<item>
						<item>Heated Pool, In Ground Pool</item>
						<item>Heated Spa, In Ground Spa</item>
					</item>
				</item>
			</item>
		</item>
		<item>
			<item>Homeowners Association, School / Neighborhood, Taxes / Assessments, Lease / Rent Details</item>
			<item>
				<item>
					<item>HOA Information</item>
					<item>
						<item>Amenities: None</item>
					</item>
				</item>
				<item>
					<item>Community Information</item>
					<item>
						<item># of Units in Complex (Total): 2</item>
					</item>
				</item>
				<item>
					<item>Assessment Information</item>
					<item>
						<item>Assessor Parcel Number: 5526-003-020</item>
					</item>
				</item>
				<item>
					<item>Lease Information</item>
					<item>
						<item>Available for Lease</item>
						<item>Lease Option</item>
					</item>
				</item>
			</item>
		</item>
		<item>
			<item>Property / Lot Details</item>
			<item>
				<item>
					<item>Property Information</item>
					<item>
						<item>Property Type: Residential Single-Family</item>
					</item>
				</item>
				<item>
					<item>Lot Information</item>
					<item>
						<item>Lot Size (Sq. Ft.): 6,695</item>
						<item>Zoning: LAR2</item>
					</item>
				</item>
				<item>
					<item>Property Features</item>
					<item>
						<item>Has View</item>
						<item>View: Canyon</item>
					</item>
				</item>
			</item>
		</item>
		<item>
			<item>Location Details, Documents &amp; Disclosures</item>
			<item>
				<item>
					<item>Location Information</item>
					<item>
						<item>Directions: Melrose Ave to Sierra Bonita</item>
					</item>
				</item>
				<item>
					<item>Documents &amp; Disclosures</item>
					<item>
						<item>Disclosures: As Is</item>
					</item>
				</item>
			</item>
		</item>
	</property_details>
	<public_facts>
		<Beds>2</Beds>
		<Baths>2</Baths>
		<Finished_Sq._Ft.>1,972</Finished_Sq._Ft.>
		<Unfinished_Sq._Ft.>—</Unfinished_Sq._Ft.>
		<Total_Sq._Ft.>1,972</Total_Sq._Ft.>
		<Stories>—</Stories>
		<Lot_Size>6,614 Sq. Ft.</Lot_Size>
		<Style>Multi-Family (2-4 Unit)</Style>
		<Year_Built>1923</Year_Built>
		<Year_Renovated>1923</Year_Renovated>
		<County>Los Angeles County</County>
		<APN>5526003020</APN>
	</public_facts>
</home>
