<?xml version="1.0" ?>
<home>
	<HomeInfo_Address>
		<street-address>827 N Curson Ave </street-address>
		<locality>Los Angeles, </locality>
		<region>CA</region>
		<postal-code>90046</postal-code>
	</HomeInfo_Address>
	<main_stats>
		<Price>$3,999,000</Price>
		<Beds>5</Beds>
		<Baths>6</Baths>
		<key name="$789 / Sq. Ft.">5,070</key>
	</main_stats>
	<text_base_description>Privately gated, this new Contemporary Farmhouse offers a stunning retreat in the heart of the iconic Beverly Grove. With over 5,000 sq. ft. of exquisite craftmanship and designer aesthetic, this 5 bed, 6 bath home offers an open floor plan with Chef's kitchen complete with Sub-Zero and Wolf appliances, a theater and wine room, and a spacious office/gym. The main level opens up to a private garden with a pool and spa accentuated by a waterfall and cozy fireplace. The expansive owner's suite comes replete with a luxurious bath, walk-in closet, and private balcony. An entertainer's roof-top deck offers an outdoor kitchen with city and mountain views, including a full view of the Hollywood sign. This smart home features Control4 home automation, Tri-zone climate control, and a 2-car garage.  </text_base_description>
	<listed_by>
		<name>Jason Oppenheim</name>
		<agentLicenseDisplay>•DRE #01863254</agentLicenseDisplay>
		<org>•DRE #01863254</org>
	</listed_by>
	<price_insights>
		<List_Price>$3,999,000</List_Price>
		<Est._Mo._Payment>$18,533</Est._Mo._Payment>
		<key name="Price/Sq.Ft.">$789</key>
	</price_insights>
	<home_facts>
		<Status>Active</Status>
		<Time_on_Redfin>14 days</Time_on_Redfin>
		<Property_Type>Single Family, Residential Single-Family</Property_Type>
		<Year_Built>2018</Year_Built>
		<Style>Modern</Style>
		<Community>West Hollywood Vicinity</Community>
		<Lot_Size>6,504 Sq. Ft.</Lot_Size>
		<key name="MLS#">20-630656</key>
	</home_facts>
	<property_details>
		<item>
			<item>Interior Features</item>
			<item>
				<item>
					<item>Bathroom Information</item>
					<item>
						<item># of Baths (Full): 6</item>
					</item>
				</item>
				<item>
					<item>Laundry Information</item>
					<item>
						<item>Laundry on Upper Level, Laundry Room</item>
					</item>
				</item>
				<item>
					<item>Additional Rooms</item>
					<item>
						<item>Dining Room</item>
						<item>Family Room</item>
						<item>2nd Story Family Room, Bar Room, Breakfast Area, Dining Room, Guest-Maids Quarters, Home Theatre, Living Room, Master Bedroom, Media Room, Pantry, Patio Covered, Powder Room, Walk-In Closet, Walk-In Pantry, Wine Cellar</item>
					</item>
				</item>
				<item>
					<item>Fireplace Information</item>
					<item>
						<item>In Family Room, In Living Room, Gas Fireplace, In Master Bedroom, On Patio</item>
					</item>
				</item>
				<item>
					<item>Flooring Information</item>
					<item>
						<item>Stone Floors, Tile Floors, Wood Floors, Mixed Floors</item>
					</item>
				</item>
				<item>
					<item>Equipment</item>
					<item>
						<item>Alarm System, Barbeque, Ceiling Fan, Built-Ins, Dishwasher, Freezer, Garbage Disposal, Hood Fan, Gas Or Electric Dryer Hookup, Ice Maker, Microwave, Intercom, Network Wire, Phone System, Range/Oven, Refrigerator, Washer, Water Line to Refrigerator, Water Filter</item>
					</item>
				</item>
				<item>
					<item>Heating &amp; Cooling</item>
					<item>
						<item>A/C, Central Cooling, Multi/Zone Cooling</item>
						<item>Central Heat, Forced Air Heating, Fireplace Heat</item>
					</item>
				</item>
			</item>
		</item>
		<item>
			<item>Parking / Garage</item>
			<item>
				<item>
					<item>Garage</item>
					<item>
						<item>Uncovered, 2 Car Garage, Covered Parking</item>
						<item># of Garage Spaces: 2</item>
					</item>
				</item>
				<item>
					<item>Parking</item>
					<item>
						<item># of Parking Spaces (Total): 4</item>
						<item># of Open Other Spaces: 2</item>
					</item>
				</item>
			</item>
		</item>
		<item>
			<item>Exterior Features</item>
			<item>
				<item>
					<item>Building Information</item>
					<item>
						<item>Total Floors: 2</item>
						<item>Detached</item>
						<item>Detached/No Common Walls</item>
					</item>
				</item>
				<item>
					<item>Pool Information</item>
					<item>
						<item>Gunite Pool, Heated And Filtered Pool, In Ground Pool, Waterfall Pool</item>
						<item>Gunite Spa, Heated Spa, In Ground Spa</item>
					</item>
				</item>
			</item>
		</item>
		<item>
			<item>Taxes / Assessments, Location Details, Documents &amp; Disclosures</item>
			<item>
				<item>
					<item>Assessment Information</item>
					<item>
						<item>Assessor Parcel Number: 5526-001-006</item>
					</item>
				</item>
				<item>
					<item>Location Information</item>
					<item>
						<item>Directions: North of Melrose, South of Willoughby, East of Fairfax, West of Gardner</item>
					</item>
				</item>
				<item>
					<item>Documents &amp; Disclosures</item>
					<item>
						<item>Disclosures: As Is</item>
					</item>
				</item>
			</item>
		</item>
		<item>
			<item>Property / Lot Details</item>
			<item>
				<item>
					<item>Property Information</item>
					<item>
						<item>Property Type: Residential Single-Family</item>
					</item>
				</item>
				<item>
					<item>Lot Information</item>
					<item>
						<item>Lot Size (Sq. Ft.): 6,504</item>
						<item>Lot Size (Acres): 0.1493</item>
						<item>Zoning: LAR2</item>
					</item>
				</item>
				<item>
					<item>Property Features</item>
					<item>
						<item>Has View</item>
						<item>View: City, Hills, Mountains, Panoramic</item>
					</item>
				</item>
			</item>
		</item>
	</property_details>
	<public_facts>
		<Beds>5</Beds>
		<Baths>6</Baths>
		<Finished_Sq._Ft.>5,062</Finished_Sq._Ft.>
		<Unfinished_Sq._Ft.>—</Unfinished_Sq._Ft.>
		<Total_Sq._Ft.>5,062</Total_Sq._Ft.>
		<Stories>—</Stories>
		<Lot_Size>6,504 Sq. Ft.</Lot_Size>
		<Style>Single Family Residential</Style>
		<Year_Built>2018</Year_Built>
		<Year_Renovated>2018</Year_Renovated>
		<County>Los Angeles County</County>
		<APN>5526001006</APN>
	</public_facts>
</home>
