<?xml version="1.0" ?>
<home>
	<HomeInfo_Address>
		<street-address>740 N Vista St </street-address>
		<locality>Los Angeles, </locality>
		<region>CA</region>
		<postal-code>90046</postal-code>
	</HomeInfo_Address>
	<main_stats>
		<Price>$2,299,000</Price>
		<Beds>3</Beds>
		<Baths>3</Baths>
		<key name="$1007 / Sq. Ft.">2,282</key>
	</main_stats>
	<text_base_description>MELROSE VILLAGE OASIS! Gorgeous and completely remodeled, this home blends Old World Spanish  character with all modern amenities. A spectacular salt-water pool with &quot;beach-entry&quot;, an 8 person spa, and patio with built-in outdoor barbecue are perfect for entertaining. The property is walled with electric gate and off-street parking. Enter into the large living room with high barrel-ceiling, fire place, gleaming wood floors, and dramatic arched window. The step-up formal dining room has French doors opening onto a small courtyard, and built-in cabinets. The large country kitchen is state-of-the-art, with stainless steel appliances, a fireplace, and overlooks the pool and back yard. Master Suite has vaulted ceiling, large bath with walk-in shower, spa-tub, and double vanity, and a wonderful loft-office that opens onto the roof top patio with spectacular sunset views. Two secondary bedrooms and two additional bathrooms complete the perfect layout. Home is also listed for lease at $8,350. </text_base_description>
	<listed_by>
		<name>Sharon Alden</name>
		<agentLicenseDisplay>•DRE #00816195</agentLicenseDisplay>
		<org>•DRE #00816195</org>
	</listed_by>
	<price_insights>
		<List_Price>$2,299,000</List_Price>
		<Est._Mo._Payment>$10,654</Est._Mo._Payment>
		<Redfin_Estimate>$2,237,494</Redfin_Estimate>
		<key name="Price/Sq.Ft.">$1,007</key>
	</price_insights>
	<home_facts>
		<Status>Active</Status>
		<Time_on_Redfin>28 days</Time_on_Redfin>
		<Property_Type>Single Family, Residential Single-Family</Property_Type>
		<Year_Built>1924</Year_Built>
		<Style>Spanish</Style>
		<Community>West Hollywood Vicinity</Community>
		<Lot_Size>6,999 Sq. Ft.</Lot_Size>
		<key name="MLS#">20-618408</key>
	</home_facts>
	<property_details>
		<item>
			<item>Virtual Tour, Parking / Garage, Utilities, Taxes / Assessments</item>
			<item>
				<item>
					<item>Virtual Tour</item>
					<item>
						<item>Virtual Tour (External Link)</item>
					</item>
				</item>
				<item>
					<item>Garage</item>
					<item>
						<item>Auto Driveway Gate, Detached, Converted Garage</item>
					</item>
				</item>
				<item>
					<item>Utility Information</item>
					<item>
						<item>Sewer: In Street</item>
						<item>Water: Water District</item>
					</item>
				</item>
				<item>
					<item>Assessment Information</item>
					<item>
						<item>Assessor Parcel Number: 5526-010-017</item>
					</item>
				</item>
			</item>
		</item>
		<item>
			<item>Interior Features</item>
			<item>
				<item>
					<item>Bedroom Information</item>
					<item>
						<item>Master Suite, WalkInCloset</item>
					</item>
				</item>
				<item>
					<item>Bathroom Information</item>
					<item>
						<item># of Baths (Full): 3</item>
						<item>Remodeled, Shower and Tub, Double Vanity(s)</item>
					</item>
				</item>
				<item>
					<item>Kitchen Information</item>
					<item>
						<item>Built-In BBQ, Built-Ins, Continuous Clean Oven, Built-In Gas</item>
						<item>Remodeled, Granite Counters, Gourmet Kitchen, Open to Family Room</item>
					</item>
				</item>
				<item>
					<item>Laundry Information</item>
					<item>
						<item>Laundry in Kitchen</item>
					</item>
				</item>
				<item>
					<item>Additional Rooms</item>
					<item>
						<item>Formal Dining Room, Country Kitchen</item>
						<item>Dining Room</item>
						<item>Family Room</item>
						<item>Family Room, Living Room, Master Bedroom, Loft, Walk-In Closet, Dining Room</item>
					</item>
				</item>
				<item>
					<item>Interior Features</item>
					<item>
						<item>Built-Ins, Cathedral-Vaulted Ceilings</item>
						<item>Windows: Skylights, Bay Window</item>
					</item>
				</item>
				<item>
					<item>Fireplace Information</item>
					<item>
						<item>Electric, In Living Room, In Family Room</item>
						<item># of Fireplaces: 2</item>
					</item>
				</item>
				<item>
					<item>Flooring Information</item>
					<item>
						<item>Hardwood Floors, Tile Floors</item>
					</item>
				</item>
				<item>
					<item>Equipment</item>
					<item>
						<item>Alarm System, Built-Ins, Ceiling Fan, Dishwasher, Dryer, Garbage Disposal, Washer, Refrigerator, Range/Oven, Microwave, Barbeque, Hood Fan</item>
					</item>
				</item>
				<item>
					<item>Heating &amp; Cooling</item>
					<item>
						<item>A/C, Central Cooling</item>
						<item>Central Heat</item>
						<item>Water Heater Features: Tankless</item>
					</item>
				</item>
			</item>
		</item>
		<item>
			<item>Exterior Features</item>
			<item>
				<item>
					<item>Building Information</item>
					<item>
						<item>Total Floors: 1</item>
						<item>Detached</item>
						<item>Detached/No Common Walls</item>
						<item>Security Features: Leased</item>
					</item>
				</item>
				<item>
					<item>Exterior Features</item>
					<item>
						<item>Patio Features: Roof Top Deck, Patio Open</item>
						<item>Other Structural Features: French Doors</item>
					</item>
				</item>
				<item>
					<item>Pool Information</item>
					<item>
						<item>Salt/Saline, Heated And Filtered Pool</item>
						<item>Private Spa, Heated Spa</item>
					</item>
				</item>
			</item>
		</item>
		<item>
			<item>Lease / Rent Details, Financing, Location Details, Documents &amp; Disclosures</item>
			<item>
				<item>
					<item>Lease Information</item>
					<item>
						<item>Available for Lease</item>
					</item>
				</item>
				<item>
					<item>Financial Information</item>
					<item>
						<item>Listing Terms: Cash To New Loan</item>
					</item>
				</item>
				<item>
					<item>Location Information</item>
					<item>
						<item>Directions: North of Melrose, East of Fairfax, West of La Brea</item>
					</item>
				</item>
				<item>
					<item>Documents &amp; Disclosures</item>
					<item>
						<item>Disclosures: None</item>
					</item>
				</item>
			</item>
		</item>
		<item>
			<item>Property / Lot Details</item>
			<item>
				<item>
					<item>Property Information</item>
					<item>
						<item>Property Type: Residential Single-Family</item>
						<item>Property Condition: Updated/Remodeled</item>
					</item>
				</item>
				<item>
					<item>Lot Information</item>
					<item>
						<item>Lot Size (Sq. Ft.): 6,999</item>
						<item>Lot Size (Acres): 0.1607</item>
						<item>Lot Size Dimensions: 50 x 140</item>
						<item>Zoning: LAR1</item>
						<item>Lot Description: Automatic Gate, Back Yard, Front Yard, Exterior Security Lights</item>
					</item>
				</item>
				<item>
					<item>Property Features</item>
					<item>
						<item>Drip Irrigation System, Sprinkler Timer</item>
					</item>
				</item>
			</item>
		</item>
		<item>
			<item>Listing Information</item>
			<item>
				<item>
					<item>Listing Information</item>
					<item>
						<item>Possession: Close Of Escrow</item>
						<item>Listing Terms: Cash To New Loan</item>
					</item>
				</item>
			</item>
		</item>
	</property_details>
	<public_facts>
		<Beds>5</Beds>
		<Baths>3</Baths>
		<Finished_Sq._Ft.>2,282</Finished_Sq._Ft.>
		<Unfinished_Sq._Ft.>—</Unfinished_Sq._Ft.>
		<Total_Sq._Ft.>2,282</Total_Sq._Ft.>
		<Stories>1</Stories>
		<Lot_Size>6,999 Sq. Ft.</Lot_Size>
		<Style>Single Family Residential</Style>
		<Year_Built>1924</Year_Built>
		<Year_Renovated>1980</Year_Renovated>
		<County>Los Angeles County</County>
		<APN>5526010017</APN>
	</public_facts>
</home>
