<?xml version="1.0" ?>
<home>
	<HomeInfo_Address>
		<street-address>839 N Genesee Ave </street-address>
		<locality>Los Angeles, </locality>
		<region>CA</region>
		<postal-code>90046</postal-code>
	</HomeInfo_Address>
	<main_stats>
		<Price>$4,295,000</Price>
		<Beds>5</Beds>
		<Baths>5.5</Baths>
		<key name="$859 / Sq. Ft.">5,000</key>
	</main_stats>
	<text_base_description>This modern-day ode to Minimalism designed by House of Shoor spans over 6,500 square feet of indoor and outdoor living in the highly sought-after Melrose Arts District. Boasting five bedrooms and six bathrooms, the floor plan includes a resort-style master bedroom as well as a home movie theater, fully-equipped entertainers backyard and a kitchen stocked with state-of-the-art Miele appliances accented by a grand kitchen island made of hand-carved stone. The wide-open floorplan allows for a seamless flow from house to a very quiet and private backyard. A breathtaking rooftop deck allows for an unobstructed 360 degree view of the city. This house and floor plan have exemplified minimalism by doing away with unnecessary adornments and clunky architecture, leaving you with a luxurious and peaceful hideaway  tucked in the heart of one of the most impressive cities in the world.  </text_base_description>
	<listed_by>
		<name>Daniel Dahan</name>
		<agentLicenseDisplay>•DRE #01970666</agentLicenseDisplay>
		<org>•DRE #01970666</org>
	</listed_by>
	<price_insights>
		<List_Price>$4,295,000</List_Price>
		<Est._Mo._Payment>$19,897</Est._Mo._Payment>
		<Redfin_Estimate>$4,162,031</Redfin_Estimate>
		<key name="Price/Sq.Ft.">$859</key>
	</price_insights>
	<home_facts>
		<Status>Active</Status>
		<Time_on_Redfin>21 days</Time_on_Redfin>
		<Property_Type>Single Family, Residential Single-Family</Property_Type>
		<Year_Built>2020</Year_Built>
		<Style>Modern</Style>
		<Community>West Hollywood Vicinity</Community>
		<Lot_Size>6,500 Sq. Ft.</Lot_Size>
		<key name="MLS#">20-627476</key>
	</home_facts>
	<property_details>
		<item>
			<item>Interior Features</item>
			<item>
				<item>
					<item>Bathroom Information</item>
					<item>
						<item># of Baths (Full): 5</item>
						<item># of Baths (1/2): 1</item>
					</item>
				</item>
				<item>
					<item>Laundry Information</item>
					<item>
						<item>Laundry on Upper Level</item>
					</item>
				</item>
				<item>
					<item>Additional Rooms</item>
					<item>
						<item>Bonus Room, Master Bedroom, Cabana, Dining Area, Office, Home Theatre</item>
					</item>
				</item>
				<item>
					<item>Fireplace Information</item>
					<item>
						<item>In Family Room, Fire Pit, In Living Room, On Patio</item>
					</item>
				</item>
				<item>
					<item>Flooring Information</item>
					<item>
						<item>Stone Floors, Hardwood Floors</item>
					</item>
				</item>
				<item>
					<item>Equipment</item>
					<item>
						<item>Built-Ins, Barbeque, Alarm System, Microwave, Garbage Disposal, Freezer, Electric Dryer Hookup, Dryer, Dishwasher, Ceiling Fan, Hood Fan, Gas Dryer Hookup</item>
					</item>
				</item>
				<item>
					<item>Heating &amp; Cooling</item>
					<item>
						<item>Multi/Zone Cooling, A/C, Central Cooling</item>
						<item>Central Heat, Zoned Heat</item>
					</item>
				</item>
			</item>
		</item>
		<item>
			<item>Parking / Garage</item>
			<item>
				<item>
					<item>Garage</item>
					<item>
						<item>Driveway, Door Opener, 2 Car Garage, Gated, Private</item>
					</item>
				</item>
				<item>
					<item>Parking</item>
					<item>
						<item># of Parking Spaces (Total): 6</item>
						<item># of Covered Parking Spaces: 2</item>
						<item># of Open Other Spaces: 4</item>
					</item>
				</item>
			</item>
		</item>
		<item>
			<item>Exterior Features</item>
			<item>
				<item>
					<item>Building Information</item>
					<item>
						<item>Total Floors: 2</item>
						<item>Detached</item>
						<item>Detached/No Common Walls</item>
					</item>
				</item>
				<item>
					<item>Pool Information</item>
					<item>
						<item>Heated Pool, Filtered Pool, Black Bottom Pool</item>
						<item>Heated Spa, Private Spa</item>
					</item>
				</item>
			</item>
		</item>
		<item>
			<item>Taxes / Assessments, Location Details, Documents &amp; Disclosures</item>
			<item>
				<item>
					<item>Assessment Information</item>
					<item>
						<item>Assessor Parcel Number: 5527-004-021</item>
					</item>
				</item>
				<item>
					<item>Location Information</item>
					<item>
						<item>Directions: Santa Monica Blvd and Genesee</item>
					</item>
				</item>
				<item>
					<item>Documents &amp; Disclosures</item>
					<item>
						<item>Disclosures: As Is</item>
					</item>
				</item>
			</item>
		</item>
		<item>
			<item>Property / Lot Details</item>
			<item>
				<item>
					<item>Property Information</item>
					<item>
						<item>Property Type: Residential Single-Family</item>
					</item>
				</item>
				<item>
					<item>Lot Information</item>
					<item>
						<item>Lot Size (Sq. Ft.): 6,500</item>
						<item>Lot Size (Acres): 0.1492</item>
						<item>Lot Size Dimensions: 50 x 130</item>
						<item>Zoning: LAR2</item>
					</item>
				</item>
				<item>
					<item>Property Features</item>
					<item>
						<item>Has View</item>
						<item>View: City, City Lights, Hills, Mountains</item>
					</item>
				</item>
			</item>
		</item>
	</property_details>
	<public_facts>
		<Beds>3</Beds>
		<Baths>1</Baths>
		<Finished_Sq._Ft.>1,435</Finished_Sq._Ft.>
		<Unfinished_Sq._Ft.>—</Unfinished_Sq._Ft.>
		<Total_Sq._Ft.>1,435</Total_Sq._Ft.>
		<Stories>1</Stories>
		<Lot_Size>6,500 Sq. Ft.</Lot_Size>
		<Style>Single Family Residential</Style>
		<Year_Built>1924</Year_Built>
		<Year_Renovated>1925</Year_Renovated>
		<County>Los Angeles County</County>
		<APN>5527004021</APN>
	</public_facts>
</home>
