<?xml version="1.0" ?>
<home>
	<HomeInfo_Address>
		<street-address>842 N Orange Grove Ave </street-address>
		<locality>Los Angeles, </locality>
		<region>CA</region>
		<postal-code>90046</postal-code>
	</HomeInfo_Address>
	<main_stats>
		<Price>$4,195,000</Price>
		<Beds>5</Beds>
		<Baths>5.5</Baths>
		<key name="$776 / Sq. Ft.">5,403</key>
	</main_stats>
	<text_base_description>Style, sophistication and elegance encapsulates this architectural 5 bedroom 5.5 bathroom newly constructed smart home located in the highly desirable West Hollywood vicinity. With over 5400 square feet of interior living, this private compound showcases a breathtaking blend of imported European stone with a masterfully designed state-of-the-art custom curated finish. The 1300 square foot luxurious Master retreat redefines opulence with it showroom walk-in closet and a luxurious spa-like master bathroom. The exceptional chef kitchen is dressed with phantom black Italian marble counter-tops, hydraulic cabinetry, Miele appliances and for the enthusiast - a wine gallery. The open floor-plan concept is complimented with its walls of sliding glass pocket doors, rooftop terrace boasting incredible views, pool/spa, movie theater and a state-of-the-art smart home technology that allows for security, lighting and entertainment to be controlled at your fingertips from anywhere in the world.  </text_base_description>
	<listed_by>
		<name>Scott Ammann</name>
		<agentLicenseDisplay>•DRE #01295980</agentLicenseDisplay>
		<org>•DRE #01295980</org>
	</listed_by>
	<price_insights>
		<List_Price>$4,195,000</List_Price>
		<Est._Mo._Payment>$19,441</Est._Mo._Payment>
		<Redfin_Estimate>$4,126,258</Redfin_Estimate>
		<key name="Price/Sq.Ft.">$776</key>
	</price_insights>
	<home_facts>
		<Status>Active</Status>
		<Time_on_Redfin>14 days</Time_on_Redfin>
		<Property_Type>Single Family, Residential Single-Family</Property_Type>
		<Year_Built>2020</Year_Built>
		<Style>Modern</Style>
		<Community>West Hollywood Vicinity</Community>
		<Lot_Size>6,500 Sq. Ft.</Lot_Size>
		<key name="MLS#">20-628096</key>
	</home_facts>
	<property_details>
		<item>
			<item>Virtual Tour, Taxes / Assessments, Location Details, Documents &amp; Disclosures</item>
			<item>
				<item>
					<item>Virtual Tour</item>
					<item>
						<item>Virtual Tour (External Link)</item>
					</item>
				</item>
				<item>
					<item>Assessment Information</item>
					<item>
						<item>Assessor Parcel Number: 5527-003-027</item>
					</item>
				</item>
				<item>
					<item>Location Information</item>
					<item>
						<item>Directions: Melrose to Orange Grove Ave</item>
					</item>
				</item>
				<item>
					<item>Documents &amp; Disclosures</item>
					<item>
						<item>Disclosures: As Is</item>
					</item>
				</item>
			</item>
		</item>
		<item>
			<item>Interior Features</item>
			<item>
				<item>
					<item>Bathroom Information</item>
					<item>
						<item># of Baths (Full): 5</item>
						<item># of Baths (1/2): 1</item>
					</item>
				</item>
				<item>
					<item>Laundry Information</item>
					<item>
						<item>Laundry on Upper Level</item>
					</item>
				</item>
				<item>
					<item>Additional Rooms</item>
					<item>
						<item>Dining Room</item>
						<item>Family Room</item>
						<item>Den</item>
						<item>Bonus Room, Breakfast Area, Breakfast Bar, Family Room, Dressing Area, Patio Open, Powder Room, Home Theatre, Formal Entry Room, Great Room, Projection, Living Room, Den, Dining Area, Dining Room, Media Room, Master Bedroom, Pantry, Patio Covered, Wine Cellar, Walk-In Closet</item>
					</item>
				</item>
				<item>
					<item>Fireplace Information</item>
					<item>
						<item>In Family Room, In Master Bedroom, On Patio, Other (See Remarks)</item>
					</item>
				</item>
				<item>
					<item>Flooring Information</item>
					<item>
						<item>Hardwood Floors, Marble Floors</item>
					</item>
				</item>
				<item>
					<item>Equipment</item>
					<item>
						<item>Alarm System, Attic Fan, Built-Ins, Dishwasher, Dryer, Freezer, Garbage Disposal, Gas Dryer Hookup, Ice Maker, Intercom, Microwave, Washer, Water Filter, Network Wire, Refrigerator, Range/Oven</item>
					</item>
				</item>
				<item>
					<item>Heating &amp; Cooling</item>
					<item>
						<item>Central Cooling, A/C</item>
						<item>Central Heat</item>
					</item>
				</item>
			</item>
		</item>
		<item>
			<item>Parking / Garage</item>
			<item>
				<item>
					<item>Garage</item>
					<item>
						<item>2 Car Garage, Private, Driveway Gate, Attached, Driveway</item>
					</item>
				</item>
				<item>
					<item>Parking</item>
					<item>
						<item># of Parking Spaces (Total): 4</item>
					</item>
				</item>
			</item>
		</item>
		<item>
			<item>Exterior Features</item>
			<item>
				<item>
					<item>Building Information</item>
					<item>
						<item>Total Floors: 2</item>
						<item>Detached</item>
						<item>Detached/No Common Walls</item>
					</item>
				</item>
				<item>
					<item>Pool Information</item>
					<item>
						<item>Heated And Filtered Pool, Lap Pool, In Ground Pool, Black Bottom Pool, Waterfall Pool</item>
						<item>Heated Spa</item>
					</item>
				</item>
			</item>
		</item>
		<item>
			<item>Property / Lot Details</item>
			<item>
				<item>
					<item>Property Information</item>
					<item>
						<item>Property Type: Residential Single-Family</item>
					</item>
				</item>
				<item>
					<item>Lot Information</item>
					<item>
						<item>Lot Size (Sq. Ft.): 6,500</item>
						<item>Lot Size (Acres): 0.1492</item>
						<item>Zoning: LAR2</item>
					</item>
				</item>
				<item>
					<item>Property Features</item>
					<item>
						<item>Has View</item>
						<item>View: City Lights, Mountains</item>
					</item>
				</item>
			</item>
		</item>
	</property_details>
	<public_facts>
		<Beds>4</Beds>
		<Baths>2</Baths>
		<Finished_Sq._Ft.>2,040</Finished_Sq._Ft.>
		<Unfinished_Sq._Ft.>—</Unfinished_Sq._Ft.>
		<Total_Sq._Ft.>2,040</Total_Sq._Ft.>
		<Stories>—</Stories>
		<Lot_Size>6,500 Sq. Ft.</Lot_Size>
		<Style>Multi-Family (2-4 Unit)</Style>
		<Year_Built>1924</Year_Built>
		<Year_Renovated>1925</Year_Renovated>
		<County>Los Angeles County</County>
		<APN>5527003027</APN>
	</public_facts>
</home>
