<?xml version="1.0" ?>
<home>
	<HomeInfo_Address>
		<street-address>725 N Spaulding Ave </street-address>
		<locality>Los Angeles, </locality>
		<region>CA</region>
		<postal-code>90046</postal-code>
	</HomeInfo_Address>
	<main_stats>
		<Price>$1,799,000</Price>
		<Beds>3</Beds>
		<Baths>2</Baths>
		<key name="$1039 / Sq. Ft.">1,732</key>
	</main_stats>
	<text_base_description>Welcome to 725 N Spaulding Avenue, where this classic West Hollywood Spanish gem sits in the heart of it all. With an unrivaled floor plan, this home spaciously offers a large, sun-filled living room with beautiful skylight windows and fireplace that seamlessly ties into the family room with hardwood floors. Enjoy hosting in the dining room appointed with new light fixtures a natural light. The kitchen offers ample countertop space, storage and stainless steel appliances including a wine refrigerator. Fantastic outdoor living space is accessible from almost everywhere in the house, including a charming front yard deck off of the guest bedroom, sitting area off of the kitchen and a massive deck in the backyard that ties the outdoor space to the Master Bedroom. The oversized Master Bedroom gives the sense of calm seclusion from the home. Separated by a formal entry hallway and skylights, the Master is an utter retreat. What's more, this home offers a usable detached garage for parking.  </text_base_description>
	<listed_by>
		<name>Nick Collins</name>
		<agentLicenseDisplay>•DRE #01922418</agentLicenseDisplay>
		<org>•DRE #01922418</org>
	</listed_by>
	<price_insights>
		<List_Price>$1,799,000</List_Price>
		<Est._Mo._Payment>$8,337</Est._Mo._Payment>
		<Redfin_Estimate>$1,779,938</Redfin_Estimate>
		<key name="Price/Sq.Ft.">$1,039</key>
	</price_insights>
	<home_facts>
		<Status>Active</Status>
		<Time_on_Redfin>29 hours</Time_on_Redfin>
		<Property_Type>Single Family, Residential Single-Family</Property_Type>
		<Year_Built>1923</Year_Built>
		<Style>Spanish</Style>
		<Community>West Hollywood Vicinity</Community>
		<Lot_Size>6,500 Sq. Ft.</Lot_Size>
		<key name="MLS#">20-636010</key>
	</home_facts>
	<property_details>
		<item>
			<item>Interior Features</item>
			<item>
				<item>
					<item>Bathroom Information</item>
					<item>
						<item># of Baths (Full): 2</item>
					</item>
				</item>
				<item>
					<item>Laundry Information</item>
					<item>
						<item>Laundry Inside</item>
					</item>
				</item>
				<item>
					<item>Additional Rooms</item>
					<item>
						<item>Dining Room</item>
						<item>Den</item>
						<item>Breakfast Room, Breakfast Area, Den, Den/Office, Dining Room, Dining Area, Dressing Area, Entry Room, Jack And Jill, Living Room, Master Bedroom, Office, Patio Enclosed, Patio Open, Walk-In Closet</item>
					</item>
				</item>
				<item>
					<item>Fireplace Information</item>
					<item>
						<item>In Living Room</item>
					</item>
				</item>
				<item>
					<item>Flooring Information</item>
					<item>
						<item>Carpeted Floors, Hardwood Floors, Tile Floors</item>
					</item>
				</item>
				<item>
					<item>Equipment</item>
					<item>
						<item>Built-Ins, Cable, Ceiling Fan, Dishwasher, Dryer, Freezer, Garbage Disposal, Hood Fan, Ice Maker, Microwave, Range/Oven, Refrigerator, Washer</item>
					</item>
				</item>
				<item>
					<item>Heating &amp; Cooling</item>
					<item>
						<item>Central Cooling</item>
						<item>Central Heat</item>
					</item>
				</item>
			</item>
		</item>
		<item>
			<item>Parking / Garage</item>
			<item>
				<item>
					<item>Garage</item>
					<item>
						<item>Auto Driveway Gate, Driveway, Driveway - Concrete, Driveway Gate, Garage, 2 Car Garage, Garage Is Detached</item>
					</item>
				</item>
				<item>
					<item>Parking</item>
					<item>
						<item># of Parking Spaces (Total): 2</item>
					</item>
				</item>
			</item>
		</item>
		<item>
			<item>Exterior Features</item>
			<item>
				<item>
					<item>Building Information</item>
					<item>
						<item>Total Floors: 1</item>
						<item>Attached</item>
						<item>Attached</item>
						<item>Faces East</item>
						<item>Security Features: Automatic Gate, Carbon Monoxide Detector(s), Exterior Security Lights, Fire and Smoke Detection System</item>
					</item>
				</item>
				<item>
					<item>Exterior Features</item>
					<item>
						<item>Patio Features: Deck(s), Porch - Front, Porch - Rear</item>
					</item>
				</item>
			</item>
		</item>
		<item>
			<item>Taxes / Assessments, Location Details, Documents &amp; Disclosures, Listing Information</item>
			<item>
				<item>
					<item>Assessment Information</item>
					<item>
						<item>Assessor Parcel Number: 5527-008-017</item>
					</item>
				</item>
				<item>
					<item>Location Information</item>
					<item>
						<item>Directions: Between Melrose Avenue and Waring Avenue on the West side of Spaulding Avenue</item>
					</item>
				</item>
				<item>
					<item>Documents &amp; Disclosures</item>
					<item>
						<item>Disclosures: None</item>
					</item>
				</item>
				<item>
					<item>Listing Information</item>
					<item>
						<item>Possession: Close Of Escrow</item>
					</item>
				</item>
			</item>
		</item>
		<item>
			<item>Property / Lot Details</item>
			<item>
				<item>
					<item>Property Information</item>
					<item>
						<item>Property Type: Residential Single-Family</item>
					</item>
				</item>
				<item>
					<item>Lot Information</item>
					<item>
						<item>Lot Size (Sq. Ft.): 6,500</item>
						<item>Lot Size (Acres): 0.1492</item>
						<item>Lot Size Dimensions: 50 x 130</item>
						<item>Zoning: LAR1</item>
						<item>Special Zoning: Property Report</item>
					</item>
				</item>
				<item>
					<item>Property Features</item>
					<item>
						<item>Has View</item>
						<item>View: City, City Lights, Tree Top</item>
					</item>
				</item>
			</item>
		</item>
	</property_details>
	<public_facts>
		<Beds>4</Beds>
		<Baths>2</Baths>
		<Finished_Sq._Ft.>1,732</Finished_Sq._Ft.>
		<Unfinished_Sq._Ft.>—</Unfinished_Sq._Ft.>
		<Total_Sq._Ft.>1,732</Total_Sq._Ft.>
		<Stories>1</Stories>
		<Lot_Size>6,500 Sq. Ft.</Lot_Size>
		<Style>Single Family Residential</Style>
		<Year_Built>1923</Year_Built>
		<Year_Renovated>1943</Year_Renovated>
		<County>Los Angeles County</County>
		<APN>5527008017</APN>
	</public_facts>
</home>
