<?xml version="1.0" ?>
<home>
	<HomeInfo_Address>
		<street-address>822 N Orange Grove Ave </street-address>
		<locality>Los Angeles, </locality>
		<region>CA</region>
		<postal-code>90046</postal-code>
	</HomeInfo_Address>
	<main_stats>
		<Price>$1,899,000</Price>
		<Beds>4</Beds>
		<Baths>3</Baths>
		<key name="$980 / Sq. Ft.">1,938</key>
	</main_stats>
	<text_base_description>WOW, WOW, WOW, MOTIVATED SELLER WILL CONSIDER ALL SERIOUS OFFERS. This property features 1,938 sqft in living space on a 6500-square foot lot. 2-unit building is composed of 1 2 bedroom 2 bathroom and 1 2 bedroom 1 bathroom. The property is situated in one of the trendiest locations in Los Angeles, sitting just south of Santa Monica Boulevard, sandwiched between Farifax Avenue to the west and Ogden Drive to the east. This prime location offers a tremendous amount of dining, shopping and entertainment destinations in walking distance to the property, while being a short commute of major employment centers such as Century City, Beverly Hills, Hollywood, and Downtown Los Angeles. Due to the property's premier location and rental upside this property offers buyers a tremendous investment opportunity. NEW PICTURES COMING SOON.  </text_base_description>
	<listed_by>
		<name>Jason Lucero</name>
		<agentLicenseDisplay>•DRE #01152067</agentLicenseDisplay>
		<org>•DRE #01152067</org>
	</listed_by>
	<price_insights>
		<List_Price>$1,899,000</List_Price>
		<Est._Mo._Payment>$8,801</Est._Mo._Payment>
		<Redfin_Estimate>$1,844,528</Redfin_Estimate>
		<key name="Price/Sq.Ft.">$980</key>
	</price_insights>
	<home_facts>
		<Status>Active</Status>
		<Time_on_Redfin>28 days</Time_on_Redfin>
		<Year_Built>1923</Year_Built>
		<Community>WLA - West Los Angeles</Community>
		<Lot_Size>6,500 Sq. Ft.</Lot_Size>
		<key name="MLS#">DW20176675</key>
	</home_facts>
	<property_details>
		<item>
			<item>Interior Features, Parking / Garage, Exterior Features, School / Neighborhood</item>
			<item>
				<item>
					<item>Laundry Information</item>
					<item>
						<item>None</item>
					</item>
				</item>
				<item>
					<item>Parking / Garage Information</item>
					<item>
						<item># of Garage Spaces: 1</item>
						<item># of Parking Spaces: 1</item>
					</item>
				</item>
				<item>
					<item>Exterior Features</item>
					<item>
						<item>Pool Features: None</item>
					</item>
				</item>
				<item>
					<item>Neighborhood Information</item>
					<item>
						<item>Curbs</item>
					</item>
				</item>
			</item>
		</item>
		<item>
			<item>Multi-Unit Information</item>
			<item>
				<item>
					<item>Unit Type 1 Information</item>
					<item>
						<item>Actual Rent: $2,800</item>
						<item>Total # of Baths: 2</item>
						<item>Total # of Beds: 2</item>
						<item>Furnished: Unfurnished</item>
						<item># of Garage Spaces: 1</item>
						<item>Total Rent: $2,800</item>
						<item>Total # of Units: 1</item>
					</item>
				</item>
				<item>
					<item>Unit Type 2 Information</item>
					<item>
						<item>Actual Rent: $1,520</item>
						<item>Total # of Baths: 1</item>
						<item>Total # of Beds: 2</item>
						<item>Furnished: Unfurnished</item>
						<item># of Garage Spaces: 1</item>
						<item>Total Rent: $1,520</item>
						<item>Total # of Units: 1</item>
					</item>
				</item>
				<item>
					<item>Expenses</item>
					<item>
						<item>Trash: $450</item>
						<item>Total: $8,950</item>
						<item>Insurance: $2,200</item>
						<item>Water Sewer: $600</item>
						<item>New Taxes: $5,700</item>
					</item>
				</item>
				<item>
					<item>Multi-Unit Information</item>
					<item>
						<item>Net Operating Income: $42,890</item>
						<item>Average 3 Bed Area Units: Sq. Ft.</item>
						<item>Average 2 Bed Area Units: Sq. Ft.</item>
						<item>Average 1 Bed Area Units: Sq. Ft.</item>
						<item>Sq. Ft.</item>
						<item>Total Building Area: 1,938</item>
						<item>Gross Scheduled Income: $51,840</item>
						<item># Of Separate Water Meters: 1</item>
						<item># Of Separate Gas Meters: 2</item>
						<item># Of Separate Electric Meters: 2</item>
						<item># Of Buildings: 2</item>
					</item>
				</item>
			</item>
		</item>
		<item>
			<item>Utilities, Lease / Rent Details, Location Details</item>
			<item>
				<item>
					<item>Utilities Information</item>
					<item>
						<item>Sewer: Public Sewer</item>
						<item>Water Source: District/Public</item>
					</item>
				</item>
				<item>
					<item>Lease / Rental Details</item>
					<item>
						<item>Operating Expense: $8,950</item>
						<item>Rent Control</item>
					</item>
				</item>
				<item>
					<item>Location Information</item>
					<item>
						<item>Directions: 405 fwy Santa Monica blvd north right on N orange Grove ave property i son the right</item>
						<item>Zoning: LAR2</item>
					</item>
				</item>
			</item>
		</item>
		<item>
			<item>Property / Lot Details</item>
			<item>
				<item>
					<item>Lot Information</item>
					<item>
						<item>Elevation Units: Feet</item>
						<item>Lot Size Source: Assessor's Data</item>
						<item>Lot Features: 0-1 Unit/Acre</item>
					</item>
				</item>
				<item>
					<item>Property Information</item>
					<item>
						<item>Total # of Units: 2</item>
						<item>Common Walls: 1 common wall, No one above</item>
						<item>Parcel Number: 5527003009</item>
						<item>Attached Property</item>
						<item>Year Built Source: Assessor</item>
					</item>
				</item>
			</item>
		</item>
	</property_details>
	<public_facts>
		<Beds>4</Beds>
		<Baths>3</Baths>
		<Finished_Sq._Ft.>1,938</Finished_Sq._Ft.>
		<Unfinished_Sq._Ft.>—</Unfinished_Sq._Ft.>
		<Total_Sq._Ft.>1,938</Total_Sq._Ft.>
		<Stories>—</Stories>
		<Lot_Size>6,500 Sq. Ft.</Lot_Size>
		<Style>Multi-Family (2-4 Unit)</Style>
		<Year_Built>1923</Year_Built>
		<Year_Renovated>1937</Year_Renovated>
		<County>Los Angeles County</County>
		<APN>5527003009</APN>
	</public_facts>
</home>
