<?xml version="1.0" ?>
<home>
	<HomeInfo_Address>
		<street-address>813 N Spaulding Ave </street-address>
		<locality>Los Angeles, </locality>
		<region>CA</region>
		<postal-code>90046</postal-code>
	</HomeInfo_Address>
	<main_stats>
		<Price>$3,695,000</Price>
		<Beds>6</Beds>
		<Baths>6.5</Baths>
		<key name="$737 / Sq. Ft.">5,015</key>
	</main_stats>
	<text_base_description>Sophistication and luxury is exemplified throughout this meticulously designed newly constructed Traditional style 6 bedroom 6.5 bathroom estate located in the highly desirable West Hollywood vicinity. Offering impeccable craftsmanship and exceptional amenities, this 5000 sqft home boasts wide plank white oak floors, open floor plan, 3 fireplaces, coffered ceilings and custom curated finishes. The master suite features double entry doors, high pitched ceilings, dual walk-in closets, fireplace, and a luxurious spa-like master bathroom. The chefs kitchen is dressed with brilliant white marble counter tops, large center island, top of the line appliances, a butlers pantry and for the enthusiast- a wine cellar. Desirable kitchen and family room combo flow seamlessly into the spacious sun filled backyard equipped with a bbq, pool and spa. Complete with an integrated smart home automation this graceful home is the perfect blend of traditional elegance with modern amenities.  </text_base_description>
	<listed_by>
		<name>Scott Ammann</name>
		<agentLicenseDisplay>•DRE #01295980</agentLicenseDisplay>
		<org>•DRE #01295980</org>
	</listed_by>
	<price_insights>
		<List_Price>$3,695,000</List_Price>
		<Est._Mo._Payment>$17,135</Est._Mo._Payment>
		<Redfin_Estimate>$3,579,602</Redfin_Estimate>
		<key name="Price/Sq.Ft.">$737</key>
	</price_insights>
	<home_facts>
		<Status>Active</Status>
		<Time_on_Redfin>26 days</Time_on_Redfin>
		<Property_Type>Single Family, Residential Single-Family</Property_Type>
		<Year_Built>2020</Year_Built>
		<Style>Traditional</Style>
		<Community>West Hollywood Vicinity</Community>
		<Lot_Size>6,501 Sq. Ft.</Lot_Size>
		<key name="MLS#">20-624724</key>
	</home_facts>
	<property_details>
		<item>
			<item>Virtual Tour, Taxes / Assessments, Location Details, Documents &amp; Disclosures</item>
			<item>
				<item>
					<item>Virtual Tour</item>
					<item>
						<item>Virtual Tour (External Link)</item>
					</item>
				</item>
				<item>
					<item>Assessment Information</item>
					<item>
						<item>Assessor Parcel Number: 5527-005-018</item>
					</item>
				</item>
				<item>
					<item>Location Information</item>
					<item>
						<item>Directions: Melrose to Spaulding</item>
					</item>
				</item>
				<item>
					<item>Documents &amp; Disclosures</item>
					<item>
						<item>Disclosures: None</item>
					</item>
				</item>
			</item>
		</item>
		<item>
			<item>Interior Features</item>
			<item>
				<item>
					<item>Bedroom Information</item>
					<item>
						<item>Master Suite, WalkInCloset</item>
					</item>
				</item>
				<item>
					<item>Bathroom Information</item>
					<item>
						<item># of Baths (Full): 6</item>
						<item># of Baths (1/2): 1</item>
					</item>
				</item>
				<item>
					<item>Kitchen Information</item>
					<item>
						<item>Gourmet Kitchen</item>
					</item>
				</item>
				<item>
					<item>Laundry Information</item>
					<item>
						<item>Laundry on Upper Level, Laundry Inside</item>
					</item>
				</item>
				<item>
					<item>Additional Rooms</item>
					<item>
						<item>Dining Room</item>
						<item>Family Room</item>
						<item>Den</item>
						<item>Bonus Room, Breakfast Room, Dressing Area, Entry Room, Family Room, Great Room, Guest-Maids Quarters, Patio Open, Separate Family Room, Breakfast Area, Breakfast Bar, Study/Office, Living Room, Master Bedroom, Walk-In Closet, Walk-In Pantry, Wine Cellar, Office, Den, Dining Room</item>
						<item>Maids Room</item>
					</item>
				</item>
				<item>
					<item>Fireplace Information</item>
					<item>
						<item>In Family Room, In Living Room, In Master Bedroom</item>
					</item>
				</item>
				<item>
					<item>Flooring Information</item>
					<item>
						<item>Hardwood Floors, Tile Floors</item>
					</item>
				</item>
				<item>
					<item>Equipment</item>
					<item>
						<item>Alarm System, Antenna, Attic Fan, Barbeque, Built-Ins, Cable, Dishwasher, Dryer, Freezer, Garbage Disposal, Gas Dryer Hookup, Hood Fan, Ice Maker, Intercom, Washer, Vented Exhaust Fan, Refrigerator, Range/Oven</item>
					</item>
				</item>
				<item>
					<item>Heating &amp; Cooling</item>
					<item>
						<item>Central Cooling</item>
						<item>Central Heat</item>
					</item>
				</item>
			</item>
		</item>
		<item>
			<item>Parking / Garage</item>
			<item>
				<item>
					<item>Garage</item>
					<item>
						<item>2 Car Garage, Driveway</item>
						<item># of Garage Spaces: 2</item>
					</item>
				</item>
				<item>
					<item>Parking</item>
					<item>
						<item># of Parking Spaces (Total): 4</item>
						<item># of Open Other Spaces: 2</item>
					</item>
				</item>
			</item>
		</item>
		<item>
			<item>Exterior Features</item>
			<item>
				<item>
					<item>Building Information</item>
					<item>
						<item>Total Floors: 2</item>
						<item>Detached</item>
						<item>Detached/No Common Walls</item>
					</item>
				</item>
				<item>
					<item>Pool Information</item>
					<item>
						<item>In Ground Pool, Heated Pool, Heated And Filtered Pool, Waterfall Pool</item>
						<item>In Ground Spa, Heated Spa</item>
					</item>
				</item>
			</item>
		</item>
		<item>
			<item>Property / Lot Details</item>
			<item>
				<item>
					<item>Property Information</item>
					<item>
						<item>Property Type: Residential Single-Family</item>
					</item>
				</item>
				<item>
					<item>Lot Information</item>
					<item>
						<item>Lot Size (Sq. Ft.): 6,501</item>
						<item>Lot Size (Acres): 0.1492</item>
						<item>Zoning: LAR2</item>
					</item>
				</item>
			</item>
		</item>
	</property_details>
	<public_facts>
		<Beds>6</Beds>
		<Baths>5</Baths>
		<Finished_Sq._Ft.>4,766</Finished_Sq._Ft.>
		<Unfinished_Sq._Ft.>—</Unfinished_Sq._Ft.>
		<Total_Sq._Ft.>4,766</Total_Sq._Ft.>
		<Stories>—</Stories>
		<Lot_Size>6,501 Sq. Ft.</Lot_Size>
		<Style>Multi-Family (2-4 Unit)</Style>
		<Year_Built>2019</Year_Built>
		<Year_Renovated>2019</Year_Renovated>
		<County>Los Angeles County</County>
		<APN>5527005018</APN>
	</public_facts>
</home>
