<?xml version="1.0" ?>
<home>
	<HomeInfo_Address>
		<street-address>903 N Crescent Heights Blvd </street-address>
		<locality>Los Angeles, </locality>
		<region>CA</region>
		<postal-code>90046</postal-code>
	</HomeInfo_Address>
	<main_stats>
		<Price>$2,488,000</Price>
		<Beds>3</Beds>
		<Baths>3</Baths>
		<key name="$1200 / Sq. Ft.">2,074</key>
	</main_stats>
	<text_base_description>A just completed major remodel and expansion. Enter the hedged and enclosed mini-compound to reveal a stunning 3 bed/3 bath designer home. No expense spared! All new systems throughout, new roof, new A/C, a complete smart home w/ app-controlled temperature, lighting, security system as well as a sound system with indoor/outdoor speakers and new pool equipment. Enjoy soaring volumes of space featuring 10 foot ceilings, skylights, new wood floors  &amp;  all new Anderson Architectural Series doors and windows. Featuring a bright open floorplan. Relax in the large living room with stunning fireplace  &amp;  gorgeous French doors leading to the drought-tolerant garden. Create favorite meals in the open chef’s kitchen w/ Wolf, Sub-Zero  &amp;  Cove appliances while friends and family congregate around the beautiful natural granite mega-island. Endless storage in the high-end lacquered custom cabinetry throughout. The main en-suite retreat features a second fireplace, wood floors, custom walk-in closet w/ 10ft high cabinets, separate shoe closet  &amp;  beautiful glass French doors leading to the back yard. The 2nd en-suite bed with floor-to-ceiling lacquered cabinets also opens to the backyard. The virtual oasis features a refinished saltwater pool, waterfall  &amp;  full outdoor kitchen with both gas grill and chimney-style charcoal grill, granite surface, sink  &amp;  refrigerator. The 2 car garage has bountiful custom cabinetry. Centrally located---walk to shops  &amp;  restaurants.  </text_base_description>
	<listed_by>
		<name>Tracey Nesicolaci</name>
		<agentLicenseDisplay>•DRE #01751750</agentLicenseDisplay>
		<org>•DRE #01751750</org>
	</listed_by>
	<price_insights>
		<List_Price>$2,488,000</List_Price>
		<Est._Mo._Payment>$11,530</Est._Mo._Payment>
		<Redfin_Estimate>$2,395,661</Redfin_Estimate>
		<key name="Price/Sq.Ft.">$1,200</key>
	</price_insights>
	<home_facts>
		<Status>Active</Status>
		<Time_on_Redfin>44 days</Time_on_Redfin>
		<Property_Type>Single Family Residence</Property_Type>
		<Baths>1 full, 2 partial</Baths>
		<Year_Built>1929</Year_Built>
		<Community>C10 - West Hollywood Vicinity</Community>
		<Lot_Size>6,585 Sq. Ft.</Lot_Size>
		<key name="MLS#">SB20155960</key>
	</home_facts>
	<property_details>
		<item>
			<item>Virtual Tour, Parking / Garage, Exterior Features, Utilities</item>
			<item>
				<item>
					<item>Virtual Tour</item>
					<item>
						<item>Virtual TourURL Unbranded: Virtual Tour (External Link)</item>
						<item>Virtual Tour URL Unbranded: Virtual Tour (External Link)</item>
					</item>
				</item>
				<item>
					<item>Parking / Garage Information</item>
					<item>
						<item># of Garage Spaces: 2</item>
						<item>Built-In Storage, Driveway, Garage</item>
						<item>Has Parking</item>
						<item># of Parking Spaces: 2</item>
					</item>
				</item>
				<item>
					<item>Exterior Features</item>
					<item>
						<item>Pool Features: Private, Heated, In Ground, Saltwater, Waterfall</item>
						<item>Has Pool</item>
					</item>
				</item>
				<item>
					<item>Utilities Information</item>
					<item>
						<item>Sewer: Public Sewer</item>
						<item>Water Source: District/Public</item>
					</item>
				</item>
			</item>
		</item>
		<item>
			<item>Interior Features</item>
			<item>
				<item>
					<item>Laundry Information</item>
					<item>
						<item>Has Laundry</item>
						<item>Individual Room</item>
					</item>
				</item>
				<item>
					<item>Kitchen Information</item>
					<item>
						<item>Appliances: Continuous Clean Oven, Convection Oven, Dishwasher, Free Standing Range, Garbage Disposal, Microwave, Range/Stove Hood, Self Cleaning Oven</item>
						<item>Has Appliances</item>
						<item>Built-in Trash/Recycling, Kitchen Island, Kitchen Open to Family Room, Remodeled Kitchen, Self-closing cabinet doors, Self-closing drawers, Stone Counters</item>
					</item>
				</item>
				<item>
					<item>Bathroom Information</item>
					<item>
						<item># of Baths (Full): 1</item>
						<item># of Baths (3/4): 2</item>
						<item>Linen Closet/Storage, Remodeled, Soaking Tub, Stone Counters, Upgraded, Walk-in shower</item>
					</item>
				</item>
				<item>
					<item>Cooling Information</item>
					<item>
						<item>Central</item>
						<item>Has Cooling</item>
					</item>
				</item>
				<item>
					<item>Room Information</item>
					<item>
						<item>All Bedrooms Down, Laundry, Living Room, Main Floor Master Bedroom</item>
					</item>
				</item>
				<item>
					<item>Fireplace Information</item>
					<item>
						<item>Living Room, Master Bedroom</item>
						<item>Has Fireplace</item>
					</item>
				</item>
				<item>
					<item>Flooring Information</item>
					<item>
						<item>Wood</item>
					</item>
				</item>
				<item>
					<item>Heating Information</item>
					<item>
						<item>Central Furnace</item>
						<item>Has Heating</item>
					</item>
				</item>
				<item>
					<item>Interior Features</item>
					<item>
						<item>Double Door Entry</item>
						<item>Built-Ins, High Ceilings (9 Feet+), Open Floor Plan, Recessed Lighting</item>
						<item>Levels: One</item>
						<item>Main Level Bathrooms: 3</item>
						<item>Main Level Bedrooms: 3</item>
						<item>Security Features: Carbon Monoxide Detector(s), Fire Sprinklers, Wired for Alarm System</item>
						<item>Window Features: Skylights</item>
					</item>
				</item>
			</item>
		</item>
		<item>
			<item>School / Neighborhood</item>
			<item>
				<item>
					<item>Neighborhood Information</item>
					<item>
						<item>Curbs, Sidewalks, Street Lighting</item>
					</item>
				</item>
				<item>
					<item>School Information</item>
					<item>
						<item>High School District: Los Angeles Unified</item>
					</item>
				</item>
			</item>
		</item>
		<item>
			<item>Taxes / Assessments, Location Details, Misc. Information</item>
			<item>
				<item>
					<item>Assesments Information</item>
					<item>
						<item>Assessments: Unknown</item>
					</item>
				</item>
				<item>
					<item>Location Information</item>
					<item>
						<item>Directions: Crescent Heights and Willoughby</item>
						<item>Zoning: LAR1</item>
					</item>
				</item>
				<item>
					<item>Miscellaneous Information</item>
					<item>
						<item>Exclusions: firepit</item>
					</item>
				</item>
			</item>
		</item>
		<item>
			<item>Property / Lot Details</item>
			<item>
				<item>
					<item>Lot Information</item>
					<item>
						<item>Elevation Units: Feet</item>
						<item>Lot Size Source: Assessor's Data</item>
						<item>Lot Features: Front Yard, Garden</item>
					</item>
				</item>
				<item>
					<item>Property Information</item>
					<item>
						<item>Total # of Units: 1</item>
						<item>Common Walls: No Common Walls</item>
						<item>Living Area Source: Developer</item>
						<item>Parcel Number: 5529017032</item>
						<item>Property Condition: Turnkey, Updated/Remodeled</item>
						<item>Total # of Stories: 1</item>
						<item>Has View</item>
						<item>Year Built Source: Assessor</item>
					</item>
				</item>
			</item>
		</item>
	</property_details>
	<public_facts>
		<Beds>3</Beds>
		<Baths>2</Baths>
		<Finished_Sq._Ft.>1,834</Finished_Sq._Ft.>
		<Unfinished_Sq._Ft.>—</Unfinished_Sq._Ft.>
		<Total_Sq._Ft.>1,834</Total_Sq._Ft.>
		<Stories>1</Stories>
		<Lot_Size>6,585 Sq. Ft.</Lot_Size>
		<Style>Single Family Residential</Style>
		<Year_Built>1929</Year_Built>
		<Year_Renovated>1929</Year_Renovated>
		<County>Los Angeles County</County>
		<APN>5529017032</APN>
	</public_facts>
</home>
