<?xml version="1.0" ?>
<home>
	<HomeInfo_Address>
		<street-address>7702 Norton Ave </street-address>
		<locality>West Hollywood, </locality>
		<region>CA</region>
		<postal-code>90046</postal-code>
	</HomeInfo_Address>
	<main_stats>
		<Price>$1,949,500</Price>
		<Beds>5</Beds>
		<Baths>4</Baths>
		<key name="$915 / Sq. Ft.">2,130</key>
	</main_stats>
	<text_base_description>Motivated seller! VACANT  &amp;  FRESHLY REMODELED DUPLEX IN THE HEART OF WEST HOLLYWOOD! Both units are fully renovated and fashionably redesigned using high-end finishes. All the updates have been done with permits including completely new plumbing, electric, roof, and  *  * NEW *  *  Central AC system for both units. The Craftsman house features 3 bed / 2 baths and is approximately 1,200+ Sqft with a large front porch. The period details include hardwood floors, designer tiles, coffered ceilings, built-in cabinets, wainscoting, and hand-carved moldings. The spacious floorplan is highlighted by a warm living room open to a light-filled formal dining room and kitchen with custom cabinetry. The charming Mediterranean, second unit features 2 bed / 2 bath and is approximately 800 Sqft. The 2nd unit is also completely redone and features an open-floor layout. The corner lot 5,082 soft lot includes a 2- car garage with tandem parking. Virtual Tour https://youtu. be/hTs_e1t_tsI </text_base_description>
	<listed_by>
		<name>Armin Soleimani</name>
		<agentLicenseDisplay>•DRE #01846872</agentLicenseDisplay>
		<org>•DRE #01846872</org>
	</listed_by>
	<price_insights>
		<List_Price>$1,949,500</List_Price>
		<Est._Mo._Payment>$9,031</Est._Mo._Payment>
		<Redfin_Estimate>$1,902,807</Redfin_Estimate>
		<key name="Price/Sq.Ft.">$915</key>
	</price_insights>
	<home_facts>
		<Status>Active</Status>
		<Time_on_Redfin>40 days</Time_on_Redfin>
		<Property_Type>Residential Income</Property_Type>
		<Year_Built>1922</Year_Built>
		<Community>West Hollywood Vicinity</Community>
		<Lot_Size>5,083 Sq. Ft.</Lot_Size>
		<key name="MLS#">20-619164</key>
	</home_facts>
	<property_details>
		<item>
			<item>Virtual Tour, School / Neighborhood, Utilities, Taxes / Assessments</item>
			<item>
				<item>
					<item>Virtual Tour</item>
					<item>
						<item>Virtual Tour (External Link)</item>
					</item>
				</item>
				<item>
					<item>Community Information</item>
					<item>
						<item># of Units in Complex (Total): 2</item>
					</item>
				</item>
				<item>
					<item>Utility Information</item>
					<item>
						<item>Sewer: In Connected and Paid</item>
						<item>Water: District/Public</item>
					</item>
				</item>
				<item>
					<item>Assessment Information</item>
					<item>
						<item>Assessed Land Value: $42,652</item>
						<item>Assessed Improvement Value: $28,493</item>
						<item>Assessor Parcel Number: 5530-011-014</item>
					</item>
				</item>
			</item>
		</item>
		<item>
			<item>Interior Features</item>
			<item>
				<item>
					<item>Bedroom Information</item>
					<item>
						<item>2 Master Bedrooms</item>
					</item>
				</item>
				<item>
					<item>Bathroom Information</item>
					<item>
						<item>2 Master Baths</item>
					</item>
				</item>
				<item>
					<item>Kitchen Information</item>
					<item>
						<item>Gas/Electric Range, Microwave, Range</item>
						<item>Counter Top, Gourmet Kitchen, Island, Remodeled</item>
					</item>
				</item>
				<item>
					<item>Laundry Information</item>
					<item>
						<item>Stacked Laundry in Closet</item>
					</item>
				</item>
				<item>
					<item>Additional Rooms</item>
					<item>
						<item>Dining Area, Jack And Jill, Living Room, Master Bedroom, Patio Covered</item>
					</item>
				</item>
				<item>
					<item>Interior Features</item>
					<item>
						<item>Detached/No Common Walls, Laundry - Closet Stacked, Recessed Lighting</item>
						<item>Ground Level w/steps</item>
						<item>Windows: Double Pane Windows</item>
					</item>
				</item>
				<item>
					<item>Flooring Information</item>
					<item>
						<item>Hardwood Floors, Other Floors</item>
					</item>
				</item>
				<item>
					<item>Equipment</item>
					<item>
						<item>Built-Ins, Dishwasher, Gas Dryer Hookup, Hood Fan, Microwave, Range/Oven, Refrigerator</item>
					</item>
				</item>
				<item>
					<item>Heating &amp; Cooling</item>
					<item>
						<item>Central Cooling</item>
						<item>Central Heat</item>
						<item>Water Heater Features: Electric, Instant Hot Water, Tankless</item>
					</item>
				</item>
			</item>
		</item>
		<item>
			<item>Parking / Garage</item>
			<item>
				<item>
					<item>Garage</item>
					<item>
						<item>2 Car Garage, Garage Is Detached, Tandem</item>
					</item>
				</item>
				<item>
					<item>Parking</item>
					<item>
						<item># of Parking Spaces (Total): 4</item>
					</item>
				</item>
			</item>
		</item>
		<item>
			<item>Exterior Features</item>
			<item>
				<item>
					<item>Building Information</item>
					<item>
						<item>Total Floors: 1</item>
						<item>Ground Level</item>
						<item>Foundation - Pillar/Post/Pier</item>
						<item>Exterior Construction: Stucco, Wood</item>
					</item>
				</item>
				<item>
					<item>Exterior Features</item>
					<item>
						<item>Roof: Shingle</item>
					</item>
				</item>
			</item>
		</item>
		<item>
			<item>Multi-Unit Information</item>
			<item>
				<item>
					<item>Multi-Unit Income</item>
					<item>
						<item>Gross Income: 126000</item>
						<item>Gross Operating Income: $126,000</item>
						<item>Net Operating Income: $98,280</item>
					</item>
				</item>
				<item>
					<item>Multi-Unit Expenses</item>
					<item>
						<item>Total Annual Expense: $27,720</item>
					</item>
				</item>
				<item>
					<item>Multi-Unit Other Financial Information</item>
					<item>
						<item>Cap Rate: 4.75</item>
						<item>Gross Rent Multiplier: 16.66</item>
						<item>Vacancy Rate: 100</item>
						<item>Scheduled Actual: Scheduled</item>
					</item>
				</item>
				<item>
					<item>Multi-Unit Information</item>
					<item>
						<item>Tenant Pays: Electric, Gas</item>
						<item>Unit Type Type: 1, 2</item>
						<item>Type Of Units: DUPLEX</item>
						<item># of Buildings: 2</item>
					</item>
				</item>
				<item>
					<item>Unit 1 Information</item>
					<item>
						<item># of Beds: 3</item>
						<item># of Baths: 2.00</item>
						<item>Rent: $5,500</item>
						<item>Projected Rent: $5,500</item>
						<item># of Units: 1</item>
					</item>
				</item>
				<item>
					<item>Unit 2 Information</item>
					<item>
						<item># of Beds: 2</item>
						<item># of Baths: 2.00</item>
						<item>Rent: $4,000</item>
						<item>Projected Rent: $4,000</item>
						<item># of Units: 1</item>
					</item>
				</item>
			</item>
		</item>
		<item>
			<item>Lease / Rent Details, Location Details, Documents &amp; Disclosures, Listing Information</item>
			<item>
				<item>
					<item>Lease Information</item>
					<item>
						<item>Tenant Pays: Electric, Gas</item>
					</item>
				</item>
				<item>
					<item>Location Information</item>
					<item>
						<item>Directions: Turn North onto Spaulding from Santa Monica Blvd.</item>
					</item>
				</item>
				<item>
					<item>Documents &amp; Disclosures</item>
					<item>
						<item>Disclosures: None</item>
					</item>
				</item>
				<item>
					<item>Listing Information</item>
					<item>
						<item>Possession: Close Of Escrow</item>
					</item>
				</item>
			</item>
		</item>
		<item>
			<item>Property / Lot Details</item>
			<item>
				<item>
					<item>Property Information</item>
					<item>
						<item>Property Type: Residential Income</item>
						<item>Property Condition: Repair Cosmetic, Repairs Major, Updated/Remodeled</item>
					</item>
				</item>
				<item>
					<item>Lot Information</item>
					<item>
						<item>Lot Size (Sq. Ft.): 5,083</item>
						<item>Zoning: WDR2*</item>
						<item>Lot Location: Corner Lot</item>
						<item>Lot Description: Front Yard</item>
					</item>
				</item>
				<item>
					<item>Property Features</item>
					<item>
						<item>Has View</item>
						<item>View: Walk Street</item>
						<item>Alley: True</item>
					</item>
				</item>
			</item>
		</item>
	</property_details>
	<public_facts>
		<Beds>1</Beds>
		<Baths>1</Baths>
		<Finished_Sq._Ft.>780</Finished_Sq._Ft.>
		<Unfinished_Sq._Ft.>—</Unfinished_Sq._Ft.>
		<Total_Sq._Ft.>780</Total_Sq._Ft.>
		<Stories>—</Stories>
		<Lot_Size>5,083 Sq. Ft.</Lot_Size>
		<Style>Multi-Family (2-4 Unit)</Style>
		<Year_Built>1922</Year_Built>
		<Year_Renovated>—</Year_Renovated>
		<County>Los Angeles County</County>
		<APN>5530011014</APN>
	</public_facts>
</home>
