<?xml version="1.0" ?>
<home>
	<HomeInfo_Address>
		<street-address>7505 Hampton Ave #3 </street-address>
		<locality>West Hollywood, </locality>
		<region>CA</region>
		<postal-code>90046</postal-code>
	</HomeInfo_Address>
	<main_stats>
		<Price>$899,000</Price>
		<Beds>3</Beds>
		<Baths>2</Baths>
		<key name="$553 / Sq. Ft.">1,627</key>
	</main_stats>
	<text_base_description>Pristine corner-unit condo situated within one of West Hollywood's most desirable neighborhoods! Rarely available 3 bedroom/2 bathroom layout with tons of upgrades. Formal entry leads into the spacious living room featuring new flooring, recessed lighting, fireplace, and balcony access. The kitchen features S/S appliances, in-unit laundry, ample cabinet space, recessed lighting and attached mudroom with private entrance. Large bedrooms all feature new dual pane windows, blackout shades  &amp;  customized closets with built-ins. Additional features include central air/heat with Smart Ecobee thermostat, tons of closet space and side-by-side parking. Low HOA dues include EQ insurance. Property is within close proximity to numerous coffee shops, parks, fitness clubs, grocery stores, &amp;  restaurants.  </text_base_description>
	<listed_by>
		<name>Angel Gonzalez</name>
		<agentLicenseDisplay>•DRE #02051080</agentLicenseDisplay>
		<org>•DRE #02051080</org>
	</listed_by>
	<price_insights>
		<List_Price>$899,000</List_Price>
		<Est._Mo._Payment>$4,166</Est._Mo._Payment>
		<Redfin_Estimate>$893,304</Redfin_Estimate>
		<key name="Price/Sq.Ft.">$553</key>
	</price_insights>
	<home_facts>
		<Status>Active</Status>
		<Time_on_Redfin>35 days</Time_on_Redfin>
		<Property_Type>Condominium, Residential Condo/Co-Op</Property_Type>
		<HOA_Dues>$400/month</HOA_Dues>
		<Year_Built>1981</Year_Built>
		<Style>Contemporary</Style>
		<Community>West Hollywood Vicinity</Community>
		<Lot_Size>0.36 Acres</Lot_Size>
		<key name="MLS#">20-621130</key>
	</home_facts>
	<property_details>
		<item>
			<item>Interior Features</item>
			<item>
				<item>
					<item>Bathroom Information</item>
					<item>
						<item># of Baths (Full): 2</item>
					</item>
				</item>
				<item>
					<item>Laundry Information</item>
					<item>
						<item>Laundry Inside</item>
					</item>
				</item>
				<item>
					<item>Additional Rooms</item>
					<item>
						<item>Breakfast Room, Dining Area, Living Room, Patio Enclosed, Master Bedroom, Service Entrance</item>
					</item>
				</item>
				<item>
					<item>Fireplace Information</item>
					<item>
						<item>Gas Fireplace, In Living Room, Decorative</item>
						<item># of Fireplaces: 1</item>
					</item>
				</item>
				<item>
					<item>Flooring Information</item>
					<item>
						<item>Laminate Floors, Mixed Floors, Tile Floors</item>
					</item>
				</item>
				<item>
					<item>Equipment</item>
					<item>
						<item>Dishwasher, Dryer, Freezer, Garbage Disposal, Range/Oven, Washer, Water Filter</item>
					</item>
				</item>
				<item>
					<item>Heating &amp; Cooling</item>
					<item>
						<item>Central Cooling</item>
						<item>Central Heat</item>
					</item>
				</item>
			</item>
		</item>
		<item>
			<item>Parking / Garage</item>
			<item>
				<item>
					<item>Garage</item>
					<item>
						<item>Community Garage, Side By Side</item>
					</item>
				</item>
				<item>
					<item>Parking</item>
					<item>
						<item># of Parking Spaces (Total): 2</item>
						<item># of Covered Parking Spaces: 2</item>
					</item>
				</item>
			</item>
		</item>
		<item>
			<item>Exterior Features, Homeowners Association, School / Neighborhood, Taxes / Assessments</item>
			<item>
				<item>
					<item>Building Information</item>
					<item>
						<item>Total Floors: 3</item>
						<item>Condominium, Low Rise, Attached</item>
						<item>Attached</item>
						<item>Entry Floor Number: 1</item>
						<item>Security Features: Gated</item>
					</item>
				</item>
				<item>
					<item>HOA Information</item>
					<item>
						<item>Amenities: Association Maintains Landscape, Elevator, Gated Parking, Rec Multipurpose Rm</item>
						<item>Fee #1: $400</item>
						<item>Fee #1 Frequency: Monthly</item>
						<item>Fees IncludeTrash, Fees Include Water</item>
						<item>AssociationPetRules: Call</item>
					</item>
				</item>
				<item>
					<item>Community Information</item>
					<item>
						<item># of Units in Complex (Total): 16</item>
					</item>
				</item>
				<item>
					<item>Assessment Information</item>
					<item>
						<item>Assessor Parcel Number: 5530-005-025</item>
					</item>
				</item>
			</item>
		</item>
		<item>
			<item>Property / Lot Details</item>
			<item>
				<item>
					<item>Property Information</item>
					<item>
						<item>Property Type: Residential Condo/Co-Op</item>
					</item>
				</item>
				<item>
					<item>Lot Information</item>
					<item>
						<item>Lot Size (Sq. Ft.): 15,487</item>
						<item>Lot Size (Acres): 0.3555</item>
						<item>Zoning: WDR2*</item>
						<item>Special Zoning: Property Report</item>
					</item>
				</item>
				<item>
					<item>Property Features</item>
					<item>
						<item>Has View</item>
						<item>View: Trees/Woods</item>
					</item>
				</item>
			</item>
		</item>
		<item>
			<item>Location Details, Documents &amp; Disclosures</item>
			<item>
				<item>
					<item>Location Information</item>
					<item>
						<item>Unit Floor In Building: 1</item>
						<item>Complex Name: Hampton West Condominiums. </item>
						<item>Directions: N of Santa Monica, S of Fountain, W of Gardner, E of Curson</item>
					</item>
				</item>
				<item>
					<item>Documents &amp; Disclosures</item>
					<item>
						<item>Disclosures: As Is</item>
					</item>
				</item>
			</item>
		</item>
	</property_details>
	<public_facts>
		<Beds>3</Beds>
		<Baths>2</Baths>
		<Finished_Sq._Ft.>1,627</Finished_Sq._Ft.>
		<Unfinished_Sq._Ft.>—</Unfinished_Sq._Ft.>
		<Total_Sq._Ft.>1,627</Total_Sq._Ft.>
		<Stories>1</Stories>
		<Lot_Size>—</Lot_Size>
		<Style>Condo/Co-op</Style>
		<Year_Built>1981</Year_Built>
		<Year_Renovated>1981</Year_Renovated>
		<County>Los Angeles County</County>
		<APN>5530005025</APN>
	</public_facts>
</home>
