<?xml version="1.0" ?>
<home>
	<HomeInfo_Address>
		<street-address>931 N Gardner St </street-address>
		<locality>West Hollywood, </locality>
		<region>CA</region>
		<postal-code>90046</postal-code>
	</HomeInfo_Address>
	<main_stats>
		<Price>$1,850,000</Price>
		<Beds>5</Beds>
		<Baths>5</Baths>
		<key name="$1301 / Sq. Ft.">1,422</key>
	</main_stats>
	<text_base_description>Money to be made on this! Development Opportunity in Prime West Hollywood. Multiple options for how to make the most profit. This property was a fourplex, front 2 unit building has been demolished. The 2 townhouse units at the back of the property are still intact with I bedroom and 1.5 bathrooms, each. One unit is vacant and second may be delivered vacant. New owner can rebuild front two units and have a prime WEHO fourplex or tear down rear 2 units and build from scratch. Zoned R3 so you have multiple options, Small Lot Subdivision, Apartment Building, Condos. PRIME LOCATION!!! </text_base_description>
	<listed_by>
		<name>Lee Ziff</name>
		<agentLicenseDisplay>•DRE #01212150</agentLicenseDisplay>
		<org>•DRE #01212150</org>
	</listed_by>
	<price_insights>
		<List_Price>$1,850,000</List_Price>
		<Est._Mo._Payment>$8,570</Est._Mo._Payment>
		<Redfin_Estimate>$1,846,175</Redfin_Estimate>
		<key name="Price/Sq.Ft.">$1,301</key>
	</price_insights>
	<home_facts>
		<Status>Active</Status>
		<Time_on_Redfin>16 days</Time_on_Redfin>
		<Property_Type>Residential Income</Property_Type>
		<Year_Built>1921</Year_Built>
		<Community>West Hollywood Vicinity</Community>
		<Lot_Size>5,893 Sq. Ft.</Lot_Size>
		<key name="MLS#">20-628910</key>
	</home_facts>
	<property_details>
		<item>
			<item>Interior Features</item>
			<item>
				<item>
					<item>Equipment</item>
					<item>
						<item>Other</item>
					</item>
				</item>
				<item>
					<item>Heating &amp; Cooling</item>
					<item>
						<item>Wall Unit Cooling</item>
						<item>Wall Heat</item>
					</item>
				</item>
			</item>
		</item>
		<item>
			<item>Parking / Garage</item>
			<item>
				<item>
					<item>Garage</item>
					<item>
						<item>Driveway</item>
					</item>
				</item>
				<item>
					<item>Parking</item>
					<item>
						<item># of Parking Spaces (Total): 4</item>
					</item>
				</item>
			</item>
		</item>
		<item>
			<item>Exterior Features, School / Neighborhood, Taxes / Assessments, Location Details</item>
			<item>
				<item>
					<item>Building Information</item>
					<item>
						<item>Total Floors: 2</item>
					</item>
				</item>
				<item>
					<item>Community Information</item>
					<item>
						<item># of Units in Complex (Total): 2</item>
					</item>
				</item>
				<item>
					<item>Assessment Information</item>
					<item>
						<item>Assessed Total Value: $1,007,008</item>
						<item>Assessed Land Value: $840,727</item>
						<item>Assessed Land %: 83.49</item>
						<item>Assessed Improvement Value: $166,281</item>
						<item>Assessed Improvement %: 16.51</item>
						<item>Assessor Parcel Number: 5530-020-018</item>
					</item>
				</item>
				<item>
					<item>Location Information</item>
					<item>
						<item>Directions: South of Santa Monica Blvd</item>
					</item>
				</item>
			</item>
		</item>
		<item>
			<item>Multi-Unit Information</item>
			<item>
				<item>
					<item>Multi-Unit Income</item>
					<item>
						<item>Gross Income: 0</item>
					</item>
				</item>
				<item>
					<item>Multi-Unit Other Financial Information</item>
					<item>
						<item>Scheduled Actual: Actual</item>
					</item>
				</item>
				<item>
					<item>Multi-Unit Information</item>
					<item>
						<item>Unit Type Type: 1, 2</item>
						<item>Type Of Units: Apartments</item>
						<item># of Buildings: 1</item>
					</item>
				</item>
				<item>
					<item>Unit 1 Information</item>
					<item>
						<item># of Beds: 1</item>
						<item># of Baths: 1.50</item>
						<item>Rent: $1,942</item>
						<item>Projected Rent: $2,500</item>
						<item>Actual Rent: $1,942</item>
						<item># of Units: 1</item>
					</item>
				</item>
				<item>
					<item>Unit 2 Information</item>
					<item>
						<item># of Beds: 1</item>
						<item># of Baths: 1.50</item>
						<item>Projected Rent: $2,500</item>
						<item># of Units: 1</item>
					</item>
				</item>
			</item>
		</item>
		<item>
			<item>Property / Lot Details</item>
			<item>
				<item>
					<item>Property Information</item>
					<item>
						<item>Property Type: Residential Income</item>
						<item>Property Condition: Fixer, Repairs Major, Tear Down, Value Mainly In Land</item>
					</item>
				</item>
				<item>
					<item>Lot Information</item>
					<item>
						<item>Lot Size (Sq. Ft.): 5,893</item>
						<item>Lot Size (Acres): 0.1353</item>
						<item>Zoning: WDR3C*</item>
					</item>
				</item>
			</item>
		</item>
		<item>
			<item>Documents &amp; Disclosures</item>
			<item>
				<item>
					<item>Documents &amp; Disclosures</item>
					<item>
						<item>Disclosures: None</item>
					</item>
				</item>
			</item>
		</item>
	</property_details>
	<public_facts>
		<Beds>5</Beds>
		<Baths>3</Baths>
		<Finished_Sq._Ft.>1,422</Finished_Sq._Ft.>
		<Unfinished_Sq._Ft.>—</Unfinished_Sq._Ft.>
		<Total_Sq._Ft.>1,422</Total_Sq._Ft.>
		<Stories>—</Stories>
		<Lot_Size>5,893 Sq. Ft.</Lot_Size>
		<Style>Multi-Family (2-4 Unit)</Style>
		<Year_Built>1921</Year_Built>
		<Year_Renovated>—</Year_Renovated>
		<County>Los Angeles County</County>
		<APN>5530020018</APN>
	</public_facts>
</home>
