<?xml version="1.0" ?>
<home>
	<HomeInfo_Address>
		<street-address>7250 Franklin Ave #516 </street-address>
		<locality>Los Angeles, </locality>
		<region>CA</region>
		<postal-code>90046</postal-code>
	</HomeInfo_Address>
	<main_stats>
		<Price>$649,000</Price>
		<Beds>2</Beds>
		<Baths>2</Baths>
		<key name="$535 / Sq. Ft.">1,212</key>
	</main_stats>
	<text_base_description>How about Runyon Canyon Park as your front yard and VIEWS of The City of Angels from your balcony? This Zen retreat in the center of Los Angeles is the perfect home in which to unwind after a morning hike at Runyon. Relax with a cup of coffee or a glass or wine from your wrap-around balcony as you overlook our beautiful city. Walk to some of the best shopping, finest dining and most exciting entertainment in the country. Or relax at home and enjoy everything resort-style living at the iconic Franklin Towers has to offer: Pool, Spa, Gym, Valet Parking, Concierge, Spectacular Roof Top Deck, 24 Hour Security and  Onsite Property Manager. Make this home your very own oasis in the center of Los Angeles. This condominium is move-in ready or may be updated to make it your very own.  </text_base_description>
	<listed_by>
		<name>Michael Cautillo</name>
		<agentLicenseDisplay>•DRE #02036728</agentLicenseDisplay>
		<org>•DRE #02036728</org>
	</listed_by>
	<price_insights>
		<List_Price>$649,000</List_Price>
		<Est._Mo._Payment>$3,008</Est._Mo._Payment>
		<Redfin_Estimate>$680,837</Redfin_Estimate>
		<key name="Price/Sq.Ft.">$535</key>
	</price_insights>
	<home_facts>
		<Status>Active</Status>
		<Time_on_Redfin>7 days</Time_on_Redfin>
		<Property_Type>Condominium, Residential Condo/Co-Op</Property_Type>
		<HOA_Dues>$760/month</HOA_Dues>
		<Year_Built>1964</Year_Built>
		<Style>Traditional</Style>
		<Community>Sunset Strip - Hollywood Hills West</Community>
		<Lot_Size>1.23 Acres</Lot_Size>
		<key name="MLS#">20-626580</key>
	</home_facts>
	<property_details>
		<item>
			<item>Virtual Tour, Homeowners Association, School / Neighborhood, Taxes / Assessments</item>
			<item>
				<item>
					<item>Virtual Tour</item>
					<item>
						<item>Virtual Tour (External Link)</item>
					</item>
				</item>
				<item>
					<item>HOA Information</item>
					<item>
						<item>Amenities: Association Maintains Landscape, Association Pet Rules, Concierge, Controlled Access, Clubhouse, Exercise Room, Elevator, Fitness Center, Gated Community Guard, Valet Parking, Sun Deck, Sauna, Pool, Onsite Property Management</item>
						<item>Fee #1: $760</item>
						<item>Fee #1 Frequency: Monthly</item>
						<item>Fees Include Building and Grounds, Fees Include Clubhouse, Fees Include Concierge, Fees Include On Site Security, Fees IncludeTrash</item>
						<item>AssociationPetRules: Assoc Pet Rules, Call, Yes</item>
					</item>
				</item>
				<item>
					<item>Community Information</item>
					<item>
						<item># of Units in Complex (Total): 190</item>
						<item>24-Hour Concierge, 24-Hour Closed Circuit Building, Club Room, Concierge, Controlled Access, Door Person, Entrance Lobby, Passenger Elevator, On-Site Guard, Valet Parking, Service Elevator</item>
						<item>Community Features: Community Mailbox</item>
					</item>
				</item>
				<item>
					<item>Assessment Information</item>
					<item>
						<item>Assessor Parcel Number: 5548-025-075</item>
					</item>
				</item>
			</item>
		</item>
		<item>
			<item>Interior Features</item>
			<item>
				<item>
					<item>Bathroom Information</item>
					<item>
						<item># of Baths (Full): 2</item>
					</item>
				</item>
				<item>
					<item>Kitchen Information</item>
					<item>
						<item>Cooktop - Electric, Oven</item>
					</item>
				</item>
				<item>
					<item>Laundry Information</item>
					<item>
						<item>Community Laundry</item>
					</item>
				</item>
				<item>
					<item>Additional Rooms</item>
					<item>
						<item>Breakfast Area, Dining Area, In Kitchen</item>
						<item>Rec Room, Gym, Breakfast Area, Living Room, Master Bedroom</item>
					</item>
				</item>
				<item>
					<item>Flooring Information</item>
					<item>
						<item>Hardwood Floors</item>
					</item>
				</item>
				<item>
					<item>Equipment</item>
					<item>
						<item>Dishwasher, Garbage Disposal, Freezer, Hood Fan, Refrigerator</item>
					</item>
				</item>
				<item>
					<item>Heating &amp; Cooling</item>
					<item>
						<item>Central Cooling</item>
						<item>Central Heat</item>
					</item>
				</item>
			</item>
		</item>
		<item>
			<item>Parking / Garage</item>
			<item>
				<item>
					<item>Garage</item>
					<item>
						<item>Assigned, Community Garage, Controlled Entrance, Covered Parking, Door Opener, Valet, Tandem, Subterranean, Circular Driveway, Gated Underground, Parking for Guests, Parking for Guests - Onsite</item>
					</item>
				</item>
				<item>
					<item>Parking</item>
					<item>
						<item># of Parking Spaces (Total): 2</item>
						<item># of Covered Parking Spaces: 2</item>
					</item>
				</item>
			</item>
		</item>
		<item>
			<item>Exterior Features</item>
			<item>
				<item>
					<item>Building Information</item>
					<item>
						<item>Condominium, Attached</item>
						<item>Attached</item>
						<item>Entry Floor Number: 5</item>
						<item>Faces South</item>
						<item>Security Features: 24 Hour, Community, Fire and Smoke Detection System, Gated Community with Guard, Guarded, Gated, Resident Manager</item>
					</item>
				</item>
				<item>
					<item>Exterior Features</item>
					<item>
						<item>Other Structural Features: Balcony, Sliding Glass Doors, End Unit</item>
					</item>
				</item>
				<item>
					<item>Pool Information</item>
					<item>
						<item>Association Pool, In Ground Pool, Heated And Filtered Pool, Community Pool</item>
						<item>Association Spa</item>
					</item>
				</item>
			</item>
		</item>
		<item>
			<item>Property / Lot Details</item>
			<item>
				<item>
					<item>Property Information</item>
					<item>
						<item>Property Type: Residential Condo/Co-Op</item>
					</item>
				</item>
				<item>
					<item>Lot Information</item>
					<item>
						<item>Lot Size (Sq. Ft.): 53,586</item>
						<item>Lot Size (Acres): 1.2302</item>
						<item>Zoning: LAR3</item>
						<item>Special Zoning: None</item>
					</item>
				</item>
				<item>
					<item>Property Features</item>
					<item>
						<item>Has View</item>
						<item>View: City, City Lights</item>
					</item>
				</item>
			</item>
		</item>
		<item>
			<item>Location Details, Documents &amp; Disclosures</item>
			<item>
				<item>
					<item>Location Information</item>
					<item>
						<item>Unit Floor In Building: 5</item>
						<item>Unit Location: Corner</item>
						<item>Complex Name: Franklin Towers</item>
						<item>Directions: Head south toward N San Vicente Blvd. Take Santa Monica Blvd, Fountain Ave and Hollywood Blvd to Camino Palmero St in Los Angeles. Turn right onto Franklin Ave.</item>
					</item>
				</item>
				<item>
					<item>Documents &amp; Disclosures</item>
					<item>
						<item>Disclosures: None</item>
					</item>
				</item>
			</item>
		</item>
	</property_details>
	<public_facts>
		<Beds>2</Beds>
		<Baths>2</Baths>
		<Finished_Sq._Ft.>1,212</Finished_Sq._Ft.>
		<Unfinished_Sq._Ft.>—</Unfinished_Sq._Ft.>
		<Total_Sq._Ft.>1,212</Total_Sq._Ft.>
		<Stories>—</Stories>
		<Lot_Size>—</Lot_Size>
		<Style>Condo/Co-op</Style>
		<Year_Built>1964</Year_Built>
		<Year_Renovated>1964</Year_Renovated>
		<County>Los Angeles County</County>
		<APN>5548025075</APN>
	</public_facts>
</home>
