<?xml version="1.0" ?>
<home>
	<HomeInfo_Address>
		<street-address>7250 Franklin Ave #1004 </street-address>
		<locality>Los Angeles, </locality>
		<region>CA</region>
		<postal-code>90046</postal-code>
	</HomeInfo_Address>
	<main_stats>
		<Price>$700,000</Price>
		<Bed>1</Bed>
		<Baths>1.5</Baths>
		<key name="$669 / Sq. Ft.">1,047</key>
	</main_stats>
	<text_base_description>Jetliner downtown Los Angeles skyscraper views from every room draw you in giving the heightened experience that only high-rise living brings out. Inviting entry foyer hall expands to open loft-style living providing unobstructed transitions between living room, dining area, galley kitchen  &amp;  floor-to-ceiling glass sliding doors to large private terrace. Simplified spaces for easy entertaining combined w/ hard-surface flooring throughout, modern fixtures, in-unit washer/dryer, chic powder room  &amp;  dramatic master suite w/ ample closet space. Double vanity spa-like master bath with oversized dual shower. Full service amenities: 1 car parking with storage, valet guest parking, refined lobby, updated hallways, security, concierge, pool/spa, clubhouse, rooftop sundeck, yoga room  &amp;  gym all w/ comparatively low HOA dues. Convenient to Runyon Canyon hiking, Sunset Strip  &amp;  the Hollywood Walk of Fame.  </text_base_description>
	<listed_by>
		<name>Ian Rhodes</name>
		<agentLicenseDisplay>•DRE #01844869</agentLicenseDisplay>
		<org>•DRE #01844869</org>
	</listed_by>
	<price_insights>
		<List_Price>$700,000</List_Price>
		<Est._Mo._Payment>$3,243</Est._Mo._Payment>
		<Redfin_Estimate>$697,798</Redfin_Estimate>
		<key name="Price/Sq.Ft.">$669</key>
	</price_insights>
	<home_facts>
		<Status>Active</Status>
		<Time_on_Redfin>22 days</Time_on_Redfin>
		<Property_Type>Condominium, Residential Condo/Co-Op</Property_Type>
		<HOA_Dues>$777/month</HOA_Dues>
		<Year_Built>1964</Year_Built>
		<Style>High or Mid-Rise Condo</Style>
		<Community>Sunset Strip - Hollywood Hills West</Community>
		<Lot_Size>1.23 Acres</Lot_Size>
		<key name="MLS#">20-624846</key>
	</home_facts>
	<property_details>
		<item>
			<item>Virtual Tour, Homeowners Association, School / Neighborhood, Taxes / Assessments</item>
			<item>
				<item>
					<item>Virtual Tour</item>
					<item>
						<item>Virtual Tour (External Link)</item>
					</item>
				</item>
				<item>
					<item>HOA Information</item>
					<item>
						<item>Amenities: Association Maintains Landscape, Association Pet Rules, Clubhouse, Concierge, Controlled Access, Elevator, Exercise Room, Fitness Center, Gated Parking, Guest Parking, Onsite Property Management, Sauna, Pool, Security, Spa, Steam Room, Sun Deck, Valet Parking, Extra Storage</item>
						<item>Fee #1: $777.06</item>
						<item>Fee #1 Frequency: Monthly</item>
						<item>Fees Include Building and Grounds, Fees Include Clubhouse, Fees Include Concierge, Fees Include On Site Security, Fees Include Sewer, Fees IncludeTrash, Fees Include Water</item>
						<item>AssociationPetRules: Assoc Pet Rules, Call</item>
						<item>Homeowner Assessments: None</item>
					</item>
				</item>
				<item>
					<item>Community Information</item>
					<item>
						<item># of Units in Complex (Total): 190</item>
						<item>24-Hour Concierge, Club Room, Dog Run, Entrance Lobby, Sun Deck, Valet Parking, Yoga and Pilates Studio</item>
						<item>Athletic Court: None</item>
					</item>
				</item>
				<item>
					<item>Assessment Information</item>
					<item>
						<item>Assessor Parcel Number: 5548-025-144</item>
					</item>
				</item>
			</item>
		</item>
		<item>
			<item>Interior Features</item>
			<item>
				<item>
					<item>Bedroom Information</item>
					<item>
						<item>Master Suite</item>
					</item>
				</item>
				<item>
					<item>Bathroom Information</item>
					<item>
						<item># of Baths (Full): 1</item>
						<item># of Baths (1/2): 1</item>
						<item>Remodeled, Shower Stall, Double Vanity(s), Tile, Double Shower</item>
					</item>
				</item>
				<item>
					<item>Kitchen Information</item>
					<item>
						<item>Built-In Electric, Microwave</item>
						<item>Remodeled, Galley Kitchen, Open to Family Room</item>
					</item>
				</item>
				<item>
					<item>Laundry Information</item>
					<item>
						<item>Stacked Laundry in Closet, Laundry in Unit</item>
					</item>
				</item>
				<item>
					<item>Additional Rooms</item>
					<item>
						<item>Dining Area, In Kitchen, Breakfast Area</item>
						<item>Breakfast Area, Dining Area, Master Bedroom, Living Room, Patio Covered</item>
					</item>
				</item>
				<item>
					<item>Interior Features</item>
					<item>
						<item>Drywall Walls, Built-Ins, Coffered Ceiling(s), Recessed Lighting, Open Floor Plan, Living Room Balcony, Laundry - Closet Stacked, Common Walls</item>
						<item>Windows: Window Blinds</item>
					</item>
				</item>
				<item>
					<item>Flooring Information</item>
					<item>
						<item>Hardwood Floors, Tile Floors</item>
					</item>
				</item>
				<item>
					<item>Equipment</item>
					<item>
						<item>Dishwasher, Microwave, Dryer, Built-Ins, Garbage Disposal, Washer, Refrigerator, Range/Oven</item>
					</item>
				</item>
				<item>
					<item>Heating &amp; Cooling</item>
					<item>
						<item>Central Cooling</item>
						<item>Central Heat</item>
					</item>
				</item>
			</item>
		</item>
		<item>
			<item>Parking / Garage</item>
			<item>
				<item>
					<item>Garage</item>
					<item>
						<item>Assigned, Community Garage, Parking for Guests, Gated, Valet</item>
						<item># of Garage Spaces: 1</item>
					</item>
				</item>
				<item>
					<item>Parking</item>
					<item>
						<item># of Parking Spaces (Total): 1</item>
						<item># of Covered Parking Spaces: 1</item>
					</item>
				</item>
			</item>
		</item>
		<item>
			<item>Exterior Features</item>
			<item>
				<item>
					<item>Building Information</item>
					<item>
						<item>Total Floors: 13</item>
						<item>One Level</item>
						<item>High Rise, Condominium, Attached</item>
						<item>Attached</item>
						<item>Entry Floor Number: 10</item>
						<item>Security Features: 24 Hour</item>
					</item>
				</item>
				<item>
					<item>Exterior Features</item>
					<item>
						<item>Patio Features: Balcony, Covered, Living Room Balcony</item>
						<item>Balcony: Yes</item>
						<item>Other Structural Features: Balcony, Sliding Glass Doors</item>
					</item>
				</item>
				<item>
					<item>Pool Information</item>
					<item>
						<item>Association Pool, Fenced Pool, Heated Pool, Community Pool</item>
						<item>Association Spa, Community Spa, Fenced Spa, Heated Spa</item>
					</item>
				</item>
			</item>
		</item>
		<item>
			<item>Property / Lot Details</item>
			<item>
				<item>
					<item>Property Information</item>
					<item>
						<item>Property Type: Residential Condo/Co-Op</item>
						<item>Property Condition: Updated/Remodeled</item>
					</item>
				</item>
				<item>
					<item>Lot Information</item>
					<item>
						<item>Lot Size (Sq. Ft.): 53,586</item>
						<item>Lot Size (Acres): 1.2302</item>
						<item>Zoning: LAR3</item>
						<item>Special Zoning: Property Report</item>
					</item>
				</item>
				<item>
					<item>Property Features</item>
					<item>
						<item>Has View</item>
						<item>View: City, City Lights, Pool, Tree Top</item>
					</item>
				</item>
			</item>
		</item>
		<item>
			<item>Location Details, Documents &amp; Disclosures, Listing Information</item>
			<item>
				<item>
					<item>Location Information</item>
					<item>
						<item>Unit Floor In Building: 10</item>
						<item>Complex Name: Franklin Towers HOA</item>
						<item>Directions: North of Hollywood Blvd, East of N Fuller Ave, West of N La Brea Ave</item>
					</item>
				</item>
				<item>
					<item>Documents &amp; Disclosures</item>
					<item>
						<item>Disclosures: As Is, Listing Broker Advantage</item>
					</item>
				</item>
				<item>
					<item>Listing Information</item>
					<item>
						<item>Possession: Close Of Escrow</item>
					</item>
				</item>
			</item>
		</item>
	</property_details>
	<public_facts>
		<Beds>1</Beds>
		<Baths>2</Baths>
		<Finished_Sq._Ft.>1,047</Finished_Sq._Ft.>
		<Unfinished_Sq._Ft.>—</Unfinished_Sq._Ft.>
		<Total_Sq._Ft.>1,047</Total_Sq._Ft.>
		<Stories>—</Stories>
		<Lot_Size>—</Lot_Size>
		<Style>Condo/Co-op</Style>
		<Year_Built>1964</Year_Built>
		<Year_Renovated>1964</Year_Renovated>
		<County>Los Angeles County</County>
		<APN>5548025144</APN>
	</public_facts>
</home>
