<?xml version="1.0" ?>
<home>
	<HomeInfo_Address>
		<street-address>7250 Franklin Ave #406 </street-address>
		<locality>Los Angeles, </locality>
		<region>CA</region>
		<postal-code>90046</postal-code>
	</HomeInfo_Address>
	<main_stats>
		<Price>$285,000</Price>
		<Beds>—</Beds>
		<Bath>1</Bath>
		<key name="$635 / Sq. Ft.">449</key>
	</main_stats>
	<text_base_description>Charming studio apartment in Hollywood. Full service building. Stunning building with tons of character. Fourth floor unit. Carpet flooring. Nice sized kitchen. Great location. Great full service building. Short walk to Runyan Canyon, the Hollywood Bowl, and to Hollywood and Highland.  </text_base_description>
	<listed_by>
		<name>Sebastian Stofenmacher</name>
		<agentLicenseDisplay>•DRE #01328684</agentLicenseDisplay>
		<org>•DRE #01328684</org>
	</listed_by>
	<price_insights>
		<List_Price>$285,000</List_Price>
		<Est._Mo._Payment>$1,320</Est._Mo._Payment>
		<Redfin_Estimate>$297,606</Redfin_Estimate>
		<key name="Price/Sq.Ft.">$635</key>
	</price_insights>
	<home_facts>
		<Status>Active</Status>
		<Time_on_Redfin>260 days</Time_on_Redfin>
		<Property_Type>Condominium</Property_Type>
		<HOA_Dues>$694/month</HOA_Dues>
		<Year_Built>1964</Year_Built>
		<Community>C20 - Hollywood</Community>
		<Lot_Size>1.23 Acres</Lot_Size>
		<key name="MLS#">PW20004596</key>
	</home_facts>
	<property_details>
		<item>
			<item>Interior Features</item>
			<item>
				<item>
					<item>Laundry Information</item>
					<item>
						<item>None</item>
					</item>
				</item>
				<item>
					<item>Bathroom Information</item>
					<item>
						<item># of Baths (Full): 1</item>
					</item>
				</item>
				<item>
					<item>Room Information</item>
					<item>
						<item>See Remarks</item>
					</item>
				</item>
				<item>
					<item>Heating Information</item>
					<item>
						<item>Central Furnace</item>
						<item>Has Heating</item>
					</item>
				</item>
				<item>
					<item>Interior Features</item>
					<item>
						<item>Levels: One</item>
						<item>Main Level Bathrooms: 1</item>
						<item>Main Level Bedrooms: 0</item>
						<item>Spa Features: Community</item>
						<item>Has Spa</item>
					</item>
				</item>
			</item>
		</item>
		<item>
			<item>Exterior Features, Multi-Unit Information, Homeowners Association, Utilities</item>
			<item>
				<item>
					<item>Exterior Features</item>
					<item>
						<item>Pool Features: Community Pool</item>
					</item>
				</item>
				<item>
					<item>Multi-Unit Information</item>
					<item>
						<item># of Units In Community: 50</item>
					</item>
				</item>
				<item>
					<item>Homeowners Association</item>
					<item>
						<item>Is Part of Association</item>
						<item>Association Name: Franklin Towers HOA</item>
						<item>Monthly</item>
						<item>Association Fee: $694.13</item>
						<item>Association Amenities: Pool, Spa, Gym/Ex Room, Recreational Multipurpose Room</item>
					</item>
				</item>
				<item>
					<item>Utilities Information</item>
					<item>
						<item>Sewer: Public Sewer</item>
						<item>Water Source: District/Public</item>
					</item>
				</item>
			</item>
		</item>
		<item>
			<item>School / Neighborhood</item>
			<item>
				<item>
					<item>Neighborhood Information</item>
					<item>
						<item>Curbs</item>
					</item>
				</item>
				<item>
					<item>School Information</item>
					<item>
						<item>High School District: Los Angeles Unified</item>
					</item>
				</item>
			</item>
		</item>
		<item>
			<item>Taxes / Assessments, Location Details</item>
			<item>
				<item>
					<item>Assesments Information</item>
					<item>
						<item>Assessments: Unknown</item>
					</item>
				</item>
				<item>
					<item>Location Information</item>
					<item>
						<item>Directions: Hollywood and Highland</item>
						<item>Zoning: LAR3</item>
					</item>
				</item>
			</item>
		</item>
		<item>
			<item>Property / Lot Details</item>
			<item>
				<item>
					<item>Lot Information</item>
					<item>
						<item>Elevation Units: Feet</item>
						<item>Lot Size Source: Assessor's Data</item>
					</item>
				</item>
				<item>
					<item>Property Information</item>
					<item>
						<item>Common Interest: Condominium</item>
						<item>Total # of Units: 50</item>
						<item>Common Walls: 2+ common walls</item>
						<item>Parcel Number: 5548025050</item>
						<item>Attached Property</item>
						<item>Has View</item>
						<item>Year Built Source: Assessor</item>
					</item>
				</item>
			</item>
		</item>
	</property_details>
	<public_facts>
		<Beds>—</Beds>
		<Baths>1</Baths>
		<Finished_Sq._Ft.>449</Finished_Sq._Ft.>
		<Unfinished_Sq._Ft.>—</Unfinished_Sq._Ft.>
		<Total_Sq._Ft.>449</Total_Sq._Ft.>
		<Stories>—</Stories>
		<Lot_Size>—</Lot_Size>
		<Style>Condo/Co-op</Style>
		<Year_Built>1964</Year_Built>
		<Year_Renovated>1964</Year_Renovated>
		<County>Los Angeles County</County>
		<APN>5548025050</APN>
	</public_facts>
</home>
