<?xml version="1.0" ?>
<home>
	<HomeInfo_Address>
		<street-address>1538 N Stanley Ave </street-address>
		<locality>Los Angeles, </locality>
		<region>CA</region>
		<postal-code>90046</postal-code>
	</HomeInfo_Address>
	<main_stats>
		<Price>$2,849,000</Price>
		<Beds>4</Beds>
		<Baths>5</Baths>
		<Sq._Ft.>—</Sq._Ft.>
	</main_stats>
	<text_base_description>Rare 2-story Brand NEW Construction Home in coveted Sunset Square! Expertly crafted Spanish Revival Architecture w/ character  &amp;  charm, fitted w/ modern amenities, expansive living areas  &amp;  great attention to detail. This spacious, comfortable 4 bedroom, 4.5 bath home features beamed ceilings, a stunning Chef's kitchen w/ large center island, separate Bar  &amp;  spacious dining area. Your spectacular master suite has custom dual closets, spa-like bath, Juliette balcony  &amp;  tree top views. The bright, open floor plan w/ mature greenery views out windows, is gated  &amp;  affords optimal privacy for the most discerning buyer. You flow effortlessly to the back yard through a beautiful veranda opening to the outdoor dining deck, grassy yard, arched dual entry cabana plus Zen fire pit-conversation area enhanced with a striking fountain, all perfect for indoor/outdoor entertaining or intimate family time. Come experience classically designed luxury living, close to all the Sunset Strip and WEHO have to offer! </text_base_description>
	<listed_by>
		<name>Rande Gray</name>
		<agentLicenseDisplay>•DRE #01233483</agentLicenseDisplay>
		<org>•DRE #01233483</org>
	</listed_by>
	<price_insights>
		<List_Price>$2,849,000</List_Price>
		<Est._Mo._Payment>$13,198</Est._Mo._Payment>
		<Redfin_Estimate>$2,697,459</Redfin_Estimate>
	</price_insights>
	<home_facts>
		<Status>Active</Status>
		<Time_on_Redfin>76 days</Time_on_Redfin>
		<Property_Type>Single Family, Residential Single-Family</Property_Type>
		<Baths>2 full, 3 partial</Baths>
		<Year_Built>2020</Year_Built>
		<Style>Spanish</Style>
		<Community>Hollywood</Community>
		<Lot_Size>5,398 Sq. Ft.</Lot_Size>
		<key name="MLS#">20-597176</key>
	</home_facts>
	<property_details>
		<item>
			<item>Virtual Tour, Utilities, Taxes / Assessments, Location Details</item>
			<item>
				<item>
					<item>Virtual Tour</item>
					<item>
						<item>Virtual Tour (External Link)</item>
					</item>
				</item>
				<item>
					<item>Utility Information</item>
					<item>
						<item>Sewer: In Street</item>
						<item>Water: In Street, Public</item>
					</item>
				</item>
				<item>
					<item>Assessment Information</item>
					<item>
						<item>Assessor Parcel Number: 5550-006-017</item>
					</item>
				</item>
				<item>
					<item>Location Information</item>
					<item>
						<item>Directions: Sunset Square Location:  North of Sunset, West of Fairfax, South of Hollywood</item>
						<item>Cross Streets: W. Sunset Boulevard and N. Stanley Avenue</item>
					</item>
				</item>
			</item>
		</item>
		<item>
			<item>Interior Features</item>
			<item>
				<item>
					<item>Bedroom Information</item>
					<item>
						<item>Main Floor Bedroom, Master Suite, WalkInCloset, 2 Master Bedrooms, Main Floor Master Bedroom, Dressing Area</item>
					</item>
				</item>
				<item>
					<item>Bathroom Information</item>
					<item>
						<item># of Baths (Full): 2</item>
						<item># of Baths (3/4): 2</item>
						<item># of Baths (1/2): 1</item>
						<item>Low Flow Toilet(s), Powder Room, Shower and Tub, Shower Over Tub, Shower Stall, Under Vanity Lighting, Tile, Low Flow Shower(s), Double Shower, Double Vanity(s), Linen Closet</item>
					</item>
				</item>
				<item>
					<item>Kitchen Information</item>
					<item>
						<item>Built-In And Free Standing, Built-Ins, Cooktop - Gas, Double Oven, Oven-Gas, Range Hood, Self Cleaning Oven</item>
						<item>Pantry, Open to Family Room, Island, Gourmet Kitchen, Stone Counters</item>
					</item>
				</item>
				<item>
					<item>Laundry Information</item>
					<item>
						<item>Laundry Inside, Laundry Area</item>
					</item>
				</item>
				<item>
					<item>Additional Rooms</item>
					<item>
						<item>Breakfast Area, Dining Area, In Kitchen, Kitchen Island, Family Kitchen, Breakfast Nook, Breakfast Counter / Bar, Breakfast Room, Other - See Remarks</item>
						<item>Family Room</item>
						<item>Den</item>
						<item>Bonus Room, Breakfast Room, Breakfast Area, Breakfast Bar, Den, Cabana, Bar Room, Service Entrance, Separate Family Room, Rec Room, Powder Room, Patio Open, Dressing Area, Entry Room, Family Room, Great Room</item>
					</item>
				</item>
				<item>
					<item>Interior Features</item>
					<item>
						<item>Dry Bar, Drywall Walls, Cathedral-Vaulted Ceilings, Built-Ins, Beamed Ceiling(s), Bar, High Ceilings (9 Feet+), Home Automation System, Intercom, Laundry - Closet Stacked, Open Floor Plan, Paneled Walls, Wet Bar, Two Story Ceilings, Recessed Lighting, Pre-wired for surround sound, Pre-wired for high speed Data</item>
						<item>Ground Level w/steps</item>
						<item>Windows: Tinted Windows, Skylights, Screens, Double Pane Windows, French Windows</item>
					</item>
				</item>
				<item>
					<item>Fireplace Information</item>
					<item>
						<item>Fire Pit, Gas Fireplace</item>
					</item>
				</item>
				<item>
					<item>Flooring Information</item>
					<item>
						<item>Hardwood Floors, Tile Floors, Stone Tile Floors, Mixed Floors</item>
					</item>
				</item>
				<item>
					<item>Equipment</item>
					<item>
						<item>Alarm System, Built-Ins, Cable, Ceiling Fan, Central Vacuum, Dishwasher, Dryer, Garbage Disposal, Freezer, Gas Or Electric Dryer Hookup, Hood Fan, Network Wire, Water Line to Refrigerator, Washer, Vented Exhaust Fan, Stackable W/D Hookup, Refrigerator, Range/Oven</item>
						<item>Cable TV</item>
					</item>
				</item>
				<item>
					<item>Heating &amp; Cooling</item>
					<item>
						<item>A/C, Central Cooling, Multi/Zone Cooling</item>
						<item>Central Heat, Fireplace Heat, Gravity Heat, Forced Air Heating, Natural Gas Heat, Zoned Heat</item>
						<item>Water Heater Features: Gas, Multi-Tank, Tankless</item>
					</item>
				</item>
			</item>
		</item>
		<item>
			<item>Parking / Garage</item>
			<item>
				<item>
					<item>Garage</item>
					<item>
						<item>Detached, Driveway, Driveway - Combination, Driveway Gate, 2 Car Garage, Garage Is Detached, Driveway - Concrete, Covered Parking, Gated, Parking for Guests - Onsite, Private Garage, Private</item>
					</item>
				</item>
				<item>
					<item>Parking</item>
					<item>
						<item># of Parking Spaces (Total): 4</item>
					</item>
				</item>
			</item>
		</item>
		<item>
			<item>Exterior Features</item>
			<item>
				<item>
					<item>Building Information</item>
					<item>
						<item>Total Floors: 2</item>
						<item>Two Level</item>
						<item>Detached</item>
						<item>Detached/No Common Walls</item>
						<item>Entry Floor Number: 1</item>
						<item>Faces West</item>
						<item>Security Features: Fire Rated Drywall, Fire Sprinklers, Owned, Carbon Monoxide Detector(s), Smoke Detector, Exterior Security Lights, Fire and Smoke Detection System, Gated</item>
						<item>Exterior Construction: Stucco, Wood</item>
						<item>Builder's Tract Name: Sunset Square</item>
					</item>
				</item>
				<item>
					<item>Exterior Features</item>
					<item>
						<item>Roof: Composition</item>
						<item>Patio Features: Balcony, Covered, Covered Porch, Other - See Remarks, Patio Open, Deck(s), Porch, Porch - Front, Porch - Rear, Tile, Wood</item>
						<item>Other Structural Features: Balcony, Insulated Doors, Energy Efficient, French Doors, Full Copper Plumbing, High Ceilings (9 Feet+), Custom Built, Sprinkler System, Sliding Glass Doors, Service Entrance, Rain Gutters</item>
					</item>
				</item>
				<item>
					<item>Pool Information</item>
					<item>
						<item>Room For Pool</item>
					</item>
				</item>
			</item>
		</item>
		<item>
			<item>Property / Lot Details</item>
			<item>
				<item>
					<item>Property Information</item>
					<item>
						<item>Land Lease Type: Fee</item>
						<item>Property Type: Residential Single-Family</item>
						<item>Property Condition: New Construction</item>
					</item>
				</item>
				<item>
					<item>Land Information</item>
					<item>
						<item>Other Structures: Cabana</item>
					</item>
				</item>
				<item>
					<item>Lot Information</item>
					<item>
						<item>Lot Size (Sq. Ft.): 5,398</item>
						<item>Lot Size (Acres): 0.1239</item>
						<item>Lot Size Dimensions: 40 x 135</item>
						<item>Zoning: LAR1</item>
						<item>Special Zoning: Property Report</item>
						<item>Lot Location: City, Flats</item>
						<item>Lot Description: Corners Established, Back Yard, Curbs, Exterior Security Lights, Gutters, Landscaped, Lawn, Lot-Level/Flat, Lot Shape-Rectangular, Sidewalks, Single Lot, Storm Drains, Street Asphalt, Street Lighting, Street Paved, Utilities - Overhead, Fenced, Fenced Yard, Front Yard, Secluded, Yard, Wooded</item>
					</item>
				</item>
				<item>
					<item>Property Features</item>
					<item>
						<item>Partially Fenced, Stucco Wall, Wood Fence, Privacy Fence</item>
						<item>Sprinkler System, Sprinkler Timer</item>
						<item>Has View</item>
						<item>View: Hills, City</item>
					</item>
				</item>
			</item>
		</item>
		<item>
			<item>Documents &amp; Disclosures, Listing Information</item>
			<item>
				<item>
					<item>Documents &amp; Disclosures</item>
					<item>
						<item>Disclosures: Building Permit, Property Report</item>
					</item>
				</item>
				<item>
					<item>Listing Information</item>
					<item>
						<item>Possession: Close Of Escrow</item>
					</item>
				</item>
			</item>
		</item>
	</property_details>
	<public_facts>
		<Beds>1</Beds>
		<Baths>1</Baths>
		<Finished_Sq._Ft.>616</Finished_Sq._Ft.>
		<Unfinished_Sq._Ft.>—</Unfinished_Sq._Ft.>
		<Total_Sq._Ft.>616</Total_Sq._Ft.>
		<Stories>1</Stories>
		<Lot_Size>5,398 Sq. Ft.</Lot_Size>
		<Style>Single Family Residential</Style>
		<Year_Built>1916</Year_Built>
		<Year_Renovated>1918</Year_Renovated>
		<County>Los Angeles County</County>
		<APN>5550006017</APN>
	</public_facts>
</home>
