<?xml version="1.0" ?>
<home>
	<HomeInfo_Address>
		<street-address>1745 Camino Palmero St #524 </street-address>
		<locality>West Hollywood, </locality>
		<region>CA</region>
		<postal-code>90046</postal-code>
	</HomeInfo_Address>
	<main_stats>
		<Price>$917,500</Price>
		<Beds>3</Beds>
		<Baths>2</Baths>
		<key name="$622 / Sq. Ft.">1,475</key>
	</main_stats>
	<text_base_description>Beautifully remodeled top floor, corner unit located in the most PRIME LOCATION of Hollywood. A few steps away from Runyon Canyon and the famed Hollywood Blvd! This it the most sought after unit in the Briarwood Complex and consists of three large bedrooms and two bathrooms. The kitchen has remodeled with new cabinets, quartz counter tops, over-sized sink and brand new stainless steel appliances. Both bathrooms have been remodeled and new flooring throughout the entire unit, including new LED recessed lighting. A large balcony overlooks Franklin Blvd with beautiful views of the Hollywood Hills. Briarwood is a professionally managed complex.  </text_base_description>
	<listed_by>
		<name>Kenneth So</name>
		<agentLicenseDisplay>•DRE #02052370</agentLicenseDisplay>
		<org>•DRE #02052370</org>
	</listed_by>
	<price_insights>
		<List_Price>$917,500</List_Price>
		<Est._Mo._Payment>$4,252</Est._Mo._Payment>
		<Redfin_Estimate>$886,802</Redfin_Estimate>
		<key name="Price/Sq.Ft.">$622</key>
	</price_insights>
	<home_facts>
		<Status>Active</Status>
		<Time_on_Redfin>84 days</Time_on_Redfin>
		<Property_Type>Condominium</Property_Type>
		<HOA_Dues>$395/month</HOA_Dues>
		<Year_Built>1973</Year_Built>
		<Community>C03 - Sunset Strip - Hollywood Hills West</Community>
		<Lot_Size>1.53 Acres</Lot_Size>
		<key name="MLS#">AR20128591</key>
	</home_facts>
	<property_details>
		<item>
			<item>Interior Features</item>
			<item>
				<item>
					<item>Laundry Information</item>
					<item>
						<item>Has Laundry</item>
						<item>Community</item>
					</item>
				</item>
				<item>
					<item>Kitchen Information</item>
					<item>
						<item>Appliances: Dishwasher, Electric Range, Garbage Disposal, Microwave</item>
						<item>Has Appliances</item>
						<item>Formal Dining Room</item>
						<item>Quartz Counters</item>
					</item>
				</item>
				<item>
					<item>Bathroom Information</item>
					<item>
						<item># of Baths (Full): 2</item>
					</item>
				</item>
				<item>
					<item>Cooling Information</item>
					<item>
						<item>Central</item>
						<item>Has Cooling</item>
					</item>
				</item>
				<item>
					<item>Room Information</item>
					<item>
						<item>Family Room, Living Room, Master Bathroom, Walk-In Closet</item>
					</item>
				</item>
				<item>
					<item>Fireplace Information</item>
					<item>
						<item>Living Room</item>
						<item>Has Fireplace</item>
					</item>
				</item>
				<item>
					<item>Flooring Information</item>
					<item>
						<item>Laminated</item>
					</item>
				</item>
				<item>
					<item>Heating Information</item>
					<item>
						<item>Central Furnace</item>
						<item>Has Heating</item>
					</item>
				</item>
				<item>
					<item>Interior Features</item>
					<item>
						<item>Elevator, Furnished</item>
						<item>Levels: One</item>
						<item>Main Level Bathrooms: 2</item>
						<item>Main Level Bedrooms: 3</item>
						<item>Security Features: Gated Community</item>
						<item>Spa Features: Community</item>
						<item>Has Spa</item>
					</item>
				</item>
			</item>
		</item>
		<item>
			<item>Parking / Garage, Exterior Features, Multi-Unit Information, Homeowners Association</item>
			<item>
				<item>
					<item>Parking / Garage Information</item>
					<item>
						<item>Uncovered Spaces: 2</item>
						<item># of Garage Spaces: 2</item>
						<item>Assigned, Community Garage</item>
						<item>Has Parking</item>
						<item># of Parking Spaces: 4</item>
					</item>
				</item>
				<item>
					<item>Exterior Features</item>
					<item>
						<item>Patio And Porch Features: Patio</item>
						<item>Has Patio</item>
						<item>Pool Features: Community Pool</item>
					</item>
				</item>
				<item>
					<item>Multi-Unit Information</item>
					<item>
						<item># of Units In Community: 136</item>
					</item>
				</item>
				<item>
					<item>Homeowners Association</item>
					<item>
						<item>Is Part of Association</item>
						<item>Association Name: Briarwood</item>
						<item>Monthly</item>
						<item>Association Fee: $395</item>
						<item>Association Amenities: Pool, Spa</item>
					</item>
				</item>
			</item>
		</item>
		<item>
			<item>School / Neighborhood</item>
			<item>
				<item>
					<item>Neighborhood Information</item>
					<item>
						<item>Sidewalks, Street Lighting</item>
					</item>
				</item>
				<item>
					<item>School Information</item>
					<item>
						<item>High School District: Los Angeles Unified</item>
					</item>
				</item>
			</item>
		</item>
		<item>
			<item>Utilities, Location Details, Misc. Information</item>
			<item>
				<item>
					<item>Utilities Information</item>
					<item>
						<item>Sewer: Public Sewer</item>
						<item>Water Source: District/Public</item>
					</item>
				</item>
				<item>
					<item>Location Information</item>
					<item>
						<item>Directions: Hollywood Blvd and Camino Palmero St</item>
						<item>Zoning: LAR3</item>
					</item>
				</item>
				<item>
					<item>Miscellaneous Information</item>
					<item>
						<item>Lease Considered</item>
					</item>
				</item>
			</item>
		</item>
		<item>
			<item>Property / Lot Details</item>
			<item>
				<item>
					<item>Lot Information</item>
					<item>
						<item>Elevation Units: Feet</item>
						<item>Lot Size Source: Assessor's Data</item>
					</item>
				</item>
				<item>
					<item>Property Information</item>
					<item>
						<item>Common Interest: Condominium</item>
						<item>Total # of Units: 136</item>
						<item>Below Grade Finished Area Units: Square Feet</item>
						<item>Common Walls: 2+ common walls</item>
						<item>Parcel Number: 5550001154</item>
						<item>Attached Property</item>
						<item>Property Condition: Turnkey</item>
						<item>Has View</item>
						<item>Year Built Source: Assessor</item>
					</item>
				</item>
			</item>
		</item>
	</property_details>
	<public_facts>
		<Beds>3</Beds>
		<Baths>2</Baths>
		<Finished_Sq._Ft.>1,475</Finished_Sq._Ft.>
		<Unfinished_Sq._Ft.>—</Unfinished_Sq._Ft.>
		<Total_Sq._Ft.>1,475</Total_Sq._Ft.>
		<Stories>—</Stories>
		<Lot_Size>—</Lot_Size>
		<Style>Condo/Co-op</Style>
		<Year_Built>1973</Year_Built>
		<Year_Renovated>1975</Year_Renovated>
		<County>Los Angeles County</County>
		<APN>5550001154</APN>
	</public_facts>
</home>
