<?xml version="1.0" ?>
<home>
	<HomeInfo_Address>
		<street-address>1745 Camino Palmero St #439 </street-address>
		<locality>Los Angeles, </locality>
		<region>CA</region>
		<postal-code>90046</postal-code>
	</HomeInfo_Address>
	<main_stats>
		<Price>$570,000</Price>
		<Bed>1</Bed>
		<Bath>1</Bath>
		<key name="$778 / Sq. Ft.">733</key>
	</main_stats>
	<text_base_description>Welcome to Briarwood! One of the most sought-after buildings in the Hollywood area, located near the world-famous Hollywood Boulevard and just a stroll away Runyon Canyon. This recently remodeled front-facing unit features beautifully-appointed clean modern finishes with marble floors, a large living room with a fireplace, a spacious balcony, and a cooks kitchen. The master suite is a private oasis with a walk-in closet and a luxurious en-suite bath. Low HOA dues, 2 parking spots (tandem), pool, spa, sauna, rec room, and on-site management offer the distinct West Coast lifestyle in a prime Hollywood location. All furnishings are also available at additional cost.  </text_base_description>
	<listed_by>
		<name>Brandt Hartmann</name>
		<agentLicenseDisplay>•DRE #01360481</agentLicenseDisplay>
		<org>•DRE #01360481</org>
	</listed_by>
	<price_insights>
		<List_Price>$570,000</List_Price>
		<Est._Mo._Payment>$2,641</Est._Mo._Payment>
		<Redfin_Estimate>$566,211</Redfin_Estimate>
		<key name="Price/Sq.Ft.">$778</key>
	</price_insights>
	<home_facts>
		<Status>Active</Status>
		<Time_on_Redfin>8 days</Time_on_Redfin>
		<Property_Type>Condominium, Residential Condo/Co-Op</Property_Type>
		<HOA_Dues>$475/month</HOA_Dues>
		<Year_Built>1973</Year_Built>
		<Style>Contemporary</Style>
		<Community>Sunset Strip - Hollywood Hills West</Community>
		<Lot_Size>1.53 Acres</Lot_Size>
		<key name="MLS#">20-633512</key>
	</home_facts>
	<property_details>
		<item>
			<item>Virtual Tour, Homeowners Association, School / Neighborhood, Taxes / Assessments</item>
			<item>
				<item>
					<item>Virtual Tour</item>
					<item>
						<item>Virtual Tour (External Link)</item>
					</item>
				</item>
				<item>
					<item>HOA Information</item>
					<item>
						<item>Amenities: Rec Multipurpose Rm, Pool, Spa, Meeting Room, Onsite Property Management</item>
						<item>Fee #1: $475</item>
						<item>Fee #1 Frequency: Monthly</item>
						<item>AssociationPetRules: Assoc Pet Rules, Call</item>
					</item>
				</item>
				<item>
					<item>Community Information</item>
					<item>
						<item># of Units in Complex (Total): 131</item>
						<item>Mid-Rise Building, Entrance Lobby</item>
					</item>
				</item>
				<item>
					<item>Assessment Information</item>
					<item>
						<item>Assessor Parcel Number: 5550-001-145</item>
					</item>
				</item>
			</item>
		</item>
		<item>
			<item>Interior Features</item>
			<item>
				<item>
					<item>Bathroom Information</item>
					<item>
						<item># of Baths (Full): 1</item>
					</item>
				</item>
				<item>
					<item>Laundry Information</item>
					<item>
						<item>Community Laundry</item>
					</item>
				</item>
				<item>
					<item>Additional Rooms</item>
					<item>
						<item>Master Bedroom, Living Room, Walk-In Closet, Dining Area</item>
					</item>
				</item>
				<item>
					<item>Interior Features</item>
					<item>
						<item>Furnished Or Unfurnished</item>
					</item>
				</item>
				<item>
					<item>Fireplace Information</item>
					<item>
						<item>In Living Room</item>
						<item># of Fireplaces: 1</item>
					</item>
				</item>
				<item>
					<item>Flooring Information</item>
					<item>
						<item>Marble Floors</item>
					</item>
				</item>
				<item>
					<item>Equipment</item>
					<item>
						<item>Dishwasher, Microwave, Refrigerator</item>
					</item>
				</item>
				<item>
					<item>Heating &amp; Cooling</item>
					<item>
						<item>Central Cooling</item>
						<item>Central Heat</item>
					</item>
				</item>
			</item>
		</item>
		<item>
			<item>Parking / Garage</item>
			<item>
				<item>
					<item>Garage</item>
					<item>
						<item>Assigned, Community Garage, Circular Driveway</item>
					</item>
				</item>
				<item>
					<item>Parking</item>
					<item>
						<item># of Parking Spaces (Total): 2</item>
						<item># of Covered Parking Spaces: 2</item>
					</item>
				</item>
			</item>
		</item>
		<item>
			<item>Exterior Features</item>
			<item>
				<item>
					<item>Building Information</item>
					<item>
						<item>Total Floors: 5</item>
						<item>Condominium, Attached</item>
						<item>Attached</item>
						<item>Entry Floor Number: 4</item>
						<item>Faces East</item>
						<item>Security Features: Resident Manager</item>
					</item>
				</item>
				<item>
					<item>Exterior Features</item>
					<item>
						<item>Balcony: Yes</item>
						<item>Other Structural Features: Balcony</item>
					</item>
				</item>
				<item>
					<item>Pool Information</item>
					<item>
						<item>Association Pool</item>
						<item>Association Spa, Hot Tub</item>
					</item>
				</item>
			</item>
		</item>
		<item>
			<item>Property / Lot Details</item>
			<item>
				<item>
					<item>Property Information</item>
					<item>
						<item>Property Type: Residential Condo/Co-Op</item>
						<item>Property Condition: Updated/Remodeled</item>
					</item>
				</item>
				<item>
					<item>Lot Information</item>
					<item>
						<item>Lot Size (Sq. Ft.): 66,584</item>
						<item>Lot Size (Acres): 1.5286</item>
						<item>Zoning: LAR3</item>
						<item>Special Zoning: Seismic Hazard</item>
					</item>
				</item>
				<item>
					<item>Property Features</item>
					<item>
						<item>Has View</item>
						<item>View: City, Walk Street, Tree Top</item>
					</item>
				</item>
			</item>
		</item>
		<item>
			<item>Location Details, Documents &amp; Disclosures</item>
			<item>
				<item>
					<item>Location Information</item>
					<item>
						<item>Unit Floor In Building: 4</item>
						<item>Complex Name: Briarwood</item>
						<item>Directions: North of Hollywood Boulevard, West of La Brea, East of Fairfax</item>
					</item>
				</item>
				<item>
					<item>Documents &amp; Disclosures</item>
					<item>
						<item>Disclosures: CC and R, Listing Broker Advantage</item>
					</item>
				</item>
			</item>
		</item>
	</property_details>
	<public_facts>
		<Beds>1</Beds>
		<Baths>1</Baths>
		<Finished_Sq._Ft.>733</Finished_Sq._Ft.>
		<Unfinished_Sq._Ft.>—</Unfinished_Sq._Ft.>
		<Total_Sq._Ft.>733</Total_Sq._Ft.>
		<Stories>—</Stories>
		<Lot_Size>—</Lot_Size>
		<Style>Condo/Co-op</Style>
		<Year_Built>1973</Year_Built>
		<Year_Renovated>1975</Year_Renovated>
		<County>Los Angeles County</County>
		<APN>5550001145</APN>
	</public_facts>
</home>
