<?xml version="1.0" ?>
<home>
	<HomeInfo_Address>
		<street-address>1355 N Sierra Bonita Ave #205 </street-address>
		<locality>West Hollywood, </locality>
		<region>CA</region>
		<postal-code>90046</postal-code>
	</HomeInfo_Address>
	<main_stats>
		<Price>$250,000</Price>
		<Bed>1</Bed>
		<Bath>1</Bath>
		<key name="$354 / Sq. Ft.">706</key>
	</main_stats>
	<text_base_description>Live Auction! Bidding to start from $250,000! Bonita Villas is a well maintained, secure building located in the heart of Spaulding Square, West Hollywood. This unit with original fixtures and trim is ideal for the buyer who is looking to design and finish their own space. The split-level open concept condo unit features a full length spacious and private balcony, recessed lighting, large walk in closet, gas fireplace, and wet bar. The bedroom and living room are separated by plantation shutters and can be left open for a large open feeling space, or closed to create separate, distinct rooms. The Bonita Villas Building HOA features a heated saltwater rooftop pool and hot tub with unreal 360 degree panoramic city and mountain views. Other attractive Building features include low HOA dues, underground parking, on-site laundry, renovated fitness center, and lobby with secure controlled entry. Bonita Villas is centrally located minutes from Hiking at Runyon Canyon, and shopping at Target, Trader Joe's. Also minutes away are the Melrose  &amp;  Fairfax shopping and dining areas, Hollywood Blvd, as well as bars, clubs and other attractions at the World Famous Sunset Strip. Do not miss out on this incredible value.  </text_base_description>
	<listed_by>
		<name>Steven Dempster</name>
		<agentLicenseDisplay>•DRE #01855591</agentLicenseDisplay>
		<org>•DRE #01855591</org>
	</listed_by>
	<price_insights>
		<List_Price>$250,000</List_Price>
		<Est._Mo._Payment>$1,159</Est._Mo._Payment>
		<Redfin_Estimate>$262,426</Redfin_Estimate>
		<key name="Price/Sq.Ft.">$354</key>
	</price_insights>
	<home_facts>
		<Status>Active</Status>
		<Time_on_Redfin>28 days</Time_on_Redfin>
		<Property_Type>Condominium</Property_Type>
		<HOA_Dues>$350/month</HOA_Dues>
		<Year_Built>1986</Year_Built>
		<Community>C10 - West Hollywood Vicinity</Community>
		<Lot_Size>0.39 Acres</Lot_Size>
		<key name="MLS#">SR20175494</key>
	</home_facts>
	<property_details>
		<item>
			<item>Interior Features</item>
			<item>
				<item>
					<item>Laundry Information</item>
					<item>
						<item>Has Laundry</item>
						<item>Area, Community</item>
					</item>
				</item>
				<item>
					<item>Kitchen Information</item>
					<item>
						<item>Appliances: Dishwasher, Gas Oven, Gas Range</item>
						<item>Has Appliances</item>
						<item>In Living Room</item>
						<item>Tile Counters</item>
					</item>
				</item>
				<item>
					<item>Bathroom Information</item>
					<item>
						<item># of Baths (Full): 1</item>
						<item>Bathtub, Shower in Tub</item>
					</item>
				</item>
				<item>
					<item>Cooling Information</item>
					<item>
						<item>Central</item>
						<item>Has Cooling</item>
					</item>
				</item>
				<item>
					<item>Room Information</item>
					<item>
						<item>Kitchen, Living Room, Master Bedroom, Walk-In Closet</item>
					</item>
				</item>
				<item>
					<item>Fireplace Information</item>
					<item>
						<item>Living Room, Gas, Decorative</item>
						<item>Has Fireplace</item>
					</item>
				</item>
				<item>
					<item>Flooring Information</item>
					<item>
						<item>Carpet, Laminated, Vinyl</item>
					</item>
				</item>
				<item>
					<item>Heating Information</item>
					<item>
						<item>Central Furnace</item>
						<item>Has Heating</item>
					</item>
				</item>
				<item>
					<item>Interior Features</item>
					<item>
						<item>Entry Level: 2</item>
						<item>Electronic Air Cleaner, Living Room Balcony, Open Floor Plan, Recessed Lighting, Sunken Living Room, Tile Counters, Unfurnished, Wet Bar</item>
						<item>Levels: One</item>
						<item>Main Level Bathrooms: 1</item>
						<item>Main Level Bedrooms: 1</item>
					</item>
				</item>
			</item>
		</item>
		<item>
			<item>Parking / Garage, Exterior Features, Multi-Unit Information, Homeowners Association</item>
			<item>
				<item>
					<item>Parking / Garage Information</item>
					<item>
						<item># of Garage Spaces: 1</item>
						<item>Assigned, Gated, Parking Space</item>
						<item>Has Parking</item>
						<item># of Parking Spaces: 1</item>
					</item>
				</item>
				<item>
					<item>Exterior Features</item>
					<item>
						<item>Pool Features: Community Pool, Heated, Roof Top, Saltwater</item>
					</item>
				</item>
				<item>
					<item>Multi-Unit Information</item>
					<item>
						<item># of Units In Community: 42</item>
					</item>
				</item>
				<item>
					<item>Homeowners Association</item>
					<item>
						<item>Is Part of Association</item>
						<item>Association Name: Bonita Villas</item>
						<item>Monthly</item>
						<item>Association Fee: $350</item>
						<item>Association Amenities: Pool, Spa, Barbecue, Outdoor Cooking Area, Gym/Ex Room, Maintenance Grounds, Pet Rules, Controlled Access</item>
					</item>
				</item>
			</item>
		</item>
		<item>
			<item>School / Neighborhood</item>
			<item>
				<item>
					<item>Neighborhood Information</item>
					<item>
						<item>Curbs, Sidewalks, Storm Drains, Street Lighting, Urban</item>
					</item>
				</item>
				<item>
					<item>School Information</item>
					<item>
						<item>High School District: Los Angeles Unified</item>
					</item>
				</item>
			</item>
		</item>
		<item>
			<item>Utilities, Taxes / Assessments, Location Details</item>
			<item>
				<item>
					<item>Utilities Information</item>
					<item>
						<item>Sewer: Public Sewer</item>
						<item>Water Source: District/Public</item>
					</item>
				</item>
				<item>
					<item>Assesments Information</item>
					<item>
						<item>Assessments: Unknown</item>
					</item>
				</item>
				<item>
					<item>Location Information</item>
					<item>
						<item>Other Subdivision Name: Spaulding Square</item>
						<item>Directions: Just north of Fountain Ave on Sierra Bonita Ave.</item>
						<item>Road Frontage Type: Access via City Streets</item>
						<item>Road Surface Type: Paved</item>
						<item>Zoning: LAR3</item>
					</item>
				</item>
			</item>
		</item>
		<item>
			<item>Property / Lot Details</item>
			<item>
				<item>
					<item>Lot Information</item>
					<item>
						<item>Elevation Units: Feet</item>
					</item>
				</item>
				<item>
					<item>Property Information</item>
					<item>
						<item>Common Interest: Condominium</item>
						<item>Total # of Units: 1</item>
						<item>Common Walls: 2+ common walls</item>
						<item>Living Area Source: Public Records</item>
						<item>Parcel Number: 5550027038</item>
						<item>Attached Property</item>
						<item>Total # of Stories: 1</item>
						<item>Has View</item>
						<item>Year Built Source: Public Records</item>
					</item>
				</item>
			</item>
		</item>
	</property_details>
	<public_facts>
		<Beds>1</Beds>
		<Baths>1</Baths>
		<Finished_Sq._Ft.>706</Finished_Sq._Ft.>
		<Unfinished_Sq._Ft.>—</Unfinished_Sq._Ft.>
		<Total_Sq._Ft.>706</Total_Sq._Ft.>
		<Stories>—</Stories>
		<Lot_Size>—</Lot_Size>
		<Style>Condo/Co-op</Style>
		<Year_Built>1986</Year_Built>
		<Year_Renovated>1986</Year_Renovated>
		<County>Los Angeles County</County>
		<APN>5550027038</APN>
	</public_facts>
</home>
