<?xml version="1.0" ?>
<home>
	<HomeInfo_Address>
		<street-address>1743 N Curson Ave </street-address>
		<locality>Los Angeles, </locality>
		<region>CA</region>
		<postal-code>90046</postal-code>
	</HomeInfo_Address>
	<main_stats>
		<Price>$5,750,000</Price>
		<Beds>6</Beds>
		<Baths>7</Baths>
		<key name="$958 / Sq. Ft.">6,000</key>
	</main_stats>
	<text_base_description>Sited discreetly behind a walled and gated entry, this six-bedroom, eight-bathroom, Traditional home has been meticulously remodeled for the most discerning buyer. Upon entering, one is greeted with rich hardwood floors flowing into a functional floorplan consisting of the living, dining with butlers pantry rooms, and chefs kitchen with center island highlighted by Wolf and Sub-Zero appliances opening to a great room fused with an abundance of natural light. Ascend the stairs to the second floor, consisting of three bedroom suites including a large main suite, bath w/ steam shower, generous walk-in closet, and large patio. The landscaped gardens are highlighted by a sparkling pool and spa plus covered patio and barbecue area perfect for entertaining. A two-story guest house completes this one-of-a-kind living experience. Conveniently close to world-class restaurants and entertainment.  </text_base_description>
	<listed_by>
		<name>H. Blair Chang</name>
		<agentLicenseDisplay>•DRE #01248419</agentLicenseDisplay>
		<org>•DRE #01248419</org>
	</listed_by>
	<price_insights>
		<List_Price>$5,750,000</List_Price>
		<Est._Mo._Payment>$26,648</Est._Mo._Payment>
		<Redfin_Estimate>$5,476,274</Redfin_Estimate>
		<key name="Price/Sq.Ft.">$958</key>
	</price_insights>
	<home_facts>
		<Status>Active</Status>
		<Time_on_Redfin>31 days</Time_on_Redfin>
		<Property_Type>Single Family, Residential Single-Family</Property_Type>
		<Year_Built>1921</Year_Built>
		<Style>Traditional</Style>
		<Community>Sunset Strip - Hollywood Hills West</Community>
		<Lot_Size>10,500 Sq. Ft.</Lot_Size>
		<key name="MLS#">20-622884</key>
	</home_facts>
	<property_details>
		<item>
			<item>Virtual Tour, Taxes / Assessments, Location Details, Documents &amp; Disclosures</item>
			<item>
				<item>
					<item>Virtual Tour</item>
					<item>
						<item>Virtual Tour (External Link)</item>
					</item>
				</item>
				<item>
					<item>Assessment Information</item>
					<item>
						<item>Assessor Parcel Number: 5551-011-012</item>
					</item>
				</item>
				<item>
					<item>Location Information</item>
					<item>
						<item>Directions: Hollywood Blvd. to Curson Ave.</item>
					</item>
				</item>
				<item>
					<item>Documents &amp; Disclosures</item>
					<item>
						<item>Disclosures: None</item>
					</item>
				</item>
			</item>
		</item>
		<item>
			<item>Interior Features</item>
			<item>
				<item>
					<item>Bathroom Information</item>
					<item>
						<item># of Baths (Full): 7</item>
					</item>
				</item>
				<item>
					<item>Laundry Information</item>
					<item>
						<item>Laundry Inside</item>
					</item>
				</item>
				<item>
					<item>Additional Rooms</item>
					<item>
						<item>Family Room</item>
						<item>Den</item>
						<item>Art Studio, Entry Room, Patio Open, Rec Room, Sauna, Family Room, Bonus Room, Billiard Room, Breakfast Room, Guest House, Cabana, Den/Office, Master Bedroom, Living Room, Walk-In Pantry, Walk-In Closet, Utility Room, Patio Enclosed, Patio Covered</item>
						<item>Maids Room</item>
					</item>
				</item>
				<item>
					<item>Fireplace Information</item>
					<item>
						<item>In Family Room, Exterior, In Living Room, In Master Bedroom</item>
					</item>
				</item>
				<item>
					<item>Flooring Information</item>
					<item>
						<item>Hardwood Floors</item>
					</item>
				</item>
				<item>
					<item>Equipment</item>
					<item>
						<item>Barbeque, Freezer, Refrigerator, Range/Oven</item>
					</item>
				</item>
				<item>
					<item>Heating &amp; Cooling</item>
					<item>
						<item>Central Cooling</item>
						<item>Central Heat</item>
					</item>
				</item>
			</item>
		</item>
		<item>
			<item>Parking / Garage</item>
			<item>
				<item>
					<item>Garage</item>
					<item>
						<item>Carport, Detached, 2 Car Garage</item>
					</item>
				</item>
				<item>
					<item>Parking</item>
					<item>
						<item># of Parking Spaces (Total): 10</item>
						<item># of Covered Parking Spaces: 2</item>
					</item>
				</item>
			</item>
		</item>
		<item>
			<item>Exterior Features</item>
			<item>
				<item>
					<item>Building Information</item>
					<item>
						<item>Total Floors: 2</item>
						<item>Detached</item>
						<item>Detached/No Common Walls</item>
					</item>
				</item>
				<item>
					<item>Pool Information</item>
					<item>
						<item>In Ground Pool</item>
						<item>In Ground Spa</item>
					</item>
				</item>
			</item>
		</item>
		<item>
			<item>Property / Lot Details</item>
			<item>
				<item>
					<item>Property Information</item>
					<item>
						<item>Property Type: Residential Single-Family</item>
					</item>
				</item>
				<item>
					<item>Land Information</item>
					<item>
						<item>Other Structures: GuestHouse, Pool House</item>
					</item>
				</item>
				<item>
					<item>Lot Information</item>
					<item>
						<item>Lot Size (Sq. Ft.): 10,500</item>
						<item>Lot Size (Acres): 0.241</item>
						<item>Lot Size Dimensions: 70 x 150</item>
						<item>Zoning: LAR1</item>
						<item>Special Zoning: Property Report</item>
					</item>
				</item>
				<item>
					<item>Property Features</item>
					<item>
						<item>Has View</item>
						<item>View: City Lights, City, Trees/Woods, Mountains</item>
					</item>
				</item>
			</item>
		</item>
	</property_details>
	<public_facts>
		<Beds>3</Beds>
		<Baths>3</Baths>
		<Finished_Sq._Ft.>3,657</Finished_Sq._Ft.>
		<Unfinished_Sq._Ft.>—</Unfinished_Sq._Ft.>
		<Total_Sq._Ft.>3,657</Total_Sq._Ft.>
		<Stories>2</Stories>
		<Lot_Size>10,500 Sq. Ft.</Lot_Size>
		<Style>Single Family Residential</Style>
		<Year_Built>1921</Year_Built>
		<Year_Renovated>1950</Year_Renovated>
		<County>Los Angeles County</County>
		<APN>5551011012</APN>
	</public_facts>
</home>
