<?xml version="1.0" ?>
<home>
	<HomeInfo_Address>
		<street-address>1445 N Genesee Ave </street-address>
		<locality>Los Angeles, </locality>
		<region>CA</region>
		<postal-code>90046</postal-code>
	</HomeInfo_Address>
	<main_stats>
		<Price>$2,475,000</Price>
		<Beds>4</Beds>
		<Baths>4</Baths>
		<key name="$801 / Sq. Ft.">3,091</key>
	</main_stats>
	<text_base_description>Set on one of the most romantic streets in the historical Spaulding Square stands the Grand Dame of the block. This 1919 colonial revival has been meticulously maintained by its current owner for over 25 years. With period details at every turn, this private home features a large living room lined with double hung windows and a cozy fireplace. The formal dining room has an original built in hutch and a set of French doors. An updated kitchen and family room with a built-in bar that opens to the park-like backyard. All bedrooms are on the second floor including an oversized primary bedroom that opens to a great sun porch. A terrific guest house above the garage can serve as a home office/studio and a two-car garage that can also be used as a playroom/outdoor lounge. The backyard oasis highlights a custom pool, built in grill, lush landscape and a 100-year-old orange tree. All systems have been updated, including HVAC. Here is your chance to own a piece of  LA history.  </text_base_description>
	<listed_by>
		<name>Alphonso Lascano</name>
		<agentLicenseDisplay>•DRE #01723550</agentLicenseDisplay>
		<org>•DRE #01723550</org>
	</listed_by>
	<price_insights>
		<List_Price>$2,475,000</List_Price>
		<Est._Mo._Payment>$11,466</Est._Mo._Payment>
		<Redfin_Estimate>$2,417,729</Redfin_Estimate>
		<key name="Price/Sq.Ft.">$801</key>
	</price_insights>
	<home_facts>
		<Status>Active</Status>
		<Time_on_Redfin>26 days</Time_on_Redfin>
		<Property_Type>Single Family, Residential Single-Family</Property_Type>
		<Baths>2 full, 2 partial</Baths>
		<Year_Built>1919</Year_Built>
		<Style>Colonial</Style>
		<Community>Hollywood</Community>
		<Lot_Size>6,751 Sq. Ft.</Lot_Size>
		<key name="MLS#">20-625360</key>
	</home_facts>
	<property_details>
		<item>
			<item>Interior Features</item>
			<item>
				<item>
					<item>Bathroom Information</item>
					<item>
						<item># of Baths (Full): 2</item>
						<item># of Baths (1/2): 2</item>
					</item>
				</item>
				<item>
					<item>Laundry Information</item>
					<item>
						<item>Laundry Room</item>
					</item>
				</item>
				<item>
					<item>Additional Rooms</item>
					<item>
						<item>Dining Room</item>
						<item>Den</item>
						<item>Den, Dining Room, Guest House, Living Room, Wine Cellar</item>
					</item>
				</item>
				<item>
					<item>Fireplace Information</item>
					<item>
						<item>In Living Room</item>
						<item># of Fireplaces: 1</item>
					</item>
				</item>
				<item>
					<item>Flooring Information</item>
					<item>
						<item>Carpeted Floors, Mixed Floors, Tile Floors</item>
					</item>
				</item>
				<item>
					<item>Equipment</item>
					<item>
						<item>Dishwasher, Ice Maker, Range/Oven, Refrigerator, Trash Compactor</item>
					</item>
				</item>
				<item>
					<item>Heating &amp; Cooling</item>
					<item>
						<item>Central Cooling</item>
						<item>Central Heat</item>
					</item>
				</item>
			</item>
		</item>
		<item>
			<item>Parking / Garage</item>
			<item>
				<item>
					<item>Garage</item>
					<item>
						<item>Driveway, 2 Car Garage, Gated</item>
					</item>
				</item>
				<item>
					<item>Parking</item>
					<item>
						<item># of Parking Spaces (Total): 3</item>
					</item>
				</item>
			</item>
		</item>
		<item>
			<item>Exterior Features</item>
			<item>
				<item>
					<item>Building Information</item>
					<item>
						<item>Total Floors: 2</item>
						<item>Detached</item>
						<item>Detached/No Common Walls</item>
					</item>
				</item>
				<item>
					<item>Pool Information</item>
					<item>
						<item>Heated Pool, In Ground Pool, Solar Heated Pool, Private Pool</item>
						<item>Heated Spa, In Ground Spa, Private Spa</item>
					</item>
				</item>
			</item>
		</item>
		<item>
			<item>Taxes / Assessments, Location Details, Documents &amp; Disclosures</item>
			<item>
				<item>
					<item>Assessment Information</item>
					<item>
						<item>Assessor Parcel Number: 5551-024-009</item>
					</item>
				</item>
				<item>
					<item>Location Information</item>
					<item>
						<item>Directions: South of Sunset. North of Fountain. East of Fairfax.</item>
					</item>
				</item>
				<item>
					<item>Documents &amp; Disclosures</item>
					<item>
						<item>Disclosures: As Is</item>
					</item>
				</item>
			</item>
		</item>
		<item>
			<item>Property / Lot Details</item>
			<item>
				<item>
					<item>Property Information</item>
					<item>
						<item>Property Type: Residential Single-Family</item>
					</item>
				</item>
				<item>
					<item>Land Information</item>
					<item>
						<item>Other Structures: GuestHouse</item>
					</item>
				</item>
				<item>
					<item>Lot Information</item>
					<item>
						<item>Lot Size (Sq. Ft.): 6,751</item>
						<item>Lot Size (Acres): 0.155</item>
						<item>Lot Size Dimensions: 50 x 125</item>
						<item>Zoning: LAR1</item>
					</item>
				</item>
			</item>
		</item>
	</property_details>
	<public_facts>
		<Beds>4</Beds>
		<Baths>1</Baths>
		<Finished_Sq._Ft.>2,540</Finished_Sq._Ft.>
		<Unfinished_Sq._Ft.>—</Unfinished_Sq._Ft.>
		<Total_Sq._Ft.>2,540</Total_Sq._Ft.>
		<Stories>2</Stories>
		<Lot_Size>6,751 Sq. Ft.</Lot_Size>
		<Style>Single Family Residential</Style>
		<Year_Built>1919</Year_Built>
		<Year_Renovated>1920</Year_Renovated>
		<County>Los Angeles County</County>
		<APN>5551024009</APN>
	</public_facts>
</home>
