<?xml version="1.0" ?>
<home>
	<HomeInfo_Address>
		<street-address>1615 N laurel Ave #112 </street-address>
		<locality>Los Angeles, </locality>
		<region>CA</region>
		<postal-code>90046</postal-code>
	</HomeInfo_Address>
	<main_stats>
		<Price>$599,000</Price>
		<Bed>1</Bed>
		<Bath>1</Bath>
		<key name="$705 / Sq. Ft.">850</key>
	</main_stats>
	<text_base_description>A beautiful Spanish Style unit located walking distance from the Sunset strip. Gated complex with secured parking. Beautiful unit with a newly remodeled kitchen. New cabinets and quarts counter tops installed. Hardwood floors throughout the unit, recessed lighting in the spacious living room, dinning room and bedroom. The bedroom is spacious and has ample closet space. The unit is illuminated throughout with natural sunlight. The unit is spacious and accommodating with tons of storage. The unit is conveniently equipped with a refrigerator, dishwasher and Bertazzoni stove. The complex has a community pool with beautiful landscaping and eating areas. The property has an on-site laundry room. Virtual tour coming soon. This property is located close to gyms, shopping centers, grocery stores and  the World Famous Laugh Factory.  </text_base_description>
	<listed_by>
		<name>Michael Almeida</name>
		<agentLicenseDisplay>•DRE #01427290</agentLicenseDisplay>
		<org>•DRE #01427290</org>
	</listed_by>
	<price_insights>
		<List_Price>$599,000</List_Price>
		<Est._Mo._Payment>$2,776</Est._Mo._Payment>
		<Redfin_Estimate>$590,401</Redfin_Estimate>
		<key name="Price/Sq.Ft.">$705</key>
	</price_insights>
	<home_facts>
		<Status>Active</Status>
		<Time_on_Redfin>41 days</Time_on_Redfin>
		<Property_Type>Condominium</Property_Type>
		<HOA_Dues>$398/month</HOA_Dues>
		<Year_Built>1953</Year_Built>
		<Style>Spanish</Style>
		<Community>C03 - Sunset Strip - Hollywood Hills West</Community>
		<Lot_Size>0.70 Acres</Lot_Size>
		<key name="MLS#">DW20164882</key>
	</home_facts>
	<property_details>
		<item>
			<item>Interior Features</item>
			<item>
				<item>
					<item>Laundry Information</item>
					<item>
						<item>Has Laundry</item>
						<item>Area</item>
					</item>
				</item>
				<item>
					<item>Bathroom Information</item>
					<item>
						<item># of Baths (Full): 1</item>
					</item>
				</item>
				<item>
					<item>Room Information</item>
					<item>
						<item>Master Bedroom</item>
					</item>
				</item>
				<item>
					<item>Heating Information</item>
					<item>
						<item>Wall Heater</item>
						<item>Has Heating</item>
					</item>
				</item>
				<item>
					<item>Interior Features</item>
					<item>
						<item>Levels: One</item>
						<item>Main Level Bathrooms: 1</item>
						<item>Main Level Bedrooms: 1</item>
						<item>Security Features: Gated Community</item>
					</item>
				</item>
			</item>
		</item>
		<item>
			<item>Parking / Garage, Exterior Features, Multi-Unit Information, Homeowners Association</item>
			<item>
				<item>
					<item>Parking / Garage Information</item>
					<item>
						<item># of Garage Spaces: 1</item>
						<item>On Site</item>
						<item>Has Parking</item>
						<item># of Parking Spaces: 1</item>
					</item>
				</item>
				<item>
					<item>Exterior Features</item>
					<item>
						<item>Pool Features: Association</item>
					</item>
				</item>
				<item>
					<item>Multi-Unit Information</item>
					<item>
						<item># of Units In Community: 39</item>
					</item>
				</item>
				<item>
					<item>Homeowners Association</item>
					<item>
						<item>Is Part of Association</item>
						<item>Association Name: Westcom Property Service</item>
						<item>Monthly</item>
						<item>Association Fee: $398.26</item>
						<item>Association Amenities: Pool, Picnic Area</item>
					</item>
				</item>
			</item>
		</item>
		<item>
			<item>School / Neighborhood</item>
			<item>
				<item>
					<item>Neighborhood Information</item>
					<item>
						<item>Urban</item>
					</item>
				</item>
				<item>
					<item>School Information</item>
					<item>
						<item>High School District: Los Angeles Unified</item>
					</item>
				</item>
			</item>
		</item>
		<item>
			<item>Utilities, Location Details</item>
			<item>
				<item>
					<item>Utilities Information</item>
					<item>
						<item>Sewer: Public Sewer</item>
						<item>Water Source: District/Public</item>
					</item>
				</item>
				<item>
					<item>Location Information</item>
					<item>
						<item>Directions: Take Sunset west, right on North Laurel</item>
					</item>
				</item>
			</item>
		</item>
		<item>
			<item>Property / Lot Details</item>
			<item>
				<item>
					<item>Lot Information</item>
					<item>
						<item>Elevation Units: Feet</item>
						<item>Lot Size Source: Assessor's Data</item>
					</item>
				</item>
				<item>
					<item>Property Information</item>
					<item>
						<item>Common Interest: Condominium</item>
						<item>Total # of Units: 36</item>
						<item>Common Walls: 2+ common walls</item>
						<item>Parcel Number: 5551016148</item>
						<item>Attached Property</item>
						<item>Property Condition: Updated/Remodeled</item>
						<item>Year Built Source: Assessor</item>
					</item>
				</item>
			</item>
		</item>
	</property_details>
	<public_facts>
		<Beds>1</Beds>
		<Baths>1</Baths>
		<Finished_Sq._Ft.>844</Finished_Sq._Ft.>
		<Unfinished_Sq._Ft.>—</Unfinished_Sq._Ft.>
		<Total_Sq._Ft.>844</Total_Sq._Ft.>
		<Stories>—</Stories>
		<Lot_Size>—</Lot_Size>
		<Style>Condo/Co-op</Style>
		<Year_Built>1953</Year_Built>
		<Year_Renovated>1953</Year_Renovated>
		<County>Los Angeles County</County>
		<APN>5551016148</APN>
	</public_facts>
</home>
