<?xml version="1.0" ?>
<home>
	<HomeInfo_Address>
		<street-address>1546 N Fairfax Ave </street-address>
		<locality>Los Angeles, </locality>
		<region>CA</region>
		<postal-code>90046</postal-code>
	</HomeInfo_Address>
	<main_stats>
		<Price>$2,199,000</Price>
		<Beds>3</Beds>
		<Baths>3.5</Baths>
		<key name="$786 / Sq. Ft.">2,798</key>
	</main_stats>
	<text_base_description>Private and gated 1920's Tudor in Sunset Square. Remarkably remodeled with exquisite style best describes this no-excuse home. Nestled at the base of the historic Hollywood Hills and a block from the iconic Sunset Strip. Walk to the Chateau Marmont and all that West Hollywood and the Sunset Strip have to offer. This home is chic and sophisticated yet modern and luxurious. Gorgeous entry way with high cove ceilings, leads to the regal living room with fireplace and casement windows. Formal yet very open floor plan from the dining room to the gourmet kitchen that features custom cabinets  &amp;  top of the line appliances. Upstairs you will find three large bedrooms, two with en-suite bathrooms, plus a third bathroom. Outdoors is a perfect setting to unwind with an entertaining seating area, grassy backyard and an oyster shell Bocce Ball court. Romantic outdoor dining for 10 with built-in kitchen. 2-Car garage + 4 more in gated drive. Perfect setup for an ADU conversion. Stellar property.  </text_base_description>
	<listed_by>
		<name>Mark A. Diffie</name>
		<agentLicenseDisplay>•DRE #01727235</agentLicenseDisplay>
		<org>•DRE #01727235</org>
	</listed_by>
	<price_insights>
		<List_Price>$2,199,000</List_Price>
		<Est._Mo._Payment>$10,191</Est._Mo._Payment>
		<Redfin_Estimate>$2,173,804</Redfin_Estimate>
		<key name="Price/Sq.Ft.">$786</key>
	</price_insights>
	<home_facts>
		<Status>Active</Status>
		<Time_on_Redfin>6 days</Time_on_Redfin>
		<Property_Type>Single Family, Residential Single-Family</Property_Type>
		<Year_Built>1925</Year_Built>
		<Style>Tudor</Style>
		<Community>Sunset Strip - Hollywood Hills West</Community>
		<Lot_Size>6,049 Sq. Ft.</Lot_Size>
		<key name="MLS#">20-631874</key>
	</home_facts>
	<property_details>
		<item>
			<item>Interior Features</item>
			<item>
				<item>
					<item>Bathroom Information</item>
					<item>
						<item># of Baths (Full): 3</item>
						<item># of Baths (1/2): 1</item>
					</item>
				</item>
				<item>
					<item>Laundry Information</item>
					<item>
						<item>Laundry Area</item>
					</item>
				</item>
				<item>
					<item>Additional Rooms</item>
					<item>
						<item>Den</item>
						<item>Den</item>
					</item>
				</item>
				<item>
					<item>Fireplace Information</item>
					<item>
						<item>Gas Fireplace</item>
						<item># of Fireplaces: 1</item>
					</item>
				</item>
				<item>
					<item>Flooring Information</item>
					<item>
						<item>Hardwood Floors</item>
					</item>
				</item>
				<item>
					<item>Equipment</item>
					<item>
						<item>Dishwasher, Refrigerator, Range/Oven, Washer, Dryer</item>
					</item>
				</item>
				<item>
					<item>Heating &amp; Cooling</item>
					<item>
						<item>Central Cooling</item>
						<item>Central Heat</item>
					</item>
				</item>
			</item>
		</item>
		<item>
			<item>Parking / Garage</item>
			<item>
				<item>
					<item>Garage</item>
					<item>
						<item>Garage Is Detached</item>
						<item># of Garage Spaces: 2</item>
					</item>
				</item>
				<item>
					<item>Parking</item>
					<item>
						<item># of Parking Spaces (Total): 2</item>
						<item># of Covered Parking Spaces: 2</item>
						<item># of Open Other Spaces: 4</item>
					</item>
				</item>
			</item>
		</item>
		<item>
			<item>Exterior Features</item>
			<item>
				<item>
					<item>Building Information</item>
					<item>
						<item>Total Floors: 2</item>
						<item>Detached</item>
						<item>Detached/No Common Walls</item>
						<item>Faces West</item>
						<item>Security Features: Gated, Automatic Gate</item>
						<item>Builder's Tract Name: Sunset Square</item>
					</item>
				</item>
				<item>
					<item>Pool Information</item>
					<item>
						<item>Room For Pool</item>
					</item>
				</item>
			</item>
		</item>
		<item>
			<item>Homeowners Association, Taxes / Assessments, Location Details, Documents &amp; Disclosures</item>
			<item>
				<item>
					<item>HOA Information</item>
					<item>
						<item>Amenities: Bocce Ball Court</item>
					</item>
				</item>
				<item>
					<item>Assessment Information</item>
					<item>
						<item>Assessor Parcel Number: 5551-019-007</item>
					</item>
				</item>
				<item>
					<item>Location Information</item>
					<item>
						<item>Directions: East side of Fairfax between Sunset and Hollywood Blvds</item>
					</item>
				</item>
				<item>
					<item>Documents &amp; Disclosures</item>
					<item>
						<item>Disclosures: As Is</item>
					</item>
				</item>
			</item>
		</item>
		<item>
			<item>Property / Lot Details</item>
			<item>
				<item>
					<item>Property Information</item>
					<item>
						<item>Property Type: Residential Single-Family</item>
					</item>
				</item>
				<item>
					<item>Lot Information</item>
					<item>
						<item>Lot Size (Sq. Ft.): 6,049</item>
						<item>Lot Size (Acres): 0.1389</item>
						<item>Lot Size Dimensions: 50 x 121</item>
						<item>Zoning: LAR1</item>
					</item>
				</item>
				<item>
					<item>Property Features</item>
					<item>
						<item>Has View</item>
						<item>View: Tree Top</item>
					</item>
				</item>
			</item>
		</item>
	</property_details>
	<public_facts>
		<Beds>3</Beds>
		<Baths>3</Baths>
		<Finished_Sq._Ft.>2,798</Finished_Sq._Ft.>
		<Unfinished_Sq._Ft.>—</Unfinished_Sq._Ft.>
		<Total_Sq._Ft.>2,798</Total_Sq._Ft.>
		<Stories>2</Stories>
		<Lot_Size>6,049 Sq. Ft.</Lot_Size>
		<Style>Single Family Residential</Style>
		<Year_Built>1925</Year_Built>
		<Year_Renovated>—</Year_Renovated>
		<County>Los Angeles County</County>
		<APN>5551019007</APN>
	</public_facts>
</home>
