<?xml version="1.0" ?>
<home>
	<HomeInfo_Address>
		<street-address>1416 Havenhurst Dr Unit 5A </street-address>
		<locality>West Hollywood, </locality>
		<region>CA</region>
		<postal-code>90046</postal-code>
	</HomeInfo_Address>
	<main_stats>
		<Price>$2,950,000</Price>
		<Beds>3</Beds>
		<Baths>3.5</Baths>
		<key name="$1297 / Sq. Ft.">2,274</key>
	</main_stats>
	<text_base_description>Located in the prestigious and historic Colonial House, this 3 bedroom, 3.5 bathroom gem offers a living room with incredible volume and views for miles, an oversized family room (can be used as 3rd bedroom), a separate office and spacious outdoor balcony with views of the Hollywood Hills, city lights and the famed Chateau Marmont. Original details such as crown moldings, hardwood floors, and original tile throughout. There are also modern conveniences such as two assigned parking spaces, in-unit laundry, and plenty of storage. This one-of-a-kind building by renowned architect Leland Bryant has been home to major celebrities such as Bette Davis, Rock Hudson, F. Scott Fitzgerald, Clark Gable and more. Currently listed on the National Register of Historic Places which allows the property to enjoy Mills Act status, greatly reducing the homeowners annual property taxes. Ideally located within a few blocks of Sunset Strips most well-known hotels, restaurants, and shopping.  </text_base_description>
	<listed_by>
		<name>Scott Segall</name>
		<agentLicenseDisplay>•DRE #01179028</agentLicenseDisplay>
		<org>•DRE #01179028</org>
	</listed_by>
	<price_insights>
		<List_Price>$2,950,000</List_Price>
		<Est._Mo._Payment>$13,671</Est._Mo._Payment>
		<Redfin_Estimate>$2,850,430</Redfin_Estimate>
		<key name="Price/Sq.Ft.">$1,297</key>
	</price_insights>
	<home_facts>
		<Status>Active</Status>
		<Time_on_Redfin>16 days</Time_on_Redfin>
		<Property_Type>Condominium, Residential Condo/Co-Op</Property_Type>
		<HOA_Dues>$2,293/month</HOA_Dues>
		<Year_Built>1930</Year_Built>
		<Style>Monterey Colonial</Style>
		<Community>West Hollywood Vicinity</Community>
		<Lot_Size>0.53 Acres</Lot_Size>
		<key name="MLS#">20-629372</key>
	</home_facts>
	<property_details>
		<item>
			<item>Interior Features</item>
			<item>
				<item>
					<item>Bathroom Information</item>
					<item>
						<item># of Baths (Full): 3</item>
						<item># of Baths (1/2): 1</item>
					</item>
				</item>
				<item>
					<item>Laundry Information</item>
					<item>
						<item>Laundry Inside, Laundry in Unit, Laundry in Closet</item>
					</item>
				</item>
				<item>
					<item>Additional Rooms</item>
					<item>
						<item>Family Room</item>
						<item>Entry Room, Dining Area, Patio Open, Powder Room, Breakfast Bar, Living Room, Master Bedroom, Family Room, Walk-In Closet</item>
					</item>
				</item>
				<item>
					<item>Flooring Information</item>
					<item>
						<item>Tile Floors, Hardwood Floors</item>
					</item>
				</item>
				<item>
					<item>Equipment</item>
					<item>
						<item>Built-Ins, Ceiling Fan, Dishwasher, Elevator, Hood Fan, Range/Oven, Refrigerator, Washer, Dryer</item>
					</item>
				</item>
				<item>
					<item>Heating &amp; Cooling</item>
					<item>
						<item>Other Cooling</item>
						<item>Central Heat</item>
					</item>
				</item>
			</item>
		</item>
		<item>
			<item>Parking / Garage</item>
			<item>
				<item>
					<item>Garage</item>
					<item>
						<item>Assigned, Gated Underground, Controlled Entrance, Covered Parking</item>
					</item>
				</item>
				<item>
					<item>Parking</item>
					<item>
						<item># of Parking Spaces (Total): 2</item>
						<item># of Covered Parking Spaces: 2</item>
					</item>
				</item>
			</item>
		</item>
		<item>
			<item>Exterior Features</item>
			<item>
				<item>
					<item>Building Information</item>
					<item>
						<item>Total Floors: 1</item>
						<item>Condominium, Detached</item>
						<item>Detached/No Common Walls</item>
						<item>Entry Floor Number: 5</item>
						<item>Security Features: Gated, Guarded</item>
					</item>
				</item>
				<item>
					<item>Exterior Features</item>
					<item>
						<item>Patio Features: Balcony</item>
						<item>Balcony: Private</item>
					</item>
				</item>
				<item>
					<item>Pool Information</item>
					<item>
						<item>Association Pool</item>
					</item>
				</item>
			</item>
		</item>
		<item>
			<item>Homeowners Association, School / Neighborhood, Taxes / Assessments, Location Details</item>
			<item>
				<item>
					<item>HOA Information</item>
					<item>
						<item>Amenities: Conference, Controlled Access, Elevator, Gated Parking, Pool, Concierge</item>
						<item>Fee #1: $2,293</item>
						<item>Fee #1 Frequency: Monthly</item>
						<item>AssociationPetRules: Call</item>
						<item>Association Phone: 818-778-3331</item>
					</item>
				</item>
				<item>
					<item>Community Information</item>
					<item>
						<item># of Units in Complex (Total): 21</item>
					</item>
				</item>
				<item>
					<item>Assessment Information</item>
					<item>
						<item>Assessor Parcel Number: 5554-007-034</item>
					</item>
				</item>
				<item>
					<item>Location Information</item>
					<item>
						<item>Unit Floor In Building: 5</item>
						<item>Complex Name: The Colonial House</item>
						<item>Directions: West of Crescent Heights, South of Sunset.</item>
					</item>
				</item>
			</item>
		</item>
		<item>
			<item>Property / Lot Details</item>
			<item>
				<item>
					<item>Property Information</item>
					<item>
						<item>Property Type: Residential Condo/Co-Op</item>
					</item>
				</item>
				<item>
					<item>Lot Information</item>
					<item>
						<item>Lot Size (Sq. Ft.): 23,157</item>
						<item>Lot Size (Acres): 0.5316</item>
						<item>Zoning: WDR4</item>
						<item>Special Zoning: None</item>
					</item>
				</item>
				<item>
					<item>Property Features</item>
					<item>
						<item>Has View</item>
						<item>View: City Lights, Hills, Landmark, Tree Top</item>
					</item>
				</item>
			</item>
		</item>
		<item>
			<item>Documents &amp; Disclosures</item>
			<item>
				<item>
					<item>Documents &amp; Disclosures</item>
					<item>
						<item>Disclosures: As Is</item>
					</item>
				</item>
			</item>
		</item>
	</property_details>
	<public_facts>
		<Beds>2</Beds>
		<Baths>3</Baths>
		<Finished_Sq._Ft.>2,274</Finished_Sq._Ft.>
		<Unfinished_Sq._Ft.>—</Unfinished_Sq._Ft.>
		<Total_Sq._Ft.>2,274</Total_Sq._Ft.>
		<Stories>—</Stories>
		<Lot_Size>—</Lot_Size>
		<Style>Condo/Co-op</Style>
		<Year_Built>1930</Year_Built>
		<Year_Renovated>1935</Year_Renovated>
		<County>Los Angeles County</County>
		<APN>5554007034</APN>
	</public_facts>
</home>
