<?xml version="1.0" ?>
<home>
	<HomeInfo_Address>
		<street-address>1400 N Sweetzer Ave #405 </street-address>
		<locality>West Hollywood, </locality>
		<region>CA</region>
		<postal-code>90069</postal-code>
	</HomeInfo_Address>
	<main_stats>
		<Price>$749,000</Price>
		<Bed>1</Bed>
		<Baths>1.5</Baths>
		<key name="$936 / Sq. Ft.">800</key>
	</main_stats>
	<text_base_description>Seize the opportunity to own one of WeHos rare 1 Bedroom/1.5 baths condos on the historic Sunset Strip. This top floor unit in the highly sought-after Sunset Penthouse building boasts eastern-facing windows capturing both the morning sunrise  &amp;  evening DTLA city-light views from bedroom  &amp;  living room. Cooks kitchen w/ top-of the line finishes w/ no detail spared. Impeccable cabinetry, Knoll leather pulls, streamlined appliances including an induction cooktop. Entertainers dream. Your wish list is here: Hardwood floors, Italian tile in the kitchen, powder room  &amp;  bathroom lovely terrace for al fresco dining accessible from your living space  &amp;  luxurious bedroom suite. Custom closets throughout the unit. Spa-like bath with soaking tub, walk-in shower and Toto washlet toilet. Add the stacked in-unit laundry, central AC/heat, high smooth ceilings, gated parking, access to additional storage. Top it all off with a rooftop deck showcasing dining and lounge areas with 360 degree views of Hollywood </text_base_description>
	<listed_by>
		<name>Allie Joel Riley</name>
		<agentLicenseDisplay>•DRE #01398467</agentLicenseDisplay>
		<org>•DRE #01398467</org>
	</listed_by>
	<price_insights>
		<List_Price>$749,000</List_Price>
		<Est._Mo._Payment>$3,470</Est._Mo._Payment>
		<Redfin_Estimate>$754,310</Redfin_Estimate>
		<key name="Price/Sq.Ft.">$936</key>
	</price_insights>
	<home_facts>
		<Status>Active</Status>
		<Time_on_Redfin>3 days</Time_on_Redfin>
		<Property_Type>Condominium, Residential Condo/Co-Op</Property_Type>
		<HOA_Dues>$363/month</HOA_Dues>
		<Year_Built>1962</Year_Built>
		<Style>Architectural</Style>
		<Community>West Hollywood Vicinity</Community>
		<Lot_Size>0.26 Acres</Lot_Size>
		<key name="MLS#">20-632424</key>
	</home_facts>
	<property_details>
		<item>
			<item>Interior Features</item>
			<item>
				<item>
					<item>Bedroom Information</item>
					<item>
						<item>Master Bedroom, Master Retreat</item>
					</item>
				</item>
				<item>
					<item>Bathroom Information</item>
					<item>
						<item># of Baths (Full): 1</item>
						<item># of Baths (1/2): 1</item>
						<item>Low Flow Toilet(s), Powder Room, Shower and Tub</item>
					</item>
				</item>
				<item>
					<item>Kitchen Information</item>
					<item>
						<item>Built-In Electric, Built-Ins, Cooktop - Electric, Electric, Oven-Electric, Microwave</item>
						<item>Counter Top, Galley Kitchen, Gourmet Kitchen</item>
					</item>
				</item>
				<item>
					<item>Laundry Information</item>
					<item>
						<item>Laundry in Unit, Laundry in Closet, Stacked Laundry in Closet</item>
					</item>
				</item>
				<item>
					<item>Additional Rooms</item>
					<item>
						<item>Breakfast Counter / Bar, Dining Area</item>
						<item>Breakfast Bar, Entry Room, Patio Open, Powder Room</item>
					</item>
				</item>
				<item>
					<item>Interior Features</item>
					<item>
						<item>Bidet, Built-Ins, Common Walls, Elevator, Laundry - Closet Stacked, Living Room Balcony, Mirrored Closet Door(s)</item>
						<item>Ground Level w/steps</item>
						<item>Windows: Custom Window Covering, Drapes/Curtains</item>
					</item>
				</item>
				<item>
					<item>Flooring Information</item>
					<item>
						<item>Hardwood Floors, Carpeted Floors, Laminate Floors</item>
					</item>
				</item>
				<item>
					<item>Equipment</item>
					<item>
						<item>Built-Ins, Cable, Dishwasher, Dryer, Elevator, Garbage Disposal, Range/Oven, Refrigerator, Stackable W/D Hookup, Washer, Ice Maker, Microwave</item>
						<item>Cable TV</item>
					</item>
				</item>
				<item>
					<item>Heating &amp; Cooling</item>
					<item>
						<item>A/C, Central Cooling</item>
						<item>Central Heat</item>
					</item>
				</item>
			</item>
		</item>
		<item>
			<item>Parking / Garage</item>
			<item>
				<item>
					<item>Garage</item>
					<item>
						<item>Door Opener, Community Garage, Controlled Entrance, Covered Parking</item>
					</item>
				</item>
				<item>
					<item>Parking</item>
					<item>
						<item># of Parking Spaces (Total): 1</item>
						<item># of Covered Parking Spaces: 1</item>
					</item>
				</item>
			</item>
		</item>
		<item>
			<item>Exterior Features</item>
			<item>
				<item>
					<item>Building Information</item>
					<item>
						<item>Total Floors: 4</item>
						<item>One Level, Top Level</item>
						<item>Condominium, Conversion, Penthouse, Single Level, Low Rise, Attached</item>
						<item>Attached</item>
						<item>Entry Floor Number: 4</item>
						<item>Faces East</item>
						<item>Security Features: Carbon Monoxide Detector(s), Community, Gated, Smoke Detector</item>
					</item>
				</item>
				<item>
					<item>Exterior Features</item>
					<item>
						<item>Patio Features: Balcony, Covered, Living Room Balcony, Roof Top Deck</item>
						<item>Balcony: Large</item>
						<item>Other Structural Features: Balcony</item>
					</item>
				</item>
			</item>
		</item>
		<item>
			<item>Multi-Unit Information, Homeowners Association, School / Neighborhood, Utilities</item>
			<item>
				<item>
					<item>Multi-Unit Information</item>
					<item>
						<item># of Remote Controls: 1</item>
					</item>
				</item>
				<item>
					<item>HOA Information</item>
					<item>
						<item>Amenities: Association Pet Rules, Controlled Access, Elevator, Extra Storage, Gated Parking</item>
						<item>Fee #1: $363</item>
						<item>Fee #1 Frequency: Monthly</item>
						<item>Fees Include Building and Grounds, Fees Include Maintenance, Fees Include Sewer, Fees IncludeTrash, Fees Include Water and Sewer, Fees Include Water</item>
						<item>AssociationPetRules: Assoc Pet Rules, Call</item>
					</item>
				</item>
				<item>
					<item>Community Information</item>
					<item>
						<item># of Units in Complex (Total): 24</item>
						<item>Controlled Access, Entrance Lobby, Passenger Elevator, Rooftop Sky Deck, Sun Deck</item>
						<item>Athletic Court: None</item>
					</item>
				</item>
				<item>
					<item>Utility Information</item>
					<item>
						<item>Sewer: In Street, Paid</item>
						<item>Water: In Street, Paid</item>
					</item>
				</item>
			</item>
		</item>
		<item>
			<item>Taxes / Assessments, Financing, Location Details, Documents &amp; Disclosures</item>
			<item>
				<item>
					<item>Assessment Information</item>
					<item>
						<item>Assessor Parcel Number: 5554-019-082</item>
					</item>
				</item>
				<item>
					<item>Financial Information</item>
					<item>
						<item>Listing Terms: Cash, Cash To New Loan</item>
					</item>
				</item>
				<item>
					<item>Location Information</item>
					<item>
						<item>Unit Floor In Building: 4</item>
						<item>Complex Name: Sunset Penthouse</item>
						<item>Directions: Sweetzer between Sunset and Fountain</item>
					</item>
				</item>
				<item>
					<item>Documents &amp; Disclosures</item>
					<item>
						<item>Disclosures: Property Report, As Is, CC and R, Homeowners Association</item>
					</item>
				</item>
			</item>
		</item>
		<item>
			<item>Property / Lot Details</item>
			<item>
				<item>
					<item>Property Information</item>
					<item>
						<item>Exposure: East</item>
						<item>Land Lease Type: Fee</item>
						<item>Property Type: Residential Condo/Co-Op</item>
						<item>Property Condition: Updated/Remodeled</item>
					</item>
				</item>
				<item>
					<item>Lot Information</item>
					<item>
						<item>Lot Size (Sq. Ft.): 11,118</item>
						<item>Lot Size (Acres): 0.2552</item>
						<item>Zoning: WDR4*</item>
						<item>Special Zoning: None</item>
					</item>
				</item>
				<item>
					<item>Property Features</item>
					<item>
						<item>None</item>
						<item>Has View</item>
						<item>View: City</item>
					</item>
				</item>
			</item>
		</item>
		<item>
			<item>Listing Information</item>
			<item>
				<item>
					<item>Listing Information</item>
					<item>
						<item>Possession: Close Of Escrow</item>
						<item>Listing Terms: Cash, Cash To New Loan</item>
					</item>
				</item>
			</item>
		</item>
	</property_details>
	<public_facts>
		<Beds>1</Beds>
		<Baths>2</Baths>
		<Finished_Sq._Ft.>800</Finished_Sq._Ft.>
		<Unfinished_Sq._Ft.>—</Unfinished_Sq._Ft.>
		<Total_Sq._Ft.>800</Total_Sq._Ft.>
		<Stories>—</Stories>
		<Lot_Size>—</Lot_Size>
		<Style>Condo/Co-op</Style>
		<Year_Built>1962</Year_Built>
		<Year_Renovated>1966</Year_Renovated>
		<County>Los Angeles County</County>
		<APN>5554019082</APN>
	</public_facts>
</home>
