<?xml version="1.0" ?>
<home>
	<HomeInfo_Address>
		<street-address>1400 N Hayworth Ave #39 </street-address>
		<locality>West Hollywood, </locality>
		<region>CA</region>
		<postal-code>90046</postal-code>
	</HomeInfo_Address>
	<main_stats>
		<Price>$849,000</Price>
		<Beds>2</Beds>
		<Baths>1.5</Baths>
		<key name="$806 / Sq. Ft.">1,053</key>
	</main_stats>
	<text_base_description>Once-in-a-lifetime opportunity to own the apex of The Hollywood Riviera, one of West Hollywood's most iconic and architecturally significant condo properties. This stunning 1954 mid-century masterpiece was designed by renowned architect Edward Fickett and has been featured in many TV shows, movies, and commercials. Arguably the best unit in the building, #39 is located at the front corner and with only 1 common wall, no one above or below, and easy access from front stairwell. Once inside, residents are greeted with an expansive living area w/ floor to ceiling windows looking out to lush tropical landscaping. The stylish staircase takes you to the upper floor which features soaring dramatic ceilings, a light filled bonus area w/ city views (perfect for home office), 2 spacious bedrooms and an updated bathroom. This condo also has central AC, 2 additional storage areas, 2 parking spots, low HOA dues including EQ insurance, and building is Mills Act approved </text_base_description>
	<listed_by>
		<name>Allie Joel Riley</name>
		<agentLicenseDisplay>•DRE #01398467</agentLicenseDisplay>
		<org>•DRE #01398467</org>
	</listed_by>
	<price_insights>
		<List_Price>$849,000</List_Price>
		<Est._Mo._Payment>$3,933</Est._Mo._Payment>
		<Redfin_Estimate>$849,254</Redfin_Estimate>
		<key name="Price/Sq.Ft.">$806</key>
	</price_insights>
	<home_facts>
		<Status>Active</Status>
		<Time_on_Redfin>20 days</Time_on_Redfin>
		<Property_Type>Condominium, Residential Condo/Co-Op</Property_Type>
		<HOA_Dues>$461/month</HOA_Dues>
		<Year_Built>1954</Year_Built>
		<Style>Mid-Century</Style>
		<Community>West Hollywood Vicinity</Community>
		<Lot_Size>0.69 Acres</Lot_Size>
		<key name="MLS#">20-627888</key>
	</home_facts>
	<property_details>
		<item>
			<item>Interior Features</item>
			<item>
				<item>
					<item>Bedroom Information</item>
					<item>
						<item>All Bedrooms Up</item>
					</item>
				</item>
				<item>
					<item>Bathroom Information</item>
					<item>
						<item># of Baths (Full): 1</item>
						<item># of Baths (1/2): 1</item>
					</item>
				</item>
				<item>
					<item>Kitchen Information</item>
					<item>
						<item>Gas, Range</item>
					</item>
				</item>
				<item>
					<item>Laundry Information</item>
					<item>
						<item>Community Laundry</item>
					</item>
				</item>
				<item>
					<item>Additional Rooms</item>
					<item>
						<item>Dining Area</item>
						<item>Living Room, Bonus Room, Powder Room, Dining Area</item>
					</item>
				</item>
				<item>
					<item>Interior Features</item>
					<item>
						<item>Living Room</item>
					</item>
				</item>
				<item>
					<item>Flooring Information</item>
					<item>
						<item>Wood Floors, Tile Floors, Carpeted Floors</item>
					</item>
				</item>
				<item>
					<item>Equipment</item>
					<item>
						<item>Built-Ins, Range/Oven, Refrigerator, Cable</item>
						<item>Cable TV</item>
					</item>
				</item>
				<item>
					<item>Heating &amp; Cooling</item>
					<item>
						<item>Central Cooling, A/C</item>
						<item>Central Heat</item>
					</item>
				</item>
			</item>
		</item>
		<item>
			<item>Parking / Garage</item>
			<item>
				<item>
					<item>Garage</item>
					<item>
						<item>Covered Parking, Gated, Tandem</item>
					</item>
				</item>
				<item>
					<item>Parking</item>
					<item>
						<item># of Parking Spaces (Total): 2</item>
						<item># of Covered Parking Spaces: 2</item>
					</item>
				</item>
			</item>
		</item>
		<item>
			<item>Exterior Features</item>
			<item>
				<item>
					<item>Building Information</item>
					<item>
						<item>Total Floors: 2</item>
						<item>Two Level</item>
						<item>Condominium, Conversion, Attached, Split Level, Penthouse, Low Rise</item>
						<item>Attached</item>
						<item>Entry Floor Number: 2</item>
						<item>Faces East</item>
						<item>Security Features: Automatic Gate, Gated</item>
					</item>
				</item>
				<item>
					<item>Exterior Features</item>
					<item>
						<item>Patio Features: None</item>
						<item>Balcony: None</item>
						<item>Other Structural Features: High Ceilings (9 Feet+), Historical</item>
					</item>
				</item>
				<item>
					<item>Pool Information</item>
					<item>
						<item>Association Pool, Community Pool</item>
					</item>
				</item>
			</item>
		</item>
		<item>
			<item>Homeowners Association, School / Neighborhood, Location Details, Documents &amp; Disclosures</item>
			<item>
				<item>
					<item>HOA Information</item>
					<item>
						<item>Amenities: Pool, Association Maintains Landscape, Controlled Access, Extra Storage, Gated Community, Sun Deck</item>
						<item>Fee #1: $461</item>
						<item>Fee #1 Frequency: Monthly</item>
						<item>Fees Include Water and Sewer, Fees IncludeTrash, Fees Include Building and Grounds, Fees Include Earthquake Insurance</item>
						<item>AssociationPetRules: Assoc Pet Rules, Call, Yes</item>
					</item>
				</item>
				<item>
					<item>Community Information</item>
					<item>
						<item># of Units in Complex (Total): 38</item>
						<item>Athletic Court: None</item>
					</item>
				</item>
				<item>
					<item>Location Information</item>
					<item>
						<item>Unit Floor In Building: 2</item>
						<item>Unit Location: NW Corner</item>
						<item>Complex Name: Hollywood Riviera</item>
						<item>Directions: West of Fairfax between Fountain and Sunset</item>
					</item>
				</item>
				<item>
					<item>Documents &amp; Disclosures</item>
					<item>
						<item>Disclosures: As Is, Rent Control, Homeowners Association, Historical, Listing Broker Advantage, CC and R</item>
					</item>
				</item>
			</item>
		</item>
		<item>
			<item>Taxes / Assessments</item>
			<item>
				<item>
					<item>Assessment Information</item>
					<item>
						<item>Assessor Parcel Number: 5554-002-066</item>
					</item>
				</item>
				<item>
					<item>Tax Information</item>
					<item>
						<item>No Mello-Roos Tax</item>
					</item>
				</item>
			</item>
		</item>
		<item>
			<item>Property / Lot Details</item>
			<item>
				<item>
					<item>Property Information</item>
					<item>
						<item>Exposure: West &amp; East</item>
						<item>Property Type: Residential Condo/Co-Op</item>
					</item>
				</item>
				<item>
					<item>Lot Information</item>
					<item>
						<item>Lot Size (Sq. Ft.): 29,889</item>
						<item>Lot Size (Acres): 0.6862</item>
						<item>Zoning: WDR4*</item>
						<item>Special Zoning: Property Report</item>
					</item>
				</item>
				<item>
					<item>Property Features</item>
					<item>
						<item>Has View</item>
						<item>View: Hills, Tree Top</item>
					</item>
				</item>
			</item>
		</item>
		<item>
			<item>Listing Information</item>
			<item>
				<item>
					<item>Listing Information</item>
					<item>
						<item>Possession: Close Of Escrow, Negotiate</item>
					</item>
				</item>
			</item>
		</item>
	</property_details>
	<public_facts>
		<Beds>3</Beds>
		<Baths>2</Baths>
		<Finished_Sq._Ft.>876</Finished_Sq._Ft.>
		<Unfinished_Sq._Ft.>—</Unfinished_Sq._Ft.>
		<Total_Sq._Ft.>876</Total_Sq._Ft.>
		<Stories>—</Stories>
		<Lot_Size>—</Lot_Size>
		<Style>Condo/Co-op</Style>
		<Year_Built>1954</Year_Built>
		<Year_Renovated>1954</Year_Renovated>
		<County>Los Angeles County</County>
		<APN>5554002066</APN>
	</public_facts>
</home>
