<?xml version="1.0" ?>
<home>
	<HomeInfo_Address>
		<street-address>8046 Woodland Ln </street-address>
		<locality>Los Angeles, </locality>
		<region>CA</region>
		<postal-code>90046</postal-code>
	</HomeInfo_Address>
	<main_stats>
		<Price>$2,475,000</Price>
		<Beds>3</Beds>
		<Baths>3</Baths>
		<key name="$1055 / Sq. Ft.">2,345</key>
	</main_stats>
	<text_base_description>A magical  &amp;  secluded mini compound minutes above Sunset Strip. Entering through gates the totally private garden features stone patios, fireplace  &amp;  a fully equipped outdoor kitchen w/ large bar, BBQ  &amp;  wine refrigerator. A large deck leads to the outdoor spa. The large vaulted beamed ceiling living room features a fireplace  &amp;  vintage lighting fixtures. The formal dining room is adjacent to a charming bar or study overlooking the living room. The kitchen has a chef's range, granite counters  &amp;  center island. The private, spacious high ceiling primary bedroom suite features a walk in closet  &amp;  charming terrace. A bath contains a double vanity  &amp;  steam shower. The 2 additional bedrooms share a bath with a spa tub  &amp;  separate shower. This wonderful flexible floor plan is most adaptable for many different lifestyles. Quiet  &amp;  serene this is perfect  for a home office as well as a fabulous home for entertaining.  </text_base_description>
	<listed_by>
		<name>Barbara Palmer</name>
		<agentLicenseDisplay>•DRE #00428644</agentLicenseDisplay>
		<org>•DRE #00428644</org>
	</listed_by>
	<price_insights>
		<List_Price>$2,475,000</List_Price>
		<Est._Mo._Payment>$11,470</Est._Mo._Payment>
		<Redfin_Estimate>$2,454,364</Redfin_Estimate>
		<key name="Price/Sq.Ft.">$1,055</key>
	</price_insights>
	<home_facts>
		<Status>Active</Status>
		<Time_on_Redfin>5 hours</Time_on_Redfin>
		<Property_Type>Single Family, Residential Single-Family</Property_Type>
		<Baths>1 full, 2 partial</Baths>
		<Year_Built>1923</Year_Built>
		<Style>Mediterranean</Style>
		<Community>Sunset Strip - Hollywood Hills West</Community>
		<Lot_Size>4,360 Sq. Ft.</Lot_Size>
		<key name="MLS#">20-628542</key>
	</home_facts>
	<property_details>
		<item>
			<item>Virtual Tour, Multi-Unit Information, School / Neighborhood, Utilities</item>
			<item>
				<item>
					<item>Virtual Tour</item>
					<item>
						<item>Virtual Tour (External Link)</item>
					</item>
				</item>
				<item>
					<item>Multi-Unit Information</item>
					<item>
						<item># of Remote Controls: 3</item>
					</item>
				</item>
				<item>
					<item>Community Information</item>
					<item>
						<item>Athletic Court: None</item>
					</item>
				</item>
				<item>
					<item>Utility Information</item>
					<item>
						<item>Sewer: On Site, Septic</item>
						<item>Water: In Street, District/Public, Meter on Property</item>
					</item>
				</item>
			</item>
		</item>
		<item>
			<item>Interior Features</item>
			<item>
				<item>
					<item>Bedroom Information</item>
					<item>
						<item>All Bedrooms Up, Master Retreat, WalkInCloset</item>
					</item>
				</item>
				<item>
					<item>Bathroom Information</item>
					<item>
						<item># of Baths (Full): 1</item>
						<item># of Baths (3/4): 1</item>
						<item># of Baths (1/2): 1</item>
						<item>Powder Room, Steam Shower, Tile, Tub With Jets, Shower Stall, Double Vanity(s)</item>
					</item>
				</item>
				<item>
					<item>Kitchen Information</item>
					<item>
						<item>Built-In And Free Standing, Built-Ins, Free Standing Gas, Gas Grill, Microwave, Oven-Gas, Range Hood, Built-In BBQ, Range</item>
						<item>Island, Granite Counters</item>
					</item>
				</item>
				<item>
					<item>Laundry Information</item>
					<item>
						<item>Laundry Area, Laundry Inside</item>
					</item>
				</item>
				<item>
					<item>Additional Rooms</item>
					<item>
						<item>Formal Dining Room, Kitchen Island</item>
						<item>Dining Room</item>
						<item>Den</item>
						<item>Den/Office, Dining Room, Living Room, Master Bedroom, Walk-In Closet</item>
					</item>
				</item>
				<item>
					<item>Interior Features</item>
					<item>
						<item>Built-Ins, Cathedral-Vaulted Ceilings, Coffered Ceiling(s)</item>
						<item>Living Room</item>
						<item>Windows: Drapes/Curtains, Screens</item>
					</item>
				</item>
				<item>
					<item>Fireplace Information</item>
					<item>
						<item>In Living Room, Gas Starter, Exterior</item>
						<item># of Fireplaces: 2</item>
					</item>
				</item>
				<item>
					<item>Flooring Information</item>
					<item>
						<item>Tile Floors, Wood Floors</item>
					</item>
				</item>
				<item>
					<item>Equipment</item>
					<item>
						<item>Alarm System, Barbeque, Built-Ins, Cable, Ceiling Fan, Dishwasher, Dryer, Freezer, Garbage Disposal, Gas Dryer Hookup, Hood Fan, Microwave, Refrigerator, Vented Exhaust Fan, Washer</item>
						<item>Cable TV</item>
					</item>
				</item>
				<item>
					<item>Heating &amp; Cooling</item>
					<item>
						<item>A/C, Central Cooling, Multi/Zone Cooling</item>
						<item>Central Heat, Forced Air Heating, Zoned Heat</item>
						<item>Water Heater Features: Tankless</item>
					</item>
				</item>
			</item>
		</item>
		<item>
			<item>Parking / Garage</item>
			<item>
				<item>
					<item>Garage</item>
					<item>
						<item>2 Car Garage, Garage Is Attached, Private Garage, Door Opener</item>
						<item># of Garage Spaces: 2</item>
					</item>
				</item>
				<item>
					<item>Parking</item>
					<item>
						<item># of Parking Spaces (Total): 2</item>
					</item>
				</item>
			</item>
		</item>
		<item>
			<item>Exterior Features</item>
			<item>
				<item>
					<item>Building Information</item>
					<item>
						<item>Total Floors: 2</item>
						<item>Multi Levels</item>
						<item>Detached</item>
						<item>Detached/No Common Walls</item>
						<item>Security Features: Owned, Smoke Detector, Carbon Monoxide Detector(s)</item>
						<item>Exterior Construction: Plaster</item>
					</item>
				</item>
				<item>
					<item>Exterior Features</item>
					<item>
						<item>Roof: Tile</item>
						<item>Patio Features: Patio Open, Rock/Stone, Balcony, Deck(s)</item>
						<item>Other Structural Features: Balcony, Rain Gutters, Sprinkler System</item>
					</item>
				</item>
				<item>
					<item>Pool Information</item>
					<item>
						<item>Above Ground Spa, Heated Spa, Private Spa</item>
					</item>
				</item>
			</item>
		</item>
		<item>
			<item>Taxes / Assessments, Location Details, Documents &amp; Disclosures</item>
			<item>
				<item>
					<item>Assessment Information</item>
					<item>
						<item>Assessor Parcel Number: 5551-032-005</item>
					</item>
				</item>
				<item>
					<item>Location Information</item>
					<item>
						<item>Directions: Laurel Canyon North of Hollywood Blvd, Right on Mt. Olympus Dr. Right On Woodland Ln</item>
						<item>Cross Streets: Mt Olympus Dr.</item>
					</item>
				</item>
				<item>
					<item>Documents &amp; Disclosures</item>
					<item>
						<item>Disclosures: As Is</item>
					</item>
				</item>
			</item>
		</item>
		<item>
			<item>Property / Lot Details</item>
			<item>
				<item>
					<item>Property Information</item>
					<item>
						<item>Property Type: Residential Single-Family</item>
					</item>
				</item>
				<item>
					<item>Lot Information</item>
					<item>
						<item>Lot Size (Sq. Ft.): 4,360</item>
						<item>Lot Size (Acres): 0.1001</item>
						<item>Lot Size Dimensions: 59 x 74</item>
						<item>Zoning: LAR1</item>
						<item>Special Zoning: Property Report</item>
						<item>Lot Location: Canyon, Hillside</item>
						<item>Lot Description: Landscaped, Curbs, Lot Shape-Irregular, Secluded, Street Asphalt, Utilities - Overhead, Yard, Fenced Yard, Gutters</item>
					</item>
				</item>
				<item>
					<item>Property Features</item>
					<item>
						<item>Wood Fence</item>
						<item>Sprinkler System, Sprinkler Timer</item>
						<item>Has View</item>
						<item>View: Canyon, Hills, Courtyard, Tree Top</item>
					</item>
				</item>
			</item>
		</item>
	</property_details>
	<public_facts>
		<Beds>2</Beds>
		<Baths>1</Baths>
		<Finished_Sq._Ft.>1,976</Finished_Sq._Ft.>
		<Unfinished_Sq._Ft.>—</Unfinished_Sq._Ft.>
		<Total_Sq._Ft.>1,976</Total_Sq._Ft.>
		<Stories>2</Stories>
		<Lot_Size>4,351 Sq. Ft.</Lot_Size>
		<Style>Single Family Residential</Style>
		<Year_Built>1923</Year_Built>
		<Year_Renovated>1927</Year_Renovated>
		<County>Los Angeles County</County>
		<APN>5551032005</APN>
	</public_facts>
</home>
