<?xml version="1.0" ?>
<home>
	<HomeInfo_Address>
		<street-address>1995 Sunset Plaza Dr </street-address>
		<locality>Los Angeles, </locality>
		<region>CA</region>
		<postal-code>90069</postal-code>
	</HomeInfo_Address>
	<main_stats>
		<Price>$6,980,000</Price>
		<Beds>3</Beds>
		<Baths>4.5</Baths>
		<key name="$1627 / Sq. Ft.">4,291</key>
	</main_stats>
	<text_base_description>Custom-built modern-contemporary new construction above the Sunset Strip. This entertainer's dream home offers impressive city-to-ocean views, a spacious living and dining area plus a gourmet kitchen with top quality appliances from Germany throughout. The indoor-outdoor sensation with access to infinity pool and spa will give you that real California vibes. Experience views from every room, from Catalina to Downtown and magical night city lights. More photos to come soon.  </text_base_description>
	<listed_by>
		<name>Alessandro Perdichizzi</name>
		<agentLicenseDisplay>•DRE #01973448</agentLicenseDisplay>
		<org>•DRE #01973448</org>
	</listed_by>
	<price_insights>
		<List_Price>$6,980,000</List_Price>
		<Est._Mo._Payment>$32,348</Est._Mo._Payment>
		<Redfin_Estimate>$6,861,178</Redfin_Estimate>
		<key name="Price/Sq.Ft.">$1,627</key>
	</price_insights>
	<home_facts>
		<Status>Active</Status>
		<Time_on_Redfin>7 hours</Time_on_Redfin>
		<Property_Type>Single Family, Residential Single-Family</Property_Type>
		<Style>Contemporary</Style>
		<Community>Sunset Strip - Hollywood Hills West</Community>
		<Lot_Size>10,553 Sq. Ft.</Lot_Size>
		<key name="MLS#">20-630954</key>
	</home_facts>
	<property_details>
		<item>
			<item>Interior Features</item>
			<item>
				<item>
					<item>Bathroom Information</item>
					<item>
						<item># of Baths (Full): 4</item>
						<item># of Baths (1/2): 1</item>
					</item>
				</item>
				<item>
					<item>Laundry Information</item>
					<item>
						<item>Laundry Area</item>
					</item>
				</item>
				<item>
					<item>Additional Rooms</item>
					<item>
						<item>Bar Room, Basement, Powder Room, Walk-In Closet, Dining Area</item>
					</item>
				</item>
				<item>
					<item>Flooring Information</item>
					<item>
						<item>Hardwood Floors, Stone Tile Floors</item>
					</item>
				</item>
				<item>
					<item>Equipment</item>
					<item>
						<item>Alarm System</item>
					</item>
				</item>
				<item>
					<item>Heating &amp; Cooling</item>
					<item>
						<item>A/C, Central Cooling</item>
						<item>Central Heat</item>
						<item>Water Heater Features: Tankless</item>
					</item>
				</item>
			</item>
		</item>
		<item>
			<item>Parking / Garage</item>
			<item>
				<item>
					<item>Garage</item>
					<item>
						<item>Auto Driveway Gate, 2 Car Garage, Driveway Gate, Private, Parking Space</item>
						<item># of Garage Spaces: 2</item>
					</item>
				</item>
				<item>
					<item>Parking</item>
					<item>
						<item># of Parking Spaces (Total): 2</item>
						<item># of Open Other Spaces: 3</item>
					</item>
				</item>
			</item>
		</item>
		<item>
			<item>Exterior Features</item>
			<item>
				<item>
					<item>Building Information</item>
					<item>
						<item>Total Floors: 3</item>
						<item>Detached</item>
						<item>Detached/No Common Walls</item>
						<item>Security Features: Carbon Monoxide Detector(s), Fire and Smoke Detection System, Fire Sprinklers, Smoke Detector</item>
					</item>
				</item>
				<item>
					<item>Exterior Features</item>
					<item>
						<item>Patio Features: Deck(s), Tile, Living Room Balcony</item>
					</item>
				</item>
				<item>
					<item>Pool Information</item>
					<item>
						<item>Heated Pool, Above Ground, Private Pool</item>
						<item>Above Ground Spa, Hot Tub, Private Spa</item>
					</item>
				</item>
			</item>
		</item>
		<item>
			<item>Taxes / Assessments, Location Details, Documents &amp; Disclosures</item>
			<item>
				<item>
					<item>Assessment Information</item>
					<item>
						<item>Assessor Parcel Number: 5558-002-019</item>
					</item>
				</item>
				<item>
					<item>Location Information</item>
					<item>
						<item>Directions: Sunset Blvd. to Sunset Plaza Dr.</item>
					</item>
				</item>
				<item>
					<item>Documents &amp; Disclosures</item>
					<item>
						<item>Disclosures: None</item>
					</item>
				</item>
			</item>
		</item>
		<item>
			<item>Property / Lot Details</item>
			<item>
				<item>
					<item>Property Information</item>
					<item>
						<item>Property Type: Residential Single-Family</item>
					</item>
				</item>
				<item>
					<item>Lot Information</item>
					<item>
						<item>Lot Size (Sq. Ft.): 10,553</item>
						<item>Lot Size (Acres): 0.2423</item>
						<item>Lot Size Dimensions: 161 x 80</item>
						<item>Zoning: LARE15</item>
					</item>
				</item>
				<item>
					<item>Property Features</item>
					<item>
						<item>Sprinkler System</item>
						<item>Has View</item>
						<item>View: Catalina, Coastline, City Lights, Canyon, Ocean</item>
					</item>
				</item>
			</item>
		</item>
	</property_details>
	<public_facts>
		<Beds>4</Beds>
		<Baths>4</Baths>
		<Finished_Sq._Ft.>2,970</Finished_Sq._Ft.>
		<Unfinished_Sq._Ft.>—</Unfinished_Sq._Ft.>
		<Total_Sq._Ft.>2,970</Total_Sq._Ft.>
		<Stories>3</Stories>
		<Lot_Size>10,553 Sq. Ft.</Lot_Size>
		<Style>Single Family Residential</Style>
		<Year_Built>1971</Year_Built>
		<Year_Renovated>1971</Year_Renovated>
		<County>Los Angeles County</County>
		<APN>5558002019</APN>
	</public_facts>
</home>
