<?xml version="1.0" ?>
<home>
	<HomeInfo_Address>
		<street-address>8275 Grand View Dr </street-address>
		<locality>Los Angeles, </locality>
		<region>CA</region>
		<postal-code>90046</postal-code>
	</HomeInfo_Address>
	<main_stats>
		<Price>$1,579,000</Price>
		<Beds>3</Beds>
		<Baths>4</Baths>
		<key name="$1006 / Sq. Ft.">1,570</key>
	</main_stats>
	<text_base_description>This designer compound in Laurel Canyon offers options that other houses on the market don't. Particularly attuned to changing times, this gated, secured group of living spaces create separation for work from home, as well as the possibility of earning income via Airbnb without having paying guests in your sightline. The jewel of the lot is a renovated 2BR/2BA 1,270 sq. ft. mid-century-style main residence with an open floor plan. Living (with fireplace), dining, and chef's kitchen are combined to maximize canyon views from a balcony. Full guest bathroom on this floor, too. Custom draperies, dramatic lighting, and stone counter tops throughout. The main home's 2 bedrooms share a recently re-done bathroom. Below is a remodeled 339 sq. ft. basement with separate exterior entrance. This flex space could be office or nanny's room and has laundry plus a full bathroom. Separate 300 sq. ft. guest house has a kitchenette and full bathroom. Indoor/outdoor living in courtyard. Wonderland School! </text_base_description>
	<listed_by>
		<name>Jeff Yarbrough</name>
		<agentLicenseDisplay>•DRE #01341959</agentLicenseDisplay>
		<org>•DRE #01341959</org>
	</listed_by>
	<price_insights>
		<List_Price>$1,579,000</List_Price>
		<Est._Mo._Payment>$7,318</Est._Mo._Payment>
		<Redfin_Estimate>$1,596,426</Redfin_Estimate>
		<key name="Price/Sq.Ft.">$1,006</key>
	</price_insights>
	<home_facts>
		<Status>Active</Status>
		<Time_on_Redfin>8 days</Time_on_Redfin>
		<Property_Type>Single Family, Residential Single-Family</Property_Type>
		<Year_Built>1967</Year_Built>
		<Style>Architectural</Style>
		<Community>Sunset Strip - Hollywood Hills West</Community>
		<Lot_Size>3,607 Sq. Ft.</Lot_Size>
		<key name="MLS#">20-633756</key>
	</home_facts>
	<property_details>
		<item>
			<item>Virtual Tour, Utilities, Taxes / Assessments, Location Details</item>
			<item>
				<item>
					<item>Virtual Tour</item>
					<item>
						<item>Virtual Tour (External Link)</item>
					</item>
				</item>
				<item>
					<item>Utility Information</item>
					<item>
						<item>Sewer: Septic</item>
					</item>
				</item>
				<item>
					<item>Assessment Information</item>
					<item>
						<item>Assessor Parcel Number: 5556-008-011</item>
					</item>
				</item>
				<item>
					<item>Location Information</item>
					<item>
						<item>Directions: Kirkwood to Yucca Trl.</item>
					</item>
				</item>
			</item>
		</item>
		<item>
			<item>Interior Features</item>
			<item>
				<item>
					<item>Bathroom Information</item>
					<item>
						<item># of Baths (Full): 4</item>
					</item>
				</item>
				<item>
					<item>Kitchen Information</item>
					<item>
						<item>Built-Ins</item>
					</item>
				</item>
				<item>
					<item>Laundry Information</item>
					<item>
						<item>Laundry Inside</item>
					</item>
				</item>
				<item>
					<item>Additional Rooms</item>
					<item>
						<item>Dining Area</item>
						<item>Guest House, Living Room, Patio Open, Basement</item>
					</item>
				</item>
				<item>
					<item>Interior Features</item>
					<item>
						<item>Beamed Ceiling(s)</item>
					</item>
				</item>
				<item>
					<item>Fireplace Information</item>
					<item>
						<item>In Living Room</item>
						<item># of Fireplaces: 1</item>
					</item>
				</item>
				<item>
					<item>Flooring Information</item>
					<item>
						<item>Hardwood Floors</item>
					</item>
				</item>
				<item>
					<item>Equipment</item>
					<item>
						<item>Alarm System, Built-Ins, Dishwasher, Dryer, Garbage Disposal, Hood Fan, Network Wire, Range/Oven, Refrigerator, Washer</item>
					</item>
				</item>
				<item>
					<item>Heating &amp; Cooling</item>
					<item>
						<item>A/C, Central Cooling</item>
						<item>Central Heat</item>
					</item>
				</item>
			</item>
		</item>
		<item>
			<item>Parking / Garage</item>
			<item>
				<item>
					<item>Garage</item>
					<item>
						<item>Driveway, 2 Car Garage</item>
						<item># of Garage Spaces: 2</item>
					</item>
				</item>
				<item>
					<item>Parking</item>
					<item>
						<item># of Parking Spaces (Total): 5</item>
						<item># of Covered Parking Spaces: 2</item>
						<item># of Open Other Spaces: 3</item>
					</item>
				</item>
			</item>
		</item>
		<item>
			<item>Exterior Features</item>
			<item>
				<item>
					<item>Building Information</item>
					<item>
						<item>Total Floors: 2</item>
						<item>Multi Levels</item>
						<item>Detached</item>
						<item>Detached/No Common Walls</item>
						<item>Security Features: Owned, Gated, Exterior Security Lights</item>
						<item>Guest House: Detached</item>
					</item>
				</item>
				<item>
					<item>Exterior Features</item>
					<item>
						<item>Patio Features: Deck(s)</item>
						<item>Other Structural Features: Balcony</item>
					</item>
				</item>
			</item>
		</item>
		<item>
			<item>Property / Lot Details</item>
			<item>
				<item>
					<item>Property Information</item>
					<item>
						<item>Property Type: Residential Single-Family</item>
						<item>Property Condition: Updated/Remodeled</item>
					</item>
				</item>
				<item>
					<item>Land Information</item>
					<item>
						<item>Other Structures: GuestHouse</item>
					</item>
				</item>
				<item>
					<item>Lot Information</item>
					<item>
						<item>Lot Size (Sq. Ft.): 3,607</item>
						<item>Lot Size (Acres): 0.0828</item>
						<item>Lot Size Dimensions: 37 x 94</item>
						<item>Zoning: LAR1</item>
						<item>Special Zoning: Property Report</item>
					</item>
				</item>
				<item>
					<item>Property Features</item>
					<item>
						<item>Drip Irrigation System</item>
						<item>Has View</item>
						<item>View: Canyon</item>
					</item>
				</item>
			</item>
		</item>
		<item>
			<item>Documents &amp; Disclosures, Listing Information</item>
			<item>
				<item>
					<item>Documents &amp; Disclosures</item>
					<item>
						<item>Disclosures: None</item>
					</item>
				</item>
				<item>
					<item>Listing Information</item>
					<item>
						<item>Possession: Close Of Escrow</item>
					</item>
				</item>
			</item>
		</item>
	</property_details>
	<public_facts>
		<Beds>2</Beds>
		<Baths>2</Baths>
		<Finished_Sq._Ft.>1,224</Finished_Sq._Ft.>
		<Unfinished_Sq._Ft.>—</Unfinished_Sq._Ft.>
		<Total_Sq._Ft.>1,224</Total_Sq._Ft.>
		<Stories>2</Stories>
		<Lot_Size>3,607 Sq. Ft.</Lot_Size>
		<Style>Single Family Residential</Style>
		<Year_Built>1967</Year_Built>
		<Year_Renovated>1995</Year_Renovated>
		<County>Los Angeles County</County>
		<APN>5556008011</APN>
	</public_facts>
</home>
