<?xml version="1.0" ?>
<home>
	<HomeInfo_Address>
		<street-address>8800 Wonderland Ave </street-address>
		<locality>Los Angeles, </locality>
		<region>CA</region>
		<postal-code>90046</postal-code>
	</HomeInfo_Address>
	<main_stats>
		<Price>$988,000</Price>
		<Beds>2</Beds>
		<Baths>1.5</Baths>
		<key name="$924 / Sq. Ft.">1,069</key>
	</main_stats>
	<text_base_description>This stunning 2 bedroom, 1.5 bath, modern home is nestled in the hills of Laurel Canyon, and walking distance to highly rated Wonderland Elementary School. You will notice the floor-to-ceiling windows right away, which brings in natural light and nature into your open and spacious rooms. You can also relax on your expansive rooftop deck, which is almost 500 sf, and has 180 degree views of the rolling hills! You definitely need to see all the amazing features, such as the fresh coat of paint inside and out, custom designed and built-in cabinetry throughout the home, updated kitchen with stainless steel appliances, brand new solid oak floors as well as tiled flooring, remodeled bathrooms, newly installed central air/heat, ample recessed lighting, custom built-in murphy bed, modern loft-inspired steel cable guardrails, custom built in bookcases and reading nook, Elfa closet system, patio off the second bedroom, and washer/dryer hookups in the attached one car garage! This quiet and peaceful retreat does not disappoint and is waiting for you! </text_base_description>
	<listed_by>
		<name>LORI KWAN</name>
		<agentLicenseDisplay>•DRE #01736283</agentLicenseDisplay>
		<org>•DRE #01736283</org>
	</listed_by>
	<price_insights>
		<List_Price>$988,000</List_Price>
		<Est._Mo._Payment>$4,579</Est._Mo._Payment>
		<Redfin_Estimate>$1,002,701</Redfin_Estimate>
		<key name="Price/Sq.Ft.">$924</key>
	</price_insights>
	<home_facts>
		<Status>Active</Status>
		<Time_on_Redfin>40 days</Time_on_Redfin>
		<Property_Type>Single Family Residence</Property_Type>
		<Year_Built>1963</Year_Built>
		<Style>Modern</Style>
		<Community>C03 - Sunset Strip - Hollywood Hills West</Community>
		<Lot_Size>2,499 Sq. Ft.</Lot_Size>
		<key name="MLS#">CV20162988</key>
	</home_facts>
	<property_details>
		<item>
			<item>Virtual Tour, Parking / Garage, Exterior Features, Utilities</item>
			<item>
				<item>
					<item>Virtual Tour</item>
					<item>
						<item>Virtual Tour URL Branded: Virtual Tour (External Link)</item>
						<item>Virtual TourURL Unbranded: Virtual Tour (External Link)</item>
					</item>
				</item>
				<item>
					<item>Parking / Garage Information</item>
					<item>
						<item>Attached Garage</item>
						<item># of Garage Spaces: 1</item>
						<item>Direct Garage Access, Driveway, Garage</item>
						<item>Has Parking</item>
						<item># of Parking Spaces: 1</item>
					</item>
				</item>
				<item>
					<item>Exterior Features</item>
					<item>
						<item>Patio And Porch Features: Deck, Roof Top</item>
						<item>Has Patio</item>
						<item>Pool Features: None</item>
					</item>
				</item>
				<item>
					<item>Utilities Information</item>
					<item>
						<item>Sewer: Sewer or Septic - Unknown</item>
						<item>Water Source: District/Public</item>
					</item>
				</item>
			</item>
		</item>
		<item>
			<item>Interior Features</item>
			<item>
				<item>
					<item>Laundry Information</item>
					<item>
						<item>Has Laundry</item>
						<item>In Garage</item>
					</item>
				</item>
				<item>
					<item>Kitchen Information</item>
					<item>
						<item>Appliances: Dishwasher, Gas Oven, Gas Stove, Refrigerator</item>
						<item>Has Appliances</item>
						<item>Area</item>
						<item>Remodeled Kitchen</item>
					</item>
				</item>
				<item>
					<item>Bathroom Information</item>
					<item>
						<item># of Baths (Full): 1</item>
						<item># of Baths (1/2): 1</item>
						<item>Bathtub</item>
					</item>
				</item>
				<item>
					<item>Cooling Information</item>
					<item>
						<item>Central</item>
						<item>Has Cooling</item>
					</item>
				</item>
				<item>
					<item>Room Information</item>
					<item>
						<item>All Bedrooms Up, Kitchen, Living Room</item>
					</item>
				</item>
				<item>
					<item>Flooring Information</item>
					<item>
						<item>Tile, Wood</item>
					</item>
				</item>
				<item>
					<item>Heating Information</item>
					<item>
						<item>Central Furnace</item>
						<item>Has Heating</item>
					</item>
				</item>
				<item>
					<item>Interior Features</item>
					<item>
						<item>Open Floor Plan, Recessed Lighting</item>
						<item>Levels: Two</item>
						<item>Main Level Bathrooms: 1</item>
						<item>Main Level Bedrooms: 0</item>
						<item>Window Features: Casement Windows, Double Pane Windows</item>
					</item>
				</item>
			</item>
		</item>
		<item>
			<item>School / Neighborhood</item>
			<item>
				<item>
					<item>Neighborhood Information</item>
					<item>
						<item>Curbs, Mountainous</item>
					</item>
				</item>
				<item>
					<item>School Information</item>
					<item>
						<item>Elementary School: Wonderland</item>
						<item>High School District: Los Angeles Unified</item>
						<item>Elementary School 2: WONDER</item>
					</item>
				</item>
			</item>
		</item>
		<item>
			<item>Taxes / Assessments, Location Details</item>
			<item>
				<item>
					<item>Assesments Information</item>
					<item>
						<item>Assessments: Unknown</item>
					</item>
				</item>
				<item>
					<item>Location Information</item>
					<item>
						<item>Directions: Laurel Canyon and Lookout Mountain</item>
						<item>Zoning: LAR1</item>
					</item>
				</item>
			</item>
		</item>
		<item>
			<item>Property / Lot Details</item>
			<item>
				<item>
					<item>Lot Information</item>
					<item>
						<item>Elevation Units: Feet</item>
						<item>Lot Size Source: Assessor's Data</item>
						<item>Lot Features: Lot Shape-Rectangular, Yard</item>
					</item>
				</item>
				<item>
					<item>Property Information</item>
					<item>
						<item>Total # of Units: 1</item>
						<item>Common Walls: No Common Walls</item>
						<item>Parcel Number: 5563004030</item>
						<item>Property Condition: Updated/Remodeled</item>
						<item>Total # of Stories: 2</item>
						<item>Has View</item>
						<item>Year Built Source: Assessor</item>
					</item>
				</item>
			</item>
		</item>
	</property_details>
	<public_facts>
		<Beds>2</Beds>
		<Baths>2</Baths>
		<Finished_Sq._Ft.>1,069</Finished_Sq._Ft.>
		<Unfinished_Sq._Ft.>—</Unfinished_Sq._Ft.>
		<Total_Sq._Ft.>1,069</Total_Sq._Ft.>
		<Stories>2</Stories>
		<Lot_Size>2,499 Sq. Ft.</Lot_Size>
		<Style>Single Family Residential</Style>
		<Year_Built>1963</Year_Built>
		<Year_Renovated>1963</Year_Renovated>
		<County>Los Angeles County</County>
		<APN>5563004030</APN>
	</public_facts>
</home>
