<?xml version="1.0" ?>
<home>
	<HomeInfo_Address>
		<street-address>2360 Hermits Gln </street-address>
		<locality>Los Angeles, </locality>
		<region>CA</region>
		<postal-code>90046</postal-code>
	</HomeInfo_Address>
	<main_stats>
		<Price>$1,495,000</Price>
		<Beds>2</Beds>
		<Baths>2</Baths>
		<key name="$1072 / Sq. Ft.">1,394</key>
	</main_stats>
	<text_base_description>Hermits Glen, an intimate pocket of Laurel Canyon, is the utopian setting for this 1953, mid-century residence. The cul-de-sac neighborhood retains a collection of architecture by USC graduate and one time Chouinard Art Institute director Gene Loose, Jr. , in addition to the designer Roger Kennedy, and others. Sited on over a 26,000 square foot lot, the house is surrounded by lush, park-like grounds, with an ample side yard that continues down stone steps to the street below. French doors open out from both bedrooms providing access to the front patio and side yard. The residence includes: 2 bedrooms, 2 baths, original living room stone fireplace, beamed ceilings, skylights in the living room and kitchen, built-in desk, and hardwood and stone flooring. The current owner recently remodeled the larger en suite bath and kitchen which now includes new cabinetry, cobalt blue stone countertops, and laundry area. A detached carport and workshop area round out the residence.  </text_base_description>
	<listed_by>
		<name>Ilana Gafni</name>
		<agentLicenseDisplay>•DRE #01911684</agentLicenseDisplay>
		<org>•DRE #01911684</org>
	</listed_by>
	<price_insights>
		<List_Price>$1,495,000</List_Price>
		<Est._Mo._Payment>$6,928</Est._Mo._Payment>
		<Redfin_Estimate>$1,543,374</Redfin_Estimate>
		<key name="Price/Sq.Ft.">$1,072</key>
	</price_insights>
	<home_facts>
		<Status>Active</Status>
		<Time_on_Redfin>13 days</Time_on_Redfin>
		<Property_Type>Single Family, Residential Single-Family</Property_Type>
		<Year_Built>1953</Year_Built>
		<Style>Mid-Century</Style>
		<Community>Sunset Strip - Hollywood Hills West</Community>
		<Lot_Size>0.61 Acres</Lot_Size>
		<key name="MLS#">20-626392</key>
	</home_facts>
	<property_details>
		<item>
			<item>Interior Features</item>
			<item>
				<item>
					<item>Bedroom Information</item>
					<item>
						<item>Master Suite</item>
					</item>
				</item>
				<item>
					<item>Bathroom Information</item>
					<item>
						<item># of Baths (Full): 2</item>
						<item>Shower Over Tub, Shower Stall</item>
					</item>
				</item>
				<item>
					<item>Kitchen Information</item>
					<item>
						<item>Cooktop - Gas, Range Hood</item>
						<item>Skylight(s), Stone Counters, Island</item>
					</item>
				</item>
				<item>
					<item>Laundry Information</item>
					<item>
						<item>Laundry in Kitchen</item>
					</item>
				</item>
				<item>
					<item>Additional Rooms</item>
					<item>
						<item>Breakfast Area, Dining Area</item>
						<item>Breakfast Area, Dining Area, Master Bedroom, Workshop, Patio Open, Living Room</item>
					</item>
				</item>
				<item>
					<item>Interior Features</item>
					<item>
						<item>Built-Ins, Track Lighting</item>
						<item>Ground Level - no steps</item>
						<item>Windows: Skylights</item>
					</item>
				</item>
				<item>
					<item>Fireplace Information</item>
					<item>
						<item>In Living Room</item>
						<item># of Fireplaces: 1</item>
					</item>
				</item>
				<item>
					<item>Flooring Information</item>
					<item>
						<item>Wood Floors, Stone Tile Floors</item>
					</item>
				</item>
				<item>
					<item>Equipment</item>
					<item>
						<item>Dishwasher, Refrigerator, Range/Oven, Hood Fan</item>
					</item>
				</item>
				<item>
					<item>Heating &amp; Cooling</item>
					<item>
						<item>Central Cooling</item>
						<item>Central Heat</item>
						<item>Water Heater Features: Gas</item>
					</item>
				</item>
			</item>
		</item>
		<item>
			<item>Parking / Garage</item>
			<item>
				<item>
					<item>Garage</item>
					<item>
						<item>Carport Detached</item>
					</item>
				</item>
				<item>
					<item>Parking</item>
					<item>
						<item># of Parking Spaces (Total): 2</item>
						<item># of Covered Parking Spaces: 1</item>
						<item># of Carport Spaces: 1</item>
						<item># of Open Other Spaces: 1</item>
					</item>
				</item>
			</item>
		</item>
		<item>
			<item>Exterior Features</item>
			<item>
				<item>
					<item>Building Information</item>
					<item>
						<item>Total Floors: 1</item>
						<item>Ground Level</item>
						<item>Detached</item>
						<item>Detached/No Common Walls</item>
						<item>Faces North</item>
						<item>Security Features: Exterior Security Lights</item>
						<item>Exterior Construction: Stucco</item>
					</item>
				</item>
				<item>
					<item>Exterior Features</item>
					<item>
						<item>Patio Features: Patio Open, Rock/Stone</item>
						<item>Other Structural Features: French Doors</item>
					</item>
				</item>
				<item>
					<item>Pool Information</item>
					<item>
						<item>Room For Pool</item>
					</item>
				</item>
			</item>
		</item>
		<item>
			<item>Homeowners Association, School / Neighborhood, Utilities, Taxes / Assessments</item>
			<item>
				<item>
					<item>HOA Information</item>
					<item>
						<item>Amenities: None</item>
					</item>
				</item>
				<item>
					<item>Community Information</item>
					<item>
						<item>Athletic Court: None</item>
					</item>
				</item>
				<item>
					<item>Utility Information</item>
					<item>
						<item>Sewer: In Street</item>
						<item>Water: District/Public</item>
					</item>
				</item>
				<item>
					<item>Assessment Information</item>
					<item>
						<item>Assessor Parcel Number: 5563-006-007</item>
					</item>
				</item>
			</item>
		</item>
		<item>
			<item>Financing, Location Details, Documents &amp; Disclosures, Listing Information</item>
			<item>
				<item>
					<item>Financial Information</item>
					<item>
						<item>Listing Terms: Standard Sale</item>
					</item>
				</item>
				<item>
					<item>Location Information</item>
					<item>
						<item>Directions: Wonderland Park to Hermits Glen.</item>
						<item>Cross Streets: Wonderland Park</item>
					</item>
				</item>
				<item>
					<item>Documents &amp; Disclosures</item>
					<item>
						<item>Disclosures: None</item>
					</item>
				</item>
				<item>
					<item>Listing Information</item>
					<item>
						<item>Possession: Close Of Escrow</item>
						<item>Listing Terms: Standard Sale</item>
					</item>
				</item>
			</item>
		</item>
		<item>
			<item>Property / Lot Details</item>
			<item>
				<item>
					<item>Property Information</item>
					<item>
						<item>Property Type: Residential Single-Family</item>
					</item>
				</item>
				<item>
					<item>Lot Information</item>
					<item>
						<item>Lot Size (Sq. Ft.): 26,540</item>
						<item>Lot Size (Acres): 0.6093</item>
						<item>Lot Size Dimensions: 40 x 213</item>
						<item>Zoning: LARE11</item>
						<item>Lot Location: Cul-De-Sac</item>
						<item>Lot Description: Lawn, Wooded, Yard, Exterior Security Lights</item>
					</item>
				</item>
				<item>
					<item>Property Features</item>
					<item>
						<item>None</item>
						<item>Has View</item>
						<item>View: Trees/Woods, Tree Top, Canyon, Hills, Mountains, Peek-A-Boo</item>
					</item>
				</item>
			</item>
		</item>
	</property_details>
	<public_facts>
		<Beds>2</Beds>
		<Baths>2</Baths>
		<Finished_Sq._Ft.>1,394</Finished_Sq._Ft.>
		<Unfinished_Sq._Ft.>—</Unfinished_Sq._Ft.>
		<Total_Sq._Ft.>1,394</Total_Sq._Ft.>
		<Stories>1</Stories>
		<Lot_Size>0.61 Acres</Lot_Size>
		<Style>Single Family Residential</Style>
		<Year_Built>1953</Year_Built>
		<Year_Renovated>1955</Year_Renovated>
		<County>Los Angeles County</County>
		<APN>5563006007</APN>
	</public_facts>
</home>
