<?xml version="1.0" ?>
<home>
	<HomeInfo_Address>
		<street-address>8876 Wonderland Ave </street-address>
		<locality>Los Angeles, </locality>
		<region>CA</region>
		<postal-code>90046</postal-code>
	</HomeInfo_Address>
	<main_stats>
		<Price>$1,295,000</Price>
		<Beds>3</Beds>
		<Baths>3</Baths>
		<key name="$1027 / Sq. Ft.">1,261</key>
	</main_stats>
	<text_base_description>Highly desirable Hollywood Hills area, Wonderland School  District , newly remolded inside out. Move in condition must see wont last long. Second floor has its separate unit with separate entry, could be used as a mother in-laws set up or a office.  </text_base_description>
	<listed_by>
		<name>Lysa Gresalfi</name>
		<agentLicenseDisplay>•DRE #01705185</agentLicenseDisplay>
		<org>•DRE #01705185</org>
	</listed_by>
	<price_insights>
		<List_Price>$1,295,000</List_Price>
		<Est._Mo._Payment>$6,002</Est._Mo._Payment>
		<Redfin_Estimate>$1,262,126</Redfin_Estimate>
		<key name="Price/Sq.Ft.">$1,027</key>
	</price_insights>
	<home_facts>
		<Status>Active</Status>
		<Time_on_Redfin>24 days</Time_on_Redfin>
		<Property_Type>Single Family Residence</Property_Type>
		<Year_Built>1956</Year_Built>
		<Style>Cottage</Style>
		<Community>C03 - Sunset Strip - Hollywood Hills West</Community>
		<Lot_Size>5,000 Sq. Ft.</Lot_Size>
		<key name="MLS#">OC20179239</key>
	</home_facts>
	<property_details>
		<item>
			<item>Interior Features</item>
			<item>
				<item>
					<item>Laundry Information</item>
					<item>
						<item>Has Laundry</item>
						<item>Gas &amp; Electric Dryer Hookup</item>
					</item>
				</item>
				<item>
					<item>Kitchen Information</item>
					<item>
						<item>Appliances: Dishwasher, Free Standing Range, Garbage Disposal, Gas Stove, Portable Dishwasher</item>
						<item>Has Appliances</item>
						<item>In Kitchen</item>
					</item>
				</item>
				<item>
					<item>Bathroom Information</item>
					<item>
						<item># of Baths (Full): 3</item>
					</item>
				</item>
				<item>
					<item>Cooling Information</item>
					<item>
						<item>Central</item>
						<item>Has Cooling</item>
					</item>
				</item>
				<item>
					<item>Room Information</item>
					<item>
						<item>See Remarks</item>
					</item>
				</item>
				<item>
					<item>Fireplace Information</item>
					<item>
						<item>Bath, Kitchen, Living Room</item>
						<item>Has Fireplace</item>
					</item>
				</item>
				<item>
					<item>Flooring Information</item>
					<item>
						<item>Tile, Wood</item>
					</item>
				</item>
				<item>
					<item>Heating Information</item>
					<item>
						<item>Central Furnace</item>
						<item>Has Heating</item>
					</item>
				</item>
				<item>
					<item>Interior Features</item>
					<item>
						<item>Mirrored Closet Doors</item>
						<item>Beamed Ceilings, Ceiling Fan, Stone Counters</item>
						<item>Levels: Two</item>
						<item>Main Level Bathrooms: 2</item>
						<item>Main Level Bedrooms: 2</item>
					</item>
				</item>
			</item>
		</item>
		<item>
			<item>Parking / Garage, Multi-Unit Information, Utilities, Location Details</item>
			<item>
				<item>
					<item>Parking / Garage Information</item>
					<item>
						<item>Uncovered Spaces: 3</item>
						<item># of Carport Spaces: 1</item>
						<item>Carport Attached, Driveway - Combination</item>
						<item>Has Parking</item>
						<item># of Parking Spaces: 4</item>
					</item>
				</item>
				<item>
					<item>Multi-Unit Information</item>
					<item>
						<item># of Units In Community: 2</item>
					</item>
				</item>
				<item>
					<item>Utilities Information</item>
					<item>
						<item>Sewer: Public Sewer</item>
						<item>Water Source: District/Public</item>
					</item>
				</item>
				<item>
					<item>Location Information</item>
					<item>
						<item>Directions: Lookout Mountain to Wonderland Ave</item>
						<item>Zoning: LAR1</item>
					</item>
				</item>
			</item>
		</item>
		<item>
			<item>Exterior Features</item>
			<item>
				<item>
					<item>Foundation Information</item>
					<item>
						<item>Foundation Details: Concrete Block</item>
					</item>
				</item>
				<item>
					<item>Exterior Features</item>
					<item>
						<item>Pool Features: None</item>
					</item>
				</item>
			</item>
		</item>
		<item>
			<item>School / Neighborhood</item>
			<item>
				<item>
					<item>Neighborhood Information</item>
					<item>
						<item>Suburban</item>
					</item>
				</item>
				<item>
					<item>School Information</item>
					<item>
						<item>High School District: Los Angeles Unified</item>
					</item>
				</item>
			</item>
		</item>
		<item>
			<item>Property / Lot Details</item>
			<item>
				<item>
					<item>Lot Information</item>
					<item>
						<item>Elevation Units: Feet</item>
						<item>Lot Size Source: Assessor's Data</item>
						<item>Lot Features: Up Slope from Street</item>
					</item>
				</item>
				<item>
					<item>Property Information</item>
					<item>
						<item>Total # of Units: 1</item>
						<item>Common Walls: 2+ common walls</item>
						<item>Parcel Number: 5563003036</item>
						<item>Attached Property</item>
						<item>Property Condition: Turnkey</item>
						<item>Has View</item>
						<item>Year Built Source: Public Records</item>
					</item>
				</item>
			</item>
		</item>
	</property_details>
	<public_facts>
		<Beds>3</Beds>
		<Baths>3</Baths>
		<Finished_Sq._Ft.>1,261</Finished_Sq._Ft.>
		<Unfinished_Sq._Ft.>—</Unfinished_Sq._Ft.>
		<Total_Sq._Ft.>1,261</Total_Sq._Ft.>
		<Stories>2</Stories>
		<Lot_Size>5,010 Sq. Ft.</Lot_Size>
		<Style>Single Family Residential</Style>
		<Year_Built>1956</Year_Built>
		<Year_Renovated>1958</Year_Renovated>
		<County>Los Angeles County</County>
		<APN>5563003036</APN>
	</public_facts>
</home>
