<?xml version="1.0" ?>
<home>
	<HomeInfo_Address>
		<street-address>8100 Willow Glen Rd </street-address>
		<locality>Los Angeles, </locality>
		<region>CA</region>
		<postal-code>90046</postal-code>
	</HomeInfo_Address>
	<main_stats>
		<Price>$1,550,000</Price>
		<Beds>2</Beds>
		<Bath>1</Bath>
		<key name="$1468 / Sq. Ft.">1,056</key>
	</main_stats>
	<text_base_description>Laurel Canyon Tear Down with plans and permits already paid. New Modern Home will feature 4 Bedrooms + 5 Bathrooms with Pool. The home will be 3294 square feet with a circular driveway. Very exciting home and design. Bring your builders and Investors.  </text_base_description>
	<listed_by>
		<name>Cliff Uzan</name>
		<agentLicenseDisplay>•DRE #01003985</agentLicenseDisplay>
		<org>•DRE #01003985</org>
	</listed_by>
	<price_insights>
		<List_Price>$1,550,000</List_Price>
		<Est._Mo._Payment>$7,183</Est._Mo._Payment>
		<Redfin_Estimate>$1,499,617</Redfin_Estimate>
		<key name="Price/Sq.Ft.">$1,468</key>
	</price_insights>
	<home_facts>
		<Status>Active</Status>
		<Time_on_Redfin>41 days</Time_on_Redfin>
		<Property_Type>Single Family, Residential Single-Family</Property_Type>
		<Year_Built>1964</Year_Built>
		<Style>Tear-Down</Style>
		<Community>Sunset Strip - Hollywood Hills West</Community>
		<Lot_Size>0.25 Acres</Lot_Size>
		<key name="MLS#">20-618178</key>
	</home_facts>
	<property_details>
		<item>
			<item>Interior Features</item>
			<item>
				<item>
					<item>Bathroom Information</item>
					<item>
						<item># of Baths (Full): 1</item>
					</item>
				</item>
				<item>
					<item>Laundry Information</item>
					<item>
						<item>No Laundry</item>
					</item>
				</item>
				<item>
					<item>Additional Rooms</item>
					<item>
						<item>Living Room, Dining Area</item>
					</item>
				</item>
				<item>
					<item>Flooring Information</item>
					<item>
						<item>Hardwood Floors</item>
					</item>
				</item>
				<item>
					<item>Heating &amp; Cooling</item>
					<item>
						<item>No Cooling</item>
						<item>No Heat</item>
					</item>
				</item>
			</item>
		</item>
		<item>
			<item>Parking / Garage</item>
			<item>
				<item>
					<item>Garage</item>
					<item>
						<item>Circular Driveway</item>
					</item>
				</item>
				<item>
					<item>Parking</item>
					<item>
						<item># of Parking Spaces (Total): 2</item>
					</item>
				</item>
			</item>
		</item>
		<item>
			<item>Exterior Features, Taxes / Assessments, Location Details, Documents &amp; Disclosures</item>
			<item>
				<item>
					<item>Building Information</item>
					<item>
						<item>Total Floors: 2</item>
						<item>Detached</item>
						<item>Detached/No Common Walls</item>
					</item>
				</item>
				<item>
					<item>Assessment Information</item>
					<item>
						<item>Assessor Parcel Number: 5565-020-007</item>
					</item>
				</item>
				<item>
					<item>Location Information</item>
					<item>
						<item>Directions: Just East of Laurel Canyon</item>
					</item>
				</item>
				<item>
					<item>Documents &amp; Disclosures</item>
					<item>
						<item>Disclosures: Building Permit, Building Plans Available</item>
					</item>
				</item>
			</item>
		</item>
		<item>
			<item>Property / Lot Details</item>
			<item>
				<item>
					<item>Property Information</item>
					<item>
						<item>Property Type: Residential Single-Family</item>
					</item>
				</item>
				<item>
					<item>Lot Information</item>
					<item>
						<item>Lot Size (Sq. Ft.): 10,937</item>
						<item>Lot Size (Acres): 0.2511</item>
						<item>Lot Size Dimensions: 165 x 80</item>
						<item>Zoning: LARE11</item>
					</item>
				</item>
				<item>
					<item>Property Features</item>
					<item>
						<item>Has View</item>
						<item>View: Canyon</item>
					</item>
				</item>
			</item>
		</item>
		<item>
			<item>Listing Information</item>
			<item>
				<item>
					<item>Listing Information</item>
					<item>
						<item>Possession: Close Of Escrow</item>
					</item>
				</item>
			</item>
		</item>
	</property_details>
	<public_facts>
		<Beds>2</Beds>
		<Baths>1</Baths>
		<Finished_Sq._Ft.>1,056</Finished_Sq._Ft.>
		<Unfinished_Sq._Ft.>—</Unfinished_Sq._Ft.>
		<Total_Sq._Ft.>1,056</Total_Sq._Ft.>
		<Stories>2</Stories>
		<Lot_Size>0.25 Acres</Lot_Size>
		<Style>Single Family Residential</Style>
		<Year_Built>1964</Year_Built>
		<Year_Renovated>1964</Year_Renovated>
		<County>Los Angeles County</County>
		<APN>5565020007</APN>
	</public_facts>
</home>
