<?xml version="1.0" ?>
<home>
	<HomeInfo_Address>
		<street-address>8815 Wonderland Ave </street-address>
		<locality>Los Angeles, </locality>
		<region>CA</region>
		<postal-code>90046</postal-code>
	</HomeInfo_Address>
	<main_stats>
		<Price>$1,349,000</Price>
		<Beds>3</Beds>
		<Baths>3</Baths>
		<key name="$822 / Sq. Ft.">1,642</key>
	</main_stats>
	<text_base_description>One of the best values in Laurel Canyon. Nestled high in the hills on Wonderland Ave (on a double lot) is this move-in ready 2BR/2BA house with separate detached ADU. Ideal for anyone looking for canyon living, with a great WFH environment. Main house features large picture windows, stainless steel appliances, granite countertops, hardwood floors, dining room fireplace, recessed lighting, skylights, high ceilings and plenty of sunlight. Upgraded French doors open to large balcony off secondary bedroom (which could also make for a nice media room). French doors in back lead to a large outdoor entertaining area, with green space leading up to the ADU. Separate ADU has full living area, bath and kitchenette - a perfect setup for a writer, editor, artist, or anyone who works from home. Private backyard is surrounded by all that is Laurel Canyon, including mature trees, nature, and hillside views. Two-car garage with ample parking in driveway. Wonderland School District.  </text_base_description>
	<listed_by>
		<name>Craig Nadeau</name>
		<agentLicenseDisplay>•DRE #01916063</agentLicenseDisplay>
		<org>•DRE #01916063</org>
	</listed_by>
	<price_insights>
		<List_Price>$1,349,000</List_Price>
		<Est._Mo._Payment>$6,252</Est._Mo._Payment>
		<key name="Price/Sq.Ft.">$822</key>
	</price_insights>
	<home_facts>
		<Status>Active</Status>
		<Time_on_Redfin>42 days</Time_on_Redfin>
		<Property_Type>Single Family, Residential Single-Family</Property_Type>
		<Baths>1 full, 2 partial</Baths>
		<Year_Built>1960</Year_Built>
		<Style>Contemporary</Style>
		<Community>Sunset Strip - Hollywood Hills West</Community>
		<Lot_Size>5,000 Sq. Ft.</Lot_Size>
		<key name="MLS#">20-616352</key>
	</home_facts>
	<property_details>
		<item>
			<item>Virtual Tour, Multi-Unit Information, School / Neighborhood, Utilities</item>
			<item>
				<item>
					<item>Virtual Tour</item>
					<item>
						<item>Virtual Tour (External Link)</item>
					</item>
				</item>
				<item>
					<item>Multi-Unit Information</item>
					<item>
						<item># of Remote Controls: 2</item>
					</item>
				</item>
				<item>
					<item>Community Information</item>
					<item>
						<item>Athletic Court: None</item>
					</item>
				</item>
				<item>
					<item>Utility Information</item>
					<item>
						<item>Sewer: In Street</item>
						<item>Water: District/Public, Meter on Property, Public</item>
					</item>
				</item>
			</item>
		</item>
		<item>
			<item>Interior Features</item>
			<item>
				<item>
					<item>Bedroom Information</item>
					<item>
						<item>Main Floor Master Bedroom, Main Floor Bedroom</item>
					</item>
				</item>
				<item>
					<item>Bathroom Information</item>
					<item>
						<item># of Baths (Full): 1</item>
						<item># of Baths (3/4): 2</item>
						<item>Low Flow Toilet(s), Low Flow Shower(s), Remodeled, Shower Stall, Tub Only, Tile</item>
					</item>
				</item>
				<item>
					<item>Kitchen Information</item>
					<item>
						<item>Continuous Clean Oven, Cooktop - Gas, Double Oven, Range Hood</item>
						<item>Granite Counters, Gourmet Kitchen, Remodeled</item>
					</item>
				</item>
				<item>
					<item>Laundry Information</item>
					<item>
						<item>Laundry in Garage</item>
					</item>
				</item>
				<item>
					<item>Additional Rooms</item>
					<item>
						<item>Breakfast Room, Dining Area</item>
						<item>Den</item>
						<item>Breakfast Room, Den/Office, Studio, Patio Open, Guest House, Dining Area, Office, Master Bedroom, Living Room</item>
					</item>
				</item>
				<item>
					<item>Interior Features</item>
					<item>
						<item>Block Walls, Drywall Walls, Open Floor Plan, Living Room Balcony, High Ceilings (9 Feet+), Recessed Lighting, Turnkey</item>
						<item>Windows: Skylights, Window Blinds</item>
					</item>
				</item>
				<item>
					<item>Fireplace Information</item>
					<item>
						<item>In Dining Area</item>
						<item># of Fireplaces: 1</item>
					</item>
				</item>
				<item>
					<item>Flooring Information</item>
					<item>
						<item>Hardwood Floors, Tile Floors</item>
					</item>
				</item>
				<item>
					<item>Equipment</item>
					<item>
						<item>Dryer, Dishwasher, Microwave, Washer, Refrigerator, Range/Oven</item>
						<item>220V Throughout</item>
						<item>Cable TV</item>
					</item>
				</item>
				<item>
					<item>Heating &amp; Cooling</item>
					<item>
						<item>A/C, Wall Unit Cooling</item>
						<item>Central Heat, Wall Heat</item>
					</item>
				</item>
			</item>
		</item>
		<item>
			<item>Parking / Garage</item>
			<item>
				<item>
					<item>Garage</item>
					<item>
						<item>Attached, Driveway, Side By Side, Private Garage, Private, 2 Car Garage</item>
						<item># of Garage Spaces: 2</item>
					</item>
				</item>
				<item>
					<item>Parking</item>
					<item>
						<item># of Parking Spaces (Total): 2</item>
						<item># of Covered Parking Spaces: 2</item>
						<item># of Open Other Spaces: 4</item>
					</item>
				</item>
			</item>
		</item>
		<item>
			<item>Exterior Features</item>
			<item>
				<item>
					<item>Building Information</item>
					<item>
						<item>Total Floors: 1</item>
						<item>Multi Levels</item>
						<item>Detached</item>
						<item>Detached/No Common Walls</item>
						<item>Accessibility: Doors w/Lever Handles</item>
						<item>Faces East</item>
						<item>Guest House: Detached</item>
					</item>
				</item>
				<item>
					<item>Exterior Features</item>
					<item>
						<item>Roof: Composition</item>
						<item>Patio Features: Deck(s), Patio Open</item>
						<item>Other Structural Features: Balcony, French Doors, High Ceilings (9 Feet+)</item>
					</item>
				</item>
			</item>
		</item>
		<item>
			<item>Taxes / Assessments, Location Details, Documents &amp; Disclosures, Listing Information</item>
			<item>
				<item>
					<item>Assessment Information</item>
					<item>
						<item>Assessor Parcel Number: 5564-026-022</item>
					</item>
				</item>
				<item>
					<item>Location Information</item>
					<item>
						<item>Directions: Laurel Canyon to Lookout Mountain, Right on Wonderland Ave.</item>
					</item>
				</item>
				<item>
					<item>Documents &amp; Disclosures</item>
					<item>
						<item>Disclosures: As Is</item>
					</item>
				</item>
				<item>
					<item>Listing Information</item>
					<item>
						<item>Possession: Other</item>
					</item>
				</item>
			</item>
		</item>
		<item>
			<item>Property / Lot Details</item>
			<item>
				<item>
					<item>Property Information</item>
					<item>
						<item>Property Type: Residential Single-Family</item>
						<item>Property Condition: Updated/Remodeled</item>
					</item>
				</item>
				<item>
					<item>Land Information</item>
					<item>
						<item>Other Structures: GuestHouse</item>
					</item>
				</item>
				<item>
					<item>Lot Information</item>
					<item>
						<item>Lot Size (Sq. Ft.): 5,000</item>
						<item>Lot Size (Acres): 0.0689</item>
						<item>Lot Size Dimensions: 30 x 100</item>
						<item>Zoning: LARE15</item>
						<item>Lot Location: Canyon, Hillside</item>
						<item>Lot Description: 2-4 Lots, Back Yard, Front Yard, Fenced Yard, Lawn</item>
					</item>
				</item>
				<item>
					<item>Property Features</item>
					<item>
						<item>Privacy Fence</item>
						<item>Has View</item>
						<item>View: Canyon, Hills</item>
					</item>
				</item>
			</item>
		</item>
	</property_details>
	<public_facts>
		<Beds>2</Beds>
		<Baths>2</Baths>
		<Finished_Sq._Ft.>1,263</Finished_Sq._Ft.>
		<Unfinished_Sq._Ft.>—</Unfinished_Sq._Ft.>
		<Total_Sq._Ft.>1,263</Total_Sq._Ft.>
		<Stories>1</Stories>
		<Lot_Size>3,000 Sq. Ft.</Lot_Size>
		<Style>Single Family Residential</Style>
		<Year_Built>1960</Year_Built>
		<Year_Renovated>1960</Year_Renovated>
		<County>Los Angeles County</County>
		<APN>5564026022</APN>
	</public_facts>
</home>
