<?xml version="1.0" ?>
<home>
	<HomeInfo_Address>
		<street-address>2473 Crest View Dr </street-address>
		<locality>Los Angeles, </locality>
		<region>CA</region>
		<postal-code>90046</postal-code>
	</HomeInfo_Address>
	<main_stats>
		<Price>$2,200,000</Price>
		<Beds>3</Beds>
		<Baths>2.5</Baths>
		<key name="$726 / Sq. Ft.">3,031</key>
	</main_stats>
	<text_base_description>Come home to this luxurious Hollywood retreat situated in the prestigious hills and enveloped by lush landscaping  &amp;  stunning vistas. Be greeted by an open  &amp;  bright floorplan w/ crown molding details, porcelain tiled floors  &amp;  glass French doors to the yard. Gourmet kitchen with Thermador stainless steel appliances, SubZero fridge, 10' island  &amp;  sleek Italian Trend Stone counters made of granite, glass, quartz, &amp;  mosaic tile. Master suite w/ French doors to yard  &amp;  elegant bath w/ tub, glass shower, dual sink vanity  &amp;  walk-in-closet. California living at its finest, the yard allows for extensive entertaining w/ patio  &amp;  deck space, fireplace  &amp;  pool surrounded by Hollywood hillsides. Features guest bedrooms, formal dining, office, media room, 2-car garage w/ direct access to the home, generous motor court  &amp;  more. In a premier location, this home is set in the coveted Wonderland School District, blocks from Mulholland Tennis club  &amp;  only minutes to Beverly Hills, Sunset Strip, and Studio City.  </text_base_description>
	<listed_by>
		<name>Sally Forster Jones</name>
		<agentLicenseDisplay>•DRE #00558939</agentLicenseDisplay>
		<org>•DRE #00558939</org>
	</listed_by>
	<price_insights>
		<List_Price>$2,200,000</List_Price>
		<Est._Mo._Payment>$10,196</Est._Mo._Payment>
		<Redfin_Estimate>$2,096,071</Redfin_Estimate>
		<key name="Price/Sq.Ft.">$726</key>
	</price_insights>
	<home_facts>
		<Status>Active</Status>
		<Time_on_Redfin>294 days</Time_on_Redfin>
		<Property_Type>Single Family, Residential Single-Family</Property_Type>
		<Year_Built>1964</Year_Built>
		<Style>Traditional</Style>
		<Community>Sunset Strip - Hollywood Hills West</Community>
		<Lot_Size>0.31 Acres</Lot_Size>
		<key name="MLS#">19-534342</key>
	</home_facts>
	<property_details>
		<item>
			<item>Interior Features</item>
			<item>
				<item>
					<item>Bathroom Information</item>
					<item>
						<item># of Baths (Full): 2</item>
						<item># of Baths (1/2): 1</item>
					</item>
				</item>
				<item>
					<item>Laundry Information</item>
					<item>
						<item>Laundry in Kitchen, Stacked Laundry in Closet</item>
					</item>
				</item>
				<item>
					<item>Additional Rooms</item>
					<item>
						<item>Dining Room</item>
						<item>Family Room</item>
						<item>Dining Room, Family Room, Living Room, Master Bedroom, Patio Open</item>
					</item>
				</item>
				<item>
					<item>Fireplace Information</item>
					<item>
						<item>In Family Room, In Master Bedroom</item>
					</item>
				</item>
				<item>
					<item>Flooring Information</item>
					<item>
						<item>Carpeted Floors, Ceramic Tile Floors</item>
					</item>
				</item>
				<item>
					<item>Equipment</item>
					<item>
						<item>Alarm System, Barbeque, Bar Ice Maker, Built-Ins, Cable, Dishwasher, Dryer, Freezer, Garbage Disposal, Hood Fan, Ice Maker, Microwave, Range/Oven, Refrigerator, Stackable W/D Hookup, Vented Exhaust Fan, Washer, Water Line to Refrigerator</item>
					</item>
				</item>
				<item>
					<item>Heating &amp; Cooling</item>
					<item>
						<item>Central Cooling</item>
						<item>Forced Air Heating</item>
					</item>
				</item>
			</item>
		</item>
		<item>
			<item>Parking / Garage, School / Neighborhood, Taxes / Assessments, Location Details</item>
			<item>
				<item>
					<item>Garage</item>
					<item>
						<item>Driveway, 2 Car Garage</item>
					</item>
				</item>
				<item>
					<item>Community Information</item>
					<item>
						<item># of Units in Complex (Total): 1</item>
					</item>
				</item>
				<item>
					<item>Assessment Information</item>
					<item>
						<item>Assessor Parcel Number: 5564-015-016</item>
					</item>
				</item>
				<item>
					<item>Location Information</item>
					<item>
						<item>Directions: East of Coldwater Canyon, West of Laurel Canyon</item>
					</item>
				</item>
			</item>
		</item>
		<item>
			<item>Exterior Features</item>
			<item>
				<item>
					<item>Building Information</item>
					<item>
						<item>Total Floors: 1</item>
						<item>Detached</item>
						<item>Detached/No Common Walls</item>
					</item>
				</item>
				<item>
					<item>Pool Information</item>
					<item>
						<item>In Ground Pool</item>
						<item>Above Ground Spa</item>
					</item>
				</item>
			</item>
		</item>
		<item>
			<item>Property / Lot Details</item>
			<item>
				<item>
					<item>Property Information</item>
					<item>
						<item>Property Type: Residential Single-Family</item>
					</item>
				</item>
				<item>
					<item>Lot Information</item>
					<item>
						<item>Lot Size (Sq. Ft.): 13,400</item>
						<item>Zoning: LARE15</item>
					</item>
				</item>
				<item>
					<item>Property Features</item>
					<item>
						<item>Has View</item>
						<item>View: Tree Top</item>
					</item>
				</item>
			</item>
		</item>
		<item>
			<item>Documents &amp; Disclosures</item>
			<item>
				<item>
					<item>Documents &amp; Disclosures</item>
					<item>
						<item>Disclosures: As Is</item>
					</item>
				</item>
			</item>
		</item>
	</property_details>
	<public_facts>
		<Beds>2</Beds>
		<Baths>2</Baths>
		<Finished_Sq._Ft.>2,974</Finished_Sq._Ft.>
		<Unfinished_Sq._Ft.>—</Unfinished_Sq._Ft.>
		<Total_Sq._Ft.>2,974</Total_Sq._Ft.>
		<Stories>1</Stories>
		<Lot_Size>0.31 Acres</Lot_Size>
		<Style>Single Family Residential</Style>
		<Year_Built>1964</Year_Built>
		<Year_Renovated>1969</Year_Renovated>
		<County>Los Angeles County</County>
		<APN>5564015016</APN>
	</public_facts>
</home>
