<?xml version="1.0" ?>
<home>
	<HomeInfo_Address>
		<street-address>9025 Wonderland Park Ave </street-address>
		<locality>Los Angeles, </locality>
		<region>CA</region>
		<postal-code>90046</postal-code>
	</HomeInfo_Address>
	<main_stats>
		<Price>$2,699,000</Price>
		<Beds>4</Beds>
		<Baths>4</Baths>
		<key name="$1132 / Sq. Ft.">2,385</key>
	</main_stats>
	<text_base_description>Major Price Reduction - One of the best deals in the Hills  Ready to sell. Nestled in the coveted enclave of the Wonderland school district, this stunningly remodeled 4 bedroom/4 bathroom home is an architectural mid-century modern retreat. Some of the many upgrades include: new copper plumbing, new electrical wiring/panel, tankless water heater, new duel HVAC system with NEST thermostats, new gas line, new Milgard sliding doors and windows, new hardwood flooring and Terazzo tile, new chef's kitchen with custom cabinets and Thermador appliances, recessed lighting installed throughout the home, spa-style bathroom upgrades, and a newly installed saltwater pool/spa, secluded by lush green landscaping. Each room in the house was thoughtfully remolded and reimagined to make this home the epitome of California living at its best.  </text_base_description>
	<listed_by>
		<name>Yawar Charlie</name>
		<agentLicenseDisplay>•DRE #01843002</agentLicenseDisplay>
		<org>•DRE #01843002</org>
	</listed_by>
	<price_insights>
		<List_Price>$2,699,000</List_Price>
		<Est._Mo._Payment>$12,508</Est._Mo._Payment>
		<Redfin_Estimate>$2,614,554</Redfin_Estimate>
		<key name="Price/Sq.Ft.">$1,132</key>
	</price_insights>
	<home_facts>
		<Status>Active</Status>
		<Time_on_Redfin>38 days</Time_on_Redfin>
		<Property_Type>Single Family, Residential Single-Family</Property_Type>
		<Year_Built>1954</Year_Built>
		<Style>Mid-Century</Style>
		<Community>Sunset Strip - Hollywood Hills West</Community>
		<Lot_Size>0.26 Acres</Lot_Size>
		<key name="MLS#">20-619826</key>
	</home_facts>
	<property_details>
		<item>
			<item>Interior Features</item>
			<item>
				<item>
					<item>Bathroom Information</item>
					<item>
						<item># of Baths (Full): 4</item>
					</item>
				</item>
				<item>
					<item>Laundry Information</item>
					<item>
						<item>Laundry in Closet, Laundry Inside, Laundry Room</item>
					</item>
				</item>
				<item>
					<item>Additional Rooms</item>
					<item>
						<item>Family Room</item>
						<item>Dining Area, Family Room, Living Room, Master Bedroom, Patio Open, Walk-In Closet</item>
					</item>
				</item>
				<item>
					<item>Fireplace Information</item>
					<item>
						<item>In Family Room, In Master Bedroom</item>
						<item># of Fireplaces: 2</item>
					</item>
				</item>
				<item>
					<item>Flooring Information</item>
					<item>
						<item>Laminate Floors, Terrazzo Floors</item>
					</item>
				</item>
				<item>
					<item>Equipment</item>
					<item>
						<item>Built-Ins, Ceiling Fan, Dishwasher, Dryer, Garbage Disposal, Hood Fan, Ice Maker, Microwave, Range/Oven, Refrigerator, Vented Exhaust Fan, Washer</item>
					</item>
				</item>
				<item>
					<item>Heating &amp; Cooling</item>
					<item>
						<item>Central Cooling</item>
						<item>Central Heat</item>
					</item>
				</item>
			</item>
		</item>
		<item>
			<item>Parking / Garage</item>
			<item>
				<item>
					<item>Garage</item>
					<item>
						<item>2 Car Garage</item>
					</item>
				</item>
				<item>
					<item>Parking</item>
					<item>
						<item># of Covered Parking Spaces: 2</item>
					</item>
				</item>
			</item>
		</item>
		<item>
			<item>Exterior Features</item>
			<item>
				<item>
					<item>Building Information</item>
					<item>
						<item>Total Floors: 1</item>
						<item>Detached</item>
						<item>Detached/No Common Walls</item>
					</item>
				</item>
				<item>
					<item>Pool Information</item>
					<item>
						<item>Heated Pool, In Ground Pool</item>
						<item>Heated Spa, In Ground Spa</item>
					</item>
				</item>
			</item>
		</item>
		<item>
			<item>Taxes / Assessments, Location Details, Documents &amp; Disclosures</item>
			<item>
				<item>
					<item>Assessment Information</item>
					<item>
						<item>Assessor Parcel Number: 5564-015-036</item>
					</item>
				</item>
				<item>
					<item>Location Information</item>
					<item>
						<item>Directions: Lauren Canyon to Lookout to Wonderland Park</item>
					</item>
				</item>
				<item>
					<item>Documents &amp; Disclosures</item>
					<item>
						<item>Disclosures: As Is</item>
					</item>
				</item>
			</item>
		</item>
		<item>
			<item>Property / Lot Details</item>
			<item>
				<item>
					<item>Property Information</item>
					<item>
						<item>Property Type: Residential Single-Family</item>
					</item>
				</item>
				<item>
					<item>Lot Information</item>
					<item>
						<item>Lot Size (Sq. Ft.): 11,250</item>
						<item>Zoning: LARE15</item>
					</item>
				</item>
				<item>
					<item>Property Features</item>
					<item>
						<item>Has View</item>
						<item>View: Green Belt, Pool</item>
					</item>
				</item>
			</item>
		</item>
	</property_details>
	<public_facts>
		<Beds>4</Beds>
		<Baths>2</Baths>
		<Finished_Sq._Ft.>2,206</Finished_Sq._Ft.>
		<Unfinished_Sq._Ft.>—</Unfinished_Sq._Ft.>
		<Total_Sq._Ft.>2,206</Total_Sq._Ft.>
		<Stories>1</Stories>
		<Lot_Size>0.26 Acres</Lot_Size>
		<Style>Single Family Residential</Style>
		<Year_Built>1954</Year_Built>
		<Year_Renovated>1955</Year_Renovated>
		<County>Los Angeles County</County>
		<APN>5564015036</APN>
	</public_facts>
</home>
