<?xml version="1.0" ?>
<home>
	<HomeInfo_Address>
		<street-address>8540 N Mulholland Dr </street-address>
		<locality>Los Angeles, </locality>
		<region>CA</region>
		<postal-code>90046</postal-code>
	</HomeInfo_Address>
	<main_stats>
		<Price>$1,895,000</Price>
		<Beds>3</Beds>
		<Baths>3.5</Baths>
		<key name="$697 / Sq. Ft.">2,718</key>
	</main_stats>
	<text_base_description>Classic mid-century Traditional home in beautiful Laurel Hills, expansive views of the SFV. 3 BR, 4 BA good flow  &amp;  private backyard w/ spa. Foyer leads to a large living room, wood plank floors, fireplace, &amp;  bay windows offering breathtaking views. Adjacent oversized dining room leads to large open kitchen w/ granite countertops, stainless appliances  &amp;  separate breakfast room. Huge primary BR suite includes sitting room w/ views, oversized full BA, walk-in closet  &amp;  opens onto the garden. In addition to 2 additional BRs, includes a private office, laundry room, &amp;  home gym. Versatile interior that can be customized. Flat backyard embodies the California lifestyle with sunny outdoor living, lush landscape, spa, feature wall with 6 fountains, &amp;  built-in outdoor kitchen. Located on scenic Mulholland Dr in highly-desirable Laurel Hills and blue-ribbon Wonderland School district. Front door access to hiking in Fryman Canyon Park, Mulholland Tennis Club, &amp;  endless natural wilderness.  </text_base_description>
	<listed_by>
		<name>Craig Nadeau</name>
		<agentLicenseDisplay>•DRE #01916063</agentLicenseDisplay>
		<org>•DRE #01916063</org>
	</listed_by>
	<price_insights>
		<List_Price>$1,895,000</List_Price>
		<Est._Mo._Payment>$8,779</Est._Mo._Payment>
		<key name="Price/Sq.Ft.">$697</key>
	</price_insights>
	<home_facts>
		<Status>Active</Status>
		<Time_on_Redfin>16 days</Time_on_Redfin>
		<Property_Type>Residential Single-Family</Property_Type>
		<Year_Built>1963</Year_Built>
		<Style>Mid-Century</Style>
		<Community>Sunset Strip - Hollywood Hills West</Community>
		<Lot_Size>0.29 Acres</Lot_Size>
		<key name="MLS#">20-626992</key>
	</home_facts>
	<property_details>
		<item>
			<item>Interior Features</item>
			<item>
				<item>
					<item>Bedroom Information</item>
					<item>
						<item>Master Bedroom, WalkInCloset, Master Suite, Main Floor Bedroom, Main Floor Master Bedroom</item>
					</item>
				</item>
				<item>
					<item>Bathroom Information</item>
					<item>
						<item># of Baths (Full): 3</item>
						<item># of Baths (1/2): 1</item>
						<item>Shower Stall, Shower and Tub, Remodeled, Powder Room, Low Flow Toilet(s), Tile, Tub With Jets</item>
					</item>
				</item>
				<item>
					<item>Kitchen Information</item>
					<item>
						<item>Built-In BBQ, Built-Ins, Convection Oven, Cooktop - Gas, Double Oven, Range Hood, Range, Oven, Microwave</item>
						<item>Granite Counters, Gourmet Kitchen, Remodeled</item>
					</item>
				</item>
				<item>
					<item>Laundry Information</item>
					<item>
						<item>Laundry Room</item>
					</item>
				</item>
				<item>
					<item>Additional Rooms</item>
					<item>
						<item>Breakfast Room, Formal Dining Room, Living Room</item>
						<item>Dining Room</item>
						<item>Den</item>
						<item>Center Hall, Breakfast Room, Den/Office, Dining Room, Entry Room, Formal Entry Room, Gym, Living Room, Master Bedroom, Media Room, Office, Workshop, Walk-In Closet, Sun Room</item>
					</item>
				</item>
				<item>
					<item>Interior Features</item>
					<item>
						<item>Cathedral-Vaulted Ceilings, Built-Ins, Detached/No Common Walls, High Ceilings (9 Feet+), Hot Tub, Paneled Walls, Track Lighting, Sunken Living Room, Storage Space, Recessed Lighting</item>
						<item>Foyer</item>
						<item>Windows: Bay Window, Double Pane Windows, Screens, Window Blinds</item>
					</item>
				</item>
				<item>
					<item>Fireplace Information</item>
					<item>
						<item>In Living Room</item>
						<item># of Fireplaces: 1</item>
					</item>
				</item>
				<item>
					<item>Flooring Information</item>
					<item>
						<item>Carpeted Floors, Hardwood Floors, Tile Floors</item>
					</item>
				</item>
				<item>
					<item>Equipment</item>
					<item>
						<item>Barbeque, Built-Ins, Cable, Garbage Disposal, Freezer, Dryer, Dishwasher, Ceiling Fan, Hood Fan, Ice Maker, Water Line to Refrigerator, Washer, Refrigerator, Range/Oven</item>
						<item>Cable TV</item>
					</item>
				</item>
				<item>
					<item>Heating &amp; Cooling</item>
					<item>
						<item>A/C, Central Cooling</item>
						<item>Central Heat, Fireplace Heat</item>
						<item>Water Heater Features: Water Heater Unit</item>
					</item>
				</item>
			</item>
		</item>
		<item>
			<item>Parking / Garage</item>
			<item>
				<item>
					<item>Garage</item>
					<item>
						<item>Attached, Auto Driveway Gate, Built-In Storage, Converted Garage, Direct Entrance, Driveway - Brick, Private Garage, Private, Gated, Garage Is Attached, 1 Car Garage, Driveway Gate</item>
					</item>
				</item>
				<item>
					<item>Parking</item>
					<item>
						<item># of Parking Spaces (Total): 5</item>
					</item>
				</item>
			</item>
		</item>
		<item>
			<item>Exterior Features</item>
			<item>
				<item>
					<item>Building Information</item>
					<item>
						<item>Total Floors: 1</item>
						<item>One Level</item>
						<item>Detached</item>
						<item>Detached/No Common Walls</item>
						<item>Faces North</item>
						<item>Security Features: Automatic Gate, Carbon Monoxide Detector(s), Exterior Security Lights, Fire and Smoke Detection System, Smoke Detector, T.V.</item>
						<item>Builder's Tract Name: Laurel Hills</item>
					</item>
				</item>
				<item>
					<item>Exterior Features</item>
					<item>
						<item>Patio Features: Patio Open, Tile</item>
						<item>Other Structural Features: Barbecue Private, High Ceilings (9 Feet+), French Doors, Sprinkler System, Sliding Glass Doors</item>
					</item>
				</item>
				<item>
					<item>Pool Information</item>
					<item>
						<item>In Ground Spa, Hot Tub, Heated Spa</item>
					</item>
				</item>
			</item>
		</item>
		<item>
			<item>Utilities, Taxes / Assessments, Location Details, Documents &amp; Disclosures</item>
			<item>
				<item>
					<item>Utility Information</item>
					<item>
						<item>Sewer: In Street</item>
						<item>Water: District/Public, Meter on Property, Public</item>
					</item>
				</item>
				<item>
					<item>Assessment Information</item>
					<item>
						<item>Assessor Parcel Number: 5565-044-004</item>
					</item>
				</item>
				<item>
					<item>Location Information</item>
					<item>
						<item>Directions: West of Laurel Canyon, East of Coldwater Canyon. South side on Mulholland Drive between Allenwood Road and Skyline Drive.</item>
						<item>Cross Streets: Skyline Drive</item>
					</item>
				</item>
				<item>
					<item>Documents &amp; Disclosures</item>
					<item>
						<item>Disclosures: As Is</item>
					</item>
				</item>
			</item>
		</item>
		<item>
			<item>Property / Lot Details</item>
			<item>
				<item>
					<item>Property Information</item>
					<item>
						<item>Property Type: Residential Single-Family</item>
					</item>
				</item>
				<item>
					<item>Lot Information</item>
					<item>
						<item>Lot Size (Sq. Ft.): 12,548</item>
						<item>Lot Size (Acres): 0.2881</item>
						<item>Lot Size Dimensions: 113 x 110</item>
						<item>Zoning: LARE15</item>
						<item>Special Zoning: None</item>
						<item>Lot Location: Hilltop</item>
						<item>Lot Description: Automatic Gate, Back Yard, Bluff Front, Front Yard, Fenced Yard, Exterior Security Lights, Curbs, Lawn</item>
					</item>
				</item>
				<item>
					<item>Property Features</item>
					<item>
						<item>Chain Link Fence, Partially Fenced, Wood Fence</item>
						<item>Front Sprinklers, Rear Sprinklers, Sprinkler System, Sprinkler Timer</item>
						<item>Has View</item>
						<item>View: City Lights, Hills, Valley, Mountains</item>
					</item>
				</item>
			</item>
		</item>
		<item>
			<item>Listing Information</item>
			<item>
				<item>
					<item>Listing Information</item>
					<item>
						<item>Possession: Close Of Escrow</item>
					</item>
				</item>
			</item>
		</item>
	</property_details>
	<public_facts>
		<Beds>3</Beds>
		<Baths>3</Baths>
		<Finished_Sq._Ft.>2,718</Finished_Sq._Ft.>
		<Unfinished_Sq._Ft.>—</Unfinished_Sq._Ft.>
		<Total_Sq._Ft.>2,718</Total_Sq._Ft.>
		<Stories>1</Stories>
		<Lot_Size>0.29 Acres</Lot_Size>
		<Style>Single Family Residential</Style>
		<Year_Built>1963</Year_Built>
		<Year_Renovated>1965</Year_Renovated>
		<County>Los Angeles County</County>
		<APN>5565044004</APN>
	</public_facts>
</home>
