<?xml version="1.0" ?>
<home>
	<HomeInfo_Address>
		<street-address>1904 Weepah Way </street-address>
		<locality>Los Angeles, </locality>
		<region>CA</region>
		<postal-code>90046</postal-code>
	</HomeInfo_Address>
	<main_stats>
		<Price>$978,000</Price>
		<Beds>2</Beds>
		<Bath>1</Bath>
		<key name="$822 / Sq. Ft.">1,190</key>
	</main_stats>
	<text_base_description>Nestled in legendary Laurel Canyon, Hollywood Hills, this 1920s hacienda-style home is rich in romantic indoor/outdoor living spaces and creative provenance. Fruit trees, Bougainvillea, and canyon views line the spacious wraparound garden with front patio. Step through an archway to enter back garden: a lower patio and upper deck accessible through French window doors from both living room and primary bedroom. Ground-level entry w no steps. Large bathroom and closet with antique Art Nouveau glass window, classic clawfoot tub, large tiled shower / sunken tub w skylight. Dedicated dining area. Decorative fireplace in the living room. Half a level down: 2ndbedroom/study with teak flooring is cloaked in privacy by bamboo shoots visible from a bay window. Two rare off-street private parking spaces. Quiet and secluded, yet close to the famous Laurel Canyon Country Store, Sunset shopping, clubs, restaurants, and famed Chateau Marmont. Many major upgrades and pride of ownership are apparent.  </text_base_description>
	<listed_by>
		<name>Matt Fonda</name>
		<agentLicenseDisplay>•DRE #01241732</agentLicenseDisplay>
		<org>•DRE #01241732</org>
	</listed_by>
	<price_insights>
		<List_Price>$978,000</List_Price>
		<Est._Mo._Payment>$4,532</Est._Mo._Payment>
		<Redfin_Estimate>$995,027</Redfin_Estimate>
		<key name="Price/Sq.Ft.">$822</key>
	</price_insights>
	<home_facts>
		<Status>Active</Status>
		<Time_on_Redfin>13 days</Time_on_Redfin>
		<Property_Type>Residential Single-Family</Property_Type>
		<Year_Built>1924</Year_Built>
		<Style>Hacienda</Style>
		<Community>Sunset Strip - Hollywood Hills West</Community>
		<Lot_Size>2,958 Sq. Ft.</Lot_Size>
		<key name="MLS#">20-630312</key>
	</home_facts>
	<property_details>
		<item>
			<item>Interior Features</item>
			<item>
				<item>
					<item>Bedroom Information</item>
					<item>
						<item>Dressing Area, Main Floor Bedroom</item>
					</item>
				</item>
				<item>
					<item>Bathroom Information</item>
					<item>
						<item># of Baths (Full): 1</item>
						<item>Sunken Tub, Shower and Tub</item>
					</item>
				</item>
				<item>
					<item>Kitchen Information</item>
					<item>
						<item>Cooktop - Electric, Free Standing Electric</item>
						<item>Tile Counters</item>
					</item>
				</item>
				<item>
					<item>Laundry Information</item>
					<item>
						<item>Laundry in Kitchen, Laundry Inside</item>
					</item>
				</item>
				<item>
					<item>Additional Rooms</item>
					<item>
						<item>Dining Area</item>
						<item>Den</item>
						<item>Den/Office, Dining Area, Dressing Area, Living Room, Master Bedroom</item>
					</item>
				</item>
				<item>
					<item>Interior Features</item>
					<item>
						<item>Living Room Deck Attached, Plaster Walls, Built-Ins, Beamed Ceiling(s)</item>
						<item>Ground Level - no steps</item>
						<item>Windows: Bay Window</item>
					</item>
				</item>
				<item>
					<item>Fireplace Information</item>
					<item>
						<item>Decorative</item>
						<item># of Fireplaces: 1</item>
					</item>
				</item>
				<item>
					<item>Flooring Information</item>
					<item>
						<item>Hardwood Floors, Laminate Floors, Tile Floors</item>
					</item>
				</item>
				<item>
					<item>Equipment</item>
					<item>
						<item>Cable, Dishwasher, Dryer, Range/Oven, Refrigerator, Washer, Built-Ins, Garbage Disposal</item>
						<item>Cable TV</item>
					</item>
				</item>
				<item>
					<item>Heating &amp; Cooling</item>
					<item>
						<item>Wall/Window Unit Cooling</item>
						<item>Central Heat</item>
						<item>Water Heater Features: Water Heater Unit, Gas</item>
					</item>
				</item>
			</item>
		</item>
		<item>
			<item>Parking / Garage</item>
			<item>
				<item>
					<item>Garage</item>
					<item>
						<item>Side By Side, Uncovered</item>
					</item>
				</item>
				<item>
					<item>Parking</item>
					<item>
						<item># of Parking Spaces (Total): 2</item>
						<item># of Open Other Spaces: 2</item>
					</item>
				</item>
			</item>
		</item>
		<item>
			<item>Exterior Features</item>
			<item>
				<item>
					<item>Building Information</item>
					<item>
						<item>Total Floors: 1</item>
						<item>Ground Level, Mid Level</item>
						<item>Detached</item>
						<item>Detached/No Common Walls</item>
						<item>Entry Floor Number: 1</item>
						<item>Security Features: Carbon Monoxide Detector(s), Smoke Detector</item>
						<item>Combination Foundation</item>
						<item>Exterior Construction: Stucco</item>
					</item>
				</item>
				<item>
					<item>Exterior Features</item>
					<item>
						<item>Roof: Other, Rolled/Hot Mop</item>
						<item>Patio Features: Deck(s), Living Room Deck Attached, Patio Open, Concrete Slab</item>
						<item>Other Structural Features: Sprinkler System</item>
					</item>
				</item>
			</item>
		</item>
		<item>
			<item>Homeowners Association, School / Neighborhood, Utilities, Financing</item>
			<item>
				<item>
					<item>HOA Information</item>
					<item>
						<item>Amenities: None</item>
					</item>
				</item>
				<item>
					<item>Community Information</item>
					<item>
						<item>Athletic Court: None</item>
					</item>
				</item>
				<item>
					<item>Utility Information</item>
					<item>
						<item>Sewer: In Street</item>
						<item>Water: District/Public</item>
					</item>
				</item>
				<item>
					<item>Financial Information</item>
					<item>
						<item>Listing Terms: Cash, Cash To New Loan</item>
					</item>
				</item>
			</item>
		</item>
		<item>
			<item>Taxes / Assessments</item>
			<item>
				<item>
					<item>Assessment Information</item>
					<item>
						<item>Assessor Parcel Number: 5567-023-026</item>
					</item>
				</item>
				<item>
					<item>Tax Information</item>
					<item>
						<item>No Mello-Roos Tax</item>
					</item>
				</item>
			</item>
		</item>
		<item>
			<item>Property / Lot Details</item>
			<item>
				<item>
					<item>Property Information</item>
					<item>
						<item>Property Type: Residential Single-Family</item>
					</item>
				</item>
				<item>
					<item>Lot Information</item>
					<item>
						<item>Lot Size (Sq. Ft.): 2,958</item>
						<item>Zoning: LAR1</item>
						<item>Special Zoning: Other</item>
						<item>Lot Location: Canyon</item>
						<item>Lot Description: Fenced Yard, Landscaped, Lot Shape-Irregular</item>
					</item>
				</item>
				<item>
					<item>Property Features</item>
					<item>
						<item>Stucco Wall</item>
						<item>Sprinkler System</item>
						<item>Has View</item>
						<item>View: Canyon, Tree Top</item>
					</item>
				</item>
			</item>
		</item>
		<item>
			<item>Location Details, Documents &amp; Disclosures, Listing Information</item>
			<item>
				<item>
					<item>Location Information</item>
					<item>
						<item>Directions: Laurel Canyon to Kirkwood to Ridpath (rt turn) to Weepah Way</item>
					</item>
				</item>
				<item>
					<item>Documents &amp; Disclosures</item>
					<item>
						<item>Disclosures: As Is</item>
					</item>
				</item>
				<item>
					<item>Listing Information</item>
					<item>
						<item>Inclusions: All Appliances</item>
						<item>Possession: Close Of Escrow</item>
						<item>Listing Terms: Cash, Cash To New Loan</item>
					</item>
				</item>
			</item>
		</item>
	</property_details>
	<public_facts>
		<Beds>2</Beds>
		<Baths>1</Baths>
		<Finished_Sq._Ft.>896</Finished_Sq._Ft.>
		<Unfinished_Sq._Ft.>—</Unfinished_Sq._Ft.>
		<Total_Sq._Ft.>896</Total_Sq._Ft.>
		<Stories>1</Stories>
		<Lot_Size>2,991 Sq. Ft.</Lot_Size>
		<Style>Single Family Residential</Style>
		<Year_Built>1924</Year_Built>
		<Year_Renovated>1926</Year_Renovated>
		<County>Los Angeles County</County>
		<APN>5567023026</APN>
	</public_facts>
</home>
