<?xml version="1.0" ?>
<home>
	<HomeInfo_Address>
		<street-address>2658 Carmar Dr </street-address>
		<locality>Los Angeles, </locality>
		<region>CA</region>
		<postal-code>90046</postal-code>
	</HomeInfo_Address>
	<main_stats>
		<Price>$2,800,000</Price>
		<Beds>4</Beds>
		<Baths>3</Baths>
		<key name="$971 / Sq. Ft.">2,885</key>
	</main_stats>
	<text_base_description>Stunning one story Mid Century Modern Estate. Quiet secluded street with UNIQUE PANORAMIC LAUREL CANYON VIEW from entire back east wing of endless solid glass doors. Impressive &quot;great room&quot; with stainless Thermador kitchen appliances. Fabulous open floor plan with easy inside/outside entertainment flow to giant heated back yard pool and big patios. Highest quality surround sound, intercom, security, and smart home. COMPLETE RENOVATION. Massive 1/2 acre lot with deep elevated private set-back. Plenty of room for 8 cars, plus an over-sized 3 car attached garage with tons of custom built overhead storage. Walk to Wonderland School, Mulholland Club, hiking trails, and Dog Park. Laurel Hills most desirable Carmar Drive </text_base_description>
	<listed_by>
		<name>Houtan Hormozian</name>
		<agentLicenseDisplay>•DRE #01836637</agentLicenseDisplay>
		<org>•DRE #01836637</org>
	</listed_by>
	<price_insights>
		<List_Price>$2,800,000</List_Price>
		<Est._Mo._Payment>$12,976</Est._Mo._Payment>
		<key name="Price/Sq.Ft.">$971</key>
	</price_insights>
	<home_facts>
		<Status>Active</Status>
		<Time_on_Redfin>37 days</Time_on_Redfin>
		<Property_Type>Single Family, Residential Single-Family</Property_Type>
		<Year_Built>1962</Year_Built>
		<Style>Mid-Century</Style>
		<Community>Sunset Strip - Hollywood Hills West</Community>
		<Lot_Size>0.56 Acres</Lot_Size>
		<key name="MLS#">20-618756</key>
	</home_facts>
	<property_details>
		<item>
			<item>Virtual Tour, Parking / Garage, Taxes / Assessments, Financing</item>
			<item>
				<item>
					<item>Virtual Tour</item>
					<item>
						<item>Virtual Tour (External Link)</item>
					</item>
				</item>
				<item>
					<item>Garage</item>
					<item>
						<item>Garage</item>
					</item>
				</item>
				<item>
					<item>Assessment Information</item>
					<item>
						<item>Assessor Parcel Number: 5565-037-006</item>
					</item>
				</item>
				<item>
					<item>Financial Information</item>
					<item>
						<item>Listing Terms: Cash To New Loan</item>
					</item>
				</item>
			</item>
		</item>
		<item>
			<item>Interior Features</item>
			<item>
				<item>
					<item>Bathroom Information</item>
					<item>
						<item># of Baths (Full): 3</item>
					</item>
				</item>
				<item>
					<item>Laundry Information</item>
					<item>
						<item>Laundry Room</item>
					</item>
				</item>
				<item>
					<item>Additional Rooms</item>
					<item>
						<item>Great Room</item>
					</item>
				</item>
				<item>
					<item>Fireplace Information</item>
					<item>
						<item>In Great Room</item>
					</item>
				</item>
				<item>
					<item>Flooring Information</item>
					<item>
						<item>Tile Floors</item>
					</item>
				</item>
				<item>
					<item>Equipment</item>
					<item>
						<item>Alarm System</item>
					</item>
				</item>
				<item>
					<item>Heating &amp; Cooling</item>
					<item>
						<item>Central Cooling</item>
						<item>Central Heat</item>
					</item>
				</item>
			</item>
		</item>
		<item>
			<item>Exterior Features</item>
			<item>
				<item>
					<item>Building Information</item>
					<item>
						<item>Total Floors: 1</item>
						<item>Detached</item>
						<item>Detached/No Common Walls</item>
					</item>
				</item>
				<item>
					<item>Pool Information</item>
					<item>
						<item>Pool Heated with Gas</item>
					</item>
				</item>
			</item>
		</item>
		<item>
			<item>Property / Lot Details</item>
			<item>
				<item>
					<item>Property Information</item>
					<item>
						<item>Property Type: Residential Single-Family</item>
						<item>Property Condition: Updated/Remodeled</item>
					</item>
				</item>
				<item>
					<item>Lot Information</item>
					<item>
						<item>Lot Size (Sq. Ft.): 24,277</item>
						<item>Zoning: LARE20</item>
					</item>
				</item>
				<item>
					<item>Property Features</item>
					<item>
						<item>Has View</item>
						<item>View: Panoramic</item>
					</item>
				</item>
			</item>
		</item>
		<item>
			<item>Location Details, Documents &amp; Disclosures, Listing Information</item>
			<item>
				<item>
					<item>Location Information</item>
					<item>
						<item>Directions: Laurel Canyon Blvd. to Mulholland. go west (towards 405) about one mile, first left Laurel Pass, then a quick left on Carmar Place to last house on the left on Carmar Drive long white driveway.</item>
					</item>
				</item>
				<item>
					<item>Documents &amp; Disclosures</item>
					<item>
						<item>Disclosures: As Is</item>
					</item>
				</item>
				<item>
					<item>Listing Information</item>
					<item>
						<item>Possession: Close Of Escrow</item>
						<item>Listing Terms: Cash To New Loan</item>
					</item>
				</item>
			</item>
		</item>
	</property_details>
	<public_facts>
		<Beds>4</Beds>
		<Baths>3</Baths>
		<Finished_Sq._Ft.>2,885</Finished_Sq._Ft.>
		<Unfinished_Sq._Ft.>—</Unfinished_Sq._Ft.>
		<Total_Sq._Ft.>2,885</Total_Sq._Ft.>
		<Stories>1</Stories>
		<Lot_Size>0.56 Acres</Lot_Size>
		<Style>Single Family Residential</Style>
		<Year_Built>1962</Year_Built>
		<Year_Renovated>1962</Year_Renovated>
		<County>Los Angeles County</County>
		<APN>5565037006</APN>
	</public_facts>
</home>
