<?xml version="1.0" ?>
<home>
	<HomeInfo_Address>
		<street-address>2226 Stanley Hills Dr </street-address>
		<locality>Los Angeles, </locality>
		<region>CA</region>
		<postal-code>90046</postal-code>
	</HomeInfo_Address>
	<main_stats>
		<Price>$959,000</Price>
		<Beds>2</Beds>
		<Baths>1.75</Baths>
		<key name="$1120 / Sq. Ft.">856</key>
	</main_stats>
	<text_base_description>Great opportunity. Charming 1923 Craftsman Bungalow in historic Laurel Canyon needs a lot of love. Has a million dollar PROTECTED CANYON VIEW and a 7519 SF street to street lot with tons of potential. Second bedroom/den and 3/4 bath not pictured. Walking distance to Wonderland School, one of the top schools in L. A. and a 2x National Blue Ribbon recipient. The music of the 1960's originated in the canyon and it is still home to creative people of all types. Open house Sunday 09/06 2 to 4, by appointment only.  </text_base_description>
	<listed_by>
		<name>Abby Belkin</name>
		<agentLicenseDisplay>•DRE #01300275</agentLicenseDisplay>
		<org>•DRE #01300275</org>
	</listed_by>
	<price_insights>
		<List_Price>$959,000</List_Price>
		<Est._Mo._Payment>$4,447</Est._Mo._Payment>
		<Redfin_Estimate>$963,524</Redfin_Estimate>
		<key name="Price/Sq.Ft.">$1,120</key>
	</price_insights>
	<home_facts>
		<Status>Active</Status>
		<Time_on_Redfin>21 days</Time_on_Redfin>
		<Property_Type>Single Family, Residential Single-Family</Property_Type>
		<Year_Built>1923</Year_Built>
		<Style>Bungalow</Style>
		<Community>Sunset Strip - Hollywood Hills West</Community>
		<Lot_Size>7,519 Sq. Ft.</Lot_Size>
		<key name="MLS#">20-625656</key>
	</home_facts>
	<property_details>
		<item>
			<item>Virtual Tour, Multi-Unit Information, Utilities, Taxes / Assessments</item>
			<item>
				<item>
					<item>Virtual Tour</item>
					<item>
						<item>Virtual Tour (External Link)</item>
					</item>
				</item>
				<item>
					<item>Multi-Unit Information</item>
					<item>
						<item># of Remote Controls: 2</item>
					</item>
				</item>
				<item>
					<item>Utility Information</item>
					<item>
						<item>Sewer: In Connected and Paid</item>
						<item>Water: Public</item>
					</item>
				</item>
				<item>
					<item>Assessment Information</item>
					<item>
						<item>Assessor Parcel Number: 5567-006-014</item>
					</item>
				</item>
			</item>
		</item>
		<item>
			<item>Interior Features</item>
			<item>
				<item>
					<item>Bathroom Information</item>
					<item>
						<item># of Baths (Full): 1</item>
						<item># of Baths (3/4): 1</item>
					</item>
				</item>
				<item>
					<item>Laundry Information</item>
					<item>
						<item>Laundry Inside</item>
					</item>
				</item>
				<item>
					<item>Additional Rooms</item>
					<item>
						<item>Den</item>
						<item>Den</item>
					</item>
				</item>
				<item>
					<item>Fireplace Information</item>
					<item>
						<item>In Living Room</item>
						<item># of Fireplaces: 1</item>
					</item>
				</item>
				<item>
					<item>Flooring Information</item>
					<item>
						<item>Hardwood Floors</item>
					</item>
				</item>
				<item>
					<item>Equipment</item>
					<item>
						<item>Dishwasher, Dryer, Gas Or Electric Dryer Hookup, Garbage Disposal</item>
					</item>
				</item>
				<item>
					<item>Heating &amp; Cooling</item>
					<item>
						<item>Window Unit Cooling</item>
						<item>Central Heat</item>
						<item>Water Heater Features: Central Water Heater</item>
					</item>
				</item>
			</item>
		</item>
		<item>
			<item>Parking / Garage</item>
			<item>
				<item>
					<item>Garage</item>
					<item>
						<item>Private Garage</item>
						<item># of Garage Spaces: 2</item>
					</item>
				</item>
				<item>
					<item>Parking</item>
					<item>
						<item># of Parking Spaces (Total): 2</item>
						<item># of Covered Parking Spaces: 2</item>
					</item>
				</item>
			</item>
		</item>
		<item>
			<item>Exterior Features</item>
			<item>
				<item>
					<item>Building Information</item>
					<item>
						<item>Total Floors: 1</item>
						<item>Two Level</item>
						<item>Detached</item>
						<item>Detached/No Common Walls</item>
						<item>Exterior Construction: Brick, Wood</item>
					</item>
				</item>
				<item>
					<item>Exterior Features</item>
					<item>
						<item>Roof: Composition, Shingle</item>
						<item>Other Structural Features: Sliding Glass Doors, Partial Copper Plumbing</item>
					</item>
				</item>
			</item>
		</item>
		<item>
			<item>Property / Lot Details</item>
			<item>
				<item>
					<item>Property Information</item>
					<item>
						<item>Property Type: Residential Single-Family</item>
						<item>Property Condition: Fixer, Tear Down</item>
					</item>
				</item>
				<item>
					<item>Lot Information</item>
					<item>
						<item>Lot Size (Sq. Ft.): 7,519</item>
						<item>Lot Size (Acres): 0.1726</item>
						<item>Lot Size Dimensions: 50 x 150</item>
						<item>Zoning: LAR1</item>
					</item>
				</item>
				<item>
					<item>Property Features</item>
					<item>
						<item>Has View</item>
						<item>View: Tree Top</item>
					</item>
				</item>
			</item>
		</item>
		<item>
			<item>Location Details, Documents &amp; Disclosures, Listing Information</item>
			<item>
				<item>
					<item>Location Information</item>
					<item>
						<item>Directions: Laurel Canyon to Lookout Mountain. First left on Stanley Hills Drive.    IMPORTANT: cars driving uphill have the right of way.</item>
					</item>
				</item>
				<item>
					<item>Documents &amp; Disclosures</item>
					<item>
						<item>Disclosures: Listing Broker Advantage, As Is</item>
					</item>
				</item>
				<item>
					<item>Listing Information</item>
					<item>
						<item>Possession: COE Plus 3</item>
					</item>
				</item>
			</item>
		</item>
	</property_details>
	<public_facts>
		<Beds>2</Beds>
		<Baths>1</Baths>
		<Finished_Sq._Ft.>856</Finished_Sq._Ft.>
		<Unfinished_Sq._Ft.>—</Unfinished_Sq._Ft.>
		<Total_Sq._Ft.>856</Total_Sq._Ft.>
		<Stories>1</Stories>
		<Lot_Size>7,519 Sq. Ft.</Lot_Size>
		<Style>Single Family Residential</Style>
		<Year_Built>1923</Year_Built>
		<Year_Renovated>1928</Year_Renovated>
		<County>Los Angeles County</County>
		<APN>5567006014</APN>
	</public_facts>
</home>
