<?xml version="1.0" ?>
<home>
	<HomeInfo_Address>
		<street-address>3131 Torreyson Pl </street-address>
		<locality>Los Angeles, </locality>
		<region>CA</region>
		<postal-code>90046</postal-code>
	</HomeInfo_Address>
	<main_stats>
		<Price>$2,575,000</Price>
		<Beds>3</Beds>
		<Baths>2.5</Baths>
		<key name="$947 / Sq. Ft.">2,720</key>
	</main_stats>
	<text_base_description>Come home to your own private hideaway high amongst the treetops and escape the hustle and bustle of LA. Nestled in a coveted celebrity enclave above Mulholland Drive, this spacious retreat is the perfect spot for entertaining or just relaxing. Imagine starting the day sipping coffee while taking in expansive Valley views from your hillside deck or ending the day with a dip in the pool just steps from your master suite. Why not relax in your sauna or work out in your own private gym?Situated on a large lot high above the street, this gorgeous getaway provides unparaleled privacy. This spacious home includes gleaming hdwd floors, cathedral ceilings, 3 fplcs, gourmet kitchen with a huge walk-in pantry, pool, hot tub, &amp;  lush terraced landscaping. The big mster suite includes a siting area, lg walk-in clst, gym, sauna, and spacious master bath. Centrally located, this charming home is perfectly situated to take advantage of everything LA has to offer! NEW KITCHEN REDO! </text_base_description>
	<listed_by>
		<name>Jason Blaylock</name>
		<agentLicenseDisplay>•DRE #01875920</agentLicenseDisplay>
		<org>•DRE #01875920</org>
	</listed_by>
	<price_insights>
		<List_Price>$2,575,000</List_Price>
		<Est._Mo._Payment>$11,934</Est._Mo._Payment>
		<Redfin_Estimate>$2,486,688</Redfin_Estimate>
		<key name="Price/Sq.Ft.">$947</key>
	</price_insights>
	<home_facts>
		<Status>Active</Status>
		<Time_on_Redfin>356 days</Time_on_Redfin>
		<Property_Type>Single Family, Residential Single-Family</Property_Type>
		<Year_Built>1953</Year_Built>
		<Style>Cape Cod</Style>
		<Community>Sunset Strip - Hollywood Hills West</Community>
		<Lot_Size>0.30 Acres</Lot_Size>
		<key name="MLS#">19-517250</key>
	</home_facts>
	<property_details>
		<item>
			<item>Virtual Tour, Parking / Garage, Homeowners Association, Taxes / Assessments</item>
			<item>
				<item>
					<item>Virtual Tour</item>
					<item>
						<item>Virtual Tour (External Link)</item>
					</item>
				</item>
				<item>
					<item>Garage</item>
					<item>
						<item>2 Car Garage</item>
					</item>
				</item>
				<item>
					<item>HOA Information</item>
					<item>
						<item>Amenities: Exercise Room</item>
					</item>
				</item>
				<item>
					<item>Assessment Information</item>
					<item>
						<item>Assessor Parcel Number: 5570-014-003</item>
					</item>
				</item>
			</item>
		</item>
		<item>
			<item>Interior Features</item>
			<item>
				<item>
					<item>Bedroom Information</item>
					<item>
						<item>Main Floor Master Bedroom</item>
					</item>
				</item>
				<item>
					<item>Bathroom Information</item>
					<item>
						<item># of Baths (Full): 2</item>
						<item># of Baths (1/2): 1</item>
						<item>Shower and Tub, Steam Shower</item>
					</item>
				</item>
				<item>
					<item>Kitchen Information</item>
					<item>
						<item>Built-In Gas, Convection Oven</item>
					</item>
				</item>
				<item>
					<item>Laundry Information</item>
					<item>
						<item>Laundry in Garage</item>
					</item>
				</item>
				<item>
					<item>Additional Rooms</item>
					<item>
						<item>Breakfast Area, Dining Area, Family Room, Kitchen Island, Living Room</item>
						<item>Dining Room</item>
						<item>Family Room</item>
						<item>Breakfast Area, Dining Room, Family Room, Gym, Master Bedroom</item>
					</item>
				</item>
				<item>
					<item>Interior Features</item>
					<item>
						<item>Living Room</item>
					</item>
				</item>
				<item>
					<item>Fireplace Information</item>
					<item>
						<item>In Living Room, In Master Bedroom</item>
					</item>
				</item>
				<item>
					<item>Flooring Information</item>
					<item>
						<item>Hardwood Floors</item>
					</item>
				</item>
				<item>
					<item>Equipment</item>
					<item>
						<item>Ceiling Fan, Dishwasher, Electric Dryer Hookup, Garbage Disposal, Hood Fan, Network Wire, Refrigerator, Washer</item>
					</item>
				</item>
				<item>
					<item>Heating &amp; Cooling</item>
					<item>
						<item>A/C</item>
						<item>Forced Air Heating</item>
					</item>
				</item>
			</item>
		</item>
		<item>
			<item>Exterior Features</item>
			<item>
				<item>
					<item>Building Information</item>
					<item>
						<item>Total Floors: 1</item>
						<item>Detached</item>
						<item>Detached/No Common Walls</item>
					</item>
				</item>
				<item>
					<item>Pool Information</item>
					<item>
						<item>Heated Pool, Pool Heated with Gas, In Ground Pool</item>
						<item>Heated with Gas, Hot Tub</item>
					</item>
				</item>
			</item>
		</item>
		<item>
			<item>Property / Lot Details</item>
			<item>
				<item>
					<item>Property Information</item>
					<item>
						<item>Property Type: Residential Single-Family</item>
					</item>
				</item>
				<item>
					<item>Lot Information</item>
					<item>
						<item>Lot Size (Sq. Ft.): 13,135</item>
						<item>Zoning: LARE40</item>
					</item>
				</item>
				<item>
					<item>Property Features</item>
					<item>
						<item>Block Wall</item>
						<item>Has View</item>
						<item>View: City, City Lights, Panoramic</item>
					</item>
				</item>
			</item>
		</item>
		<item>
			<item>Location Details, Documents &amp; Disclosures, Listing Information</item>
			<item>
				<item>
					<item>Location Information</item>
					<item>
						<item>Directions: Mulholland to Torreyson</item>
					</item>
				</item>
				<item>
					<item>Documents &amp; Disclosures</item>
					<item>
						<item>Disclosures: As Is</item>
					</item>
				</item>
				<item>
					<item>Listing Information</item>
					<item>
						<item>Possession: Close Of Escrow</item>
					</item>
				</item>
			</item>
		</item>
	</property_details>
	<public_facts>
		<Beds>2</Beds>
		<Baths>3</Baths>
		<Finished_Sq._Ft.>2,667</Finished_Sq._Ft.>
		<Unfinished_Sq._Ft.>—</Unfinished_Sq._Ft.>
		<Total_Sq._Ft.>2,667</Total_Sq._Ft.>
		<Stories>1</Stories>
		<Lot_Size>0.30 Acres</Lot_Size>
		<Style>Single Family Residential</Style>
		<Year_Built>1953</Year_Built>
		<Year_Renovated>1961</Year_Renovated>
		<County>Los Angeles County</County>
		<APN>5570014003</APN>
	</public_facts>
</home>
