<?xml version="1.0" ?>
<home>
	<HomeInfo_Address>
		<street-address>2638 Zorada Dr </street-address>
		<locality>Los Angeles, </locality>
		<region>CA</region>
		<postal-code>90046</postal-code>
	</HomeInfo_Address>
	<main_stats>
		<Price>$2,700,000</Price>
		<Beds>4</Beds>
		<Baths>5</Baths>
		<key name="$785 / Sq. Ft.">3,440</key>
	</main_stats>
	<text_base_description>Private entertainer's compound located in the Nichols Canyon area of Hollywood Hills!  Pool, Spa, Sauna, and incredible Viking outdoor cooking center!  The backyard also features an observation deck with views to the sea, and an incredible rock waterfall. This 4 bedroom estate also features a massive master suite with walk in closet and sauna overlooks the serene backyard!  Too much to describe - you must see it in person to appreciate.  </text_base_description>
	<listed_by>
		<name>Collin St Johns</name>
		<agentLicenseDisplay>•DRE #01240582</agentLicenseDisplay>
		<org>•DRE #01240582</org>
	</listed_by>
	<price_insights>
		<List_Price>$2,700,000</List_Price>
		<Est._Mo._Payment>$12,513</Est._Mo._Payment>
		<Redfin_Estimate>$2,631,971</Redfin_Estimate>
		<key name="Price/Sq.Ft.">$785</key>
	</price_insights>
	<home_facts>
		<Status>Active</Status>
		<Time_on_Redfin>40 days</Time_on_Redfin>
		<Property_Type>Single Family Residence</Property_Type>
		<Year_Built>1963</Year_Built>
		<Community>C03 - Sunset Strip - Hollywood Hills West</Community>
		<Lot_Size>0.51 Acres</Lot_Size>
		<key name="MLS#">SR20166333</key>
	</home_facts>
	<property_details>
		<item>
			<item>Virtual Tour, Parking / Garage, Exterior Features, Utilities</item>
			<item>
				<item>
					<item>Virtual Tour</item>
					<item>
						<item>Virtual Tour URL Branded: Virtual Tour (External Link)</item>
						<item>Virtual TourURL Unbranded: Virtual Tour (External Link)</item>
					</item>
				</item>
				<item>
					<item>Parking / Garage Information</item>
					<item>
						<item>Attached Garage</item>
						<item># of Garage Spaces: 2</item>
						<item># of Parking Spaces: 2</item>
					</item>
				</item>
				<item>
					<item>Exterior Features</item>
					<item>
						<item>Pool Features: Private</item>
						<item>Has Pool</item>
					</item>
				</item>
				<item>
					<item>Utilities Information</item>
					<item>
						<item>Sewer: Public Sewer</item>
						<item>Water Source: District/Public</item>
					</item>
				</item>
			</item>
		</item>
		<item>
			<item>Interior Features</item>
			<item>
				<item>
					<item>Laundry Information</item>
					<item>
						<item>Has Laundry</item>
						<item>Individual Room</item>
					</item>
				</item>
				<item>
					<item>Bathroom Information</item>
					<item>
						<item># of Baths (Full): 5</item>
					</item>
				</item>
				<item>
					<item>Cooling Information</item>
					<item>
						<item>Central</item>
						<item>Has Cooling</item>
					</item>
				</item>
				<item>
					<item>Room Information</item>
					<item>
						<item>Master Bathroom, Master Bedroom, Master Suite, Walk-In Closet</item>
					</item>
				</item>
				<item>
					<item>Fireplace Information</item>
					<item>
						<item>Family Room, Living Room, Master Bedroom</item>
						<item>Has Fireplace</item>
					</item>
				</item>
				<item>
					<item>Heating Information</item>
					<item>
						<item>Central Furnace</item>
						<item>Has Heating</item>
					</item>
				</item>
				<item>
					<item>Interior Features</item>
					<item>
						<item>Levels: Two</item>
						<item>Main Level Bathrooms: 1</item>
						<item>Main Level Bedrooms: 0</item>
					</item>
				</item>
			</item>
		</item>
		<item>
			<item>School / Neighborhood</item>
			<item>
				<item>
					<item>Neighborhood Information</item>
					<item>
						<item>Gutters, Street Lighting</item>
					</item>
				</item>
				<item>
					<item>School Information</item>
					<item>
						<item>High School District: Los Angeles Unified</item>
					</item>
				</item>
			</item>
		</item>
		<item>
			<item>Taxes / Assessments, Location Details, Misc. Information</item>
			<item>
				<item>
					<item>Assesments Information</item>
					<item>
						<item>Assessments: Unknown</item>
					</item>
				</item>
				<item>
					<item>Location Information</item>
					<item>
						<item>Directions: North on Nichols Canyon</item>
						<item>Zoning: LARE11</item>
					</item>
				</item>
				<item>
					<item>Miscellaneous Information</item>
					<item>
						<item>Exclusions: Light fixtures and wall sconces.</item>
					</item>
				</item>
			</item>
		</item>
		<item>
			<item>Property / Lot Details</item>
			<item>
				<item>
					<item>Lot Information</item>
					<item>
						<item>Elevation Units: Feet</item>
						<item>Lot Size Source: Assessor's Data</item>
						<item>Lot Features: 0-1 Unit/Acre</item>
					</item>
				</item>
				<item>
					<item>Property Information</item>
					<item>
						<item>Total # of Units: 1</item>
						<item>Common Walls: No Common Walls</item>
						<item>Parcel Number: 5569020011</item>
						<item>Total # of Stories: 2</item>
						<item>Has View</item>
						<item>Year Built Source: Assessor</item>
					</item>
				</item>
			</item>
		</item>
	</property_details>
	<public_facts>
		<Beds>4</Beds>
		<Baths>5</Baths>
		<Finished_Sq._Ft.>3,440</Finished_Sq._Ft.>
		<Unfinished_Sq._Ft.>—</Unfinished_Sq._Ft.>
		<Total_Sq._Ft.>3,440</Total_Sq._Ft.>
		<Stories>2</Stories>
		<Lot_Size>0.51 Acres</Lot_Size>
		<Style>Single Family Residential</Style>
		<Year_Built>1963</Year_Built>
		<Year_Renovated>1970</Year_Renovated>
		<County>Los Angeles County</County>
		<APN>5569020011</APN>
	</public_facts>
</home>
