<?xml version="1.0" ?>
<home>
	<HomeInfo_Address>
		<street-address>7820 Electra Dr </street-address>
		<locality>Los Angeles, </locality>
		<region>CA</region>
		<postal-code>90046</postal-code>
	</HomeInfo_Address>
	<main_stats>
		<Price>$5,995,000</Price>
		<Beds>5</Beds>
		<Baths>5.5</Baths>
		<Sq._Ft.>—</Sq._Ft.>
	</main_stats>
	<text_base_description>Situated in the Hollywood Hills above the Sunset Strip, this magnificent modern estate captures stunning, panoramic city to ocean views. Expansive terraces span the width of the home, emphasizing the views from nearly every room. The open-plan great room showcases a masterful blend of marble, white porcelain tile and custom wood paneling, while automatic Fleetwood pocket doors frame vistas and fuse indoor-outdoor living. Two stories of living space include a seamless modern kitchen with breakfast bar, 5 bedrooms, 6 baths, master suite with soaking tub and walk-in dressing room, a gym and home office. The spectacular pool terrace extends over the hillside, floating above the city below, featuring a heated spa, dining patio, lounge and BBQ kitchen/bar. Features include dual-zoned heating  &amp;  cooling, security system and 2-car garage. Offering absolute privacy, this modern masterpiece is moments from the world-class shopping, dining and entertainment of West Hollywood  &amp;  Beverly Hills.  </text_base_description>
	<listed_by>
		<name>Mauricio Umansky</name>
		<agentLicenseDisplay>•DRE #01222825</agentLicenseDisplay>
		<org>•DRE #01222825</org>
	</listed_by>
	<price_insights>
		<List_Price>$5,995,000</List_Price>
		<Est._Mo._Payment>$27,783</Est._Mo._Payment>
		<Redfin_Estimate>$5,708,091</Redfin_Estimate>
	</price_insights>
	<home_facts>
		<Status>Active</Status>
		<Time_on_Redfin>37 days</Time_on_Redfin>
		<Property_Type>Single Family, Residential Single-Family</Property_Type>
		<Year_Built>1979</Year_Built>
		<Style>Modern</Style>
		<Community>Sunset Strip - Hollywood Hills West</Community>
		<Lot_Size>0.62 Acres</Lot_Size>
		<key name="MLS#">20-619958</key>
	</home_facts>
	<property_details>
		<item>
			<item>Interior Features</item>
			<item>
				<item>
					<item>Bathroom Information</item>
					<item>
						<item># of Baths (Full): 5</item>
						<item># of Baths (1/2): 1</item>
					</item>
				</item>
				<item>
					<item>Laundry Information</item>
					<item>
						<item>Laundry Inside</item>
					</item>
				</item>
				<item>
					<item>Additional Rooms</item>
					<item>
						<item>Entry Room, Living Room, Master Bedroom, Walk-In Closet, Dining Area, Bar Room, Patio Covered, Gym</item>
					</item>
				</item>
				<item>
					<item>Flooring Information</item>
					<item>
						<item>Wood Floors, Marble Floors, Mixed Floors</item>
					</item>
				</item>
				<item>
					<item>Equipment</item>
					<item>
						<item>Range/Oven, Garbage Disposal, Other, Refrigerator, Barbeque</item>
					</item>
				</item>
				<item>
					<item>Heating &amp; Cooling</item>
					<item>
						<item>Central Cooling</item>
						<item>Central Heat</item>
					</item>
				</item>
			</item>
		</item>
		<item>
			<item>Parking / Garage</item>
			<item>
				<item>
					<item>Garage</item>
					<item>
						<item>2 Car Garage, Driveway</item>
					</item>
				</item>
				<item>
					<item>Parking</item>
					<item>
						<item># of Parking Spaces (Total): 3</item>
						<item># of Covered Parking Spaces: 2</item>
					</item>
				</item>
			</item>
		</item>
		<item>
			<item>Exterior Features</item>
			<item>
				<item>
					<item>Building Information</item>
					<item>
						<item>Total Floors: 2</item>
						<item>Detached</item>
						<item>Detached/No Common Walls</item>
					</item>
				</item>
				<item>
					<item>Pool Information</item>
					<item>
						<item>Private Pool</item>
						<item>Private Spa</item>
					</item>
				</item>
			</item>
		</item>
		<item>
			<item>Taxes / Assessments, Location Details, Documents &amp; Disclosures</item>
			<item>
				<item>
					<item>Assessment Information</item>
					<item>
						<item>Assessor Parcel Number: 5569-018-062</item>
					</item>
				</item>
				<item>
					<item>Location Information</item>
					<item>
						<item>Directions: Mount Olympus to Electra Drive</item>
					</item>
				</item>
				<item>
					<item>Documents &amp; Disclosures</item>
					<item>
						<item>Disclosures: As Is</item>
					</item>
				</item>
			</item>
		</item>
		<item>
			<item>Property / Lot Details</item>
			<item>
				<item>
					<item>Property Information</item>
					<item>
						<item>Property Type: Residential Single-Family</item>
					</item>
				</item>
				<item>
					<item>Lot Information</item>
					<item>
						<item>Lot Size (Sq. Ft.): 26,870</item>
						<item>Lot Size (Acres): 0.6169</item>
						<item>Zoning: LARE15</item>
						<item>Special Zoning: Property Report</item>
					</item>
				</item>
				<item>
					<item>Property Features</item>
					<item>
						<item>Has View</item>
						<item>View: Panoramic</item>
					</item>
				</item>
			</item>
		</item>
	</property_details>
	<public_facts>
		<Beds>5</Beds>
		<Baths>4</Baths>
		<Finished_Sq._Ft.>4,206</Finished_Sq._Ft.>
		<Unfinished_Sq._Ft.>—</Unfinished_Sq._Ft.>
		<Total_Sq._Ft.>4,206</Total_Sq._Ft.>
		<Stories>—</Stories>
		<Lot_Size>0.62 Acres</Lot_Size>
		<Style>Single Family Residential</Style>
		<Year_Built>1979</Year_Built>
		<Year_Renovated>1982</Year_Renovated>
		<County>Los Angeles County</County>
		<APN>5569018062</APN>
	</public_facts>
</home>
