<?xml version="1.0" ?>
<home>
	<HomeInfo_Address>
		<street-address>2811 La Cuesta Dr </street-address>
		<locality>Los Angeles, </locality>
		<region>CA</region>
		<postal-code>90046</postal-code>
	</HomeInfo_Address>
	<main_stats>
		<Price>$1,899,000</Price>
		<Beds>4</Beds>
		<Baths>4</Baths>
		<key name="$609 / Sq. Ft.">3,117</key>
	</main_stats>
	<text_base_description>Nestled in the Hollywood Hills stands this private modern getaway. Clean lines characterize the architectural features of this cool 3,117SF home. Serene views of rolling hills and treetops evoking a feeling of hovering in the sky. Entertain in style in the large living room anchored by an oversized picture window and fireplace. A formal dining room just steps away and a great kitchen with tons of cabinetry and eat-in breakfast area. A cozy TV room great for kicking back, a large outdoor deck great for relaxing or enjoying the SoCal weather all year long. 3 bedrooms in the main house including a spacious master with a private bathroom featuring a gigantic shower and walk-in closet fit for a shopaholic. A private studio/guest suite with a bathroom and an independent entrance makes this a great work from home area. Totally private, meticulously maintained by the current owners, minutes to Runyon Canyon, the valley and Hollywood. Looking for a stylish place to call home? You just found it! </text_base_description>
	<listed_by>
		<name>Alphonso Lascano</name>
		<agentLicenseDisplay>•DRE #01723550</agentLicenseDisplay>
		<org>•DRE #01723550</org>
	</listed_by>
	<price_insights>
		<List_Price>$1,899,000</List_Price>
		<Est._Mo._Payment>$8,801</Est._Mo._Payment>
		<Redfin_Estimate>$1,889,070</Redfin_Estimate>
		<key name="Price/Sq.Ft.">$609</key>
	</price_insights>
	<home_facts>
		<Status>Active</Status>
		<Time_on_Redfin>8 days</Time_on_Redfin>
		<Property_Type>Single Family, Residential Single-Family</Property_Type>
		<Year_Built>1986</Year_Built>
		<Style>Architectural</Style>
		<Community>Sunset Strip - Hollywood Hills West</Community>
		<Lot_Size>7,615 Sq. Ft.</Lot_Size>
		<key name="MLS#">20-632454</key>
	</home_facts>
	<property_details>
		<item>
			<item>Virtual Tour, Exterior Features, Taxes / Assessments, Location Details</item>
			<item>
				<item>
					<item>Virtual Tour</item>
					<item>
						<item>Virtual Tour (External Link)</item>
					</item>
				</item>
				<item>
					<item>Building Information</item>
					<item>
						<item>Total Floors: 2</item>
						<item>Detached</item>
						<item>Detached/No Common Walls</item>
					</item>
				</item>
				<item>
					<item>Assessment Information</item>
					<item>
						<item>Assessor Parcel Number: 5570-005-023</item>
					</item>
				</item>
				<item>
					<item>Location Information</item>
					<item>
						<item>Directions: South of Woodrow Wilson Dr just West of Mulholland Dr</item>
					</item>
				</item>
			</item>
		</item>
		<item>
			<item>Interior Features</item>
			<item>
				<item>
					<item>Bathroom Information</item>
					<item>
						<item># of Baths (Full): 4</item>
					</item>
				</item>
				<item>
					<item>Laundry Information</item>
					<item>
						<item>Laundry in Garage</item>
					</item>
				</item>
				<item>
					<item>Additional Rooms</item>
					<item>
						<item>Family Room</item>
						<item>Den</item>
						<item>Bonus Room, Breakfast Area, Den/Office, Dining Area, Entry Room, Family Room, Living Room, Master Bedroom, Pantry, Patio Open, Powder Room, Walk-In Closet, Walk-In Pantry</item>
					</item>
				</item>
				<item>
					<item>Fireplace Information</item>
					<item>
						<item>In Den, In Living Room, In Master Bedroom</item>
					</item>
				</item>
				<item>
					<item>Flooring Information</item>
					<item>
						<item>Carpeted Floors, Pavers</item>
					</item>
				</item>
				<item>
					<item>Equipment</item>
					<item>
						<item>Alarm System, Dishwasher, Range/Oven, Water Line to Refrigerator</item>
					</item>
				</item>
				<item>
					<item>Heating &amp; Cooling</item>
					<item>
						<item>A/C, Central Cooling</item>
						<item>Central Heat</item>
					</item>
				</item>
			</item>
		</item>
		<item>
			<item>Parking / Garage</item>
			<item>
				<item>
					<item>Garage</item>
					<item>
						<item>Attached, Built-In Storage, Controlled Entrance, Direct Entrance, Driveway, 2 Car Garage, Garage Is Attached, On street, Permit/Decal, Side By Side</item>
					</item>
				</item>
				<item>
					<item>Parking</item>
					<item>
						<item># of Parking Spaces (Total): 2</item>
					</item>
				</item>
			</item>
		</item>
		<item>
			<item>Property / Lot Details</item>
			<item>
				<item>
					<item>Property Information</item>
					<item>
						<item>Property Type: Residential Single-Family</item>
					</item>
				</item>
				<item>
					<item>Lot Information</item>
					<item>
						<item>Lot Size (Sq. Ft.): 7,615</item>
						<item>Lot Size (Acres): 0.1748</item>
						<item>Lot Size Dimensions: 1299 x 95</item>
						<item>Zoning: LAR1</item>
					</item>
				</item>
				<item>
					<item>Property Features</item>
					<item>
						<item>Has View</item>
						<item>View: Canyon, City, City Lights, Hills, Mountains, Tree Top, Trees/Woods</item>
					</item>
				</item>
			</item>
		</item>
		<item>
			<item>Documents &amp; Disclosures</item>
			<item>
				<item>
					<item>Documents &amp; Disclosures</item>
					<item>
						<item>Disclosures: As Is</item>
					</item>
				</item>
			</item>
		</item>
	</property_details>
	<public_facts>
		<Beds>4</Beds>
		<Baths>4</Baths>
		<Finished_Sq._Ft.>3,117</Finished_Sq._Ft.>
		<Unfinished_Sq._Ft.>—</Unfinished_Sq._Ft.>
		<Total_Sq._Ft.>3,117</Total_Sq._Ft.>
		<Stories>2</Stories>
		<Lot_Size>7,615 Sq. Ft.</Lot_Size>
		<Style>Single Family Residential</Style>
		<Year_Built>1986</Year_Built>
		<Year_Renovated>1989</Year_Renovated>
		<County>Los Angeles County</County>
		<APN>5570005023</APN>
	</public_facts>
</home>
