<?xml version="1.0" ?>
<home>
	<HomeInfo_Address>
		<street-address>2124 Mount Olympus Dr </street-address>
		<locality>Los Angeles, </locality>
		<region>CA</region>
		<postal-code>90046</postal-code>
	</HomeInfo_Address>
	<main_stats>
		<Price>$5,250,000</Price>
		<Beds>5</Beds>
		<Baths>6</Baths>
		<key name="$1250 / Sq. Ft.">4,201</key>
	</main_stats>
	<text_base_description>Stunning custom Mount Olympus organic modern 5 bedroom 6 bathroom home. Over 4,200 sq ft of interior living space on multiple levels. Generous use of mahogany and walnut throughout the interior and exterior lending a cohesive warm vibe. Natural limestone and quartzite slabs and tiles were used to balance the warm woods throughout the property. La Cantina folding doors open the backyard to the great room. Gourmet kitchen equipped with SubZero and Wolf professional-grade appliances w/ custom 8ft long stone slab island/dining area. Bar/wine room off the formal dining and great room. Resort styled backyard w/ wading pool and spa, outdoor bar, and kitchen w/ water feature all within the sanctuary of almost a half-acre of the Hollywood Hills. City lights and canyon vistas from the over 1,500 sq ft of multilevel terraces. Owners retreat with 17 ft ceilings and an office space loft area.  </text_base_description>
	<listed_by>
		<name>Joe Custer</name>
		<agentLicenseDisplay>•DRE #01846723</agentLicenseDisplay>
		<org>•DRE #01846723</org>
	</listed_by>
	<price_insights>
		<List_Price>$5,250,000</List_Price>
		<Est._Mo._Payment>$24,330</Est._Mo._Payment>
		<Redfin_Estimate>$5,068,803</Redfin_Estimate>
		<key name="Price/Sq.Ft.">$1,250</key>
	</price_insights>
	<home_facts>
		<Status>Active</Status>
		<Time_on_Redfin>22 days</Time_on_Redfin>
		<Property_Type>Single Family, Residential Single-Family</Property_Type>
		<Baths>4 full, 2 partial</Baths>
		<HOA_Dues>$21/month</HOA_Dues>
		<Year_Built>1969</Year_Built>
		<Style>Modern</Style>
		<Community>Sunset Strip - Hollywood Hills West</Community>
		<Lot_Size>0.48 Acres</Lot_Size>
		<key name="MLS#">20-603676</key>
	</home_facts>
	<property_details>
		<item>
			<item>Virtual Tour, Homeowners Association, Taxes / Assessments, Location Details</item>
			<item>
				<item>
					<item>Virtual Tour</item>
					<item>
						<item>Virtual Tour (External Link)</item>
					</item>
				</item>
				<item>
					<item>HOA Information</item>
					<item>
						<item>Fee #1: $250</item>
						<item>Fee #1 Frequency: Annually</item>
					</item>
				</item>
				<item>
					<item>Assessment Information</item>
					<item>
						<item>Assessor Parcel Number: 5569-025-006</item>
					</item>
				</item>
				<item>
					<item>Location Information</item>
					<item>
						<item>Directions: Laurel Canyon to Mt Olympus Dr</item>
					</item>
				</item>
			</item>
		</item>
		<item>
			<item>Interior Features</item>
			<item>
				<item>
					<item>Bathroom Information</item>
					<item>
						<item># of Baths (Full): 4</item>
						<item># of Baths (3/4): 1</item>
						<item># of Baths (1/2): 1</item>
					</item>
				</item>
				<item>
					<item>Laundry Information</item>
					<item>
						<item>Laundry Area, Laundry Inside</item>
					</item>
				</item>
				<item>
					<item>Additional Rooms</item>
					<item>
						<item>Dining Room</item>
						<item>Family Room</item>
						<item>Den</item>
						<item>Bar Room, Breakfast Area, Breakfast Bar, Den/Office, Dining Room, Pantry, Master Bedroom, Loft, Living Room, Great Room, Family Room, Patio Open, Two Masters, Walk-In Closet</item>
					</item>
				</item>
				<item>
					<item>Fireplace Information</item>
					<item>
						<item>In Living Room</item>
						<item># of Fireplaces: 1</item>
					</item>
				</item>
				<item>
					<item>Flooring Information</item>
					<item>
						<item>Hardwood Floors, Stone Tile Floors</item>
					</item>
				</item>
				<item>
					<item>Equipment</item>
					<item>
						<item>Barbeque, Built-Ins, Dishwasher, Dryer, Freezer, Garbage Disposal, Gas Dryer Hookup, Hood Fan, Washer, Refrigerator, Range/Oven</item>
					</item>
				</item>
				<item>
					<item>Heating &amp; Cooling</item>
					<item>
						<item>A/C, Central Cooling</item>
						<item>Central Heat</item>
					</item>
				</item>
			</item>
		</item>
		<item>
			<item>Parking / Garage</item>
			<item>
				<item>
					<item>Garage</item>
					<item>
						<item>Attached, Driveway, 2 Car Garage, Garage Is Attached</item>
						<item># of Garage Spaces: 2</item>
					</item>
				</item>
				<item>
					<item>Parking</item>
					<item>
						<item># of Parking Spaces (Total): 2</item>
						<item># of Covered Parking Spaces: 2</item>
						<item># of Open Other Spaces: 2</item>
					</item>
				</item>
			</item>
		</item>
		<item>
			<item>Exterior Features</item>
			<item>
				<item>
					<item>Building Information</item>
					<item>
						<item>Total Floors: 2</item>
						<item>Detached</item>
						<item>Detached/No Common Walls</item>
					</item>
				</item>
				<item>
					<item>Pool Information</item>
					<item>
						<item>Gunite Pool, Heated And Filtered Pool, Pool Heated with Gas, In Ground Pool, Waterfall Pool</item>
						<item>In Ground Spa, Gunite Spa, Private Spa</item>
					</item>
				</item>
			</item>
		</item>
		<item>
			<item>Property / Lot Details</item>
			<item>
				<item>
					<item>Property Information</item>
					<item>
						<item>Property Type: Residential Single-Family</item>
					</item>
				</item>
				<item>
					<item>Land Information</item>
					<item>
						<item>Planned Urban Development</item>
					</item>
				</item>
				<item>
					<item>Lot Information</item>
					<item>
						<item>Lot Size (Sq. Ft.): 20,988</item>
						<item>Lot Size (Acres): 0.4818</item>
						<item>Lot Size Dimensions: 94 x 224</item>
						<item>Zoning: LARE15</item>
					</item>
				</item>
				<item>
					<item>Property Features</item>
					<item>
						<item>Has View</item>
						<item>View: City Lights, Canyon, Hills</item>
					</item>
				</item>
			</item>
		</item>
		<item>
			<item>Documents &amp; Disclosures</item>
			<item>
				<item>
					<item>Documents &amp; Disclosures</item>
					<item>
						<item>Disclosures: CC and R, Homeowners Association, Listing Broker Advantage, Exclusions Call Agent, As Is</item>
					</item>
				</item>
			</item>
		</item>
	</property_details>
	<public_facts>
		<Beds>5</Beds>
		<Baths>7</Baths>
		<Finished_Sq._Ft.>3,987</Finished_Sq._Ft.>
		<Unfinished_Sq._Ft.>—</Unfinished_Sq._Ft.>
		<Total_Sq._Ft.>3,987</Total_Sq._Ft.>
		<Stories>1</Stories>
		<Lot_Size>0.48 Acres</Lot_Size>
		<Style>Single Family Residential</Style>
		<Year_Built>1969</Year_Built>
		<Year_Renovated>2014</Year_Renovated>
		<County>Los Angeles County</County>
		<APN>5569025006</APN>
	</public_facts>
</home>
