<?xml version="1.0" ?>
<home>
	<HomeInfo_Address>
		<street-address>7567 Hermes Dr </street-address>
		<locality>Los Angeles, </locality>
		<region>CA</region>
		<postal-code>90046</postal-code>
	</HomeInfo_Address>
	<main_stats>
		<Price>$5,495,000</Price>
		<Beds>4</Beds>
		<Baths>5.5</Baths>
		<key name="$1194 / Sq. Ft.">4,601</key>
	</main_stats>
	<text_base_description>Set behind private gates, this exquisite Hollywood Hills contemporary features an open floor plan with massive glass doors leading to an enormous 2,000 sq. ft. deck with zero-edge infinity pool, spa, grassy yard, and breathtaking canyon views. The chef's kitchen boasts a massive marble island, custom Italian cabinetry, and top-of-the-line appliances. The luxurious owner's suite comes replete with fireplace, private deck, spa-like bathroom, and an enormous dual walk-in closet. This home offers four additional bedrooms upstairs, plus a movie theater and sauna downstairs. Just minutes away from the Sunset Strip, this newly built masterpiece offers the perfect space for indoor-outdoor entertainment.  </text_base_description>
	<listed_by>
		<name>Jason Oppenheim</name>
		<agentLicenseDisplay>•DRE #01863254</agentLicenseDisplay>
		<org>•DRE #01863254</org>
	</listed_by>
	<price_insights>
		<List_Price>$5,495,000</List_Price>
		<Est._Mo._Payment>$25,466</Est._Mo._Payment>
		<key name="Price/Sq.Ft.">$1,194</key>
	</price_insights>
	<home_facts>
		<Status>Active</Status>
		<Time_on_Redfin>57 days</Time_on_Redfin>
		<Property_Type>Single Family, Residential Single-Family</Property_Type>
		<Year_Built>1979</Year_Built>
		<Style>Contemporary</Style>
		<Community>Sunset Strip - Hollywood Hills West</Community>
		<Lot_Size>0.47 Acres</Lot_Size>
		<key name="MLS#">20-610366</key>
	</home_facts>
	<property_details>
		<item>
			<item>Interior Features</item>
			<item>
				<item>
					<item>Bathroom Information</item>
					<item>
						<item># of Baths (Full): 5</item>
						<item># of Baths (1/2): 1</item>
					</item>
				</item>
				<item>
					<item>Laundry Information</item>
					<item>
						<item>Laundry Inside, Laundry Area</item>
					</item>
				</item>
				<item>
					<item>Additional Rooms</item>
					<item>
						<item>Dining Room</item>
						<item>Family Room</item>
						<item>Bar Room, Basement, Bonus Room, Dining Room, Family Room, Home Theatre, Master Bedroom, Media Room, Office, Patio Open, Powder Room, Sauna, Sound Studio, Walk-In Closet</item>
					</item>
				</item>
				<item>
					<item>Fireplace Information</item>
					<item>
						<item>In Family Room, Gas Fireplace, In Master Bedroom</item>
					</item>
				</item>
				<item>
					<item>Flooring Information</item>
					<item>
						<item>Hardwood Floors</item>
					</item>
				</item>
				<item>
					<item>Equipment</item>
					<item>
						<item>Alarm System, Barbeque, Built-Ins, Dishwasher, Dryer, Freezer, Garbage Disposal, Hood Fan, Ice Maker, Microwave, Refrigerator, Range/Oven, Washer</item>
					</item>
				</item>
				<item>
					<item>Heating &amp; Cooling</item>
					<item>
						<item>Central Cooling</item>
						<item>Central Heat</item>
					</item>
				</item>
			</item>
		</item>
		<item>
			<item>Parking / Garage</item>
			<item>
				<item>
					<item>Garage</item>
					<item>
						<item>Driveway, 2 Car Garage, On street, Gated</item>
					</item>
				</item>
				<item>
					<item>Parking</item>
					<item>
						<item># of Parking Spaces (Total): 4</item>
					</item>
				</item>
			</item>
		</item>
		<item>
			<item>Exterior Features</item>
			<item>
				<item>
					<item>Building Information</item>
					<item>
						<item>Total Floors: 3</item>
						<item>Detached</item>
						<item>Detached/No Common Walls</item>
					</item>
				</item>
				<item>
					<item>Pool Information</item>
					<item>
						<item>Pool Heated with Gas, Negative Edge/Infinity Pool</item>
						<item>Heated with Gas, Hot Tub, Bath Tub</item>
					</item>
				</item>
			</item>
		</item>
		<item>
			<item>Taxes / Assessments, Location Details, Documents &amp; Disclosures</item>
			<item>
				<item>
					<item>Assessment Information</item>
					<item>
						<item>Assessor Parcel Number: 5569-015-050</item>
					</item>
				</item>
				<item>
					<item>Location Information</item>
					<item>
						<item>Directions: Mount Olympus to Oceanus, then left on Hercules, right on Apollo, and right on Hermes</item>
					</item>
				</item>
				<item>
					<item>Documents &amp; Disclosures</item>
					<item>
						<item>Disclosures: As Is</item>
					</item>
				</item>
			</item>
		</item>
		<item>
			<item>Property / Lot Details</item>
			<item>
				<item>
					<item>Property Information</item>
					<item>
						<item>Property Type: Residential Single-Family</item>
					</item>
				</item>
				<item>
					<item>Lot Information</item>
					<item>
						<item>Lot Size (Sq. Ft.): 20,566</item>
						<item>Lot Size (Acres): 0.4721</item>
						<item>Zoning: LARE15</item>
					</item>
				</item>
				<item>
					<item>Property Features</item>
					<item>
						<item>Has View</item>
						<item>View: Canyon, Hills, Pool</item>
					</item>
				</item>
			</item>
		</item>
	</property_details>
	<public_facts>
		<Beds>5</Beds>
		<Baths>6</Baths>
		<Finished_Sq._Ft.>3,804</Finished_Sq._Ft.>
		<Unfinished_Sq._Ft.>—</Unfinished_Sq._Ft.>
		<Total_Sq._Ft.>3,804</Total_Sq._Ft.>
		<Stories>2</Stories>
		<Lot_Size>0.47 Acres</Lot_Size>
		<Style>Single Family Residential</Style>
		<Year_Built>1979</Year_Built>
		<Year_Renovated>2019</Year_Renovated>
		<County>Los Angeles County</County>
		<APN>5569015050</APN>
	</public_facts>
</home>
