<?xml version="1.0" ?>
<home>
	<HomeInfo_Address>
		<street-address>2664 Zorada Dr </street-address>
		<locality>Los Angeles, </locality>
		<region>CA</region>
		<postal-code>90046</postal-code>
	</HomeInfo_Address>
	<main_stats>
		<Price>$1,629,000</Price>
		<Beds>2</Beds>
		<Baths>3</Baths>
		<key name="$728 / Sq. Ft.">2,239</key>
	</main_stats>
	<text_base_description>This exquisite, Zen like retreat is the perfect designer decorated home nestled in lower Nichols Canyon in the Hollywood Hills. Hedged and gated for privacy, this modern home is serene from the moment you step through the gate to the lily pond courtyard and enter the home with a flowing open floor plan with high vaulted ceilings, hard wood floors, gourmet kitchen, family room w/ fireplace. French doors open to tranquil Zen-inspired patios/decks with fountain, spa and waterfall, sauna, outdoor shower, as well as multiple, seating, sunning and dining areas all surrounded by lush landscaping. Spacious Master Suite has vaulted ceilings and spa tub. Easy access to Hollywood, Beverly Hills as well as Studio City and Burbank.  </text_base_description>
	<listed_by>
		<name>Mimi Starrett</name>
		<agentLicenseDisplay>•DRE #00852660</agentLicenseDisplay>
		<org>•DRE #00852660</org>
	</listed_by>
	<price_insights>
		<List_Price>$1,629,000</List_Price>
		<Est._Mo._Payment>$7,554</Est._Mo._Payment>
		<Redfin_Estimate>$1,629,024</Redfin_Estimate>
		<key name="Price/Sq.Ft.">$728</key>
	</price_insights>
	<home_facts>
		<Status>Active</Status>
		<Time_on_Redfin>9 hours</Time_on_Redfin>
		<Property_Type>Single Family, Residential Single-Family</Property_Type>
		<Baths>1 full, 2 partial</Baths>
		<Year_Built>1971</Year_Built>
		<Style>Contemporary</Style>
		<Community>Sunset Strip - Hollywood Hills West</Community>
		<Lot_Size>0.42 Acres</Lot_Size>
		<key name="MLS#">20-636568</key>
	</home_facts>
	<property_details>
		<item>
			<item>Interior Features</item>
			<item>
				<item>
					<item>Bathroom Information</item>
					<item>
						<item># of Baths (Full): 1</item>
						<item># of Baths (3/4): 1</item>
						<item># of Baths (1/2): 1</item>
					</item>
				</item>
				<item>
					<item>Laundry Information</item>
					<item>
						<item>Laundry in Garage</item>
					</item>
				</item>
				<item>
					<item>Additional Rooms</item>
					<item>
						<item>Family Room</item>
						<item>Dining Area, Family Room, Living Room, Master Bedroom, Patio Open, Powder Room</item>
					</item>
				</item>
				<item>
					<item>Fireplace Information</item>
					<item>
						<item>Decorative</item>
						<item># of Fireplaces: 1</item>
					</item>
				</item>
				<item>
					<item>Flooring Information</item>
					<item>
						<item>Hardwood Floors</item>
					</item>
				</item>
				<item>
					<item>Equipment</item>
					<item>
						<item>Alarm System, Dishwasher, Garbage Disposal, Range/Oven, Refrigerator</item>
					</item>
				</item>
				<item>
					<item>Heating &amp; Cooling</item>
					<item>
						<item>Central Cooling</item>
						<item>Central Heat</item>
					</item>
				</item>
			</item>
		</item>
		<item>
			<item>Parking / Garage, Utilities, Taxes / Assessments, Location Details</item>
			<item>
				<item>
					<item>Garage</item>
					<item>
						<item>2 Car Garage, Garage Is Attached, Direct Entrance, Driveway</item>
					</item>
				</item>
				<item>
					<item>Utility Information</item>
					<item>
						<item>Sewer: In Connected and Paid</item>
						<item>Water: Public</item>
					</item>
				</item>
				<item>
					<item>Assessment Information</item>
					<item>
						<item>Assessor Parcel Number: 5569-020-007</item>
					</item>
				</item>
				<item>
					<item>Location Information</item>
					<item>
						<item>Directions: Hollywood Boulevard to Nichols Canyon Road to Willow Glen to Zorada Drive</item>
					</item>
				</item>
			</item>
		</item>
		<item>
			<item>Exterior Features</item>
			<item>
				<item>
					<item>Building Information</item>
					<item>
						<item>Total Floors: 2</item>
						<item>Detached</item>
						<item>Detached/No Common Walls</item>
					</item>
				</item>
				<item>
					<item>Exterior Features</item>
					<item>
						<item>Roof: Concrete, Tile</item>
						<item>Patio Features: Deck(s)</item>
					</item>
				</item>
				<item>
					<item>Pool Information</item>
					<item>
						<item>In Ground Spa</item>
					</item>
				</item>
			</item>
		</item>
		<item>
			<item>Property / Lot Details</item>
			<item>
				<item>
					<item>Property Information</item>
					<item>
						<item>Property Type: Residential Single-Family</item>
					</item>
				</item>
				<item>
					<item>Lot Information</item>
					<item>
						<item>Lot Size (Sq. Ft.): 18,244</item>
						<item>Zoning: LARE11</item>
						<item>Special Zoning: Property Report</item>
					</item>
				</item>
				<item>
					<item>Property Features</item>
					<item>
						<item>Has View</item>
						<item>View: Tree Top</item>
					</item>
				</item>
			</item>
		</item>
		<item>
			<item>Documents &amp; Disclosures, Listing Information</item>
			<item>
				<item>
					<item>Documents &amp; Disclosures</item>
					<item>
						<item>Disclosures: As Is</item>
					</item>
				</item>
				<item>
					<item>Listing Information</item>
					<item>
						<item>Possession: Close Of Escrow</item>
					</item>
				</item>
			</item>
		</item>
	</property_details>
	<public_facts>
		<Beds>2</Beds>
		<Baths>3</Baths>
		<Finished_Sq._Ft.>2,102</Finished_Sq._Ft.>
		<Unfinished_Sq._Ft.>—</Unfinished_Sq._Ft.>
		<Total_Sq._Ft.>2,102</Total_Sq._Ft.>
		<Stories>2</Stories>
		<Lot_Size>0.42 Acres</Lot_Size>
		<Style>Single Family Residential</Style>
		<Year_Built>1971</Year_Built>
		<Year_Renovated>1976</Year_Renovated>
		<County>Los Angeles County</County>
		<APN>5569020007</APN>
	</public_facts>
</home>
