<?xml version="1.0" ?>
<home>
	<HomeInfo_Address>
		<street-address>2625 La Cuesta Dr </street-address>
		<locality>Los Angeles, </locality>
		<region>CA</region>
		<postal-code>90046</postal-code>
	</HomeInfo_Address>
	<main_stats>
		<Price>$1,299,999</Price>
		<Bed>1</Bed>
		<Baths>2</Baths>
		<key name="$828 / Sq. Ft.">1,570</key>
	</main_stats>
	<text_base_description>Ultra Chic Pied-A-Terre Nestled In Hollywood Hills/ NICHOLS CANYON With Beautiful Canyon/City Lights Views. PROPERTY HAS ELEVATOR FROM GARAGE TO SECOND FLOOR      Impeccably Furnished And Decorated. This Spacious One Bedroom/1.5 Bath, Two-Story FURNISHED HOME Offers All The Amenities And Luxuries One Could Ask. Gorgeous Living Area W/ Beautiful Hardwood Flooring Thru-out, Gourmet Kitchen W/ Custom Cabinetry and Stainless Steel Appliances, Breakfast Nook, Formal Dining Area, Spacious Master Suite w/ Office Area/Nook. Ample Closet Space Thru-out, Master Bathroom Offers Custom Tile/Glass/Separate Shower Tub. Two Large Balconies To Enjoy The City Lights And Canyon Views. Two-Car-Garage And Bonus Area Provide Extra Space For Storage And Laundry Facilities. Very Private And Secure W/ Alarm System. Just A Few Minutes Away From Sunset Blvd. OR Studio City . . . No Need To Preview. TURNKEY! </text_base_description>
	<listed_by>
		<name>Richard Furstenberg</name>
		<agentLicenseDisplay>•DRE #01181680</agentLicenseDisplay>
		<org>•DRE #01181680</org>
	</listed_by>
	<price_insights>
		<List_Price>$1,299,999</List_Price>
		<Est._Mo._Payment>$6,025</Est._Mo._Payment>
		<Redfin_Estimate>$1,282,252</Redfin_Estimate>
		<key name="Price/Sq.Ft.">$828</key>
	</price_insights>
	<home_facts>
		<Status>Active</Status>
		<Time_on_Redfin>7 days</Time_on_Redfin>
		<Property_Type>Single Family Residence</Property_Type>
		<Year_Built>1990</Year_Built>
		<Style>Contemporary</Style>
		<Community>C03 - Sunset Strip - Hollywood Hills West</Community>
		<Lot_Size>1,223 Sq. Ft.</Lot_Size>
		<key name="MLS#">TR20194696</key>
	</home_facts>
	<property_details>
		<item>
			<item>Interior Features</item>
			<item>
				<item>
					<item>Laundry Information</item>
					<item>
						<item>Has Laundry</item>
						<item>Area</item>
					</item>
				</item>
				<item>
					<item>Kitchen Information</item>
					<item>
						<item>Appliances: 6 Burner Stove, Dishwasher, Garbage Disposal, Gas Oven, Gas Range</item>
						<item>Has Appliances</item>
						<item>Kitchen Open to Family Room</item>
					</item>
				</item>
				<item>
					<item>Bathroom Information</item>
					<item>
						<item># of Baths (Full): 2</item>
						<item>Bathtub</item>
					</item>
				</item>
				<item>
					<item>Cooling Information</item>
					<item>
						<item>Central</item>
						<item>Has Cooling</item>
					</item>
				</item>
				<item>
					<item>Room Information</item>
					<item>
						<item>All Bedrooms Up</item>
					</item>
				</item>
				<item>
					<item>Flooring Information</item>
					<item>
						<item>See Remarks</item>
					</item>
				</item>
				<item>
					<item>Heating Information</item>
					<item>
						<item>Central Furnace</item>
						<item>Has Heating</item>
					</item>
				</item>
				<item>
					<item>Interior Features</item>
					<item>
						<item>Levels: Two</item>
						<item>Main Level Bathrooms: 1</item>
						<item>Main Level Bedrooms: 0</item>
						<item>Security Features: Security System</item>
					</item>
				</item>
			</item>
		</item>
		<item>
			<item>Parking / Garage, Exterior Features, Multi-Unit Information, Utilities</item>
			<item>
				<item>
					<item>Parking / Garage Information</item>
					<item>
						<item>Attached Garage</item>
						<item># of Garage Spaces: 2</item>
						<item># of Parking Spaces: 2</item>
					</item>
				</item>
				<item>
					<item>Exterior Features</item>
					<item>
						<item>Pool Features: None</item>
					</item>
				</item>
				<item>
					<item>Multi-Unit Information</item>
					<item>
						<item># of Units In Community: 1</item>
					</item>
				</item>
				<item>
					<item>Utilities Information</item>
					<item>
						<item>Sewer: Sewer or Septic - Unknown</item>
						<item>Water Source: See Remarks</item>
					</item>
				</item>
			</item>
		</item>
		<item>
			<item>School / Neighborhood</item>
			<item>
				<item>
					<item>Neighborhood Information</item>
					<item>
						<item>Mountainous</item>
					</item>
				</item>
				<item>
					<item>School Information</item>
					<item>
						<item>High School District: Los Angeles Unified</item>
					</item>
				</item>
			</item>
		</item>
		<item>
			<item>Property / Lot Details</item>
			<item>
				<item>
					<item>Lot Information</item>
					<item>
						<item>Elevation Units: Feet</item>
						<item>Lot Size Source: Assessor's Data</item>
						<item>Lot Features: 0-1 Unit/Acre</item>
					</item>
				</item>
				<item>
					<item>Property Information</item>
					<item>
						<item>Total # of Units: 1</item>
						<item>Common Walls: No Common Walls</item>
						<item>Parcel Number: 5571015007</item>
						<item>Has View</item>
						<item>Year Built Source: Assessor</item>
					</item>
				</item>
			</item>
		</item>
		<item>
			<item>Location Details</item>
			<item>
				<item>
					<item>Location Information</item>
					<item>
						<item>Directions: Cross Streets: Nichols Canyon</item>
						<item>Road Surface Type: Maintained</item>
					</item>
				</item>
			</item>
		</item>
	</property_details>
	<public_facts>
		<Beds>1</Beds>
		<Baths>2</Baths>
		<Finished_Sq._Ft.>1,570</Finished_Sq._Ft.>
		<Unfinished_Sq._Ft.>—</Unfinished_Sq._Ft.>
		<Total_Sq._Ft.>1,570</Total_Sq._Ft.>
		<Stories>—</Stories>
		<Lot_Size>1,213 Sq. Ft.</Lot_Size>
		<Style>Single Family Residential</Style>
		<Year_Built>1990</Year_Built>
		<Year_Renovated>1990</Year_Renovated>
		<County>Los Angeles County</County>
		<APN>5571015007</APN>
	</public_facts>
</home>
