<?xml version="1.0" ?>
<home>
	<HomeInfo_Address>
		<street-address>2410 Nichols Canyon Rd </street-address>
		<locality>Los Angeles, </locality>
		<region>CA</region>
		<postal-code>90046</postal-code>
	</HomeInfo_Address>
	<main_stats>
		<Price>$3,100,000</Price>
		<Beds>4</Beds>
		<Baths>4</Baths>
		<key name="$798 / Sq. Ft.">3,883</key>
	</main_stats>
	<text_base_description>This amazing Hollywood Hills home is ideally located in lower Nichols Canyon providing easy city access while remaining one with nature! The park like setting offers ultimate privacy on a large flat lot with pool, spa, patio, lawn and over 60 fruit trees. The gracious living room, w/ fireplace, opens to the surrounding greenery thru dramatic glass doors  &amp;  oversized windows evoking a tranquil Zen feeling. Beautiful bamboo  &amp;  hardwood floors add warmth to all public rooms. The Chefs kitchen has professional SS appliances: Miele ovens; 2 Sub Zeros; DCS cooktop; Siematic cabinets; black granite counters; tiled backsplashes; center island  &amp;  walk-in pantry! The main level Master offers ample closets  &amp;  bath w/ spa tub  &amp;  shower. The lower level has 2 bedrooms, library area, private patio and an 800-bottle wine cellar. The 4th in-suite bedroom, with an office/sitting area, encompasses the entire 2nd floor. With ample parking, this property provides every amenity for gracious canyon living! </text_base_description>
	<listed_by>
		<name>Eric Lowry</name>
		<agentLicenseDisplay>•DRE #00955553</agentLicenseDisplay>
		<org>•DRE #00955553</org>
	</listed_by>
	<price_insights>
		<List_Price>$3,100,000</List_Price>
		<Est._Mo._Payment>$14,367</Est._Mo._Payment>
		<key name="Price/Sq.Ft.">$798</key>
	</price_insights>
	<home_facts>
		<Status>Active</Status>
		<Time_on_Redfin>22 days</Time_on_Redfin>
		<Property_Type>Residential Single-Family</Property_Type>
		<Baths>2 full, 2 partial</Baths>
		<Year_Built>1939</Year_Built>
		<Style>Contemporary</Style>
		<Community>Sunset Strip - Hollywood Hills West</Community>
		<Lot_Size>0.42 Acres</Lot_Size>
		<key name="MLS#">20-627220</key>
	</home_facts>
	<property_details>
		<item>
			<item>Virtual Tour, Taxes / Assessments, Location Details, Documents &amp; Disclosures</item>
			<item>
				<item>
					<item>Virtual Tour</item>
					<item>
						<item>Virtual Tour (External Link)</item>
					</item>
				</item>
				<item>
					<item>Assessment Information</item>
					<item>
						<item>Assessor Parcel Number: 5571-005-009</item>
					</item>
				</item>
				<item>
					<item>Location Information</item>
					<item>
						<item>Directions: Turn North on Nichols Canyon from Hollywood Blvd.</item>
					</item>
				</item>
				<item>
					<item>Documents &amp; Disclosures</item>
					<item>
						<item>Disclosures: Listing Broker Advantage, As Is</item>
					</item>
				</item>
			</item>
		</item>
		<item>
			<item>Interior Features</item>
			<item>
				<item>
					<item>Bathroom Information</item>
					<item>
						<item># of Baths (Full): 2</item>
						<item># of Baths (3/4): 2</item>
					</item>
				</item>
				<item>
					<item>Laundry Information</item>
					<item>
						<item>Laundry Inside</item>
					</item>
				</item>
				<item>
					<item>Additional Rooms</item>
					<item>
						<item>Dining Room</item>
						<item>Family Room</item>
						<item>Den</item>
						<item>Breakfast Bar, Breakfast Area, Family Room, Formal Entry Room, Patio Open, Dining Room, Living Room, Master Bedroom, Library/Study, Study/Office, Den</item>
						<item>Maids Room</item>
					</item>
				</item>
				<item>
					<item>Fireplace Information</item>
					<item>
						<item>In Living Room, Gas Starter, Gas and Wood</item>
						<item># of Fireplaces: 1</item>
					</item>
				</item>
				<item>
					<item>Flooring Information</item>
					<item>
						<item>Bamboo Floors, Carpeted Floors, Hardwood Floors</item>
					</item>
				</item>
				<item>
					<item>Equipment</item>
					<item>
						<item>Alarm System, Built-Ins, Dishwasher, Dryer, Garbage Disposal, Gas Dryer Hookup, Hood Fan</item>
					</item>
				</item>
				<item>
					<item>Heating &amp; Cooling</item>
					<item>
						<item>A/C, Central Cooling, Multi/Zone Cooling</item>
						<item>Central Heat</item>
					</item>
				</item>
			</item>
		</item>
		<item>
			<item>Parking / Garage</item>
			<item>
				<item>
					<item>Garage</item>
					<item>
						<item>Attached, Circular Driveway, Door Opener</item>
						<item># of Garage Spaces: 2</item>
					</item>
				</item>
				<item>
					<item>Parking</item>
					<item>
						<item># of Parking Spaces (Total): 5</item>
						<item># of Covered Parking Spaces: 2</item>
						<item># of Open Other Spaces: 3</item>
					</item>
				</item>
			</item>
		</item>
		<item>
			<item>Exterior Features</item>
			<item>
				<item>
					<item>Building Information</item>
					<item>
						<item>Total Floors: 3</item>
						<item>Detached</item>
						<item>Detached/No Common Walls</item>
						<item>Faces South</item>
					</item>
				</item>
				<item>
					<item>Pool Information</item>
					<item>
						<item>In Ground Pool, Gunite Pool, Heated And Filtered Pool, Private Pool</item>
						<item>Gunite Spa, Heated Spa, In Ground Spa</item>
					</item>
				</item>
			</item>
		</item>
		<item>
			<item>Property / Lot Details</item>
			<item>
				<item>
					<item>Property Information</item>
					<item>
						<item>Land Lease Type: Fee</item>
						<item>Property Type: Residential Single-Family</item>
					</item>
				</item>
				<item>
					<item>Lot Information</item>
					<item>
						<item>Lot Size (Sq. Ft.): 18,131</item>
						<item>Lot Size (Acres): 0.4162</item>
						<item>Lot Size Dimensions: 92 x 110</item>
						<item>Zoning: LARE11</item>
					</item>
				</item>
				<item>
					<item>Property Features</item>
					<item>
						<item>Has View</item>
						<item>View: Canyon, Green Belt</item>
					</item>
				</item>
			</item>
		</item>
		<item>
			<item>Listing Information</item>
			<item>
				<item>
					<item>Listing Information</item>
					<item>
						<item>Inclusions: washer, dryer</item>
					</item>
				</item>
			</item>
		</item>
	</property_details>
	<public_facts>
		<Beds>4</Beds>
		<Baths>4</Baths>
		<Finished_Sq._Ft.>3,191</Finished_Sq._Ft.>
		<Unfinished_Sq._Ft.>—</Unfinished_Sq._Ft.>
		<Total_Sq._Ft.>3,191</Total_Sq._Ft.>
		<Stories>1</Stories>
		<Lot_Size>0.42 Acres</Lot_Size>
		<Style>Single Family Residential</Style>
		<Year_Built>1939</Year_Built>
		<Year_Renovated>1964</Year_Renovated>
		<County>Los Angeles County</County>
		<APN>5571005009</APN>
	</public_facts>
</home>
