<?xml version="1.0" ?>
<home>
	<HomeInfo_Address>
		<street-address>2861 Seattle Dr </street-address>
		<locality>Los Angeles, </locality>
		<region>CA</region>
		<postal-code>90046</postal-code>
	</HomeInfo_Address>
	<main_stats>
		<Price>$4,450,000</Price>
		<Beds>4</Beds>
		<Baths>4.75</Baths>
		<key name="$1125 / Sq. Ft.">3,955</key>
	</main_stats>
	<text_base_description>Sited at the end of a private cul-de-sac in the heart of celebrity row, this 4-bed, 4.5-bath, gated, modern home was designed by Ralph Yanagawa, AIA, has recently undergone a meticulous restoration and offers California living at its finest. From the entry hall, ascend a flight of stairs to a dramatic living room, fireplace, den, and bar with an abundance of natural light, floor to ceiling Fleetwood doors and windows. The chef’s kitchen has a Miele coffee system, Gaggenau wine storage, Dacor appliances and walk-in pantry. The generous master suite includes a sitting area, walk-in closet, and travertine stone master bath with Waterworks tub, overlooking the city below. Downstairs is a Dolby Atmos screening room and two additional ensuite bedrooms, one used as a private gym. Additional features include: Savant home automation, Lutron lighting and shades, oversized 2-car garage, plus ample off-street parking. Professionally landscaped gardens are highlighted by a pool and spa.  </text_base_description>
	<listed_by>
		<name>H. Blair Chang</name>
		<agentLicenseDisplay>•DRE #01248419</agentLicenseDisplay>
		<org>•DRE #01248419</org>
	</listed_by>
	<price_insights>
		<List_Price>$4,450,000</List_Price>
		<Est._Mo._Payment>$20,615</Est._Mo._Payment>
		<Redfin_Estimate>$4,296,107</Redfin_Estimate>
		<key name="Price/Sq.Ft.">$1,125</key>
	</price_insights>
	<home_facts>
		<Status>Active</Status>
		<Time_on_Redfin>15 days</Time_on_Redfin>
		<Property_Type>Single Family, Residential Single-Family</Property_Type>
		<Year_Built>1988</Year_Built>
		<Style>Modern</Style>
		<Community>Sunset Strip - Hollywood Hills West</Community>
		<Lot_Size>0.30 Acres</Lot_Size>
		<key name="MLS#">20-629566</key>
	</home_facts>
	<property_details>
		<item>
			<item>Virtual Tour, Utilities, Taxes / Assessments, Location Details</item>
			<item>
				<item>
					<item>Virtual Tour</item>
					<item>
						<item>Virtual Tour (External Link)</item>
					</item>
				</item>
				<item>
					<item>Utility Information</item>
					<item>
						<item>Sewer: Septic</item>
					</item>
				</item>
				<item>
					<item>Assessment Information</item>
					<item>
						<item>Assessor Parcel Number: 5570-024-054</item>
					</item>
				</item>
				<item>
					<item>Location Information</item>
					<item>
						<item>Directions: S. of Mulholland off Woodrow Wilson.</item>
					</item>
				</item>
			</item>
		</item>
		<item>
			<item>Interior Features</item>
			<item>
				<item>
					<item>Bedroom Information</item>
					<item>
						<item>Master Suite, WalkInCloset</item>
					</item>
				</item>
				<item>
					<item>Bathroom Information</item>
					<item>
						<item># of Baths (Full): 4</item>
						<item># of Baths (3/4): 1</item>
						<item>Double Vanity(s), Remodeled, Powder Room, Shower and Tub, Tile, Travertine</item>
					</item>
				</item>
				<item>
					<item>Kitchen Information</item>
					<item>
						<item>Convection Oven, Cooktop - Gas, Gas, Range, Oven-Gas, Oven</item>
						<item>Counter Top, Island, Pantry, Remodeled, Skylight(s), Stone Counters</item>
					</item>
				</item>
				<item>
					<item>Laundry Information</item>
					<item>
						<item>Laundry Area, Laundry Room</item>
					</item>
				</item>
				<item>
					<item>Additional Rooms</item>
					<item>
						<item>Dining Room</item>
						<item>Family Room</item>
						<item>Dining Room, Entry Room, Family Room, Great Room, Home Theatre, Gym, Living Room, Master Bedroom, Media Room, Walk-In Closet</item>
					</item>
				</item>
				<item>
					<item>Interior Features</item>
					<item>
						<item>Built-Ins, High Ceilings (9 Feet+), Pre-wired for surround sound, Storage Space</item>
						<item>Foyer</item>
						<item>Windows: Double Pane Windows, Skylights, Window Blinds, Vertical Blinds</item>
					</item>
				</item>
				<item>
					<item>Fireplace Information</item>
					<item>
						<item>In Den, In Dining Area, In Master Bedroom</item>
						<item># of Fireplaces: 3</item>
					</item>
				</item>
				<item>
					<item>Flooring Information</item>
					<item>
						<item>Hardwood Floors, Tile Floors, Stone Tile Floors</item>
					</item>
				</item>
				<item>
					<item>Equipment</item>
					<item>
						<item>Alarm System, Dishwasher, Dryer, Freezer, Garbage Disposal, Refrigerator, Range/Oven, Washer</item>
					</item>
				</item>
				<item>
					<item>Heating &amp; Cooling</item>
					<item>
						<item>Central Cooling</item>
						<item>Central Heat</item>
					</item>
				</item>
			</item>
		</item>
		<item>
			<item>Parking / Garage</item>
			<item>
				<item>
					<item>Garage</item>
					<item>
						<item>Garage, 2 Car Garage, Driveway Gate, Private, Private Garage, Gated, Driveway, Covered Parking, On street</item>
						<item># of Garage Spaces: 2</item>
					</item>
				</item>
				<item>
					<item>Parking</item>
					<item>
						<item># of Parking Spaces (Total): 6</item>
						<item># of Covered Parking Spaces: 2</item>
						<item># of Open Other Spaces: 4</item>
					</item>
				</item>
			</item>
		</item>
		<item>
			<item>Exterior Features</item>
			<item>
				<item>
					<item>Building Information</item>
					<item>
						<item>Total Floors: 2</item>
						<item>Attached</item>
						<item>Attached</item>
						<item>Security Features: Automatic Gate, Carbon Monoxide Detector(s), Exterior Security Lights, Fire and Smoke Detection System, Gated, Smoke Detector</item>
					</item>
				</item>
				<item>
					<item>Exterior Features</item>
					<item>
						<item>Other Structural Features: Balcony, High Ceilings (9 Feet+)</item>
					</item>
				</item>
				<item>
					<item>Pool Information</item>
					<item>
						<item>Heated Pool, In Ground Pool, Waterfall Pool, Private Pool</item>
						<item>Heated Spa, In Ground Spa</item>
					</item>
				</item>
			</item>
		</item>
		<item>
			<item>Property / Lot Details</item>
			<item>
				<item>
					<item>Property Information</item>
					<item>
						<item>Property Type: Residential Single-Family</item>
					</item>
				</item>
				<item>
					<item>Lot Information</item>
					<item>
						<item>Lot Size (Sq. Ft.): 12,967</item>
						<item>Lot Size (Acres): 0.2977</item>
						<item>Zoning: LARE11</item>
						<item>Special Zoning: Property Report</item>
					</item>
				</item>
				<item>
					<item>Property Features</item>
					<item>
						<item>Has View</item>
						<item>View: Canyon, City Lights, City</item>
					</item>
				</item>
			</item>
		</item>
		<item>
			<item>Documents &amp; Disclosures</item>
			<item>
				<item>
					<item>Documents &amp; Disclosures</item>
					<item>
						<item>Disclosures: As Is</item>
					</item>
				</item>
			</item>
		</item>
	</property_details>
	<public_facts>
		<Beds>4</Beds>
		<Baths>5</Baths>
		<Finished_Sq._Ft.>2,939</Finished_Sq._Ft.>
		<Unfinished_Sq._Ft.>—</Unfinished_Sq._Ft.>
		<Total_Sq._Ft.>2,939</Total_Sq._Ft.>
		<Stories>—</Stories>
		<Lot_Size>0.30 Acres</Lot_Size>
		<Style>Single Family Residential</Style>
		<Year_Built>1988</Year_Built>
		<Year_Renovated>2005</Year_Renovated>
		<County>Los Angeles County</County>
		<APN>5570024054</APN>
	</public_facts>
</home>
