<?xml version="1.0" ?>
<home>
	<HomeInfo_Address>
		<street-address>2200 Nichols Canyon Rd </street-address>
		<locality>Los Angeles, </locality>
		<region>CA</region>
		<postal-code>90046</postal-code>
	</HomeInfo_Address>
	<main_stats>
		<Price>$1,500,000</Price>
		<Beds>2</Beds>
		<Bath>1</Bath>
		<key name="$811 / Sq. Ft.">1,850</key>
	</main_stats>
	<text_base_description>Investors Dream. A tear Down. Sold 'AS IS' Buyer  and buyer's Broker should do their due diligence. Listing broker does not guarantee any square footage or bedroom and bathrooms.  </text_base_description>
	<listed_by>
		<name>Iboro Essang</name>
		<agentLicenseDisplay>•DRE #01489538</agentLicenseDisplay>
		<org>•DRE #01489538</org>
	</listed_by>
	<price_insights>
		<List_Price>$1,500,000</List_Price>
		<Est._Mo._Payment>$6,952</Est._Mo._Payment>
		<Redfin_Estimate>$1,843,009</Redfin_Estimate>
		<key name="Price/Sq.Ft.">$811</key>
	</price_insights>
	<home_facts>
		<Status>Active</Status>
		<Time_on_Redfin>18 days</Time_on_Redfin>
		<Property_Type>Single Family Residence</Property_Type>
		<Year_Built>1942</Year_Built>
		<Community>C03 - Sunset Strip - Hollywood Hills West</Community>
		<Lot_Size>0.49 Acres</Lot_Size>
		<key name="MLS#">SR20185380</key>
	</home_facts>
	<property_details>
		<item>
			<item>Interior Features</item>
			<item>
				<item>
					<item>Laundry Information</item>
					<item>
						<item>Has Laundry</item>
						<item>Gas &amp; Electric Dryer Hookup, Washer Hookup</item>
					</item>
				</item>
				<item>
					<item>Kitchen Information</item>
					<item>
						<item>Appliances: None</item>
					</item>
				</item>
				<item>
					<item>Bathroom Information</item>
					<item>
						<item># of Baths (Full): 1</item>
					</item>
				</item>
				<item>
					<item>Room Information</item>
					<item>
						<item>All Bedrooms Down</item>
					</item>
				</item>
				<item>
					<item>Interior Features</item>
					<item>
						<item>Levels: One</item>
						<item>Main Level Bathrooms: 1</item>
						<item>Main Level Bedrooms: 2</item>
					</item>
				</item>
			</item>
		</item>
		<item>
			<item>Parking / Garage, Exterior Features, Utilities, Location Details</item>
			<item>
				<item>
					<item>Parking / Garage Information</item>
					<item>
						<item>Attached Garage</item>
						<item># of Garage Spaces: 2</item>
						<item># of Parking Spaces: 2</item>
					</item>
				</item>
				<item>
					<item>Exterior Features</item>
					<item>
						<item>Patio And Porch Features: None</item>
						<item>Has Patio</item>
						<item>Pool Features: None</item>
					</item>
				</item>
				<item>
					<item>Utilities Information</item>
					<item>
						<item>Sewer: Public Sewer</item>
						<item>Water Source: District/Public</item>
					</item>
				</item>
				<item>
					<item>Location Information</item>
					<item>
						<item>Directions: Hollywood Blvd and Nichols Cayon Road</item>
						<item>Zoning: LARE15</item>
					</item>
				</item>
			</item>
		</item>
		<item>
			<item>School / Neighborhood</item>
			<item>
				<item>
					<item>Neighborhood Information</item>
					<item>
						<item>Hiking</item>
					</item>
				</item>
				<item>
					<item>School Information</item>
					<item>
						<item>High School District: Los Angeles Unified</item>
					</item>
				</item>
			</item>
		</item>
		<item>
			<item>Property / Lot Details</item>
			<item>
				<item>
					<item>Lot Information</item>
					<item>
						<item>Elevation Units: Feet</item>
						<item>Lot Size Source: Assessor's Data</item>
						<item>Lot Features: 0-1 Unit/Acre</item>
					</item>
				</item>
				<item>
					<item>Property Information</item>
					<item>
						<item>Total # of Units: 1</item>
						<item>Common Walls: No Common Walls</item>
						<item>Parcel Number: 5571008003</item>
						<item>Total # of Stories: 1</item>
						<item>Year Built Source: Assessor</item>
					</item>
				</item>
			</item>
		</item>
	</property_details>
	<public_facts>
		<Beds>2</Beds>
		<Baths>1</Baths>
		<Finished_Sq._Ft.>1,850</Finished_Sq._Ft.>
		<Unfinished_Sq._Ft.>—</Unfinished_Sq._Ft.>
		<Total_Sq._Ft.>1,850</Total_Sq._Ft.>
		<Stories>1</Stories>
		<Lot_Size>0.49 Acres</Lot_Size>
		<Style>Single Family Residential</Style>
		<Year_Built>1942</Year_Built>
		<Year_Renovated>1944</Year_Renovated>
		<County>Los Angeles County</County>
		<APN>5571008003</APN>
	</public_facts>
</home>
