<?xml version="1.0" ?>
<home>
	<HomeInfo_Address>
		<street-address>1922 N Curson Ave </street-address>
		<locality>Los Angeles, </locality>
		<region>CA</region>
		<postal-code>90046</postal-code>
	</HomeInfo_Address>
	<main_stats>
		<Price>$1,645,000</Price>
		<Beds>3</Beds>
		<Baths>3</Baths>
		<key name="$1070 / Sq. Ft.">1,538</key>
	</main_stats>
	<text_base_description>A peaceful Hollywood Hills retreat, backed up to one of the few parks in Los Angeles, boasts privacy and serenity, while simultaneously offering close access to Sunset Strip, Runyon Canyon  &amp;  Wattles Park. This 3 bed, 3 bath oasis is perfect for entertaining guests, working from home, or spending time with your family  &amp;  pets. The open kitchen leads to a fenced in, newly designed, outdoor patio with canyon views that make you feel miles away from the city center. Located on a no through traffic street above Hollywood Boulevard, this rare location allows for both the quietness, and access desired.  </text_base_description>
	<listed_by>
		<name>Brian Griffin</name>
		<agentLicenseDisplay>•DRE #01736172</agentLicenseDisplay>
		<org>•DRE #01736172</org>
	</listed_by>
	<price_insights>
		<List_Price>$1,645,000</List_Price>
		<Est._Mo._Payment>$7,624</Est._Mo._Payment>
		<Redfin_Estimate>$1,639,500</Redfin_Estimate>
		<key name="Price/Sq.Ft.">$1,070</key>
	</price_insights>
	<home_facts>
		<Status>Active</Status>
		<Time_on_Redfin>8 days</Time_on_Redfin>
		<Property_Type>Single Family, Residential Single-Family</Property_Type>
		<Year_Built>1951</Year_Built>
		<Style>Garden Home</Style>
		<Community>Sunset Strip - Hollywood Hills West</Community>
		<Lot_Size>4,491 Sq. Ft.</Lot_Size>
		<key name="MLS#">20-632144</key>
	</home_facts>
	<property_details>
		<item>
			<item>Interior Features</item>
			<item>
				<item>
					<item>Bathroom Information</item>
					<item>
						<item># of Baths (Full): 3</item>
						<item>2 Master Baths, Low Flow Toilet(s), Linen Closet, Granite</item>
					</item>
				</item>
				<item>
					<item>Kitchen Information</item>
					<item>
						<item>Microwave, Oven, Oven-Gas, Range Hood, Range</item>
					</item>
				</item>
				<item>
					<item>Laundry Information</item>
					<item>
						<item>Laundry Inside</item>
					</item>
				</item>
				<item>
					<item>Additional Rooms</item>
					<item>
						<item>Dining Room</item>
						<item>Family Room</item>
						<item>Den</item>
						<item>Breakfast Area, Breakfast Room, Bonus Room, Crafts Room, Den/Office, Pantry, Patio Covered, Study, Patio Open, Entry Room, Family Room, Library/Study, Living Room, Loft, Master Bedroom, Office, Other Room, Dining Room, Dining Area, Den, Dressing Area, Powder Room</item>
					</item>
				</item>
				<item>
					<item>Fireplace Information</item>
					<item>
						<item>In Living Room</item>
						<item># of Fireplaces: 1</item>
					</item>
				</item>
				<item>
					<item>Flooring Information</item>
					<item>
						<item>Tile Floors</item>
					</item>
				</item>
				<item>
					<item>Equipment</item>
					<item>
						<item>Alarm System, Dishwasher, Garbage Disposal, Gas Or Electric Dryer Hookup, Stackable W/D Hookup, Refrigerator</item>
					</item>
				</item>
				<item>
					<item>Heating &amp; Cooling</item>
					<item>
						<item>A/C</item>
						<item>Central Heat</item>
					</item>
				</item>
			</item>
		</item>
		<item>
			<item>Parking / Garage</item>
			<item>
				<item>
					<item>Garage</item>
					<item>
						<item>None</item>
						<item># of Garage Spaces: 2</item>
					</item>
				</item>
				<item>
					<item>Parking</item>
					<item>
						<item># of Parking Spaces (Total): 4</item>
						<item># of Open Other Spaces: 2</item>
					</item>
				</item>
			</item>
		</item>
		<item>
			<item>Exterior Features</item>
			<item>
				<item>
					<item>Building Information</item>
					<item>
						<item>Total Floors: 1</item>
						<item>Multi Levels</item>
						<item>Detached</item>
						<item>Detached/No Common Walls</item>
						<item>Faces East</item>
					</item>
				</item>
				<item>
					<item>Exterior Features</item>
					<item>
						<item>Other Structural Features: Balcony</item>
					</item>
				</item>
			</item>
		</item>
		<item>
			<item>Multi-Unit Information, Taxes / Assessments, Location Details, Documents &amp; Disclosures</item>
			<item>
				<item>
					<item>Multi-Unit Information</item>
					<item>
						<item># of Remote Controls: 2</item>
					</item>
				</item>
				<item>
					<item>Assessment Information</item>
					<item>
						<item>Assessor Parcel Number: 5571-030-008</item>
					</item>
				</item>
				<item>
					<item>Location Information</item>
					<item>
						<item>Directions: North on Curson just past Wattles Park Walk in Entrance</item>
					</item>
				</item>
				<item>
					<item>Documents &amp; Disclosures</item>
					<item>
						<item>Disclosures: None</item>
					</item>
				</item>
			</item>
		</item>
		<item>
			<item>Property / Lot Details</item>
			<item>
				<item>
					<item>Property Information</item>
					<item>
						<item>Property Type: Residential Single-Family</item>
						<item>Property Condition: Updated/Remodeled</item>
					</item>
				</item>
				<item>
					<item>Lot Information</item>
					<item>
						<item>Lot Size (Sq. Ft.): 4,491</item>
						<item>Lot Size (Acres): 0.1031</item>
						<item>Lot Size Dimensions: 54 x 85</item>
						<item>Zoning: LARE15</item>
					</item>
				</item>
				<item>
					<item>Property Features</item>
					<item>
						<item>Has View</item>
						<item>View: Canyon, Hills</item>
					</item>
				</item>
			</item>
		</item>
		<item>
			<item>Listing Information</item>
			<item>
				<item>
					<item>Listing Information</item>
					<item>
						<item>Possession: Negotiate</item>
					</item>
				</item>
			</item>
		</item>
	</property_details>
	<public_facts>
		<Beds>3</Beds>
		<Baths>2</Baths>
		<Finished_Sq._Ft.>1,538</Finished_Sq._Ft.>
		<Unfinished_Sq._Ft.>—</Unfinished_Sq._Ft.>
		<Total_Sq._Ft.>1,538</Total_Sq._Ft.>
		<Stories>1</Stories>
		<Lot_Size>4,491 Sq. Ft.</Lot_Size>
		<Style>Single Family Residential</Style>
		<Year_Built>1951</Year_Built>
		<Year_Renovated>1951</Year_Renovated>
		<County>Los Angeles County</County>
		<APN>5571030008</APN>
	</public_facts>
</home>
