<?xml version="1.0" ?>
<home>
	<HomeInfo_Address>
		<street-address>2615 La Cuesta Dr </street-address>
		<locality>Los Angeles, </locality>
		<region>CA</region>
		<postal-code>90046</postal-code>
	</HomeInfo_Address>
	<main_stats>
		<Price>$3,095,000</Price>
		<Beds>4</Beds>
		<Baths>3.5</Baths>
		<key name="$962 / Sq. Ft.">3,216</key>
	</main_stats>
	<text_base_description>Located in the highly desirable Hollywood Hills, and just minutes from world-class shopping and dining on Sunset Blvd. , this exquisitely crafted and recently remodeled Contemporary is a model of style and sophistication from the outside. Greeted by a calming fountain, enter through the front door and find a voluminous space featuring an open floor concept and treetop views, wooden floors, and large sliding walls of glass framing lush greenery while flooding the space with natural light, leading to the outside oasis for a gracious indoor-outdoor feel. An incredible gourmet kitchen, equipped with an eat-in island, custom white countertops, high-end Wolf and Miele appliances, is centrally located to effortlessly entertain guests. Up the stairs and on the other side of the residence, a sophisticated master suite offers luxury and serenity. Sliding walls of glass envelope the space with lush mountain views, enhancing the space and scale of the room. This singular sanctuary is not to be missed.  </text_base_description>
	<listed_by>
		<name>Michael Perez</name>
		<agentLicenseDisplay>•DRE #01946527</agentLicenseDisplay>
		<org>•DRE #01946527</org>
	</listed_by>
	<price_insights>
		<List_Price>$3,095,000</List_Price>
		<Est._Mo._Payment>$14,338</Est._Mo._Payment>
		<Redfin_Estimate>$3,007,256</Redfin_Estimate>
		<key name="Price/Sq.Ft.">$962</key>
	</price_insights>
	<home_facts>
		<Status>Active</Status>
		<Time_on_Redfin>35 days</Time_on_Redfin>
		<Property_Type>Single Family, Residential Single-Family</Property_Type>
		<Year_Built>1952</Year_Built>
		<Style>Contemporary</Style>
		<Community>Sunset Strip - Hollywood Hills West</Community>
		<Lot_Size>8,140 Sq. Ft.</Lot_Size>
		<key name="MLS#">20-620844</key>
	</home_facts>
	<property_details>
		<item>
			<item>Virtual Tour, Exterior Features, Taxes / Assessments, Location Details</item>
			<item>
				<item>
					<item>Virtual Tour</item>
					<item>
						<item>Virtual Tour (External Link)</item>
					</item>
				</item>
				<item>
					<item>Building Information</item>
					<item>
						<item>Total Floors: 2</item>
						<item>Detached</item>
						<item>Detached/No Common Walls</item>
					</item>
				</item>
				<item>
					<item>Assessment Information</item>
					<item>
						<item>Assessor Parcel Number: 5571-015-008</item>
					</item>
				</item>
				<item>
					<item>Location Information</item>
					<item>
						<item>Directions: North of Hollywood Blvd.</item>
					</item>
				</item>
			</item>
		</item>
		<item>
			<item>Interior Features</item>
			<item>
				<item>
					<item>Bedroom Information</item>
					<item>
						<item>Master Bedroom, Master Retreat, Master Suite, WalkInCloset</item>
					</item>
				</item>
				<item>
					<item>Bathroom Information</item>
					<item>
						<item># of Baths (Full): 3</item>
						<item># of Baths (1/2): 1</item>
					</item>
				</item>
				<item>
					<item>Laundry Information</item>
					<item>
						<item>Laundry Room</item>
					</item>
				</item>
				<item>
					<item>Additional Rooms</item>
					<item>
						<item>Family Room</item>
						<item>Den</item>
						<item>Den, Master Bedroom, Family Room</item>
					</item>
				</item>
				<item>
					<item>Flooring Information</item>
					<item>
						<item>Hardwood Floors</item>
					</item>
				</item>
				<item>
					<item>Equipment</item>
					<item>
						<item>Built-Ins</item>
					</item>
				</item>
				<item>
					<item>Heating &amp; Cooling</item>
					<item>
						<item>Central Cooling</item>
						<item>Central Heat</item>
					</item>
				</item>
			</item>
		</item>
		<item>
			<item>Parking / Garage</item>
			<item>
				<item>
					<item>Garage</item>
					<item>
						<item>Driveway, Garage</item>
					</item>
				</item>
				<item>
					<item>Parking</item>
					<item>
						<item># of Parking Spaces (Total): 2</item>
					</item>
				</item>
			</item>
		</item>
		<item>
			<item>Property / Lot Details</item>
			<item>
				<item>
					<item>Property Information</item>
					<item>
						<item>Property Type: Residential Single-Family</item>
					</item>
				</item>
				<item>
					<item>Lot Information</item>
					<item>
						<item>Lot Size (Sq. Ft.): 8,140</item>
						<item>Lot Size (Acres): 0.1869</item>
						<item>Zoning: LARE15</item>
					</item>
				</item>
				<item>
					<item>Property Features</item>
					<item>
						<item>Has View</item>
						<item>View: Canyon</item>
					</item>
				</item>
			</item>
		</item>
		<item>
			<item>Documents &amp; Disclosures</item>
			<item>
				<item>
					<item>Documents &amp; Disclosures</item>
					<item>
						<item>Disclosures: As Is</item>
					</item>
				</item>
			</item>
		</item>
	</property_details>
	<public_facts>
		<Beds>4</Beds>
		<Baths>4</Baths>
		<Finished_Sq._Ft.>2,823</Finished_Sq._Ft.>
		<Unfinished_Sq._Ft.>—</Unfinished_Sq._Ft.>
		<Total_Sq._Ft.>2,823</Total_Sq._Ft.>
		<Stories>1</Stories>
		<Lot_Size>8,136 Sq. Ft.</Lot_Size>
		<Style>Single Family Residential</Style>
		<Year_Built>1952</Year_Built>
		<Year_Renovated>1995</Year_Renovated>
		<County>Los Angeles County</County>
		<APN>5571015008</APN>
	</public_facts>
</home>
