<?xml version="1.0" ?>
<home>
	<HomeInfo_Address>
		<street-address>2859 Westbrook Ave </street-address>
		<locality>Los Angeles, </locality>
		<region>CA</region>
		<postal-code>90046</postal-code>
	</HomeInfo_Address>
	<main_stats>
		<Price>$2,495,000</Price>
		<Beds>3</Beds>
		<Baths>2</Baths>
		<key name="$1079 / Sq. Ft.">2,312</key>
	</main_stats>
	<text_base_description>Romantic 1925 Spanish compound on 'celebrity row', reminiscent of Old Hollywood, in charming Upper Nichols Canyon. Features include gated and secure entry, living room with fireplace and massive hand-carved, domed-shaped ceiling, library/tv room retains original casement windows, sun-filled formal dining room, chefs kitchen with restaurant-grade pizza oven, and Garland double range/stove. Master bedroom boasts soaring ceilings, a fireplace, walk-in closet, and full bath with vintage clawfoot tub overlooking the garden. Two additional bedrooms, plus an office/art room that is un-permitted, bonus space down below, ample storage, and a gift wrapping room. Outside, a grassy yard, saltwater swimmers pool, and spa make for an oasis reminiscent of the English Countryside, Tuscany, and the South of France set comfortably in the Hollywood Hills.  </text_base_description>
	<listed_by>
		<name>Matt Gorrek</name>
		<agentLicenseDisplay>•DRE #02042305</agentLicenseDisplay>
		<org>•DRE #02042305</org>
	</listed_by>
	<price_insights>
		<List_Price>$2,495,000</List_Price>
		<Est._Mo._Payment>$11,558</Est._Mo._Payment>
		<Redfin_Estimate>$2,423,470</Redfin_Estimate>
		<key name="Price/Sq.Ft.">$1,079</key>
	</price_insights>
	<home_facts>
		<Status>Active</Status>
		<Time_on_Redfin>29 days</Time_on_Redfin>
		<Property_Type>Single Family, Residential Single-Family</Property_Type>
		<Year_Built>1925</Year_Built>
		<Style>Spanish</Style>
		<Community>Sunset Strip - Hollywood Hills West</Community>
		<Lot_Size>5,284 Sq. Ft.</Lot_Size>
		<key name="MLS#">20-622518</key>
	</home_facts>
	<property_details>
		<item>
			<item>Interior Features</item>
			<item>
				<item>
					<item>Bathroom Information</item>
					<item>
						<item># of Baths (Full): 2</item>
					</item>
				</item>
				<item>
					<item>Laundry Information</item>
					<item>
						<item>Stacked Laundry in Closet</item>
					</item>
				</item>
				<item>
					<item>Additional Rooms</item>
					<item>
						<item>Dining Room</item>
						<item>Dining Room, Master Bedroom, Service Entrance</item>
					</item>
				</item>
				<item>
					<item>Interior Features</item>
					<item>
						<item>Windows: Skylights, French Windows, Garden Window, Plantation Shutters</item>
					</item>
				</item>
				<item>
					<item>Fireplace Information</item>
					<item>
						<item>In Living Room, In Master Bedroom</item>
						<item># of Fireplaces: 2</item>
					</item>
				</item>
				<item>
					<item>Flooring Information</item>
					<item>
						<item>Hardwood Floors, Tile Floors</item>
					</item>
				</item>
				<item>
					<item>Equipment</item>
					<item>
						<item>Alarm System, Barbeque, Built-Ins, Dishwasher, Dryer, Freezer, Hood Fan, Water Purifier, Washer, Refrigerator, Range/Oven</item>
					</item>
				</item>
				<item>
					<item>Heating &amp; Cooling</item>
					<item>
						<item>Central Cooling</item>
						<item>Central Heat</item>
					</item>
				</item>
			</item>
		</item>
		<item>
			<item>Parking / Garage</item>
			<item>
				<item>
					<item>Garage</item>
					<item>
						<item>Driveway, On street</item>
					</item>
				</item>
				<item>
					<item>Parking</item>
					<item>
						<item># of Parking Spaces (Total): 2</item>
					</item>
				</item>
			</item>
		</item>
		<item>
			<item>Exterior Features</item>
			<item>
				<item>
					<item>Building Information</item>
					<item>
						<item>Total Floors: 2</item>
						<item>Attached</item>
						<item>Attached</item>
						<item>Security Features: Prewired for alarm system, Gated, Card/Code Access</item>
					</item>
				</item>
				<item>
					<item>Exterior Features</item>
					<item>
						<item>Other Structural Features: French Doors, Balcony, High Ceilings (9 Feet+), Service Entrance</item>
					</item>
				</item>
				<item>
					<item>Pool Information</item>
					<item>
						<item>Heated And Filtered Pool, Salt/Saline, Lap Pool, In Ground Pool</item>
						<item>In Ground Spa, Hot Tub</item>
					</item>
				</item>
			</item>
		</item>
		<item>
			<item>Utilities, Taxes / Assessments, Location Details, Documents &amp; Disclosures</item>
			<item>
				<item>
					<item>Utility Information</item>
					<item>
						<item>Sewer: In Street</item>
					</item>
				</item>
				<item>
					<item>Assessment Information</item>
					<item>
						<item>Assessor Parcel Number: 5570-031-008</item>
					</item>
				</item>
				<item>
					<item>Location Information</item>
					<item>
						<item>Directions: South of Mulholland Drive, corner of Westbrook and Woodrow Wilson. Entrance on Westbrook ave.</item>
					</item>
				</item>
				<item>
					<item>Documents &amp; Disclosures</item>
					<item>
						<item>Disclosures: As Is</item>
					</item>
				</item>
			</item>
		</item>
		<item>
			<item>Property / Lot Details</item>
			<item>
				<item>
					<item>Property Information</item>
					<item>
						<item>Property Type: Residential Single-Family</item>
					</item>
				</item>
				<item>
					<item>Lot Information</item>
					<item>
						<item>Lot Size (Sq. Ft.): 5,284</item>
						<item>Lot Size (Acres): 0.1213</item>
						<item>Lot Size Dimensions: 219 x 96</item>
						<item>Zoning: LAR1</item>
						<item>Lot Location: Cul-De-Sac</item>
					</item>
				</item>
				<item>
					<item>Property Features</item>
					<item>
						<item>Block Wall</item>
						<item>Sprinkler System</item>
						<item>Has View</item>
						<item>View: Canyon, Tree Top, Vineyard</item>
					</item>
				</item>
			</item>
		</item>
		<item>
			<item>Listing Information</item>
			<item>
				<item>
					<item>Listing Information</item>
					<item>
						<item>Possession: Close Of Escrow</item>
					</item>
				</item>
			</item>
		</item>
	</property_details>
	<public_facts>
		<Beds>2</Beds>
		<Baths>2</Baths>
		<Finished_Sq._Ft.>1,834</Finished_Sq._Ft.>
		<Unfinished_Sq._Ft.>—</Unfinished_Sq._Ft.>
		<Total_Sq._Ft.>1,834</Total_Sq._Ft.>
		<Stories>2</Stories>
		<Lot_Size>5,270 Sq. Ft.</Lot_Size>
		<Style>Single Family Residential</Style>
		<Year_Built>1925</Year_Built>
		<Year_Renovated>1938</Year_Renovated>
		<County>Los Angeles County</County>
		<APN>5570031008</APN>
	</public_facts>
</home>
