<?xml version="1.0" ?>
<home>
	<HomeInfo_Address>
		<street-address>7670 Woodrow Wilson Dr </street-address>
		<locality>Los Angeles, </locality>
		<region>CA</region>
		<postal-code>90046</postal-code>
	</HomeInfo_Address>
	<main_stats>
		<Price>$2,400,000</Price>
		<Beds>3</Beds>
		<Baths>3.5</Baths>
		<key name="$776 / Sq. Ft.">3,091</key>
	</main_stats>
	<text_base_description>Nestled in the treetops on 'celebrity row'. This incredible, unique and gated home provides the perfect escape from city life. Truly a private oasis. Surrounded by nature from every window and a backyard w/ endless outdoor living spaces. As soon as you enter the home you are greeted w/ views of nature and abundant natural light. The two story entrance adds to the open floor plan on the first floor. The modern designer kitchen overlooks the dining area  &amp;  formal living rm. Floor to ceiling windows  &amp;  sliding doors onto the deck allow for indoor/outdoor living year round. Moving upstairs the natural light  &amp;  views of nature continue. The generously sized master suite continues w/ floor to ceiling windows  &amp;  a balcony the width of the room. A large, beautifully remodeled master closet  &amp;  bathroom complete this perfect suite. The second floor also boasts a beautiful sitting area w/ built in bookshelves as well as a large bedroom with en suite bathroom. The bottom floor is home to another bedroom with en-suite, a laundry room and a large family room perfect for entertaining guests with more floor to ceiling sliders that open to an outdoor dining area. Words do not do justice to the ample outdoor space that continues on.   A waterfall with a beautiful mature koi pond, deck large enough to host 100's of people, fire pit with seating for 15 and plus a large flat yard.   There is off street parking for 5 cars including the garage. Renderings are for backyard renovation that include a pool.  </text_base_description>
	<listed_by>
		<name>Lissa Ress</name>
		<agentLicenseDisplay>•DRE #01343436</agentLicenseDisplay>
		<org>•DRE #01343436</org>
	</listed_by>
	<price_insights>
		<List_Price>$2,400,000</List_Price>
		<Est._Mo._Payment>$11,118</Est._Mo._Payment>
		<Redfin_Estimate>$2,386,025</Redfin_Estimate>
		<key name="Price/Sq.Ft.">$776</key>
	</price_insights>
	<home_facts>
		<Status>Active</Status>
		<Time_on_Redfin>8 days</Time_on_Redfin>
		<Property_Type>Single Family Residence</Property_Type>
		<Year_Built>1961</Year_Built>
		<Style>Modern</Style>
		<Community>C03 - Sunset Strip - Hollywood Hills West</Community>
		<Lot_Size>7,966 Sq. Ft.</Lot_Size>
		<key name="MLS#">SR20192762</key>
	</home_facts>
	<property_details>
		<item>
			<item>Virtual Tour, Parking / Garage, Exterior Features, Utilities</item>
			<item>
				<item>
					<item>Virtual Tour</item>
					<item>
						<item>Virtual Tour URL Branded: Virtual Tour (External Link)</item>
						<item>Virtual TourURL Unbranded: Virtual Tour (External Link)</item>
						<item>Virtual Tour URL Unbranded: Virtual Tour (External Link)</item>
					</item>
				</item>
				<item>
					<item>Parking / Garage Information</item>
					<item>
						<item>Attached Garage</item>
						<item># of Garage Spaces: 1</item>
						<item>Direct Garage Access, Driveway, Gated</item>
						<item>Has Parking</item>
						<item># of Parking Spaces: 1</item>
					</item>
				</item>
				<item>
					<item>Exterior Features</item>
					<item>
						<item>Patio And Porch Features: Deck, Patio</item>
						<item>Has Patio</item>
						<item>Pool Features: None</item>
					</item>
				</item>
				<item>
					<item>Utilities Information</item>
					<item>
						<item>Sewer: Public Sewer</item>
						<item>Water Source: District/Public</item>
					</item>
				</item>
			</item>
		</item>
		<item>
			<item>Interior Features</item>
			<item>
				<item>
					<item>Laundry Information</item>
					<item>
						<item>Has Laundry</item>
						<item>Inside</item>
					</item>
				</item>
				<item>
					<item>Kitchen Information</item>
					<item>
						<item>Appliances: Dishwasher, Garbage Disposal, Gas Range, Microwave, Refrigerator</item>
						<item>Has Appliances</item>
						<item>Breakfast Counter / Bar, In Family Room, Separated</item>
						<item>Granite Counters, Kitchen Island, Kitchen Open to Family Room, Pots &amp; Pan Drawers, Remodeled Kitchen</item>
					</item>
				</item>
				<item>
					<item>Bathroom Information</item>
					<item>
						<item># of Baths (Full): 3</item>
						<item># of Baths (1/2): 1</item>
						<item>Bathtub, Remodeled, Upgraded</item>
					</item>
				</item>
				<item>
					<item>Cooling Information</item>
					<item>
						<item>Central</item>
						<item>Has Cooling</item>
					</item>
				</item>
				<item>
					<item>Room Information</item>
					<item>
						<item>Den, Guest/Maid's Quarters, Kitchen, Laundry, Master Suite, Separate Family Room, Walk-In Closet</item>
					</item>
				</item>
				<item>
					<item>Fireplace Information</item>
					<item>
						<item>Family Room</item>
						<item>Has Fireplace</item>
					</item>
				</item>
				<item>
					<item>Flooring Information</item>
					<item>
						<item>Stone, Wood</item>
					</item>
				</item>
				<item>
					<item>Heating Information</item>
					<item>
						<item>Central Furnace</item>
						<item>Has Heating</item>
					</item>
				</item>
				<item>
					<item>Interior Features</item>
					<item>
						<item>In-Law Floorplan, Balcony, Built-Ins, Cathedral-Vaulted Ceilings, Granite Counters, High Ceilings (9 Feet+), Living Room Balcony, Open Floor Plan, Recessed Lighting, Wainscoting</item>
						<item>Levels: Three Or More</item>
						<item>Main Level Bathrooms: 1</item>
						<item>Main Level Bedrooms: 0</item>
					</item>
				</item>
			</item>
		</item>
		<item>
			<item>School / Neighborhood</item>
			<item>
				<item>
					<item>Neighborhood Information</item>
					<item>
						<item>Biking, Hiking, Mountainous</item>
					</item>
				</item>
				<item>
					<item>School Information</item>
					<item>
						<item>High School: Hollywood</item>
						<item>High School District: Los Angeles Unified</item>
						<item>High School 2: HOLLYW</item>
					</item>
				</item>
			</item>
		</item>
		<item>
			<item>Property / Lot Details</item>
			<item>
				<item>
					<item>Lot Information</item>
					<item>
						<item>Elevation Units: Feet</item>
						<item>Lot Size Source: Assessor's Data</item>
						<item>Lot Features: Back Yard, Landscaped, Lot Shape-Irregular, Treed Lot, Value In Land</item>
					</item>
				</item>
				<item>
					<item>Property Information</item>
					<item>
						<item>Total # of Units: 1</item>
						<item>Common Walls: No Common Walls</item>
						<item>Parcel Number: 5570031026</item>
						<item>Property Condition: Turnkey</item>
						<item>Total # of Stories: 3</item>
						<item>Has View</item>
						<item>Year Built Source: Assessor</item>
					</item>
				</item>
			</item>
		</item>
		<item>
			<item>Location Details</item>
			<item>
				<item>
					<item>Location Information</item>
					<item>
						<item>Directions: East of Mulholland Dr.</item>
						<item>Zoning: LARE11</item>
					</item>
				</item>
			</item>
		</item>
	</property_details>
	<public_facts>
		<Beds>4</Beds>
		<Baths>4</Baths>
		<Finished_Sq._Ft.>3,091</Finished_Sq._Ft.>
		<Unfinished_Sq._Ft.>—</Unfinished_Sq._Ft.>
		<Total_Sq._Ft.>3,091</Total_Sq._Ft.>
		<Stories>2</Stories>
		<Lot_Size>7,966 Sq. Ft.</Lot_Size>
		<Style>Single Family Residential</Style>
		<Year_Built>1961</Year_Built>
		<Year_Renovated>1980</Year_Renovated>
		<County>Los Angeles County</County>
		<APN>5570031026</APN>
	</public_facts>
</home>
