<?xml version="1.0" ?>
<home>
	<HomeInfo_Address>
		<street-address>3008 Paulcrest Dr </street-address>
		<locality>Los Angeles, </locality>
		<region>CA</region>
		<postal-code>90046</postal-code>
	</HomeInfo_Address>
	<main_stats>
		<Price>$4,975,000</Price>
		<Beds>4</Beds>
		<Baths>4</Baths>
		<key name="$1157 / Sq. Ft.">4,300</key>
	</main_stats>
	<text_base_description>NOW OFFERING 3% TO SELLING AGENT!! Bespoke fully remodeled mid-century estate on a beautiful promontory with views in the highly sought after Briar Summit section of the Hollywood Hills. This mid-century modern gated gem has been recently renovated with the best materials  &amp;  highest regard for design while keeping the integrity of the original architecture. Steel beams and walls of glass create a bright open floor plan and a space that give you a quintessential SoCal lifestyle. This home features four luxury suites set upon the ultimate indoor-outdoor floor plan and exudes sophisticated elegance in both its striking architecture and its exquisite details. Step out back to the resort like backyard entertainment oasis with oversized patio, lounge area with fire pit  &amp;  pool.  </text_base_description>
	<listed_by>
		<name>Tomer Fridman</name>
		<agentLicenseDisplay>•DRE #01750717</agentLicenseDisplay>
		<org>•DRE #01750717</org>
	</listed_by>
	<price_insights>
		<List_Price>$4,975,000</List_Price>
		<Est._Mo._Payment>$23,071</Est._Mo._Payment>
		<Redfin_Estimate>$4,717,905</Redfin_Estimate>
		<key name="Price/Sq.Ft.">$1,157</key>
	</price_insights>
	<home_facts>
		<Status>Active</Status>
		<Time_on_Redfin>35 days</Time_on_Redfin>
		<Property_Type>Single Family, Residential Single-Family</Property_Type>
		<Year_Built>1960</Year_Built>
		<Style>Mid-Century</Style>
		<Community>Sunset Strip - Hollywood Hills West</Community>
		<Lot_Size>0.62 Acres</Lot_Size>
		<key name="MLS#">20-621100</key>
	</home_facts>
	<property_details>
		<item>
			<item>Interior Features</item>
			<item>
				<item>
					<item>Bedroom Information</item>
					<item>
						<item>Ground Floor Master, Master Retreat, All Bedrooms Down, WalkInCloset, Dressing Area</item>
					</item>
				</item>
				<item>
					<item>Bathroom Information</item>
					<item>
						<item># of Baths (Full): 4</item>
						<item>Powder Room, Double Vanity(s), Remodeled, Dual Entry (Jack &amp; Jill) Bath, Shower and Tub, Shower Over Tub, Shower Stall</item>
					</item>
				</item>
				<item>
					<item>Kitchen Information</item>
					<item>
						<item>Oven, Range, Microwave, Built-Ins</item>
						<item>Gourmet Kitchen, Counter Top, Remodeled</item>
					</item>
				</item>
				<item>
					<item>Laundry Information</item>
					<item>
						<item>Laundry Room, Laundry Inside</item>
					</item>
				</item>
				<item>
					<item>Additional Rooms</item>
					<item>
						<item>Breakfast Counter / Bar, Dining Area, In Kitchen, Kitchen Island, Formal Dining Room, Family Room, Living Room</item>
						<item>Family Room</item>
						<item>Den</item>
						<item>Dressing Area, Patio Open, Entry Room, Powder Room, Family Room, Bar Room, Formal Entry Room, Great Room, Media Room, Breakfast Bar, Home Theatre, Jack And Jill, Study/Office, Living Room, Master Bedroom, Walk-In Closet, Den/Office, Dining Area</item>
					</item>
				</item>
				<item>
					<item>Interior Features</item>
					<item>
						<item>Windows: Drapes/Curtains, Double Pane Windows</item>
					</item>
				</item>
				<item>
					<item>Fireplace Information</item>
					<item>
						<item>In Master Retreat, Two Way, In Great Room, Gas Fireplace</item>
						<item># of Fireplaces: 2</item>
					</item>
				</item>
				<item>
					<item>Flooring Information</item>
					<item>
						<item>Terrazzo Floors</item>
					</item>
				</item>
				<item>
					<item>Equipment</item>
					<item>
						<item>Built-Ins, Cable, Dishwasher, Dryer, Freezer, Garbage Disposal, Microwave, Range/Oven, Refrigerator, Washer</item>
					</item>
				</item>
				<item>
					<item>Heating &amp; Cooling</item>
					<item>
						<item>Central Cooling</item>
						<item>Central Heat</item>
						<item>Water Heater Features: Water Heater Unit</item>
					</item>
				</item>
			</item>
		</item>
		<item>
			<item>Parking / Garage</item>
			<item>
				<item>
					<item>Garage</item>
					<item>
						<item>Attached, 3 Car Garage, Auto Driveway Gate, Built-In Storage</item>
					</item>
				</item>
				<item>
					<item>Parking</item>
					<item>
						<item># of Parking Spaces (Total): 3</item>
					</item>
				</item>
			</item>
		</item>
		<item>
			<item>Exterior Features</item>
			<item>
				<item>
					<item>Building Information</item>
					<item>
						<item>Total Floors: 1</item>
						<item>One Level</item>
						<item>Detached</item>
						<item>Detached/No Common Walls</item>
						<item>Security Features: Carbon Monoxide Detector(s), Smoke Detector, Other</item>
					</item>
				</item>
				<item>
					<item>Exterior Features</item>
					<item>
						<item>Other Structural Features: Sliding Glass Doors, Rain Gutters</item>
					</item>
				</item>
				<item>
					<item>Pool Information</item>
					<item>
						<item>In Ground Pool, Private Pool</item>
						<item>In Ground Spa, Private Spa</item>
					</item>
				</item>
			</item>
		</item>
		<item>
			<item>Taxes / Assessments, Location Details, Documents &amp; Disclosures, Listing Information</item>
			<item>
				<item>
					<item>Assessment Information</item>
					<item>
						<item>Assessor Parcel Number: 5570-038-022</item>
					</item>
				</item>
				<item>
					<item>Location Information</item>
					<item>
						<item>Directions: Laurel Canyon to Mulholland Dr, Right on Briar Summit Dr, then Left on Paulcrest.</item>
					</item>
				</item>
				<item>
					<item>Documents &amp; Disclosures</item>
					<item>
						<item>Disclosures: None</item>
					</item>
				</item>
				<item>
					<item>Listing Information</item>
					<item>
						<item>Possession: Close Of Escrow</item>
					</item>
				</item>
			</item>
		</item>
		<item>
			<item>Property / Lot Details</item>
			<item>
				<item>
					<item>Property Information</item>
					<item>
						<item>Property Type: Residential Single-Family</item>
						<item>Property Condition: Updated/Remodeled</item>
					</item>
				</item>
				<item>
					<item>Lot Information</item>
					<item>
						<item>Lot Size (Sq. Ft.): 26,814</item>
						<item>Lot Size (Acres): 0.6156</item>
						<item>Lot Size Dimensions: 186 x 145</item>
						<item>Zoning: LARE15</item>
					</item>
				</item>
				<item>
					<item>Property Features</item>
					<item>
						<item>Has View</item>
						<item>View: City, Canyon, Mountains</item>
					</item>
				</item>
			</item>
		</item>
	</property_details>
	<public_facts>
		<Beds>4</Beds>
		<Baths>4</Baths>
		<Finished_Sq._Ft.>3,736</Finished_Sq._Ft.>
		<Unfinished_Sq._Ft.>—</Unfinished_Sq._Ft.>
		<Total_Sq._Ft.>3,736</Total_Sq._Ft.>
		<Stories>1</Stories>
		<Lot_Size>0.62 Acres</Lot_Size>
		<Style>Single Family Residential</Style>
		<Year_Built>1960</Year_Built>
		<Year_Renovated>1962</Year_Renovated>
		<County>Los Angeles County</County>
		<APN>5570038022</APN>
	</public_facts>
</home>
