<?xml version="1.0" ?>
<home>
	<HomeInfo_Address>
		<street-address>2457 Solar Dr </street-address>
		<locality>Los Angeles, </locality>
		<region>CA</region>
		<postal-code>90046</postal-code>
	</HomeInfo_Address>
	<main_stats>
		<Price>$5,250,000</Price>
		<Beds>3</Beds>
		<Baths>4</Baths>
		<key name="$1468 / Sq. Ft.">3,576</key>
	</main_stats>
	<text_base_description>Extraordinary Celebrity Home with City to Ocean and Canyon Views. Nestled at the top of Hollywood Hills, this private and secluded home boasts 3576 square feet with an additional 600 square feet artist studio or home theater. Centrally located and just minutes away from Sunset Boulevard, enjoy stunning 360-degree views from downtown to Catalina and beyond. This is truly California living at its best. This property features a fluid indoor, outdoor loft-like open floor plan connecting the formal and family rooms with a fireplace, plenty of amazing natural light and easy access to the deck and pool. This sleek architectural design includes an inspired kitchen with dining area and recently updated beautiful hardwood floors throughout. Unwind in the master suite with balcony overlooking Los Angeles plus remodeled master bathroom with twin shower and a two-person spa tub. Step outside to relax, enjoy the waterfall pool and spa or sunbathe on the large deck with its sweeping city views.  </text_base_description>
	<listed_by>
		<name>Darren Winston</name>
		<agentLicenseDisplay>•DRE #01399200</agentLicenseDisplay>
		<org>•DRE #01399200</org>
	</listed_by>
	<price_insights>
		<List_Price>$5,250,000</List_Price>
		<Est._Mo._Payment>$24,321</Est._Mo._Payment>
		<Redfin_Estimate>$5,013,523</Redfin_Estimate>
		<key name="Price/Sq.Ft.">$1,468</key>
	</price_insights>
	<home_facts>
		<Status>Active</Status>
		<Time_on_Redfin>28 days</Time_on_Redfin>
		<Property_Type>Single Family, Residential Single-Family</Property_Type>
		<Year_Built>1987</Year_Built>
		<Style>Contemporary</Style>
		<Community>Sunset Strip - Hollywood Hills West</Community>
		<Lot_Size>10,168 Sq. Ft.</Lot_Size>
		<key name="MLS#">20-624142</key>
	</home_facts>
	<property_details>
		<item>
			<item>Interior Features</item>
			<item>
				<item>
					<item>Bathroom Information</item>
					<item>
						<item># of Baths (Full): 4</item>
					</item>
				</item>
				<item>
					<item>Kitchen Information</item>
					<item>
						<item>Range, Oven-Gas</item>
					</item>
				</item>
				<item>
					<item>Laundry Information</item>
					<item>
						<item>Laundry Inside, Laundry Area</item>
					</item>
				</item>
				<item>
					<item>Additional Rooms</item>
					<item>
						<item>Breakfast Area, Dining Area</item>
						<item>Family Room</item>
						<item>Art Studio, Family Room, Living Room, Walk-In Closet, Dining Area</item>
					</item>
				</item>
				<item>
					<item>Interior Features</item>
					<item>
						<item>Living Room Balcony, Two Story Ceilings</item>
						<item>Main Level</item>
					</item>
				</item>
				<item>
					<item>Fireplace Information</item>
					<item>
						<item>In Living Room, In Master Bedroom</item>
						<item># of Fireplaces: 2</item>
					</item>
				</item>
				<item>
					<item>Flooring Information</item>
					<item>
						<item>Hardwood Floors</item>
					</item>
				</item>
				<item>
					<item>Equipment</item>
					<item>
						<item>Alarm System, Built-Ins, Refrigerator, Range/Oven</item>
					</item>
				</item>
				<item>
					<item>Heating &amp; Cooling</item>
					<item>
						<item>Central Cooling</item>
						<item>Central Heat</item>
						<item>Water Heater Features: Central Water Heater</item>
					</item>
				</item>
			</item>
		</item>
		<item>
			<item>Parking / Garage</item>
			<item>
				<item>
					<item>Garage</item>
					<item>
						<item>Attached, 2 Car Garage</item>
					</item>
				</item>
				<item>
					<item>Parking</item>
					<item>
						<item># of Parking Spaces (Total): 2</item>
						<item># of Covered Parking Spaces: 2</item>
					</item>
				</item>
			</item>
		</item>
		<item>
			<item>Exterior Features</item>
			<item>
				<item>
					<item>Building Information</item>
					<item>
						<item>Total Floors: 1</item>
						<item>Two Level</item>
						<item>Detached</item>
						<item>Detached/No Common Walls</item>
						<item>Faces South</item>
						<item>Security Features: 24 Hour, Owned</item>
						<item>Exterior Construction: Stucco</item>
					</item>
				</item>
				<item>
					<item>Exterior Features</item>
					<item>
						<item>Patio Features: Balcony, Deck(s)</item>
						<item>Other Structural Features: Balcony, High Ceilings (9 Feet+), Sliding Glass Doors</item>
					</item>
				</item>
				<item>
					<item>Pool Information</item>
					<item>
						<item>Heated Pool, In Ground Pool, Private Pool</item>
						<item>Heated Spa, Above Ground Spa, Private Spa</item>
					</item>
				</item>
			</item>
		</item>
		<item>
			<item>School / Neighborhood, Utilities, Taxes / Assessments, Location Details</item>
			<item>
				<item>
					<item>Community Information</item>
					<item>
						<item>Athletic Court: None</item>
					</item>
				</item>
				<item>
					<item>Utility Information</item>
					<item>
						<item>Sewer: In Street</item>
						<item>Water: Public, In Street</item>
					</item>
				</item>
				<item>
					<item>Assessment Information</item>
					<item>
						<item>Assessor Parcel Number: 5571-032-007</item>
					</item>
				</item>
				<item>
					<item>Location Information</item>
					<item>
						<item>Directions: North on Nichols Canyon. Right on Astral. Left on Solar</item>
					</item>
				</item>
			</item>
		</item>
		<item>
			<item>Property / Lot Details</item>
			<item>
				<item>
					<item>Property Information</item>
					<item>
						<item>Property Type: Residential Single-Family</item>
					</item>
				</item>
				<item>
					<item>Lot Information</item>
					<item>
						<item>Lot Size (Sq. Ft.): 10,168</item>
						<item>Lot Size (Acres): 0.2334</item>
						<item>Lot Size Dimensions: 124 x 120</item>
						<item>Zoning: LARE15</item>
						<item>Lot Location: Hilltop</item>
					</item>
				</item>
				<item>
					<item>Property Features</item>
					<item>
						<item>Sprinkler System</item>
						<item>Has View</item>
						<item>View: City Lights, Ocean, Panoramic</item>
					</item>
				</item>
			</item>
		</item>
		<item>
			<item>Documents &amp; Disclosures, Listing Information</item>
			<item>
				<item>
					<item>Documents &amp; Disclosures</item>
					<item>
						<item>Disclosures: As Is</item>
					</item>
				</item>
				<item>
					<item>Listing Information</item>
					<item>
						<item>Possession: Close Of Escrow</item>
					</item>
				</item>
			</item>
		</item>
	</property_details>
	<public_facts>
		<Beds>3</Beds>
		<Baths>4</Baths>
		<Finished_Sq._Ft.>3,576</Finished_Sq._Ft.>
		<Unfinished_Sq._Ft.>—</Unfinished_Sq._Ft.>
		<Total_Sq._Ft.>3,576</Total_Sq._Ft.>
		<Stories>1</Stories>
		<Lot_Size>10,168 Sq. Ft.</Lot_Size>
		<Style>Single Family Residential</Style>
		<Year_Built>1987</Year_Built>
		<Year_Renovated>1987</Year_Renovated>
		<County>Los Angeles County</County>
		<APN>5571032007</APN>
	</public_facts>
</home>
