<?xml version="1.0" ?>
<home>
	<HomeInfo_Address>
		<street-address>644 Scott Blvd </street-address>
		<locality>Santa Clara, </locality>
		<region>CA</region>
		<postal-code>95050</postal-code>
	</HomeInfo_Address>
	<main_stats>
		<Price>$949,500</Price>
		<Beds>2</Beds>
		<Bath>1</Bath>
		<key name="$932 / Sq. Ft.">1,019</key>
	</main_stats>
	<text_base_description>Come home to your classic ranch home half a block from the neighborhood organic market in the middle of everything. Quality Santa Clara schools. More avocadoes than you can ever eat from the huge tree in the backyard. Lot provides opportunity for expansion of the home. Newly refinished red oak floors original from the 1940s. New kitchen floor. Most walls real plaster and lath. One of the last homes to retain its octagonal guest closet window in the entry. Quality Santa Clara schools. Newly painted inside and out. New landscaping, new sprinklers. Washer and Dryer in garage included. Termite and roof report provided. Lot and living area size and year constructed are from public record: buyers to verify these and all representations. Buyer to verify schools in listing. Dual pane windows in all but two locations in living area of home.  </text_base_description>
	<listed_by>
		<name>George Milinovich</name>
		<agentLicenseDisplay>•DRE #00512130</agentLicenseDisplay>
		<org>•DRE #00512130</org>
	</listed_by>
	<price_insights>
		<List_Price>$949,500</List_Price>
		<Est._Mo._Payment>$4,356</Est._Mo._Payment>
		<Redfin_Estimate>$974,578</Redfin_Estimate>
		<key name="Price/Sq.Ft.">$932</key>
	</price_insights>
	<home_facts>
		<Status>Active</Status>
		<Time_on_Redfin>4 hours</Time_on_Redfin>
		<Property_Type>Single Family Residence</Property_Type>
		<Year_Built>1947</Year_Built>
		<Style>Ranch</Style>
		<Community>Santa Clara</Community>
		<Lot_Size>6,172 Sq. Ft.</Lot_Size>
		<key name="MLS#">OC20202030</key>
	</home_facts>
	<property_details>
		<item>
			<item>Interior Features</item>
			<item>
				<item>
					<item>Laundry Information</item>
					<item>
						<item>Has Laundry</item>
						<item>Dryer Included, In Garage, Washer Included</item>
					</item>
				</item>
				<item>
					<item>Kitchen Information</item>
					<item>
						<item>Appliances: Garbage Disposal</item>
						<item>Has Appliances</item>
						<item>Formal Dining Room</item>
						<item>Corian Counters</item>
					</item>
				</item>
				<item>
					<item>Bathroom Information</item>
					<item>
						<item># of Baths (Full): 1</item>
						<item>Shower in Tub</item>
					</item>
				</item>
				<item>
					<item>Room Information</item>
					<item>
						<item>All Bedrooms Down, Center Hall</item>
					</item>
				</item>
				<item>
					<item>Fireplace Information</item>
					<item>
						<item>Living Room, Wood, Masonry</item>
						<item>Has Fireplace</item>
					</item>
				</item>
				<item>
					<item>Flooring Information</item>
					<item>
						<item>Laminated, Wood</item>
					</item>
				</item>
				<item>
					<item>Heating Information</item>
					<item>
						<item>Forced Air, Natural Gas</item>
						<item>Has Heating</item>
					</item>
				</item>
				<item>
					<item>Interior Features</item>
					<item>
						<item>Sliding Glass Door(s)</item>
						<item>Entry Level: 1</item>
						<item>Entry Location: front door</item>
						<item>Corian Counters, Unfurnished</item>
						<item>Levels: One</item>
						<item>Main Level Bathrooms: 1</item>
						<item>Main Level Bedrooms: 2</item>
					</item>
				</item>
			</item>
		</item>
		<item>
			<item>Parking / Garage, Utilities, Location Details</item>
			<item>
				<item>
					<item>Parking / Garage Information</item>
					<item>
						<item>Uncovered Spaces: 1</item>
						<item>Attached Garage</item>
						<item># of Garage Spaces: 1</item>
						<item>Garage - Single Door</item>
						<item>Has Parking</item>
						<item># of Parking Spaces: 2</item>
					</item>
				</item>
				<item>
					<item>Utilities Information</item>
					<item>
						<item>Electric: 220V In Garage</item>
						<item>Sewer: Public Sewer</item>
						<item>Cable Connected, Electricity Connected, Natural Gas Connected, Telephone - On Property, Sewer Connected, Water Connected</item>
						<item>Water Source: District/Public</item>
					</item>
				</item>
				<item>
					<item>Location Information</item>
					<item>
						<item>Other Subdivision Name: Old Mission Park</item>
						<item>Directions: Saratoga Av to Scott Bl. north 1 block or Homestead Rd to Scott Bl. south 2 blocks</item>
						<item>Road Frontage Type: Access via City Streets</item>
						<item>Road Surface Type: Paved</item>
						<item>Zoning: SC</item>
					</item>
				</item>
			</item>
		</item>
		<item>
			<item>Exterior Features</item>
			<item>
				<item>
					<item>Exterior Information</item>
					<item>
						<item>Roof: Composition</item>
						<item>Construction Materials: Brick Veneer, Drywall Walls, Plaster, Stucco</item>
					</item>
				</item>
				<item>
					<item>Foundation Information</item>
					<item>
						<item>Foundation Details: Raised</item>
					</item>
				</item>
				<item>
					<item>Exterior Features</item>
					<item>
						<item>Barbecue Private</item>
						<item>Patio And Porch Features: Patio, Slab</item>
						<item>Has Patio</item>
						<item>Pool Features: None</item>
						<item>Has Sprinklers</item>
					</item>
				</item>
			</item>
		</item>
		<item>
			<item>School / Neighborhood</item>
			<item>
				<item>
					<item>Neighborhood Information</item>
					<item>
						<item>Sidewalks, Storm Drains, Street Lighting</item>
					</item>
				</item>
				<item>
					<item>School Information</item>
					<item>
						<item>Elementary School: Other</item>
						<item>Middle Or Junior School: Other</item>
						<item>High School: Other</item>
						<item>High School District: Other</item>
						<item>Elementary School 2: OTHER</item>
						<item>Middle Or Junior School 2: OTHER</item>
						<item>High School 2: OTHER</item>
					</item>
				</item>
			</item>
		</item>
		<item>
			<item>Property / Lot Details</item>
			<item>
				<item>
					<item>Lot Information</item>
					<item>
						<item>Elevation Units: Feet</item>
						<item>Lot Size Source: Assessor's Data</item>
						<item>Lot Size Dimensions: 55 x 113</item>
						<item>Lot Features: Sprinklers Manual</item>
						<item>Lot Dimensions Source: Assessor</item>
					</item>
				</item>
				<item>
					<item>Property Information</item>
					<item>
						<item>Total # of Units: 1</item>
						<item>Common Walls: No Common Walls</item>
						<item>Direction Faces: East</item>
						<item>Parcel Number: 29406010</item>
						<item>Property Condition: Additions/Alterations</item>
						<item>Total # of Stories: 1</item>
						<item>Has View</item>
						<item>Year Built Source: Assessor</item>
					</item>
				</item>
			</item>
		</item>
	</property_details>
	<public_facts>
		<Beds>2</Beds>
		<Baths>1</Baths>
		<Finished_Sq._Ft.>1,019</Finished_Sq._Ft.>
		<Unfinished_Sq._Ft.>—</Unfinished_Sq._Ft.>
		<Total_Sq._Ft.>1,019</Total_Sq._Ft.>
		<Stories>1</Stories>
		<Lot_Size>6,172 Sq. Ft.</Lot_Size>
		<Style>Single Family Residential</Style>
		<Year_Built>1947</Year_Built>
		<Year_Renovated>1947</Year_Renovated>
		<County>Santa Clara County</County>
		<APN>29406010</APN>
	</public_facts>
</home>
