<?xml version="1.0" ?>
<home>
	<HomeInfo_Address>
		<street-address>1400 N Fuller Ave #19 </street-address>
		<locality>Los Angeles, </locality>
		<region>CA</region>
		<postal-code>90046</postal-code>
	</HomeInfo_Address>
	<main_stats>
		<Price>$1,195,000</Price>
		<Beds>2</Beds>
		<Baths>2.5</Baths>
		<key name="$692 / Sq. Ft.">1,728</key>
	</main_stats>
	<text_base_description>Stunning contemporary rare corner unit home steps from West Hollywood. This home features 2 beds, an office, 2.5 baths and large private rooftop deck featuring a bamboo hedge garden. The high 9-foot ceilings, abundance of natural light, hardwood floors and custom finishes make this an ideal home. The entry level leads to a spacious office with built-ins - a perfect work from home space separated from the rest of house. The dining area opens to a large gourmet kitchen with high-end appliances, Caesarstone countertops and large center island. The special corner unit location and oversized windows throughout the living area provide an abundance of natural light to complement the high ceilings and recess lighting. The top floor features 2 bedroom suites. The master suite has a custom-built walk-in closet and beautiful bathroom with two sinks and walk-in shower. Other features include an attached two car garage, laundry room w/ storage, custom window treatments and more!  No shared walls.  </text_base_description>
	<listed_by>
		<name>Cesar Gonzalez</name>
		<agentLicenseDisplay>•DRE #01864871</agentLicenseDisplay>
		<org>•DRE #01864871</org>
	</listed_by>
	<price_insights>
		<List_Price>$1,195,000</List_Price>
		<Est._Mo._Payment>$5,538</Est._Mo._Payment>
		<Redfin_Estimate>$1,195,570</Redfin_Estimate>
		<key name="Price/Sq.Ft.">$692</key>
	</price_insights>
	<home_facts>
		<Status>Active</Status>
		<Time_on_Redfin>6 days</Time_on_Redfin>
		<Property_Type>Residential Single-Family</Property_Type>
		<HOA_Dues>$165/month</HOA_Dues>
		<Year_Built>2014</Year_Built>
		<Style>Contemporary</Style>
		<Community>Hollywood</Community>
		<Lot_Size>1,690 Sq. Ft.</Lot_Size>
		<key name="MLS#">20-634508</key>
	</home_facts>
	<property_details>
		<item>
			<item>Virtual Tour, Multi-Unit Information, Homeowners Association, Utilities</item>
			<item>
				<item>
					<item>Virtual Tour</item>
					<item>
						<item>Virtual Tour (External Link)</item>
					</item>
				</item>
				<item>
					<item>Multi-Unit Information</item>
					<item>
						<item>Management Company Name: Vintage Group</item>
						<item>Management Company Phone: </item>
						<item># of Remote Controls: 2</item>
					</item>
				</item>
				<item>
					<item>HOA Information</item>
					<item>
						<item>Amenities: None</item>
						<item>Fee #1: $165</item>
						<item>Fee #1 Frequency: Monthly</item>
						<item>Fees IncludeTrash, Fees Include Maintenance</item>
						<item>Association Phone: 800-996-3051</item>
					</item>
				</item>
				<item>
					<item>Utility Information</item>
					<item>
						<item>Sewer: In Street Paid, On Site, In Connected and Paid</item>
						<item>Water: Public</item>
					</item>
				</item>
			</item>
		</item>
		<item>
			<item>Interior Features</item>
			<item>
				<item>
					<item>Bedroom Information</item>
					<item>
						<item>2 Master Bedrooms, Master Suite, WalkInCloset</item>
					</item>
				</item>
				<item>
					<item>Bathroom Information</item>
					<item>
						<item># of Baths (Full): 2</item>
						<item># of Baths (1/2): 1</item>
						<item>Double Vanity(s), Powder Room, Low Flow Toilet(s), Split Bath, Shower Stall, Shower Over Tub</item>
					</item>
				</item>
				<item>
					<item>Kitchen Information</item>
					<item>
						<item>Free Standing Gas, Microwave, Oven-Gas, Range, Range Hood</item>
						<item>Counter Top, Gourmet Kitchen, Open to Family Room</item>
					</item>
				</item>
				<item>
					<item>Laundry Information</item>
					<item>
						<item>Laundry Room</item>
					</item>
				</item>
				<item>
					<item>Additional Rooms</item>
					<item>
						<item>Breakfast Counter / Bar, Dining Area, In Kitchen, Kitchen Island</item>
						<item>Bonus Room, Office, Two Masters, Study/Office, Breakfast Bar</item>
					</item>
				</item>
				<item>
					<item>Interior Features</item>
					<item>
						<item>Detached/No Common Walls, Living Room Balcony, Open Floor Plan, Recessed Lighting, Storage Space, Turnkey</item>
						<item>Ground Level - no steps</item>
						<item>Windows: Custom Window Covering, Double Pane Windows, Plantation Shutters</item>
					</item>
				</item>
				<item>
					<item>Flooring Information</item>
					<item>
						<item>Hardwood Floors</item>
					</item>
				</item>
				<item>
					<item>Equipment</item>
					<item>
						<item>Alarm System, Dishwasher, Dryer, Garbage Disposal, Microwave, Range/Oven, Refrigerator, Vented Exhaust Fan, Washer</item>
						<item>Cable TV</item>
					</item>
				</item>
				<item>
					<item>Heating &amp; Cooling</item>
					<item>
						<item>Central Cooling</item>
						<item>Central Heat</item>
						<item>Water Heater Features: Gas</item>
					</item>
				</item>
			</item>
		</item>
		<item>
			<item>Parking / Garage</item>
			<item>
				<item>
					<item>Garage</item>
					<item>
						<item>Attached, Direct Entrance</item>
						<item># of Garage Spaces: 2</item>
					</item>
				</item>
				<item>
					<item>Parking</item>
					<item>
						<item># of Parking Spaces (Total): 2</item>
					</item>
				</item>
			</item>
		</item>
		<item>
			<item>Exterior Features</item>
			<item>
				<item>
					<item>Building Information</item>
					<item>
						<item>Total Floors: 3</item>
						<item>Three Or More Levels</item>
						<item>Detached</item>
						<item>Detached/No Common Walls</item>
						<item>Entry Floor Number: 1</item>
						<item>Faces South</item>
						<item>Security Features: Fire and Smoke Detection System, Smoke Detector, Owned, Carbon Monoxide Detector(s)</item>
						<item>Foundation - Concrete Slab</item>
						<item>Exterior Construction: Stucco</item>
					</item>
				</item>
				<item>
					<item>Exterior Features</item>
					<item>
						<item>Patio Features: Roof Top Deck</item>
						<item>Other Structural Features: Balcony, End Unit, High Ceilings (9 Feet+), Full Copper Plumbing</item>
					</item>
				</item>
			</item>
		</item>
		<item>
			<item>School / Neighborhood</item>
			<item>
				<item>
					<item>Community Information</item>
					<item>
						<item># of Units in Complex (Total): 19</item>
						<item>Athletic Court: None</item>
					</item>
				</item>
				<item>
					<item>School Information</item>
					<item>
						<item>School District: Los Angeles Unified</item>
					</item>
				</item>
			</item>
		</item>
		<item>
			<item>Taxes / Assessments</item>
			<item>
				<item>
					<item>Assessment Information</item>
					<item>
						<item>Assessor Parcel Number: 5548-005-044</item>
					</item>
				</item>
				<item>
					<item>Tax Information</item>
					<item>
						<item>No Mello-Roos Tax</item>
					</item>
				</item>
			</item>
		</item>
		<item>
			<item>Property / Lot Details</item>
			<item>
				<item>
					<item>Property Information</item>
					<item>
						<item>Property Type: Residential Single-Family</item>
					</item>
				</item>
				<item>
					<item>Lot Information</item>
					<item>
						<item>Lot Size (Sq. Ft.): 1,690</item>
						<item>Lot Size (Acres): 0.0388</item>
						<item>Zoning: LAR3</item>
						<item>Special Zoning: None</item>
					</item>
				</item>
				<item>
					<item>Property Features</item>
					<item>
						<item>None</item>
						<item>Sprinkler System, Drip Irrigation System</item>
						<item>Has View</item>
						<item>View: City</item>
					</item>
				</item>
			</item>
		</item>
		<item>
			<item>Location Details, Documents &amp; Disclosures, Listing Information</item>
			<item>
				<item>
					<item>Location Information</item>
					<item>
						<item>Complex Name: Row 3 Maintenance Association</item>
						<item>Directions: West of La Brea Ave., North of Fountain Ave. South of Sunset Blvd and East of Gardner St. on Fuller Ave. at the end of the North Complex on the North side.</item>
					</item>
				</item>
				<item>
					<item>Documents &amp; Disclosures</item>
					<item>
						<item>Disclosures: None</item>
					</item>
				</item>
				<item>
					<item>Listing Information</item>
					<item>
						<item>Possession: Close Of Escrow</item>
					</item>
				</item>
			</item>
		</item>
	</property_details>
	<public_facts>
		<Beds>2</Beds>
		<Baths>4</Baths>
		<Finished_Sq._Ft.>1,728</Finished_Sq._Ft.>
		<Unfinished_Sq._Ft.>—</Unfinished_Sq._Ft.>
		<Total_Sq._Ft.>1,728</Total_Sq._Ft.>
		<Stories>—</Stories>
		<Lot_Size>1,690 Sq. Ft.</Lot_Size>
		<Style>Single Family Residential</Style>
		<Year_Built>2014</Year_Built>
		<Year_Renovated>2014</Year_Renovated>
		<County>Los Angeles County</County>
		<APN>5548005044</APN>
	</public_facts>
</home>
