<?xml version="1.0" ?>
<home>
	<HomeInfo_Address>
		<street-address>1426 N Laurel Ave #109 </street-address>
		<locality>West Hollywood, </locality>
		<region>CA</region>
		<postal-code>90046</postal-code>
	</HomeInfo_Address>
	<main_stats>
		<Price>$998,000</Price>
		<Beds>2</Beds>
		<Baths>3</Baths>
		<key name="$842 / Sq. Ft.">1,185</key>
	</main_stats>
	<text_base_description>Elegantly remodeled 2-story end-unit townhouse steps away from amazing amenities! Designer touches throughout, this spacious townhouse boasts an updated kitchen with breakfast bar, floating range hood and Quartz countertops, farmhouse sink, elegant hardware, plus all appliances included! High ceilings, designer fixtures, recessed lighting and newly installed engineered hardwood throughout. Updated gas fireplace in living room with custom mantel. Sliding glass door leads to a cozy outdoor patio off of the dining area. Bedrooms can be found on the upper level each with their own ensuite. Master has walk-in glass shower and dual vanity and two closets. Second bedroom has extra outdoor space with an additional balcony. In unit laundry closet with full size side by side washer/dryer, and plenty of storage. Gated underground 2 car tandem parking spot with storage locker situated close to elevator. Roof top deck with patio tables  &amp;  chairs, and loungers for laying out in the sun, or enjoying the views. Steps away from Trader Joe's, Starbucks, Crunch Gym, AMC Theatres, and Laugh Factory, plus so much more! 95 walk score. Building has EQ Insurance. 3D tour: https://my. matterport.com/show/ ?m=7Yk68AcvSt6 </text_base_description>
	<listed_by>
		<name>David Ivkovic</name>
		<agentLicenseDisplay>•DRE #01892926</agentLicenseDisplay>
		<org>•DRE #01892926</org>
	</listed_by>
	<price_insights>
		<List_Price>$998,000</List_Price>
		<Est._Mo._Payment>$4,625</Est._Mo._Payment>
		<Redfin_Estimate>$985,033</Redfin_Estimate>
		<key name="Price/Sq.Ft.">$842</key>
	</price_insights>
	<home_facts>
		<Status>Active</Status>
		<Time_on_Redfin>16 days</Time_on_Redfin>
		<Property_Type>Condominium</Property_Type>
		<Baths>1 full, 2 partial</Baths>
		<HOA_Dues>$463/month</HOA_Dues>
		<Year_Built>2003</Year_Built>
		<Community>C10 - West Hollywood Vicinity</Community>
		<Lot_Size>0.35 Acres</Lot_Size>
		<key name="MLS#">SR20185606</key>
	</home_facts>
	<property_details>
		<item>
			<item>Virtual Tour, Parking / Garage, Exterior Features, Multi-Unit Information</item>
			<item>
				<item>
					<item>Virtual Tour</item>
					<item>
						<item>Virtual Tour URL Branded: Virtual Tour (External Link)</item>
						<item>Virtual TourURL Unbranded: Virtual Tour (External Link)</item>
						<item>Virtual Tour URL Unbranded: Virtual Tour (External Link)</item>
					</item>
				</item>
				<item>
					<item>Parking / Garage Information</item>
					<item>
						<item>Attached Garage</item>
						<item># of Garage Spaces: 2</item>
						<item>Assigned, Controlled Entrance, Gated, Subterranean, Tandem Garage</item>
						<item>Has Parking</item>
						<item># of Parking Spaces: 2</item>
					</item>
				</item>
				<item>
					<item>Exterior Features</item>
					<item>
						<item>Patio And Porch Features: Patio, Roof Top</item>
						<item>Has Patio</item>
						<item>Pool Features: None</item>
					</item>
				</item>
				<item>
					<item>Multi-Unit Information</item>
					<item>
						<item># of Units In Community: 19</item>
					</item>
				</item>
			</item>
		</item>
		<item>
			<item>Interior Features</item>
			<item>
				<item>
					<item>Laundry Information</item>
					<item>
						<item>Has Laundry</item>
						<item>Dryer Included, In Closet, Washer Included</item>
					</item>
				</item>
				<item>
					<item>Kitchen Information</item>
					<item>
						<item>Appliances: Dishwasher, Gas Range, Range/Stove Hood, Refrigerator</item>
						<item>Has Appliances</item>
						<item>Breakfast Counter / Bar, Formal Dining Room</item>
						<item>Quartz Counters, Remodeled Kitchen</item>
					</item>
				</item>
				<item>
					<item>Bathroom Information</item>
					<item>
						<item># of Baths (Full): 1</item>
						<item># of Baths (1/2): 1</item>
						<item># of Baths (3/4): 1</item>
						<item>Bathtub, Walk-in shower</item>
					</item>
				</item>
				<item>
					<item>Cooling Information</item>
					<item>
						<item>Central</item>
						<item>Has Cooling</item>
					</item>
				</item>
				<item>
					<item>Room Information</item>
					<item>
						<item>All Bedrooms Up</item>
					</item>
				</item>
				<item>
					<item>Fireplace Information</item>
					<item>
						<item>Living Room, Gas</item>
						<item>Has Fireplace</item>
					</item>
				</item>
				<item>
					<item>Flooring Information</item>
					<item>
						<item>Wood</item>
					</item>
				</item>
				<item>
					<item>Heating Information</item>
					<item>
						<item>Central Furnace, Fireplace</item>
						<item>Has Heating</item>
					</item>
				</item>
				<item>
					<item>Interior Features</item>
					<item>
						<item>Entry Location: Street</item>
						<item>Balcony, High Ceilings (9 Feet+)</item>
						<item>Levels: Two</item>
						<item>Main Level Bathrooms: 1</item>
						<item>Main Level Bedrooms: 0</item>
						<item>Window Features: Custom Covering, Shutters</item>
					</item>
				</item>
			</item>
		</item>
		<item>
			<item>Homeowners Association, Utilities, Taxes / Assessments, Location Details</item>
			<item>
				<item>
					<item>Homeowners Association</item>
					<item>
						<item>Is Part of Association</item>
						<item>Association Name: 1426 Laurel Avenue HOA, Inc.</item>
						<item>Monthly</item>
						<item>Association Fee: $463</item>
						<item>Association Amenities: Storage Area, Maintenance Grounds</item>
					</item>
				</item>
				<item>
					<item>Utilities Information</item>
					<item>
						<item>Sewer: Public Sewer</item>
						<item>Water Source: District/Public</item>
					</item>
				</item>
				<item>
					<item>Assesments Information</item>
					<item>
						<item>Assessments: Unknown</item>
					</item>
				</item>
				<item>
					<item>Location Information</item>
					<item>
						<item>Directions: South of Sunset Blvd, between Fairfax &amp; Crescent Heights</item>
						<item>Road Frontage Type: Access via City Streets</item>
						<item>Road Surface Type: Paved</item>
						<item>Zoning: WDR4*</item>
					</item>
				</item>
			</item>
		</item>
		<item>
			<item>School / Neighborhood</item>
			<item>
				<item>
					<item>Neighborhood Information</item>
					<item>
						<item>Sidewalks, Street Lighting</item>
					</item>
				</item>
				<item>
					<item>School Information</item>
					<item>
						<item>High School District: Los Angeles Unified</item>
					</item>
				</item>
			</item>
		</item>
		<item>
			<item>Property / Lot Details</item>
			<item>
				<item>
					<item>Lot Information</item>
					<item>
						<item>Elevation Units: Feet</item>
						<item>Lot Size Source: Assessor's Data</item>
					</item>
				</item>
				<item>
					<item>Property Information</item>
					<item>
						<item>Common Interest: Condominium</item>
						<item>Total # of Units: 19</item>
						<item>Common Walls: 1 common wall, End Unit</item>
						<item>Direction Faces: Southeast</item>
						<item>Parcel Number: 5554003025</item>
						<item>Attached Property</item>
						<item>Property Condition: Updated/Remodeled</item>
						<item>Total # of Stories: 4</item>
						<item>Has View</item>
						<item>Year Built Source: Assessor</item>
					</item>
				</item>
			</item>
		</item>
		<item>
			<item>Misc. Information</item>
			<item>
				<item>
					<item>Miscellaneous Information</item>
					<item>
						<item>Exclusions: Shelves in bathrooms, microwave.</item>
					</item>
				</item>
			</item>
		</item>
	</property_details>
	<public_facts>
		<Beds>2</Beds>
		<Baths>3</Baths>
		<Finished_Sq._Ft.>1,185</Finished_Sq._Ft.>
		<Unfinished_Sq._Ft.>—</Unfinished_Sq._Ft.>
		<Total_Sq._Ft.>1,185</Total_Sq._Ft.>
		<Stories>—</Stories>
		<Lot_Size>—</Lot_Size>
		<Style>Condo/Co-op</Style>
		<Year_Built>2003</Year_Built>
		<Year_Renovated>2003</Year_Renovated>
		<County>Los Angeles County</County>
		<APN>5554003025</APN>
	</public_facts>
</home>
