<?xml version="1.0" ?>
<home>
	<HomeInfo_Address>
		<street-address>1037 N Laurel Ave #10 </street-address>
		<locality>West Hollywood, </locality>
		<region>CA</region>
		<postal-code>90046</postal-code>
	</HomeInfo_Address>
	<main_stats>
		<Price>$1,297,000</Price>
		<Beds>2</Beds>
		<Baths>2</Baths>
		<key name="$893 / Sq. Ft.">1,453</key>
	</main_stats>
	<text_base_description>Incredible 2-story architectural loft w private back patio  &amp;  garden in the acclaimed Laurel Court Lofts. Remodeled  &amp;  designed by Flow Modern Design, this unit features 18' ceilings, walls of glass w E/W exposure  &amp;  custom finishes throughout. The first level showcases concrete floors, one entire wall made of chalkboard w rolling library ladder, built-in bar w mini fridge, dining area w built-in banquette, gourmet chef's kitchen w top-of-the-line appliances including an AGA stove, guest bed/office w built-in bed  &amp;  desk, &amp;  spacious guest bath w urinal  &amp;  floor-ceiling designer tile. Hardwood stairs lead to the top floor which is dedicated to the stunning primary suite  &amp;  custom walk-in closet. Sleek primary bath feat a smoke-glass enclosed shower  &amp;  double vanity. Unit also boasts custom roller solar window treatments  &amp;  Nest HVAC. Roll-up garagedoor leads to private outdoor space. Extra storage. Guest parking. Secure bldg in premier locale close to dining  &amp;  shopping on SM Blvd  &amp;  Melrose.  </text_base_description>
	<listed_by>
		<name>Elisa G. Ritt</name>
		<agentLicenseDisplay>•DRE #01410040</agentLicenseDisplay>
		<org>•DRE #01410040</org>
	</listed_by>
	<price_insights>
		<List_Price>$1,297,000</List_Price>
		<Est._Mo._Payment>$6,011</Est._Mo._Payment>
		<Redfin_Estimate>$1,296,238</Redfin_Estimate>
		<key name="Price/Sq.Ft.">$893</key>
	</price_insights>
	<home_facts>
		<Status>Active</Status>
		<Time_on_Redfin>8 hours</Time_on_Redfin>
		<Property_Type>Condominium, Residential Condo/Co-Op</Property_Type>
		<HOA_Dues>$533/month</HOA_Dues>
		<Year_Built>2004</Year_Built>
		<Style>Contemporary</Style>
		<Community>West Hollywood Vicinity</Community>
		<Lot_Size>0.60 Acres</Lot_Size>
		<key name="MLS#">20-635596</key>
	</home_facts>
	<property_details>
		<item>
			<item>Virtual Tour, Exterior Features, Homeowners Association, School / Neighborhood</item>
			<item>
				<item>
					<item>Virtual Tour</item>
					<item>
						<item>Virtual Tour (External Link)</item>
					</item>
				</item>
				<item>
					<item>Building Information</item>
					<item>
						<item>Condominium, Attached</item>
						<item>Attached</item>
						<item>Entry Floor Number: 1</item>
						<item>Security Features: Gated</item>
					</item>
				</item>
				<item>
					<item>HOA Information</item>
					<item>
						<item>Amenities: Gated Parking, Gated Community</item>
						<item>Fee #1: $532.80</item>
						<item>Fee #1 Frequency: Monthly</item>
						<item>AssociationPetRules: Yes</item>
					</item>
				</item>
				<item>
					<item>Community Information</item>
					<item>
						<item># of Units in Complex (Total): 20</item>
					</item>
				</item>
			</item>
		</item>
		<item>
			<item>Interior Features</item>
			<item>
				<item>
					<item>Bathroom Information</item>
					<item>
						<item># of Baths (Full): 2</item>
					</item>
				</item>
				<item>
					<item>Laundry Information</item>
					<item>
						<item>Laundry in Unit</item>
					</item>
				</item>
				<item>
					<item>Additional Rooms</item>
					<item>
						<item>Dining Area, Master Bedroom, Patio Covered, Walk-In Closet</item>
					</item>
				</item>
				<item>
					<item>Interior Features</item>
					<item>
						<item>Furnished</item>
					</item>
				</item>
				<item>
					<item>Flooring Information</item>
					<item>
						<item>Cement Floors, Hardwood Floors, Tile Floors</item>
					</item>
				</item>
				<item>
					<item>Equipment</item>
					<item>
						<item>Dishwasher, Dryer, Freezer, Garbage Disposal, Washer, Range/Oven</item>
					</item>
				</item>
				<item>
					<item>Heating &amp; Cooling</item>
					<item>
						<item>Central Cooling</item>
						<item>Central Heat</item>
					</item>
				</item>
			</item>
		</item>
		<item>
			<item>Parking / Garage</item>
			<item>
				<item>
					<item>Garage</item>
					<item>
						<item>Covered Parking, Tandem</item>
					</item>
				</item>
				<item>
					<item>Parking</item>
					<item>
						<item># of Covered Parking Spaces: 2</item>
					</item>
				</item>
			</item>
		</item>
		<item>
			<item>Taxes / Assessments, Location Details, Documents &amp; Disclosures</item>
			<item>
				<item>
					<item>Assessment Information</item>
					<item>
						<item>Assessor Parcel Number: 5529-024-040</item>
					</item>
				</item>
				<item>
					<item>Location Information</item>
					<item>
						<item>Unit Floor In Building: 1</item>
						<item>Complex Name: Laurel Court Lofts</item>
						<item>Directions: South of Santa Monica, East of Crescent Heights, West of Fairfax</item>
					</item>
				</item>
				<item>
					<item>Documents &amp; Disclosures</item>
					<item>
						<item>Disclosures: None</item>
					</item>
				</item>
			</item>
		</item>
		<item>
			<item>Property / Lot Details</item>
			<item>
				<item>
					<item>Property Information</item>
					<item>
						<item>Property Type: Residential Condo/Co-Op</item>
					</item>
				</item>
				<item>
					<item>Lot Information</item>
					<item>
						<item>Lot Size (Sq. Ft.): 26,197</item>
						<item>Lot Size (Acres): 0.6014</item>
						<item>Zoning: WDR3C*</item>
						<item>Special Zoning: None</item>
					</item>
				</item>
				<item>
					<item>Property Features</item>
					<item>
						<item>Has View</item>
						<item>View: City Lights, Green Belt</item>
					</item>
				</item>
			</item>
		</item>
	</property_details>
	<public_facts>
		<Beds>2</Beds>
		<Baths>2</Baths>
		<Finished_Sq._Ft.>1,453</Finished_Sq._Ft.>
		<Unfinished_Sq._Ft.>—</Unfinished_Sq._Ft.>
		<Total_Sq._Ft.>1,453</Total_Sq._Ft.>
		<Stories>—</Stories>
		<Lot_Size>—</Lot_Size>
		<Style>Condo/Co-op</Style>
		<Year_Built>2004</Year_Built>
		<Year_Renovated>2004</Year_Renovated>
		<County>Los Angeles County</County>
		<APN>5529024040</APN>
	</public_facts>
</home>
