<?xml version="1.0" ?>
<home>
	<HomeInfo_Address>
		<street-address>1083 Clay St #201 </street-address>
		<locality>San Francisco, </locality>
		<region>CA</region>
		<postal-code>94108</postal-code>
	</HomeInfo_Address>
	<main_stats>
		<Price>$980,000</Price>
		<Bed>1</Bed>
		<Bath>1</Bath>
		<key name="$1071 / Sq. Ft.">915</key>
	</main_stats>
	<text_base_description>One of a kind boutique art deco condo in Nob Hill! This beautiful, spacious home has a truly special layout, tons of natural light, a separate home office, and peek-a-boo bay views. Located in San Francisco's historic Nob Hill in an 11-unit building, this home features a formal entry with coat closet and a unique sunken floor plan that is graced by floor to ceiling windows on both sides of the home. To the left of the formal entry is the dining room and kitchen, complete with stainless steel appliances. Your sunken living room features a full wall of windows showcasing the city skyline. This home is an entertainers' dream! The large bedroom is to the right of the entry and features a separate toilet/shower room away from the sink, ideal for two. The bedroom itself is sunken and features its own wall of windows as well as two large closets and extra storage above. A separate home office with its own closet has a door that closes for conference calls - Welcome Home! </text_base_description>
	<listed_by>
		<name>Gabrielle Bunker</name>
		<agentLicenseDisplay>•DRE #01886852</agentLicenseDisplay>
		<listed_by_page>/real-estate-agents/gabrielle-bunker</listed_by_page>
	</listed_by>
	<price_insights>
		<List_Price>$980,000</List_Price>
		<Est._Mo._Payment>$4,503</Est._Mo._Payment>
		<key name="Price/Sq.Ft.">$1,071</key>
		<key name="Buyer's Brokerage Compensation">2.5%</key>
	</price_insights>
	<home_facts>
		<Status>Active</Status>
		<Time_on_Redfin>25 days</Time_on_Redfin>
		<Property_Type>Mid-Rise (4-8), Luxury, Condominium</Property_Type>
		<HOA_Dues>$774/month</HOA_Dues>
		<Year_Built>1984</Year_Built>
		<Style>Art Deco</Style>
		<Community>Nob Hill</Community>
		<key name="MLS#">504920</key>
	</home_facts>
	<property_details>
		<item>
			<item>Interior Features</item>
			<item>
				<item>
					<item>Bedroom Information</item>
					<item>
						<item># of Bedrooms: 1</item>
					</item>
				</item>
				<item>
					<item>Bathroom Information</item>
					<item>
						<item>Bath Type/Includes: Shower Over Tub</item>
						<item># of Baths: 1</item>
					</item>
				</item>
				<item>
					<item>Living Room Information</item>
					<item>
						<item>Has View, Sunken</item>
					</item>
				</item>
				<item>
					<item>Dining Room Information</item>
					<item>
						<item>Dining Room: Formal</item>
					</item>
				</item>
				<item>
					<item>Additional Rooms</item>
					<item>
						<item>Den/Bonus Room: 0</item>
					</item>
				</item>
				<item>
					<item>Fireplace Information</item>
					<item>
						<item>Fireplace(s): 1, Living Room</item>
					</item>
				</item>
				<item>
					<item>Floor Information</item>
					<item>
						<item>Hardwood, Tile</item>
					</item>
				</item>
				<item>
					<item>Kitchen Features</item>
					<item>
						<item>Kitchen: Electric Range, Refrigerator, Dishwasher, Microwave, Garbage Disposal</item>
					</item>
				</item>
				<item>
					<item>Interior Features</item>
					<item>
						<item>Main Level: 1 Bedroom, 1 Bath, 1 Master Suite, Living Room, Dining Room, Kitchen</item>
						<item># of Rooms: 3</item>
						<item>Intercom, Elevator/Lift</item>
					</item>
				</item>
			</item>
		</item>
		<item>
			<item>Parking / Garage, Multi-Unit Information, Homeowners Association, Location Details</item>
			<item>
				<item>
					<item>Parking Information</item>
					<item>
						<item># of Spaces: 1</item>
						<item># of Garage Spaces: 1</item>
						<item>Designated On-Site Parking</item>
						<item>Parking Access: Independent</item>
						<item>Monthly Parking Fees: 0.00</item>
						<item>Parking Features: Attached, Automatic Door, Garage</item>
					</item>
				</item>
				<item>
					<item>Community Features</item>
					<item>
						<item>Laundry Facility (Coin Operated), Roof Deck</item>
						<item>Transportation: 1 Block Away</item>
					</item>
				</item>
				<item>
					<item>Homeowners Association Information</item>
					<item>
						<item>Has Homeowners Association</item>
						<item>Dues: $774</item>
						<item>Dues Paid: Monthly</item>
					</item>
				</item>
				<item>
					<item>Location Information</item>
					<item>
						<item>Cross Street: Mason</item>
					</item>
				</item>
			</item>
		</item>
		<item>
			<item>Property / Lot Details</item>
			<item>
				<item>
					<item>Lot Information</item>
					<item>
						<item>View(s): Panoramic, Partial, City Lights, Bay</item>
						<item>Paved Driveway, Shared Driveway</item>
					</item>
				</item>
				<item>
					<item>Property Information</item>
					<item>
						<item>Style: Art Deco</item>
						<item>Type: Mid-Rise (4-8), Luxury</item>
						<item># of Units: 11</item>
						<item>Per Architect</item>
						<item>APN: 0223-049</item>
						<item>Special Features: Intercom, Elevator/Lift</item>
						<item>Property Disclaimer: Copyright: 2020 by San Francisco Assoc of REALTORS - All data, including all measurements and calculations of area, is obtained from various sources and has not been, and will not be, verified by broker or MLS. All information should be independently reviewed and verified for accuracy. Properties may or may not be listed by the office/agent presenting the information.</item>
					</item>
				</item>
			</item>
		</item>
		<item>
			<item>Documents &amp; Disclosures</item>
			<item>
				<item>
					<item>Documents &amp; Disclosures</item>
					<item>
						<item>Documents/Disclosure: Disclosure Pkg Avail</item>
					</item>
				</item>
			</item>
		</item>
		<item>
			<item>Listing Information</item>
			<item>
				<item>
					<item>Listing Information</item>
					<item>
						<item>Original Price: $980,000</item>
						<item>On Market Date: Saturday, August 29, 2020</item>
						<item>Transfer of Possession: Close of Escrow</item>
					</item>
				</item>
				<item>
					<item>Buyer's Brokerage Compensation</item>
					<item>
						<item>2.5%</item>
					</item>
				</item>
			</item>
		</item>
	</property_details>
	<public_facts>
		<Beds>—</Beds>
		<Baths>1</Baths>
		<Finished_Sq._Ft.>—</Finished_Sq._Ft.>
		<Unfinished_Sq._Ft.>—</Unfinished_Sq._Ft.>
		<Total_Sq._Ft.>915</Total_Sq._Ft.>
		<Stories>—</Stories>
		<Lot_Size>—</Lot_Size>
		<Style>Condo/Co-op</Style>
		<Year_Built>1984</Year_Built>
		<Year_Renovated>—</Year_Renovated>
		<County>San Francisco County</County>
		<APN>0223 049</APN>
	</public_facts>
</home>
