<?xml version="1.0" ?>
<home>
	<HomeInfo_Address>
		<street-address>400 Beale St #811 </street-address>
		<locality>San Francisco, </locality>
		<region>CA</region>
		<postal-code>94105</postal-code>
	</HomeInfo_Address>
	<main_stats>
		<Price>$999,000</Price>
		<Beds>2</Beds>
		<Baths>2</Baths>
		<key name="$1009 / Sq. Ft.">990</key>
	</main_stats>
	<text_base_description>This 2 bed 2 bath home in the South Beach/East Cut neighborhood is the perfect space for those who want to live luxuriously and enjoy the heart of the city. This elegant home is beautifully planned with an open layout and views of sparkling Bay Lights from every room. This east-facing condo includes new SS kitchen appliances, brand new carpet, and freshly painted walls and ceilings. Features include a well-located parking space, storage unit, in-unit W/ D, and private balcony with waterfront and Bay Bridge views. The spacious master features 2 closets and a balcony. The open entertaining area features granite countertops, vented range, Brazilian cherry hardwood floors, recessed lights/modern light fixtures, and built-in sliding shelves. The second bedroom is large, and the second bath has shower over tub. Bridgeview amenities include 24-hour concierge with package and access services, gym, pool, hot tub, rooftop sky deck with water and bridge views and BBQ grill.  </text_base_description>
	<listed_by>
		<name>Thomas Baumgartner</name>
		<agentLicenseDisplay>•DRE #01386089</agentLicenseDisplay>
		<listed_by_page>/real-estate-agents/tom-baumgartner</listed_by_page>
	</listed_by>
	<price_insights>
		<List_Price>$999,000</List_Price>
		<Est._Mo._Payment>$4,591</Est._Mo._Payment>
		<key name="Price/Sq.Ft.">$1,009</key>
		<key name="Buyer's Brokerage Compensation">2.5%</key>
	</price_insights>
	<home_facts>
		<Status>Active</Status>
		<Time_on_Redfin>76 days</Time_on_Redfin>
		<Property_Type>Hi-Rise (9+), Condominium</Property_Type>
		<HOA_Dues>$894/month</HOA_Dues>
		<Year_Built>2002</Year_Built>
		<Style>Contemporary</Style>
		<Community>South Beach</Community>
		<key name="MLS#">501330</key>
	</home_facts>
	<property_details>
		<item>
			<item>Virtual Tour, Parking / Garage, Multi-Unit Information, Homeowners Association</item>
			<item>
				<item>
					<item>Virtual Tour</item>
					<item>
						<item>Virtual Tour (External Link)</item>
						<item>Virtual Media: 1</item>
					</item>
				</item>
				<item>
					<item>Parking Information</item>
					<item>
						<item># of Spaces: 1</item>
						<item># of Garage Spaces: 1</item>
						<item>Designated On-Site Parking</item>
						<item>Parking Access: Independent</item>
						<item>Monthly Parking Fees: 0.00</item>
						<item>Parking Features: Enclosed, Attached, Interior Access, Automatic Door, Garage</item>
					</item>
				</item>
				<item>
					<item>Community Features</item>
					<item>
						<item>Roof Deck, Spa/Hot Tub, BBQ Area, Gym</item>
					</item>
				</item>
				<item>
					<item>Homeowners Association Information</item>
					<item>
						<item>HOA Fee Includes: Water, Garbage, Ext Bldg Maintenance, Grounds Maintenance, Door Person, Security Service, Homeowners Insurance, Outside Management</item>
						<item>Has Homeowners Association</item>
						<item>Dues: $894</item>
						<item>Dues Paid: Monthly</item>
					</item>
				</item>
			</item>
		</item>
		<item>
			<item>Interior Features</item>
			<item>
				<item>
					<item>Bedroom Information</item>
					<item>
						<item># of Bedrooms: 2</item>
					</item>
				</item>
				<item>
					<item>Bathroom Information</item>
					<item>
						<item>Bath Type/Includes: Shower Over Tub</item>
						<item># of Baths: 2</item>
					</item>
				</item>
				<item>
					<item>Living Room Information</item>
					<item>
						<item>Has View</item>
					</item>
				</item>
				<item>
					<item>Dining Room Information</item>
					<item>
						<item>Dining Room: Living/Dining Room Combo</item>
					</item>
				</item>
				<item>
					<item>Additional Rooms</item>
					<item>
						<item>Den/Bonus Room: 0</item>
					</item>
				</item>
				<item>
					<item>Laundry Information</item>
					<item>
						<item>Washer/Dryer, In Closet</item>
					</item>
				</item>
				<item>
					<item>Floor Information</item>
					<item>
						<item>Partial Carpet, Partial Hardwood, Tile</item>
					</item>
				</item>
				<item>
					<item>Kitchen Features</item>
					<item>
						<item>Kitchen: Freestanding Range, Refrigerator, Freezer, Dishwasher, Microwave, Garbage Disposal, Pantry</item>
					</item>
				</item>
				<item>
					<item>Interior Features</item>
					<item>
						<item>Main Level: 2 Bedrooms, 2 Baths, Living Room, Kitchen</item>
						<item>Intercom, Elevator/Lift</item>
					</item>
				</item>
			</item>
		</item>
		<item>
			<item>Exterior Features</item>
			<item>
				<item>
					<item>Pool &amp; Spa Information</item>
					<item>
						<item>Common Facility</item>
					</item>
				</item>
				<item>
					<item>Exterior Features</item>
					<item>
						<item>Patio</item>
					</item>
				</item>
			</item>
		</item>
		<item>
			<item>Property / Lot Details</item>
			<item>
				<item>
					<item>Lot Information</item>
					<item>
						<item>View(s): Panoramic, City Lights, Water, Bay, Bay Bridge, San Francisco</item>
					</item>
				</item>
				<item>
					<item>Property Information</item>
					<item>
						<item>Style: Contemporary</item>
						<item>Type: Hi-Rise (9+)</item>
						<item># of Units: 248</item>
						<item>Per Architect</item>
						<item>APN: 3766-094</item>
						<item>Special Features: Intercom, Elevator/Lift</item>
						<item>Property Disclaimer: Copyright: 2020 by San Francisco Assoc of REALTORS - All data, including all measurements and calculations of area, is obtained from various sources and has not been, and will not be, verified by broker or MLS. All information should be independently reviewed and verified for accuracy. Properties may or may not be listed by the office/agent presenting the information.</item>
					</item>
				</item>
			</item>
		</item>
		<item>
			<item>Location Details, Documents &amp; Disclosures</item>
			<item>
				<item>
					<item>Location Information</item>
					<item>
						<item>Cross Street: Bryant</item>
					</item>
				</item>
				<item>
					<item>Documents &amp; Disclosures</item>
					<item>
						<item>Documents/Disclosure: Disclosure Pkg Avail</item>
					</item>
				</item>
			</item>
		</item>
		<item>
			<item>Listing Information</item>
			<item>
				<item>
					<item>Listing Information</item>
					<item>
						<item>Original Price: $999,000</item>
						<item>On Market Date: Thursday, July 9, 2020</item>
						<item>Transfer of Possession: Close of Escrow</item>
					</item>
				</item>
				<item>
					<item>Buyer's Brokerage Compensation</item>
					<item>
						<item>2.5%</item>
					</item>
				</item>
			</item>
		</item>
	</property_details>
	<public_facts>
		<Beds>—</Beds>
		<Baths>—</Baths>
		<Finished_Sq._Ft.>—</Finished_Sq._Ft.>
		<Unfinished_Sq._Ft.>—</Unfinished_Sq._Ft.>
		<Total_Sq._Ft.>990</Total_Sq._Ft.>
		<Stories>—</Stories>
		<Lot_Size>—</Lot_Size>
		<Style>Condo/Co-op</Style>
		<Year_Built>2002</Year_Built>
		<Year_Renovated>—</Year_Renovated>
		<County>San Francisco County</County>
		<APN>3766 094</APN>
	</public_facts>
</home>
