<?xml version="1.0" ?>
<home>
	<HomeInfo_Address>
		<street-address>453 N Baldwin St </street-address>
		<locality>Madison, </locality>
		<region>WI</region>
		<postal-code>53703</postal-code>
	</HomeInfo_Address>
	<main_stats>
		<Price>$599,900</Price>
		<Beds>4</Beds>
		<Baths>2.5</Baths>
		<key name="$299 / Sq. Ft.">2,008</key>
	</main_stats>
	<text_base_description>Public Remarks: Showings start 10/3-VRP $565,000-639,000. Located in the heart of the desirable Tenney Laphan neighborhood, a half block to Tenney Park and Lake Mendota. This 4 bedroom, 2 1/2 bath is turn key, move in ready and has been meticulously maintained. Large addition in 2010. Seller spared no expense to maintain the classic Prairie/Craftsman style home. Red oak trim, oak hardwood floors throughout. Quarter sawn oak cabinets and quartz countertops in the oversized gourmet kitchen. Butlers pantry includes main level laundry area. Custom touches abound such as central vacuum, laundry chute and built-in cabinets. One car garage with an off street parking slab behind the house that can double as a patio!  Close proximity to the best Madison has to offer; bike trails, festivals, lakes, and much more! </text_base_description>
	<listed_by>
		<name>Maureen Thomas</name>
		<org> • My Home Realty, LLC </org>
	</listed_by>
	<price_insights>
		<List_Price>$599,900</List_Price>
		<Est._Mo._Payment>$2,977</Est._Mo._Payment>
		<Redfin_Estimate>$597,908</Redfin_Estimate>
		<key name="Price/Sq.Ft.">$299</key>
	</price_insights>
	<home_facts>
		<Status>Active</Status>
		<Time_on_Redfin>7 days</Time_on_Redfin>
		<Property_Type>Single-Family</Property_Type>
		<Year_Built>1920</Year_Built>
		<Style>Prairie/Craftsman</Style>
		<Community>Tenney Park</Community>
		<Lot_Size>4,356 Sq. Ft.</Lot_Size>
		<key name="MLS#">1893668</key>
	</home_facts>
	<property_details>
		<item>
			<item>Interior Features</item>
			<item>
				<item>
					<item>Bedroom Information</item>
					<item>
						<item>Master Bedroom Dimensions: 14 x 12</item>
						<item>Master Bedroom Level: Upper</item>
						<item>Bedroom 2 Dimensions: 12 x 9</item>
						<item>Bedroom 2 Level: Upper</item>
						<item>Bedroom 3 Dimensions: 12 x 9</item>
						<item>Bedroom 3 Level: Upper</item>
						<item>Bedroom 4 Dimension: 8 x 7</item>
						<item>Bedroom 4 Level: Upper</item>
					</item>
				</item>
				<item>
					<item>Bathroom Information</item>
					<item>
						<item>Bath Description(s): At Least 1 Tub, No Master Bedroom Bath</item>
						<item># of Baths (1/2): 1</item>
						<item># of Baths (Full): 2</item>
					</item>
				</item>
				<item>
					<item>Interior Features</item>
					<item>
						<item>Water Softener</item>
					</item>
				</item>
				<item>
					<item>Room Information</item>
					<item>
						<item>Full, Walk Out/Outer Door, Sump Pump, Poured Concrete, Block</item>
						<item>Other Room 1 Dimensions: 16 x 10</item>
						<item>Other Room 1 Level: Main</item>
						<item>Other Room 1 Name: Three-Season</item>
						<item>Other Room 2 Name: Other</item>
						<item>Living Room Dimensions: 17 x 13</item>
						<item>Living Room Level: Main</item>
						<item>Kitchen Level: Main</item>
						<item>Kitchen Dimensions: 16 x 12</item>
						<item>Dining Room Dimensions: 13 x 10</item>
						<item>Dining Room Level: Main</item>
					</item>
				</item>
				<item>
					<item>Equipment</item>
					<item>
						<item>Appliances: Range/Oven, Refrigerator, Dishwasher, Microwave</item>
					</item>
				</item>
			</item>
		</item>
		<item>
			<item>Parking / Garage, Utilities, Taxes / Assessments, Listing Information</item>
			<item>
				<item>
					<item>Garage Information</item>
					<item>
						<item># of Garage Parking Spaces (Total): 1</item>
						<item>Garage: 1 Car, Detached, Opener Included</item>
					</item>
				</item>
				<item>
					<item>Utility Information</item>
					<item>
						<item>Municipal Water, Municipal Sewer</item>
						<item>Heating/Cooling: Forced Air, Central Air</item>
						<item>Natural Gas</item>
					</item>
				</item>
				<item>
					<item>Tax Information</item>
					<item>
						<item> Total Taxes: $8,795</item>
						<item> Tax Year: 2019</item>
					</item>
				</item>
				<item>
					<item>Listing Information</item>
					<item>
						<item>Inclusions: Fridge, stove, ovens, microwave, washer, dryer, water softener, window treatments</item>
						<item>Exclusions: Sellers' personal property</item>
					</item>
				</item>
			</item>
		</item>
		<item>
			<item>Exterior Features</item>
			<item>
				<item>
					<item>Building Information</item>
					<item>
						<item>Building Type: 2 Story</item>
						<item>Estimated Sq. Ft. Range: 2001-2500</item>
					</item>
				</item>
				<item>
					<item>Exterior</item>
					<item>
						<item>Exterior: Vinyl, Stucco</item>
					</item>
				</item>
			</item>
		</item>
		<item>
			<item>School / Neighborhood</item>
			<item>
				<item>
					<item>Neighborhood Information</item>
					<item>
						<item>Municipality: MADISON</item>
						<item>Municipality Type: City</item>
					</item>
				</item>
				<item>
					<item>School Information</item>
					<item>
						<item> School District: Madison</item>
						<item>Elementary School: Lapham/Marquette</item>
						<item>Middle School: Okeeffe</item>
						<item>High School: East</item>
					</item>
				</item>
			</item>
		</item>
		<item>
			<item>Property / Lot Details</item>
			<item>
				<item>
					<item>Property Information</item>
					<item>
						<item>Single-Family</item>
						<item>Information Source Year Built: Assessor/Public Record</item>
					</item>
				</item>
				<item>
					<item>Lot Information</item>
					<item>
						<item>Lot Acreage: 0.1</item>
						<item> Zoning: R2</item>
					</item>
				</item>
			</item>
		</item>
		<item>
			<item>Subdivision / Building</item>
			<item>
				<item>
					<item> Subdivision</item>
					<item>
						<item> Subdivision: Tenney Park</item>
					</item>
				</item>
			</item>
		</item>
	</property_details>
	<public_facts>
		<Beds>3</Beds>
		<Baths>2.5</Baths>
		<Finished_Sq._Ft.>1,840</Finished_Sq._Ft.>
		<Unfinished_Sq._Ft.>—</Unfinished_Sq._Ft.>
		<Total_Sq._Ft.>1,840</Total_Sq._Ft.>
		<Stories>2</Stories>
		<Lot_Size>4,320 Sq. Ft.</Lot_Size>
		<Style>Single Family Residential</Style>
		<Year_Built>1920</Year_Built>
		<Year_Renovated>1974</Year_Renovated>
		<County>Dane County</County>
		<APN>070912404103</APN>
	</public_facts>
</home>
