<?xml version="1.0" ?>
<home>
	<HomeInfo_Address>
		<street-address>656 E Mifflin St </street-address>
		<locality>Madison, </locality>
		<region>WI</region>
		<postal-code>53703</postal-code>
	</HomeInfo_Address>
	<main_stats>
		<Price>$375,000</Price>
		<Beds>6</Beds>
		<Baths>2</Baths>
		<Sq._Ft.>—</Sq._Ft.>
	</main_stats>
	<text_base_description>Public Remarks: Be a part of the exciting East Washington corridor revitalization movement - easily one of the most flourishing areas on the Isthmus! Fully rented 2 flat in charming Old Market Neighborhood just steps from Breese Stevens, James Madison Park, Festival Foods, The Sylvee  &amp;  tons of shops and restaurants! Easy to rent w/ 3 bedrooms in each unit! Seller updates including siding, windows, roof  &amp;  Unit 1 kitchen remodel. Old world charm meets progressive locale! </text_base_description>
	<listed_by>
		<name>Anna Trull</name>
		<org> • Stark Company, REALTORS </org>
	</listed_by>
	<price_insights>
		<List_Price>$375,000</List_Price>
		<Est._Mo._Payment>$2,058</Est._Mo._Payment>
		<Redfin_Estimate>$393,464</Redfin_Estimate>
	</price_insights>
	<home_facts>
		<Status>Active</Status>
		<Time_on_Redfin>89 days</Time_on_Redfin>
		<Property_Type>Multi-Family</Property_Type>
		<Year_Built>1898</Year_Built>
		<Community>Old Market Place</Community>
		<Lot_Size>2,178 Sq. Ft.</Lot_Size>
		<key name="MLS#">1886406</key>
	</home_facts>
	<property_details>
		<item>
			<item>Virtual Tour, Interior Features, Parking / Garage, Utilities</item>
			<item>
				<item>
					<item> Virtual Tour Branded</item>
					<item>
						<item> Branded Virtual Tour: https://wisconsin3d.com/tours/656-e-mifflin-st-madison-wi-53703/nobrand/</item>
					</item>
				</item>
				<item>
					<item>Room Information</item>
					<item>
						<item>Full</item>
					</item>
				</item>
				<item>
					<item>Parking Information</item>
					<item>
						<item>Parking: 1 Space, Outside</item>
					</item>
				</item>
				<item>
					<item>Utility Information</item>
					<item>
						<item>Municipal Water, Municipal Sewer</item>
						<item>Separate Electric Meters</item>
						<item>Heating/Cooling: Steam</item>
						<item>Natural Gas</item>
					</item>
				</item>
			</item>
		</item>
		<item>
			<item>Exterior Features</item>
			<item>
				<item>
					<item>Building Information</item>
					<item>
						<item>Building Type: 2 Flat</item>
					</item>
				</item>
				<item>
					<item>Exterior</item>
					<item>
						<item>Exterior: Vinyl, Wood</item>
					</item>
				</item>
			</item>
		</item>
		<item>
			<item>Multi-Unit Information</item>
			<item>
				<item>
					<item>Multi-Unit Information</item>
					<item>
						<item># of Units: 2</item>
					</item>
				</item>
				<item>
					<item>Unit 1 Information</item>
					<item>
						<item>Sq. Ft.: 972</item>
						<item># of Baths (1/2): 0</item>
						<item># of Baths (Full): 1</item>
						<item># of Bedrooms: 3</item>
					</item>
				</item>
				<item>
					<item>Unit 2 Information</item>
					<item>
						<item>Sq. Ft.: 972</item>
						<item># of Baths (Full): 1</item>
						<item># of Bedrooms: 3</item>
						<item>Master Bedroom Description: Upper Level</item>
						<item>Bedroom 2 Description: Upper Level</item>
						<item>Bedroom 3 Description: Upper Level</item>
						<item>Kitchen Description: Upper Level</item>
					</item>
				</item>
			</item>
		</item>
		<item>
			<item>School / Neighborhood</item>
			<item>
				<item>
					<item>Neighborhood Information</item>
					<item>
						<item>Municipality: MADISON</item>
						<item>Municipality Type: City</item>
					</item>
				</item>
				<item>
					<item>School Information</item>
					<item>
						<item> School District: Madison</item>
						<item>Elementary School: Lapham/Marquette</item>
						<item>Middle School: Okeeffe</item>
						<item>High School: East</item>
					</item>
				</item>
			</item>
		</item>
		<item>
			<item>Taxes / Assessments, Listing Information, Subdivision / Building</item>
			<item>
				<item>
					<item>Tax Information</item>
					<item>
						<item> Total Taxes: $7,861</item>
						<item> Tax Year: 2019</item>
					</item>
				</item>
				<item>
					<item>Listing Information</item>
					<item>
						<item>Inclusions: 2 refrigerators, 2 stoves, 2 dishwashers, 2 disposals</item>
						<item>Exclusions: Tenant's personal property</item>
					</item>
				</item>
				<item>
					<item> Subdivision</item>
					<item>
						<item> Subdivision: Old Market Place</item>
					</item>
				</item>
			</item>
		</item>
		<item>
			<item>Property / Lot Details</item>
			<item>
				<item>
					<item>Property Information</item>
					<item>
						<item>Multi-Family</item>
						<item>Information Source Year Built: Assessor/Public Record</item>
					</item>
				</item>
				<item>
					<item>Lot Information</item>
					<item>
						<item>Lot Acreage: 0.05</item>
						<item> Zoning: TR-V1</item>
					</item>
				</item>
			</item>
		</item>
	</property_details>
	<public_facts>
		<Beds>6</Beds>
		<Baths>2</Baths>
		<Finished_Sq._Ft.>1,944</Finished_Sq._Ft.>
		<Unfinished_Sq._Ft.>—</Unfinished_Sq._Ft.>
		<Total_Sq._Ft.>1,944</Total_Sq._Ft.>
		<Stories>2</Stories>
		<Lot_Size>2,178 Sq. Ft.</Lot_Size>
		<Style>Single Family Residential</Style>
		<Year_Built>1898</Year_Built>
		<Year_Renovated>1968</Year_Renovated>
		<County>Dane County</County>
		<APN>070913309344</APN>
	</public_facts>
</home>
