<?xml version="1.0" ?>
<home>
	<HomeInfo_Address>
		<street-address>153 Dayton Row </street-address>
		<locality>Madison, </locality>
		<region>WI</region>
		<postal-code>53703</postal-code>
	</HomeInfo_Address>
	<main_stats>
		<Price>$395,000</Price>
		<Beds>2</Beds>
		<Baths>2.5</Baths>
		<key name="$292 / Sq. Ft.">1,351</key>
	</main_stats>
	<text_base_description>Public Remarks: Gorgeous spacious modern townhouse! Open floor plan, 2 bed, 2.5 bath end-unit provides extra windows for sun. Main level includes a large updated kitchen with granite counters w/ breakfast bar, SS appliances and title backsplash. The living room/dining room will enjoy a freshly painted 2 sided gas fireplace and 2 story ceilings. Lofted master suite on top floor with great views. Lower level guest room with new plush carpeting, full bath, laundry and private entry off patio. Attached 1-car garage w/ storage. Enjoy city life in a very walkable neighborhood! Close to everything. Move-in ready. Call today! </text_base_description>
	<listed_by>
		<name>Tony Ritschard</name>
		<org> • First Weber Inc </org>
	</listed_by>
	<price_insights>
		<List_Price>$395,000</List_Price>
		<Est._Mo._Payment>$2,185</Est._Mo._Payment>
		<Redfin_Estimate>$385,999</Redfin_Estimate>
		<key name="Price/Sq.Ft.">$292</key>
	</price_insights>
	<home_facts>
		<Status>Active</Status>
		<Time_on_Redfin>63 days</Time_on_Redfin>
		<Property_Type>Single-Family</Property_Type>
		<Year_Built>1994</Year_Built>
		<Community>Dayton Row</Community>
		<Lot_Size>871 Sq. Ft.</Lot_Size>
		<key name="MLS#">1889085</key>
	</home_facts>
	<property_details>
		<item>
			<item>Virtual Tour, Parking / Garage, Homeowners Association, Utilities</item>
			<item>
				<item>
					<item> Virtual Tour Branded</item>
					<item>
						<item> Branded Virtual Tour: https://res.cloudinary.com/admin11/video/upload/v1592440682/153DaytonRow.mov</item>
					</item>
				</item>
				<item>
					<item>Garage Information</item>
					<item>
						<item>Garage: 1 Car, Attached, Opener Included</item>
					</item>
				</item>
				<item>
					<item>HOA Information</item>
					<item>
						<item>Yearly HOA Fee: $0</item>
					</item>
				</item>
				<item>
					<item>Utility Information</item>
					<item>
						<item>Municipal Water, Municipal Sewer</item>
						<item>Heating/Cooling: Forced Air, Central Air</item>
						<item>Natural Gas</item>
					</item>
				</item>
			</item>
		</item>
		<item>
			<item>Interior Features</item>
			<item>
				<item>
					<item>Bedroom Information</item>
					<item>
						<item>Master Bedroom Dimensions: 12 x 12</item>
						<item>Master Bedroom Level: Upper</item>
						<item>Bedroom 2 Dimensions: 12 x 12</item>
						<item>Bedroom 2 Level: Lower</item>
					</item>
				</item>
				<item>
					<item>Bathroom Information</item>
					<item>
						<item>Bath Description(s): At Least 1 Tub, Master Bedroom Bath (Full), Master Bedroom Bath, Tub/Shower Combo  in Master Bathroom</item>
						<item># of Baths (1/2): 1</item>
						<item># of Baths (Full): 2</item>
					</item>
				</item>
				<item>
					<item>Interior Features</item>
					<item>
						<item>Wood or Simulation Wood Floors, Cathedral/Vaulted Ceiling, Water Softener, High Speed Internet</item>
					</item>
				</item>
				<item>
					<item>Room Information</item>
					<item>
						<item>None/Slab</item>
						<item>Living Room Dimensions: 17 x 11</item>
						<item>Living Room Level: Main</item>
						<item>Kitchen Level: Main</item>
						<item>Kitchen Dimensions: 13 x 10</item>
					</item>
				</item>
				<item>
					<item>Equipment</item>
					<item>
						<item>Appliances: Range/Oven, Refrigerator, Dishwasher, Microwave, Garbage Disposal, Washer, Dryer</item>
					</item>
				</item>
			</item>
		</item>
		<item>
			<item>Exterior Features</item>
			<item>
				<item>
					<item>Building Information</item>
					<item>
						<item>Building Type: Tri-Level, Shared Wall/Adjoining</item>
						<item>Estimated Sq. Ft. Range: 1251-1500</item>
					</item>
				</item>
				<item>
					<item>Exterior</item>
					<item>
						<item>Exterior: Brick, Fiber Cement</item>
					</item>
				</item>
			</item>
		</item>
		<item>
			<item>School / Neighborhood</item>
			<item>
				<item>
					<item>Neighborhood Information</item>
					<item>
						<item>Municipality: MADISON</item>
						<item>Municipality Type: City</item>
					</item>
				</item>
				<item>
					<item>School Information</item>
					<item>
						<item> School District: Madison</item>
						<item>Elementary School: Lapham/Marquette</item>
						<item>Middle School: Okeeffe</item>
						<item>High School: East</item>
					</item>
				</item>
			</item>
		</item>
		<item>
			<item>Taxes / Assessments, Listing Information, Subdivision / Building</item>
			<item>
				<item>
					<item>Tax Information</item>
					<item>
						<item> Total Taxes: $8,511</item>
						<item> Tax Year: 2019</item>
					</item>
				</item>
				<item>
					<item>Listing Information</item>
					<item>
						<item>Inclusions: Range/oven, Microwave, Dishwasher, Dryer, Water Softener, All Window Coverings.</item>
						<item>Exclusions: Seller's Personal Property.</item>
					</item>
				</item>
				<item>
					<item> Subdivision</item>
					<item>
						<item> Subdivision: Dayton Row</item>
					</item>
				</item>
			</item>
		</item>
		<item>
			<item>Property / Lot Details</item>
			<item>
				<item>
					<item>Property Information</item>
					<item>
						<item>Single-Family</item>
						<item>Information Source Year Built: Owner</item>
					</item>
				</item>
				<item>
					<item>Lot Information</item>
					<item>
						<item>Lot Acreage: 0.02</item>
						<item> Zoning: PD, WP24</item>
					</item>
				</item>
			</item>
		</item>
	</property_details>
	<public_facts>
		<Beds>2</Beds>
		<Baths>2.5</Baths>
		<Finished_Sq._Ft.>1,351</Finished_Sq._Ft.>
		<Unfinished_Sq._Ft.>—</Unfinished_Sq._Ft.>
		<Total_Sq._Ft.>1,351</Total_Sq._Ft.>
		<Stories>2.5</Stories>
		<Lot_Size>900 Sq. Ft.</Lot_Size>
		<Style>Single Family Residential</Style>
		<Year_Built>1994</Year_Built>
		<Year_Renovated>2009</Year_Renovated>
		<County>Dane County</County>
		<APN>070913309435</APN>
	</public_facts>
</home>
