<?xml version="1.0" ?>
<home>
	<HomeInfo_Address>
		<street-address>1219 Rutledge St #1 </street-address>
		<locality>Madison, </locality>
		<region>WI</region>
		<postal-code>53703</postal-code>
	</HomeInfo_Address>
	<main_stats>
		<Price>$525,000</Price>
		<Beds>2</Beds>
		<Bath>1</Bath>
		<key name="$413 / Sq. Ft.">1,270</key>
	</main_stats>
	<text_base_description>Public Remarks: Spectacular Lake Monona Views  &amp;  Pier Access! A rare find in this area. This unit features a fully remodeled open kitchen/living space, wood-burning fireplace  &amp;  updated appliances throughout. Third Lake Condominiums, a unique six-unit association is located in the vibrant Williamson/Marquette neighborhood. Enjoy views of the water from your kitchen/living rm or private 463 sq ft brick patio assigned to just your unit. Updated windows across the entire back of unit. You will wake up to beautiful sunrises over the water from your large master suite. 2nd bedrm w/ plenty of closet storage space. Bonus rm for 3rd sleeping area or office. Lively Orton Park just down the street. Walk to eclectic shops, restaurants, stores on Willy Street. Assigned parking space. Pier  &amp;  lakeside lawn available.  </text_base_description>
	<listed_by>
		<name>Tami Mcfarlane</name>
		<org> • Restaino &amp; Associates ERA Powered </org>
	</listed_by>
	<price_insights>
		<List_Price>$525,000</List_Price>
		<Est._Mo._Payment>$2,617</Est._Mo._Payment>
		<Redfin_Estimate>$507,346</Redfin_Estimate>
		<key name="Price/Sq.Ft.">$413</key>
	</price_insights>
	<home_facts>
		<Status>Active</Status>
		<Time_on_Redfin>48 days</Time_on_Redfin>
		<Property_Type>Condo</Property_Type>
		<HOA_Dues>$500/month</HOA_Dues>
		<Year_Built>1962</Year_Built>
		<Community>Madison</Community>
		<key name="MLS#">1889903</key>
	</home_facts>
	<property_details>
		<item>
			<item>Virtual Tour, Parking / Garage, Homeowners Association, Utilities</item>
			<item>
				<item>
					<item> Virtual Tour Branded</item>
					<item>
						<item> Branded Virtual Tour: https://my.matterport.com/show/?m=gboDWk2H18d&amp;mls=1</item>
					</item>
				</item>
				<item>
					<item>Parking Information</item>
					<item>
						<item>Parking: Outside, Outdoor Space</item>
					</item>
				</item>
				<item>
					<item>HOA Information</item>
					<item>
						<item>Condo Fee Monthly: $500</item>
						<item>Association Common Amenities: No Pets, Common Green Space, Boat Slip/Pier</item>
					</item>
				</item>
				<item>
					<item>Utility Information</item>
					<item>
						<item>Municipal Water, Municipal Sewer</item>
						<item>Heating/Cooling: Radiant, Wall A/C</item>
						<item>Natural Gas</item>
					</item>
				</item>
			</item>
		</item>
		<item>
			<item>Interior Features</item>
			<item>
				<item>
					<item>Bedroom Information</item>
					<item>
						<item>Master Bedroom Dimensions: 23 x 15</item>
						<item>Master Bedroom Level: Main</item>
						<item>Bedroom 2 Dimensions: 13 x 10</item>
						<item>Bedroom 2 Level: Main</item>
					</item>
				</item>
				<item>
					<item>Bathroom Information</item>
					<item>
						<item>Bath Description(s): At Least 1 Tub, No Master Bedroom Bath</item>
						<item># of Baths (Full): 1</item>
					</item>
				</item>
				<item>
					<item>Interior Features</item>
					<item>
						<item>Walk-In Closet(s), Great Room, Cable/Satellite Available</item>
					</item>
				</item>
				<item>
					<item>Room Information</item>
					<item>
						<item>Other Room 1 Dimensions: 20 x 16</item>
						<item>Other Room 1 Level: Main</item>
						<item>Other Room 1 Name: Bonus Room</item>
						<item>Other Room 2 Name: Other</item>
						<item>Living Room Dimensions: 18 x 12</item>
						<item>Living Room Level: Main</item>
						<item>Kitchen Level: Main</item>
						<item>Kitchen Dimensions: 18 x 8</item>
					</item>
				</item>
				<item>
					<item>Equipment</item>
					<item>
						<item>Appliances: Range/Oven, Refrigerator, Dishwasher, Microwave, Garbage Disposal, Washer, Dryer</item>
					</item>
				</item>
			</item>
		</item>
		<item>
			<item>Exterior Features</item>
			<item>
				<item>
					<item>Building Information</item>
					<item>
						<item>Estimated Sq. Ft. Range: 1251-1500</item>
					</item>
				</item>
				<item>
					<item>Exterior</item>
					<item>
						<item>Exterior Features: Private Entry, Patio</item>
						<item>Exterior: Brick</item>
					</item>
				</item>
			</item>
		</item>
		<item>
			<item>Multi-Unit Information</item>
			<item>
				<item>
					<item>Condo Information</item>
					<item>
						<item>Condominium Name: Third Lake Condominium</item>
						<item>Garden</item>
					</item>
				</item>
				<item>
					<item>Multi-Unit Information</item>
					<item>
						<item># of Units: 5</item>
						<item>Units In Association: 6</item>
					</item>
				</item>
			</item>
		</item>
		<item>
			<item>School / Neighborhood</item>
			<item>
				<item>
					<item>Neighborhood Information</item>
					<item>
						<item>Municipality: MADISON</item>
						<item>Municipality Type: City</item>
					</item>
				</item>
				<item>
					<item>School Information</item>
					<item>
						<item> School District: Madison</item>
						<item>Elementary School: Lapham/Marquette</item>
						<item>Middle School: Okeeffe</item>
						<item>High School: East</item>
					</item>
				</item>
			</item>
		</item>
		<item>
			<item>Taxes / Assessments, Listing Information</item>
			<item>
				<item>
					<item>Tax Information</item>
					<item>
						<item> Total Taxes: $7,841</item>
						<item> Tax Year: 2019</item>
					</item>
				</item>
				<item>
					<item>Listing Information</item>
					<item>
						<item>Inclusions: Maytag Refrigerator, Stove/Oven, Microwave (Are all 2 years old) Bosch Dishwasher (2 years old), Wall AC (New in 2020), Some Window Coverings, Washer/Dryer.</item>
						<item>Exclusions: 2nd Bedroom window coverings.</item>
					</item>
				</item>
			</item>
		</item>
		<item>
			<item>Property / Lot Details</item>
			<item>
				<item>
					<item>Property Information</item>
					<item>
						<item>Condo</item>
						<item>Information Source Year Built: Assessor/Public Record</item>
					</item>
				</item>
				<item>
					<item>Property Features</item>
					<item>
						<item>Body of Water: Monona</item>
						<item>Water Front</item>
						<item>Water Features: Waterfrontage on Lot, Lake</item>
					</item>
				</item>
				<item>
					<item>Lot Information</item>
					<item>
						<item> Zoning: Hist-TL</item>
					</item>
				</item>
			</item>
		</item>
	</property_details>
	<public_facts>
		<Beds>2</Beds>
		<Baths>1</Baths>
		<Finished_Sq._Ft.>1,319</Finished_Sq._Ft.>
		<Unfinished_Sq._Ft.>—</Unfinished_Sq._Ft.>
		<Total_Sq._Ft.>1,319</Total_Sq._Ft.>
		<Stories>0.5</Stories>
		<Lot_Size>—</Lot_Size>
		<Style>Condo/Co-op</Style>
		<Year_Built>1962</Year_Built>
		<Year_Renovated>1987</Year_Renovated>
		<County>Dane County</County>
		<APN>071007317011</APN>
	</public_facts>
</home>
