<?xml version="1.0" ?>
<home>
	<HomeInfo_Address>
		<street-address>1318-1328 Williamson St </street-address>
		<locality>Madison, </locality>
		<region>WI</region>
		<postal-code>53703</postal-code>
	</HomeInfo_Address>
	<main_stats>
		<Price>$1,295,000</Price>
		<Beds>10</Beds>
		<Baths>3</Baths>
		<Sq._Ft.>—</Sq._Ft.>
	</main_stats>
	<text_base_description>Public Remarks: Great redevelopment opportunity on popular Willy St on the isthmus. 2 Parcels 1318-24  &amp;  1328 Willy (071007225222  &amp;  071007225230). Combined square feet, 13,068  &amp;  99' frontage. Madison land use plan calls for Neighborhood Mixed Use. Feasibility analysis for development commissioned by seller and on file. Selling as-is. Buyer responsible for entitlement and approvals for re-development.  </text_base_description>
	<listed_by>
		<name>Andy Crooks</name>
		<org> • T R McKenzie Inc. </org>
	</listed_by>
	<price_insights>
		<List_Price>$1,295,000</List_Price>
		<Est._Mo._Payment>$5,773</Est._Mo._Payment>
		<Redfin_Estimate>$1,168,329</Redfin_Estimate>
	</price_insights>
	<home_facts>
		<Status>Active</Status>
		<Time_on_Redfin>500 days</Time_on_Redfin>
		<Property_Type>Multi-Family</Property_Type>
		<Year_Built>1894</Year_Built>
		<Community>Madison</Community>
		<Lot_Size>0.30 Acres</Lot_Size>
		<key name="MLS#">1857157</key>
	</home_facts>
	<property_details>
		<item>
			<item>Interior Features, Utilities, Taxes / Assessments, Listing Information</item>
			<item>
				<item>
					<item>Room Information</item>
					<item>
						<item>Partial</item>
					</item>
				</item>
				<item>
					<item>Utility Information</item>
					<item>
						<item>Municipal Water, Municipal Sewer</item>
						<item>Separate Electric Meters, Separate Gas Meters</item>
						<item>Heating/Cooling: Other (See Remarks)</item>
						<item>Natural Gas</item>
					</item>
				</item>
				<item>
					<item>Tax Information</item>
					<item>
						<item> Total Taxes: $11,152</item>
						<item> Tax Year: 2018</item>
					</item>
				</item>
				<item>
					<item>Listing Information</item>
					<item>
						<item>Inclusions: 4 refrigerators, 4 stoves/ovens, 2 washers, 2 dryers, dishwasher</item>
						<item>Exclusions: tenants' personal property, seller's personal property</item>
					</item>
				</item>
			</item>
		</item>
		<item>
			<item>Parking / Garage</item>
			<item>
				<item>
					<item>Parking Information</item>
					<item>
						<item>Parking: Outside</item>
					</item>
				</item>
				<item>
					<item>Garage Information</item>
					<item>
						<item># of Garage Parking Spaces (Total): 2</item>
						<item>Garage: 2 Car</item>
					</item>
				</item>
			</item>
		</item>
		<item>
			<item>Exterior Features</item>
			<item>
				<item>
					<item>Building Information</item>
					<item>
						<item>Building Type: Apartment Building, 2 Story</item>
					</item>
				</item>
				<item>
					<item>Exterior</item>
					<item>
						<item>Exterior: Wood</item>
					</item>
				</item>
			</item>
		</item>
		<item>
			<item>Multi-Unit Information</item>
			<item>
				<item>
					<item>Multi-Unit Information</item>
					<item>
						<item># of Units: 4</item>
					</item>
				</item>
				<item>
					<item>Unit 1 Information</item>
					<item>
						<item>Sq. Ft.: 1,500</item>
						<item># of Baths (1/2): 0</item>
						<item># of Baths (Full): 2</item>
						<item># of Bedrooms: 3</item>
					</item>
				</item>
				<item>
					<item>Unit 2 Information</item>
					<item>
						<item>Sq. Ft.: 1,300</item>
						<item># of Baths (1/2): 0</item>
						<item># of Baths (Full): 1</item>
						<item># of Bedrooms: 2</item>
						<item>Master Bedroom Description: Main Level</item>
						<item>Master Bedroom Dimensions: 1 x 1</item>
						<item>Living/Great Room Dimensions: 1 x 1</item>
						<item>Kitchen Description: Main Level</item>
						<item>Kitchen Dimensions: 1 x 1</item>
					</item>
				</item>
				<item>
					<item>Unit 3 Information</item>
					<item>
						<item># of Bedrooms: 2</item>
					</item>
				</item>
				<item>
					<item>Unit 4 Information</item>
					<item>
						<item># of Bedrooms: 3</item>
					</item>
				</item>
			</item>
		</item>
		<item>
			<item>School / Neighborhood</item>
			<item>
				<item>
					<item>Neighborhood Information</item>
					<item>
						<item>Municipality: MADISON</item>
						<item>Municipality Type: City</item>
					</item>
				</item>
				<item>
					<item>School Information</item>
					<item>
						<item> School District: Madison</item>
						<item>Elementary School: Lapham/Marquette</item>
						<item>Middle School: Okeeffe</item>
						<item>High School: East</item>
					</item>
				</item>
			</item>
		</item>
		<item>
			<item>Property / Lot Details</item>
			<item>
				<item>
					<item>Property Information</item>
					<item>
						<item>Multi-Family</item>
						<item>Information Source Year Built: Assessor/Public Record</item>
					</item>
				</item>
				<item>
					<item>Lot Information</item>
					<item>
						<item>Lot Acreage: 0.3</item>
						<item> Zoning: HIS-TL, TS</item>
					</item>
				</item>
			</item>
		</item>
	</property_details>
	<public_facts>
		<Beds>7</Beds>
		<Baths>4</Baths>
		<Finished_Sq._Ft.>2,660</Finished_Sq._Ft.>
		<Unfinished_Sq._Ft.>—</Unfinished_Sq._Ft.>
		<Total_Sq._Ft.>2,660</Total_Sq._Ft.>
		<Stories>2</Stories>
		<Lot_Size>—</Lot_Size>
		<Style>Condo/Co-op</Style>
		<Year_Built>1900</Year_Built>
		<Year_Renovated>1969</Year_Renovated>
		<County>Dane County</County>
		<APN>071007225222</APN>
	</public_facts>
</home>
