<?xml version="1.0" ?>
<home>
	<HomeInfo_Address>
		<street-address>1227 Rutledge St </street-address>
		<locality>Madison, </locality>
		<region>WI</region>
		<postal-code>53703</postal-code>
	</HomeInfo_Address>
	<main_stats>
		<Price>$525,000</Price>
		<Beds>4</Beds>
		<Baths>1.5</Baths>
		<key name="$259 / Sq. Ft.">2,028</key>
	</main_stats>
	<text_base_description>Public Remarks: Great location  &amp;  views of Lake Monona!! A wonderful 4 bed 2 bath 2-story in the Marquette neighborhood! Walk into the foyer and see all original hardwoods  &amp;  great woodwork throughout! The main level boasts a large family room w/ fireplace, an office/den w/ French doors, a formal dining w/ built-ins, and a cozy kitchen space! The ML back door walks out to a 22X8 enclosed porch  &amp;  an attached deck/patio! The UL has all bedrooms, including the main w/ a walk-in closet. There's also an awesome attic space w/ a lake view, waiting to be finished! The unfinished LL offers tons of storage  &amp;  a bonus partially finished 22X19 studio space w/ separate entry! 1-car attached garage! UHP Warranty! Needs a little TLC  &amp;  work, but has tons of potential  &amp;  is steps to parks, co-op, restaurants, cafes, shops! </text_base_description>
	<listed_by>
		<name>Dan Schimelfenyg</name>
		<org> • EXP Realty, LLC </org>
	</listed_by>
	<price_insights>
		<List_Price>$525,000</List_Price>
		<Est._Mo._Payment>$2,898</Est._Mo._Payment>
		<Redfin_Estimate>$549,698</Redfin_Estimate>
		<key name="Price/Sq.Ft.">$259</key>
	</price_insights>
	<home_facts>
		<Status>Active</Status>
		<Time_on_Redfin>43 days</Time_on_Redfin>
		<Property_Type>Single-Family</Property_Type>
		<Year_Built>1915</Year_Built>
		<Style>Other</Style>
		<Community>Marquette Neighborhood</Community>
		<Lot_Size>3,484 Sq. Ft.</Lot_Size>
		<key name="MLS#">1890662</key>
	</home_facts>
	<property_details>
		<item>
			<item>Interior Features</item>
			<item>
				<item>
					<item>Bedroom Information</item>
					<item>
						<item>Master Bedroom Dimensions: 14 x 14</item>
						<item>Master Bedroom Level: Upper</item>
						<item>Bedroom 2 Dimensions: 14 x 8</item>
						<item>Bedroom 2 Level: Upper</item>
						<item>Bedroom 3 Dimensions: 12 x 12</item>
						<item>Bedroom 3 Level: Upper</item>
						<item>Bedroom 4 Dimension: 9 x 6</item>
						<item>Bedroom 4 Level: Upper</item>
					</item>
				</item>
				<item>
					<item>Bathroom Information</item>
					<item>
						<item>Bath Description(s): At Least 1 Tub, No Master Bedroom Bath</item>
						<item># of Baths (1/2): 1</item>
						<item># of Baths (Full): 1</item>
					</item>
				</item>
				<item>
					<item>Interior Features</item>
					<item>
						<item>Wood or Simulation Wood Floors, Walk-In Closet(s), Walk-Up Attic, Cable/Satellite Available, High Speed Internet</item>
					</item>
				</item>
				<item>
					<item>Room Information</item>
					<item>
						<item>Full, Exposed, Full Size Windows, Walk Out/Outer Door, Poured Concrete</item>
						<item>Other Room 2 Name: Foyer</item>
						<item>Living Room Dimensions: 22 x 14</item>
						<item>Living Room Level: Main</item>
						<item>Kitchen Level: Main</item>
						<item>Kitchen Dimensions: 13 x 9</item>
						<item>Dining Room Dimensions: 15 x 12</item>
						<item>Dining Room Level: Main</item>
						<item>Den/Office Dimension: 14 x 9</item>
						<item>Den/Office Level: Main</item>
					</item>
				</item>
				<item>
					<item>Equipment</item>
					<item>
						<item>Appliances: Range/Oven, Dishwasher, Garbage Disposal, Dryer</item>
					</item>
				</item>
			</item>
		</item>
		<item>
			<item>Parking / Garage, Utilities, Taxes / Assessments, Listing Information</item>
			<item>
				<item>
					<item>Garage Information</item>
					<item>
						<item># of Garage Parking Spaces (Total): 1</item>
						<item>Garage: 1 Car, Detached</item>
					</item>
				</item>
				<item>
					<item>Utility Information</item>
					<item>
						<item>Municipal Water, Municipal Sewer</item>
						<item>Heating/Cooling: Radiant</item>
						<item>Natural Gas</item>
					</item>
				</item>
				<item>
					<item>Tax Information</item>
					<item>
						<item> Total Taxes: $11,206</item>
						<item> Tax Year: 2019</item>
					</item>
				</item>
				<item>
					<item>Listing Information</item>
					<item>
						<item>Inclusions: Range/Oven, Dishwasher, Disposal, Dryer.</item>
					</item>
				</item>
			</item>
		</item>
		<item>
			<item>Exterior Features</item>
			<item>
				<item>
					<item>Building Information</item>
					<item>
						<item>Building Type: 2 Story</item>
						<item>Estimated Sq. Ft. Range: 2001-2500</item>
					</item>
				</item>
				<item>
					<item>Exterior</item>
					<item>
						<item>Exterior Features: Deck, Patio</item>
						<item>Exterior: Vinyl, Aluminum/Steel</item>
					</item>
				</item>
			</item>
		</item>
		<item>
			<item>School / Neighborhood</item>
			<item>
				<item>
					<item>Neighborhood Information</item>
					<item>
						<item>Municipality: MADISON</item>
						<item>Municipality Type: City</item>
					</item>
				</item>
				<item>
					<item>School Information</item>
					<item>
						<item> School District: Madison</item>
						<item>Elementary School: Lapham/Marquette</item>
						<item>Middle School: Okeeffe</item>
						<item>High School: East</item>
					</item>
				</item>
			</item>
		</item>
		<item>
			<item>Property / Lot Details</item>
			<item>
				<item>
					<item>Property Information</item>
					<item>
						<item>Single-Family</item>
						<item>Information Source Year Built: Assessor/Public Record</item>
					</item>
				</item>
				<item>
					<item>Property Features</item>
					<item>
						<item>Water Features: Waterview (No Frontage)</item>
					</item>
				</item>
				<item>
					<item>Lot Information</item>
					<item>
						<item>Lot Acreage: 0.08</item>
						<item>Lot Description: Sidewalks</item>
						<item> Zoning: TR,HIS-TL</item>
					</item>
				</item>
			</item>
		</item>
		<item>
			<item>Subdivision / Building</item>
			<item>
				<item>
					<item> Subdivision</item>
					<item>
						<item> Subdivision: Marquette Neighborhood</item>
					</item>
				</item>
			</item>
		</item>
	</property_details>
	<public_facts>
		<Beds>4</Beds>
		<Baths>1.5</Baths>
		<Finished_Sq._Ft.>2,028</Finished_Sq._Ft.>
		<Unfinished_Sq._Ft.>—</Unfinished_Sq._Ft.>
		<Total_Sq._Ft.>2,028</Total_Sq._Ft.>
		<Stories>2</Stories>
		<Lot_Size>3,696 Sq. Ft.</Lot_Size>
		<Style>Single Family Residential</Style>
		<Year_Built>1915</Year_Built>
		<Year_Renovated>1968</Year_Renovated>
		<County>Dane County</County>
		<APN>071007315065</APN>
	</public_facts>
</home>
