<?xml version="1.0" ?>
<home>
	<HomeInfo_Address>
		<street-address>125 N Hamilton St #803 </street-address>
		<locality>Madison, </locality>
		<region>WI</region>
		<postal-code>53703</postal-code>
	</HomeInfo_Address>
	<main_stats>
		<Price>$489,900</Price>
		<Beds>2</Beds>
		<Baths>2</Baths>
		<key name="$365 / Sq. Ft.">1,344</key>
	</main_stats>
	<text_base_description>Public Remarks: Do not miss the amazing lake views from your living room or balcony of this gorgeous condo! Brand new refrigerator, range and microwave and Furnace/AC! Beautiful, bright, soaring ceilings, remodeled kitchen with newer dishwasher, large bedrooms and sunrises all make this an incredible place to call home. Enjoy the roof deck looking at the Capitol and listen to Concerts on the Square or walk to everything downtown  has to offer!  Condo fee includes broadband internet and gas.  </text_base_description>
	<listed_by>
		<name>Julie Campbell</name>
		<org> • EXP Realty, LLC </org>
	</listed_by>
	<price_insights>
		<List_Price>$489,900</List_Price>
		<Est._Mo._Payment>$2,580</Est._Mo._Payment>
		<Redfin_Estimate>$478,594</Redfin_Estimate>
		<key name="Price/Sq.Ft.">$365</key>
	</price_insights>
	<home_facts>
		<Status>Active</Status>
		<Time_on_Redfin>74 days</Time_on_Redfin>
		<Property_Type>Condo</Property_Type>
		<HOA_Dues>$505/month</HOA_Dues>
		<Year_Built>2002</Year_Built>
		<Community>Madison</Community>
		<key name="MLS#">1888139</key>
	</home_facts>
	<property_details>
		<item>
			<item>Virtual Tour, Homeowners Association, Utilities, Taxes / Assessments</item>
			<item>
				<item>
					<item> Virtual Tour Branded</item>
					<item>
						<item> Branded Virtual Tour: https://wisconsin3d.com/tours/125-n-hamilton-st-unit-803-madison-wi-53703/nobrand/</item>
					</item>
				</item>
				<item>
					<item>HOA Information</item>
					<item>
						<item>Condo Fee Monthly: $505</item>
						<item>Association Common Amenities: Rooftop Common Area</item>
					</item>
				</item>
				<item>
					<item>Utility Information</item>
					<item>
						<item>Municipal Water, Municipal Sewer</item>
						<item>Heating/Cooling: Forced Air, Heat Pump, Central Air</item>
						<item>Natural Gas</item>
					</item>
				</item>
				<item>
					<item>Tax Information</item>
					<item>
						<item> Total Taxes: $8,969</item>
						<item> Tax Year: 2019</item>
					</item>
				</item>
			</item>
		</item>
		<item>
			<item>Interior Features</item>
			<item>
				<item>
					<item>Bedroom Information</item>
					<item>
						<item>Master Bedroom Dimensions: 16 x 13</item>
						<item>Master Bedroom Level: Main</item>
						<item>Bedroom 2 Dimensions: 11 x 11</item>
						<item>Bedroom 2 Level: Main</item>
					</item>
				</item>
				<item>
					<item>Bathroom Information</item>
					<item>
						<item>Bath Description(s): At Least 1 Tub, Master Bedroom Bath (Full), Master Bedroom Bath</item>
						<item># of Baths (Full): 2</item>
					</item>
				</item>
				<item>
					<item>Interior Features</item>
					<item>
						<item>Wood or Simulation Wood Floors, Walk-In Closet(s), Great Room, Intercom, Cable/Satellite Available, High Speed Internet, Storage Locker Included</item>
					</item>
				</item>
				<item>
					<item>Room Information</item>
					<item>
						<item>Living Room Dimensions: 13 x 17</item>
						<item>Living Room Level: Main</item>
						<item>Kitchen Level: Main</item>
						<item>Kitchen Dimensions: 14 x 11</item>
					</item>
				</item>
				<item>
					<item>Equipment</item>
					<item>
						<item>Appliances: Range/Oven, Refrigerator, Dishwasher, Microwave, Garbage Disposal, Washer, Dryer</item>
					</item>
				</item>
			</item>
		</item>
		<item>
			<item>Parking / Garage</item>
			<item>
				<item>
					<item>Parking Information</item>
					<item>
						<item>Parking: Underground, Heated, 1-5 Spaces, 1 Space, Assigned</item>
					</item>
				</item>
				<item>
					<item>Garage Information</item>
					<item>
						<item>Garage: Attached, Underground, Underground Garage, Underground Space, Heated, Opener Included</item>
					</item>
				</item>
			</item>
		</item>
		<item>
			<item>Exterior Features</item>
			<item>
				<item>
					<item>Building Information</item>
					<item>
						<item>Estimated Sq. Ft. Range: 1251-1500</item>
					</item>
				</item>
				<item>
					<item>Exterior</item>
					<item>
						<item>Exterior Features: Deck</item>
						<item>Exterior: Brick</item>
					</item>
				</item>
			</item>
		</item>
		<item>
			<item>Multi-Unit Information</item>
			<item>
				<item>
					<item>Condo Information</item>
					<item>
						<item>Condominium Name: Capitol Point</item>
						<item>Garden</item>
					</item>
				</item>
				<item>
					<item>Multi-Unit Information</item>
					<item>
						<item># of Units: 64</item>
						<item>Units In Association: 64</item>
					</item>
				</item>
			</item>
		</item>
		<item>
			<item>School / Neighborhood</item>
			<item>
				<item>
					<item>Neighborhood Information</item>
					<item>
						<item>Municipality: MADISON</item>
						<item>Municipality Type: City</item>
					</item>
				</item>
				<item>
					<item>School Information</item>
					<item>
						<item> School District: Madison</item>
						<item>Elementary School: Lapham/Marquette</item>
						<item>Middle School: Okeeffe</item>
						<item>High School: East</item>
					</item>
				</item>
			</item>
		</item>
		<item>
			<item>Lease / Rent Details, Listing Information</item>
			<item>
				<item>
					<item>Rental Information</item>
					<item>
						<item>Pets Permitted</item>
					</item>
				</item>
				<item>
					<item>Listing Information</item>
					<item>
						<item>Inclusions: Refrigerator, Range/oven, dishwasher, microwave, washer, dryer</item>
					</item>
				</item>
			</item>
		</item>
		<item>
			<item>Property / Lot Details</item>
			<item>
				<item>
					<item>Property Information</item>
					<item>
						<item>Condo</item>
						<item>Information Source Year Built: Builder</item>
					</item>
				</item>
				<item>
					<item>Property Features</item>
					<item>
						<item>Water Features: Waterview (No Frontage)</item>
					</item>
				</item>
				<item>
					<item>Lot Information</item>
					<item>
						<item> Zoning: PD</item>
					</item>
				</item>
			</item>
		</item>
	</property_details>
	<public_facts>
		<Beds>2</Beds>
		<Baths>2</Baths>
		<Finished_Sq._Ft.>1,344</Finished_Sq._Ft.>
		<Unfinished_Sq._Ft.>—</Unfinished_Sq._Ft.>
		<Total_Sq._Ft.>1,344</Total_Sq._Ft.>
		<Stories>1</Stories>
		<Lot_Size>—</Lot_Size>
		<Style>Condo/Co-op</Style>
		<Year_Built>2002</Year_Built>
		<Year_Renovated>2006</Year_Renovated>
		<County>Dane County</County>
		<APN>070913346338</APN>
	</public_facts>
</home>
