<?xml version="1.0" ?>
<home>
	<HomeInfo_Address>
		<street-address>309 W Washington Ave #609 </street-address>
		<locality>Madison, </locality>
		<region>WI</region>
		<postal-code>53703</postal-code>
	</HomeInfo_Address>
	<main_stats>
		<Price>$559,000</Price>
		<Beds>2</Beds>
		<Baths>2</Baths>
		<key name="$357 / Sq. Ft.">1,565</key>
	</main_stats>
	<text_base_description>Public Remarks: Down Sizing? 2 heated garage spaces, large storage closet on the same floor and you get to wake up to an amazing view of Wisconsin's State Capitol every morning! 6th floor corner unit at Capitol West will leave you wanting nothing. Open concept unit with kitchen, dining and living rooms all flowing into one another. Kitchen features granite tops  &amp;  stainless appliances w/ the perfect breakfast bar or lounge spot for friends. In the living room you have terrific urban views with gas fireplace. Wait until you experience the owner's suite! Huge begins to describe the views, the storage and the closet space you will experience along with separate tub and bath in the master bath. Just Wait! Ready to experience Downtown Living? Short walk to so many shops, restaurants, museums and live music! </text_base_description>
	<listed_by>
		<name>Liz Lauer</name>
		<org> • Lauer Realty Group, Inc. </org>
	</listed_by>
	<price_insights>
		<List_Price>$559,000</List_Price>
		<Est._Mo._Payment>$2,903</Est._Mo._Payment>
		<Redfin_Estimate>$546,214</Redfin_Estimate>
		<key name="Price/Sq.Ft.">$357</key>
	</price_insights>
	<home_facts>
		<Status>Active</Status>
		<Time_on_Redfin>113 days</Time_on_Redfin>
		<Property_Type>Condo</Property_Type>
		<HOA_Dues>$579/month</HOA_Dues>
		<Year_Built>2008</Year_Built>
		<Community>Madison</Community>
		<key name="MLS#">1883976</key>
	</home_facts>
	<property_details>
		<item>
			<item>Virtual Tour, Homeowners Association, Utilities, Taxes / Assessments</item>
			<item>
				<item>
					<item> Virtual Tour Branded</item>
					<item>
						<item> Branded Virtual Tour: https://my.matterport.com/show/?m=UREhGsLArKj&amp;mls=1</item>
					</item>
				</item>
				<item>
					<item>HOA Information</item>
					<item>
						<item>Condo Fee Monthly: $579</item>
						<item>Association Common Amenities: Exercise Room, Security, Elevator</item>
					</item>
				</item>
				<item>
					<item>Utility Information</item>
					<item>
						<item>Municipal Water, Municipal Sewer</item>
						<item>Heating/Cooling: Forced Air, Central Air</item>
						<item>Natural Gas</item>
					</item>
				</item>
				<item>
					<item>Tax Information</item>
					<item>
						<item> Total Taxes: $9,740</item>
						<item> Tax Year: 2019</item>
					</item>
				</item>
			</item>
		</item>
		<item>
			<item>Interior Features</item>
			<item>
				<item>
					<item>Bedroom Information</item>
					<item>
						<item>Master Bedroom Dimensions: 20 x 18</item>
						<item>Master Bedroom Level: Main</item>
						<item>Bedroom 2 Dimensions: 15 x 12</item>
						<item>Bedroom 2 Level: Main</item>
					</item>
				</item>
				<item>
					<item>Bathroom Information</item>
					<item>
						<item>Bath Description(s): At Least 1 Tub, Master Bedroom Bath (Full), Master Bedroom Bath</item>
						<item># of Baths (Full): 2</item>
					</item>
				</item>
				<item>
					<item>Interior Features</item>
					<item>
						<item>Wood or Simulation Wood Floors, Security System, Cable/Satellite Available</item>
					</item>
				</item>
				<item>
					<item>Room Information</item>
					<item>
						<item>Living Room Dimensions: 19 x 19</item>
						<item>Living Room Level: Main</item>
						<item>Kitchen Level: Main</item>
						<item>Kitchen Dimensions: 15 x 11</item>
					</item>
				</item>
				<item>
					<item>Equipment</item>
					<item>
						<item>Appliances: Range/Oven, Refrigerator, Dishwasher, Garbage Disposal</item>
					</item>
				</item>
			</item>
		</item>
		<item>
			<item>Parking / Garage</item>
			<item>
				<item>
					<item>Parking Information</item>
					<item>
						<item>Parking: Underground, Heated, 2 Spaces, Assigned, 1-5 Spaces</item>
					</item>
				</item>
				<item>
					<item>Garage Information</item>
					<item>
						<item>Garage: Underground, Underground Garage, Underground Space, Heated</item>
					</item>
				</item>
			</item>
		</item>
		<item>
			<item>Exterior Features</item>
			<item>
				<item>
					<item>Building Information</item>
					<item>
						<item>Estimated Sq. Ft. Range: 1501-1750</item>
					</item>
				</item>
				<item>
					<item>Exterior</item>
					<item>
						<item>Exterior Features: Deck</item>
						<item>Exterior: Other</item>
					</item>
				</item>
			</item>
		</item>
		<item>
			<item>Multi-Unit Information</item>
			<item>
				<item>
					<item>Condo Information</item>
					<item>
						<item>Condominium Name: Capitol West</item>
						<item>Garden</item>
					</item>
				</item>
				<item>
					<item>Multi-Unit Information</item>
					<item>
						<item># of Units: 126</item>
						<item>Units In Association: 0</item>
					</item>
				</item>
			</item>
		</item>
		<item>
			<item>School / Neighborhood</item>
			<item>
				<item>
					<item>Neighborhood Information</item>
					<item>
						<item>Municipality: MADISON</item>
						<item>Municipality Type: City</item>
					</item>
				</item>
				<item>
					<item>School Information</item>
					<item>
						<item> School District: Madison</item>
						<item>Middle School: Hamilton</item>
						<item>High School: West</item>
					</item>
				</item>
			</item>
		</item>
		<item>
			<item>Property / Lot Details</item>
			<item>
				<item>
					<item>Property Information</item>
					<item>
						<item>Condo</item>
						<item>Information Source Year Built: Assessor/Public Record</item>
					</item>
				</item>
				<item>
					<item>Lot Information</item>
					<item>
						<item> Zoning: Res</item>
					</item>
				</item>
			</item>
		</item>
		<item>
			<item>Listing Information</item>
			<item>
				<item>
					<item>Listing Information</item>
					<item>
						<item>Inclusions: Refrigerator, Range/Oven, Disposal, Microwave, Dishwasher, Washer, Dryer, All Window Coverings, Garage Door Remotes.</item>
						<item>Exclusions: Seller's Personal Property</item>
					</item>
				</item>
			</item>
		</item>
	</property_details>
	<public_facts>
		<Beds>2</Beds>
		<Baths>2</Baths>
		<Finished_Sq._Ft.>1,435</Finished_Sq._Ft.>
		<Unfinished_Sq._Ft.>—</Unfinished_Sq._Ft.>
		<Total_Sq._Ft.>1,435</Total_Sq._Ft.>
		<Stories>1</Stories>
		<Lot_Size>—</Lot_Size>
		<Style>Condo/Co-op</Style>
		<Year_Built>2008</Year_Built>
		<Year_Renovated>2008</Year_Renovated>
		<County>Dane County</County>
		<APN>070923165794</APN>
	</public_facts>
</home>
