<?xml version="1.0" ?>
<home>
	<HomeInfo_Address>
		<street-address>1158 E Washington Ave </street-address>
		<locality>Madison, </locality>
		<region>WI</region>
		<postal-code>53703</postal-code>
	</HomeInfo_Address>
	<main_stats>
		<Price>$315,000</Price>
		<Beds>3</Beds>
		<Baths>2</Baths>
		<key name="$270 / Sq. Ft.">1,166</key>
	</main_stats>
	<text_base_description>Public Remarks: Welcome home to this charming 3 bedroom bungalow with a rare oversized 2 car garage! Easily entertain on the large front porch or kick back and relax on the private deck and patio areas. This home boasts solid oak floors, original woodwork, several updates including kitchen cabinetry, siding and fresh paint, and has been loved by the same owner for nearly 35 years! Nicely landscaped with wildflowers, perennials and an apple tree! Conveniently located on the isthmus within walking/biking distance to Tenney Park, the lake fronts, schools, eateries and bus lines. Also included is a 1 year HSA home warranty for your peace of mind. Pre-approved buyers only. Call for a showing today! </text_base_description>
	<listed_by>
		<name>Kristine Martinson</name>
		<org> • Shorewest, REALTORS </org>
	</listed_by>
	<price_insights>
		<List_Price>$315,000</List_Price>
		<Est._Mo._Payment>$1,543</Est._Mo._Payment>
		<Redfin_Estimate>$305,665</Redfin_Estimate>
		<key name="Price/Sq.Ft.">$270</key>
	</price_insights>
	<home_facts>
		<Status>Active</Status>
		<Time_on_Redfin>62 days</Time_on_Redfin>
		<Property_Type>Single-Family</Property_Type>
		<Year_Built>1922</Year_Built>
		<Style>Bungalow</Style>
		<Community>N/a</Community>
		<Lot_Size>2,613 Sq. Ft.</Lot_Size>
		<key name="MLS#">1889164</key>
	</home_facts>
	<property_details>
		<item>
			<item>Interior Features</item>
			<item>
				<item>
					<item>Bedroom Information</item>
					<item>
						<item>Master Bedroom Dimensions: 13 x 12</item>
						<item>Master Bedroom Level: Upper</item>
						<item>Bedroom 2 Dimensions: 10 x 10</item>
						<item>Bedroom 2 Level: Upper</item>
						<item>Bedroom 3 Dimensions: 14 x 9</item>
						<item>Bedroom 3 Level: Upper</item>
					</item>
				</item>
				<item>
					<item>Bathroom Information</item>
					<item>
						<item>Bath Description(s): Stubbed For Bathroom on Lower Level, Shower on Lower, At Least 1 Tub, No Master Bedroom Bath</item>
						<item># of Baths (Full): 2</item>
					</item>
				</item>
				<item>
					<item>Interior Features</item>
					<item>
						<item>Wood or Simulation Wood Floors, Water Softener (Seller Leased), Cable/Satellite Available, High Speed Internet</item>
					</item>
				</item>
				<item>
					<item>Room Information</item>
					<item>
						<item>Full, Toilet Only, Block</item>
						<item>Living Room Dimensions: 21 x 12</item>
						<item>Living Room Level: Main</item>
						<item>Kitchen Level: Main</item>
						<item>Kitchen Dimensions: 13 x 12</item>
					</item>
				</item>
				<item>
					<item>Equipment</item>
					<item>
						<item>Appliances: Range/Oven, Refrigerator, Dishwasher, Washer, Dryer</item>
					</item>
				</item>
			</item>
		</item>
		<item>
			<item>Parking / Garage, Utilities, Taxes / Assessments, Listing Information</item>
			<item>
				<item>
					<item>Garage Information</item>
					<item>
						<item># of Garage Parking Spaces (Total): 2</item>
						<item>Garage: 2 Car, Detached, Opener Included</item>
					</item>
				</item>
				<item>
					<item>Utility Information</item>
					<item>
						<item>Municipal Water, Municipal Sewer</item>
						<item>Heating/Cooling: Forced Air, Central Air</item>
						<item>Natural Gas</item>
					</item>
				</item>
				<item>
					<item>Tax Information</item>
					<item>
						<item> Total Taxes: $4,383</item>
						<item> Tax Year: 2019</item>
					</item>
				</item>
				<item>
					<item>Listing Information</item>
					<item>
						<item>Inclusions: Refrigerator, oven/range, washer, dryer, butcher block island, dehumidifier, bar stools (3), linen closet in upstairs ?office? bedroom, and echo doorbell.</item>
						<item>Exclusions: Water softener and water filtration systems are rentals from Culligan ? buyer can assume contract, and security cameras.</item>
					</item>
				</item>
			</item>
		</item>
		<item>
			<item>Exterior Features</item>
			<item>
				<item>
					<item>Building Information</item>
					<item>
						<item>Building Type: 2 Story</item>
						<item>Estimated Sq. Ft. Range: 1001-1250</item>
					</item>
				</item>
				<item>
					<item>Exterior</item>
					<item>
						<item>Exterior Features: Deck, Patio</item>
						<item>Exterior: Vinyl, Wood</item>
					</item>
				</item>
			</item>
		</item>
		<item>
			<item>School / Neighborhood</item>
			<item>
				<item>
					<item>Neighborhood Information</item>
					<item>
						<item>Municipality: MADISON</item>
						<item>Municipality Type: City</item>
					</item>
				</item>
				<item>
					<item>School Information</item>
					<item>
						<item> School District: Madison</item>
						<item>Elementary School: Lapham/Marquette</item>
						<item>Middle School: Okeeffe</item>
						<item>High School: East</item>
					</item>
				</item>
			</item>
		</item>
		<item>
			<item>Property / Lot Details</item>
			<item>
				<item>
					<item>Property Information</item>
					<item>
						<item>Single-Family</item>
						<item>Information Source Year Built: Assessor/Public Record</item>
					</item>
				</item>
				<item>
					<item>Lot Information</item>
					<item>
						<item>Lot Acreage: 0.06</item>
						<item>Lot Description: Sidewalks</item>
						<item> Zoning: CC-T</item>
					</item>
				</item>
			</item>
		</item>
		<item>
			<item>Subdivision / Building</item>
			<item>
				<item>
					<item> Subdivision</item>
					<item>
						<item> Subdivision: N/A</item>
					</item>
				</item>
			</item>
		</item>
	</property_details>
	<public_facts>
		<Beds>3</Beds>
		<Baths>1</Baths>
		<Finished_Sq._Ft.>1,166</Finished_Sq._Ft.>
		<Unfinished_Sq._Ft.>—</Unfinished_Sq._Ft.>
		<Total_Sq._Ft.>1,166</Total_Sq._Ft.>
		<Stories>2</Stories>
		<Lot_Size>2,772 Sq. Ft.</Lot_Size>
		<Style>Single Family Residential</Style>
		<Year_Built>1922</Year_Built>
		<Year_Renovated>1963</Year_Renovated>
		<County>Dane County</County>
		<APN>070913108481</APN>
	</public_facts>
</home>
