<?xml version="1.0" ?>
<home>
	<HomeInfo_Address>
		<street-address>98-1038 Moanalua Rd Unit 7-2201 </street-address>
		<locality>Aiea, </locality>
		<region>HI</region>
		<postal-code>96701</postal-code>
	</HomeInfo_Address>
	<main_stats>
		<Price>$305,000</Price>
		<Beds>2</Beds>
		<Baths>2</Baths>
		<key name="$417 / Sq. Ft.">731</key>
	</main_stats>
	<text_base_description>Welcome home to this clean and very comfortable home in Pearlridge Gardens, with beautiful views of Pearl Harbor. This Two bedroom and two bath condo shows pride of ownership. Fantastic location with a covered parking stall, this property is across from the Pearlridge Center,  with theaters, many dining options and all the conveniences and more, just minutes away. This is a must see that won't last long. </text_base_description>
	<listed_by>
		<name>Ernest Yagi (R)</name>
		<org> • Engel &amp; Volkers-Honolulu </org>
	</listed_by>
	<price_insights>
		<List_Price>$305,000</List_Price>
		<Est._Mo._Payment>$1,128</Est._Mo._Payment>
		<Redfin_Estimate>$296,888</Redfin_Estimate>
		<key name="Price/Sq.Ft.">$417</key>
	</price_insights>
	<home_facts>
		<Status>Active</Status>
		<Time_on_Redfin>297 days</Time_on_Redfin>
		<Property_Type>Condo/Townhouse, High-Rise 7+ Stories</Property_Type>
		<HOA_Dues>$843/month</HOA_Dues>
		<Year_Built>1976</Year_Built>
		<Community>Pearlridge</Community>
		<Lot_Size>5.75 Acres</Lot_Size>
		<key name="MLS#">201933249</key>
	</home_facts>
	<property_details>
		<item>
			<item>Interior Features</item>
			<item>
				<item>
					<item>Bathroom Information</item>
					<item>
						<item># of Bathrooms (Full): 2</item>
					</item>
				</item>
				<item>
					<item>Interior Features</item>
					<item>
						<item># of Elevators: 2</item>
						<item>Inclusions: A/C Window Unit, Cable TV, Dishwasher, Disposal, Drapes, Microwave, Range Hood, Range/Oven, Refrigerator, Smoke Detector</item>
						<item>Flooring: Ceramic Tile, Laminate</item>
					</item>
				</item>
				<item>
					<item>Square Footage</item>
					<item>
						<item>Sq. Ft. Lanai (Open): 60</item>
						<item>Sq. Ft. Roofed (Living): 731</item>
					</item>
				</item>
			</item>
		</item>
		<item>
			<item>Parking / Garage, Exterior Features, Multi-Unit Information, Homeowners Association</item>
			<item>
				<item>
					<item>Parking/Garage Information</item>
					<item>
						<item>Parking Features: Assigned, 1 Covered Spaces, Guest</item>
						<item># of Parking Spaces (Total): 1</item>
						<item>Condo Parking Unit: 42</item>
					</item>
				</item>
				<item>
					<item>Exterior Features</item>
					<item>
						<item>Security Features: Key, Security Patrol, Video</item>
					</item>
				</item>
				<item>
					<item>Multi-Unit Information</item>
					<item>
						<item>Unit Features: Bedroom on 1st Level, Full Bath on 1st Floor, Single Level</item>
						<item>Amenities: Community Laundry, Pool, Recreation Area, Recreation Room, Resident Manager, Security Guard, Trash Chute</item>
					</item>
				</item>
				<item>
					<item>Homeowners Association Information</item>
					<item>
						<item>Association Fee 2: $290</item>
						<item>Maintenance Expense: 552.62</item>
						<item>Association Fee Total: $843</item>
						<item>Cable TV, Hot Water, Internet Service, Other Common Expenses, Sewer, Water</item>
						<item>Maintenance, Other Common Expenses, Special Assessment</item>
					</item>
				</item>
			</item>
		</item>
		<item>
			<item>Taxes / Assessments, Location Details, Documents &amp; Disclosures</item>
			<item>
				<item>
					<item>Tax Information</item>
					<item>
						<item>Tax Amount: 88.00</item>
						<item>Tax Year: 2019</item>
						<item>Tax Assessed Value Land: 125800.00</item>
						<item>Tax Assessed Value Improvements: $176,600</item>
						<item>Tax Paid By Seller </item>
						<item>Tax Assessed Value: 302400.00</item>
						<item>Tax Exemption Owner Occupancy: 120000</item>
					</item>
				</item>
				<item>
					<item>Location Details</item>
					<item>
						<item>Neighbourhood: PEARLRIDGE</item>
						<item>Floor Number: 22</item>
					</item>
				</item>
				<item>
					<item>Documents &amp; Disclosures</item>
					<item>
						<item>Disclosures: Property Disclosure Stmt</item>
					</item>
				</item>
			</item>
		</item>
		<item>
			<item>Property / Lot Details</item>
			<item>
				<item>
					<item>Property Information</item>
					<item>
						<item>Property Type: Condo/Townhouse</item>
						<item>Architectural Style: High-Rise 7+ Stories</item>
						<item>Property Condition: Above Average</item>
						<item>Year Built: 1976</item>
						<item>Construction Materials: Double Wall, Masonry/Stucco, Slab</item>
						<item>View: City, Coastline, Mountain, Ocean, Sunset</item>
						<item>Building Name: Pearl Ridge Gdns &amp; Twr</item>
						<item>Stories Type: 21+</item>
					</item>
				</item>
				<item>
					<item>Lot Information</item>
					<item>
						<item>Zoning: 13 - A-3 High Density Apartment</item>
						<item>Lot Size Area: 250557.00</item>
						<item>Parcel Number: 1-9-8-039-003-0274</item>
					</item>
				</item>
				<item>
					<item>Land Information</item>
					<item>
						<item>Land Tenure: FS - Fee Simple</item>
						<item>Land Recorded: Regular System</item>
						<item>Flood Zone: Zone X</item>
					</item>
				</item>
			</item>
		</item>
	</property_details>
	<public_facts>
		<Beds>2</Beds>
		<Baths>2</Baths>
		<Finished_Sq._Ft.>731</Finished_Sq._Ft.>
		<Unfinished_Sq._Ft.>—</Unfinished_Sq._Ft.>
		<Total_Sq._Ft.>731</Total_Sq._Ft.>
		<Stories>1</Stories>
		<Lot_Size>—</Lot_Size>
		<Style>Condo/Co-op</Style>
		<Year_Built>1976</Year_Built>
		<Year_Renovated>—</Year_Renovated>
		<County>Honolulu County</County>
		<APN>1 9 8 039 003 0274</APN>
	</public_facts>
</home>
