<?xml version="1.0" ?>
<home>
	<HomeInfo_Address>
		<street-address>98-500 Koauka Loop Unit 3P </street-address>
		<locality>Aiea, </locality>
		<region>HI</region>
		<postal-code>96701</postal-code>
	</HomeInfo_Address>
	<main_stats>
		<Price>$415,000</Price>
		<Beds>2</Beds>
		<Bath>1</Bath>
		<key name="$494 / Sq. Ft.">840</key>
	</main_stats>
	<text_base_description>Convenient, highly desirable location close to freeway access, airport, Pearl Harbor, public transportation, Pali Momi Medical, and walking distance to shopping, dining, and entertainment. Pearl One is a solid building, well managed with great amenities including club house, pool, basketball court, BBQ areas, secured entry, and 24-hour security. Unit #3P has 2 bedrooms &amp; 1 bathroom, 1 assigned parking stall. Guest parking available.  In person showings on hold due to COVID-19. </text_base_description>
	<listed_by>
		<name>Shelly Kusunoki</name>
		<org> • SHK Realty, LLC </org>
	</listed_by>
	<price_insights>
		<List_Price>$415,000</List_Price>
		<Est._Mo._Payment>$1,583</Est._Mo._Payment>
		<Redfin_Estimate>$411,496</Redfin_Estimate>
		<key name="Price/Sq.Ft.">$494</key>
	</price_insights>
	<home_facts>
		<Status>Active</Status>
		<Time_on_Redfin>54 days</Time_on_Redfin>
		<Property_Type>Condo/Townhouse, High-Rise 7+ Stories</Property_Type>
		<HOA_Dues>$628/month</HOA_Dues>
		<Year_Built>1975</Year_Built>
		<Community>Pearlridge</Community>
		<key name="MLS#">202018440</key>
	</home_facts>
	<property_details>
		<item>
			<item>Virtual Tour, Parking / Garage, Multi-Unit Information, Homeowners Association</item>
			<item>
				<item>
					<item>Virtual Tour</item>
					<item>
						<item>Virtual Tour (External Link)</item>
					</item>
				</item>
				<item>
					<item>Parking/Garage Information</item>
					<item>
						<item>Parking Features: Assigned, Guest, Secured Entry</item>
						<item># of Parking Spaces (Total): 1</item>
						<item>Condo Parking Unit: 125</item>
					</item>
				</item>
				<item>
					<item>Multi-Unit Information</item>
					<item>
						<item>Unit Features: Single Level</item>
						<item>Amenities: BBQ, Pool, Recreation Room, Resident Manager, Trash Chute</item>
					</item>
				</item>
				<item>
					<item>Homeowners Association Information</item>
					<item>
						<item>Maintenance Expense: 628.00</item>
						<item>Association Fee Total: $628</item>
						<item>Other Common Expenses, Sewer, Water</item>
					</item>
				</item>
			</item>
		</item>
		<item>
			<item>Interior Features</item>
			<item>
				<item>
					<item>Bathroom Information</item>
					<item>
						<item># of Bathrooms (Full): 1</item>
					</item>
				</item>
				<item>
					<item>Interior Features</item>
					<item>
						<item>Inclusions: A/C Window Unit</item>
						<item>Flooring: Vinyl, W/W Carpet</item>
					</item>
				</item>
				<item>
					<item>Square Footage</item>
					<item>
						<item>Sq. Ft. Lanai (Open): 64</item>
						<item>Sq. Ft. Roofed (Living): 840</item>
					</item>
				</item>
			</item>
		</item>
		<item>
			<item>School / Neighborhood, Taxes / Assessments, Location Details, Documents &amp; Disclosures</item>
			<item>
				<item>
					<item>School Information</item>
					<item>
						<item>Elementary School: Scott</item>
						<item>Middle Or Junior School: Aiea</item>
						<item>High School: Aiea</item>
					</item>
				</item>
				<item>
					<item>Tax Information</item>
					<item>
						<item>Tax Amount: 110.02</item>
						<item>Tax Year: 2020</item>
						<item>Tax Assessed Value Land: 147600.00</item>
						<item>Tax Assessed Value Improvements: $244,600</item>
						<item>Tax Assessed Value: 392200.00</item>
						<item>Tax Exemption Owner Occupancy: 0</item>
					</item>
				</item>
				<item>
					<item>Location Details</item>
					<item>
						<item>Neighbourhood: PEARLRIDGE</item>
						<item>Floor Number: 3</item>
					</item>
				</item>
				<item>
					<item>Documents &amp; Disclosures</item>
					<item>
						<item>Disclosures: None</item>
					</item>
				</item>
			</item>
		</item>
		<item>
			<item>Property / Lot Details</item>
			<item>
				<item>
					<item>Property Information</item>
					<item>
						<item>Property Type: Condo/Townhouse</item>
						<item>Architectural Style: High-Rise 7+ Stories</item>
						<item>Property Condition: Average</item>
						<item>Year Built: 1975</item>
						<item>Construction Materials: Concrete</item>
						<item>View: Garden</item>
						<item>Building Name: Pearl 1</item>
					</item>
				</item>
				<item>
					<item>Lot Information</item>
					<item>
						<item>Zoning: 12 - A-2 Medium Density Apartme</item>
						<item>Parcel Number: 1-9-8-030-053-0034</item>
					</item>
				</item>
				<item>
					<item>Land Information</item>
					<item>
						<item>Land Tenure: FS - Fee Simple</item>
						<item>Land Recorded: Regular System</item>
						<item>Flood Zone: Zone X</item>
					</item>
				</item>
			</item>
		</item>
	</property_details>
	<public_facts>
		<Beds>2</Beds>
		<Baths>1</Baths>
		<Finished_Sq._Ft.>840</Finished_Sq._Ft.>
		<Unfinished_Sq._Ft.>—</Unfinished_Sq._Ft.>
		<Total_Sq._Ft.>840</Total_Sq._Ft.>
		<Stories>1</Stories>
		<Lot_Size>—</Lot_Size>
		<Style>Condo/Co-op</Style>
		<Year_Built>1975</Year_Built>
		<Year_Renovated>—</Year_Renovated>
		<County>Honolulu County</County>
		<APN>1 9 8 030 053 0034</APN>
	</public_facts>
</home>
