<?xml version="1.0" ?>
<home>
	<HomeInfo_Address>
		<street-address>98-729 Moanalua Loop #319 </street-address>
		<locality>Aiea, </locality>
		<region>HI</region>
		<postal-code>96701</postal-code>
	</HomeInfo_Address>
	<main_stats>
		<Price>$299,000</Price>
		<Beds>2</Beds>
		<Bath>1</Bath>
		<key name="$289 / Sq. Ft.">1,035</key>
	</main_stats>
	<text_base_description>Newly updated 2 bedroom, 1 bathroom unit. Largest unit in complex, tons of living space for you and your family. One assigned parking near stairs for easy access. No one living above you. New granite counter tops, new flooring, and appliances. Make your dream of owning a home come true! Pool on site, along with community laundry, and resident manager. Close to shopping, restaurants, and bus/rail station. </text_base_description>
	<listed_by>
		<name>Kina Knisley (RA)</name>
		<org> • Keller Williams Honolulu </org>
	</listed_by>
	<price_insights>
		<List_Price>$299,000</List_Price>
		<Est._Mo._Payment>$1,154</Est._Mo._Payment>
		<Redfin_Estimate>$299,584</Redfin_Estimate>
		<key name="Price/Sq.Ft.">$289</key>
	</price_insights>
	<home_facts>
		<Status>In Escrow Showing</Status>
		<Time_on_Redfin>63 days</Time_on_Redfin>
		<Property_Type>Condo/Townhouse, Low-Rise 6 or Less Stories</Property_Type>
		<HOA_Dues>$580/month</HOA_Dues>
		<Year_Built>1967</Year_Built>
		<Community>Waimalu</Community>
		<key name="MLS#">202017852</key>
	</home_facts>
	<property_details>
		<item>
			<item>Interior Features</item>
			<item>
				<item>
					<item>Bathroom Information</item>
					<item>
						<item># of Bathrooms (Full): 1</item>
					</item>
				</item>
				<item>
					<item>Interior Features</item>
					<item>
						<item>Inclusions: Range/Oven, Refrigerator</item>
						<item>Flooring: Laminate</item>
					</item>
				</item>
				<item>
					<item>Square Footage</item>
					<item>
						<item>Sq. Ft. Roofed (Living): 1,035</item>
					</item>
				</item>
			</item>
		</item>
		<item>
			<item>Parking / Garage, Multi-Unit Information, Homeowners Association, Taxes / Assessments</item>
			<item>
				<item>
					<item>Parking/Garage Information</item>
					<item>
						<item>Parking Features: Assigned</item>
						<item># of Parking Spaces (Total): 1</item>
						<item>Condo Parking Unit: 26</item>
					</item>
				</item>
				<item>
					<item>Multi-Unit Information</item>
					<item>
						<item>Unit Features: Odd# Unit</item>
						<item>Amenities: Pool</item>
					</item>
				</item>
				<item>
					<item>Homeowners Association Information</item>
					<item>
						<item>Maintenance Expense: 580.00</item>
						<item>Association Fee Total: $580</item>
						<item>Other Common Expenses, Sewer, Water</item>
					</item>
				</item>
				<item>
					<item>Tax Information</item>
					<item>
						<item>Tax Amount: 86.00</item>
						<item>Tax Year: 2020</item>
						<item>Tax Assessed Value Land: 24100.00</item>
						<item>Tax Assessed Value Improvements: $270,900</item>
						<item>Tax Assessed Value: 295000.00</item>
						<item>Tax Exemption Owner Occupancy: 0</item>
					</item>
				</item>
			</item>
		</item>
		<item>
			<item>Property / Lot Details</item>
			<item>
				<item>
					<item>Property Information</item>
					<item>
						<item>Property Type: Condo/Townhouse</item>
						<item>Architectural Style: Low-Rise 6 or Less Stories</item>
						<item>Property Condition: Above Average, Excellent</item>
						<item>Year Built: 1967</item>
						<item>Construction Materials: Concrete</item>
						<item>Building Name: Pearl Ridge Terraces</item>
						<item>Stories Type: Three</item>
					</item>
				</item>
				<item>
					<item>Lot Information</item>
					<item>
						<item>Zoning: 12 - A-2 Medium Density Apartme</item>
						<item>Parcel Number: 1-9-8-010-001-0097</item>
					</item>
				</item>
				<item>
					<item>Land Information</item>
					<item>
						<item>Land Tenure: FS - Fee Simple</item>
						<item>Land Recorded: Regular System</item>
						<item>Flood Zone: Zone X</item>
					</item>
				</item>
			</item>
		</item>
		<item>
			<item>Location Details, Documents &amp; Disclosures</item>
			<item>
				<item>
					<item>Location Details</item>
					<item>
						<item>Neighbourhood: WAIMALU</item>
						<item>Floor Number: 3</item>
					</item>
				</item>
				<item>
					<item>Documents &amp; Disclosures</item>
					<item>
						<item>Disclosures: None</item>
					</item>
				</item>
			</item>
		</item>
	</property_details>
	<public_facts>
		<Beds>2</Beds>
		<Baths>1</Baths>
		<Finished_Sq._Ft.>1,035</Finished_Sq._Ft.>
		<Unfinished_Sq._Ft.>—</Unfinished_Sq._Ft.>
		<Total_Sq._Ft.>1,035</Total_Sq._Ft.>
		<Stories>1</Stories>
		<Lot_Size>—</Lot_Size>
		<Style>Condo/Co-op</Style>
		<Year_Built>1967</Year_Built>
		<Year_Renovated>—</Year_Renovated>
		<County>Honolulu County</County>
		<APN>1 9 8 010 001 0097</APN>
	</public_facts>
</home>
