<?xml version="1.0" ?>
<home>
	<HomeInfo_Address>
		<street-address>98-487 Koauka Loop Unit B1202 </street-address>
		<locality>Aiea, </locality>
		<region>HI</region>
		<postal-code>96701</postal-code>
	</HomeInfo_Address>
	<main_stats>
		<Price>$485,000</Price>
		<Beds>2</Beds>
		<Baths>2</Baths>
		<key name="$506 / Sq. Ft.">959</key>
	</main_stats>
	<text_base_description>End unit with awesome view, two parking and amenities galore (poo,l barbecue, storage, site manager, walking path, and security). New kitchen counter tops. </text_base_description>
	<listed_by>
		<name>Editha Agunias (RA)</name>
		<org> • Horita Realty LLC </org>
	</listed_by>
	<price_insights>
		<List_Price>$485,000</List_Price>
		<Est._Mo._Payment>$1,847</Est._Mo._Payment>
		<Redfin_Estimate>$482,704</Redfin_Estimate>
		<key name="Price/Sq.Ft.">$506</key>
	</price_insights>
	<home_facts>
		<Status>Active</Status>
		<Time_on_Redfin>13 days</Time_on_Redfin>
		<Property_Type>Condo/Townhouse, High-Rise 7+ Stories</Property_Type>
		<HOA_Dues>$608/month</HOA_Dues>
		<Year_Built>1982</Year_Built>
		<Community>Pearlridge</Community>
		<Lot_Size>6.50 Acres</Lot_Size>
		<key name="MLS#">202023583</key>
	</home_facts>
	<property_details>
		<item>
			<item>Interior Features</item>
			<item>
				<item>
					<item>Bathroom Information</item>
					<item>
						<item># of Bathrooms (Full): 2</item>
					</item>
				</item>
				<item>
					<item>Interior Features</item>
					<item>
						<item># of Elevators: 2</item>
						<item>Inclusions: Cable TV, Dishwasher, Disposal, Dryer, Range Hood, Range/Oven, Refrigerator, Smoke Detector, Washer</item>
						<item>Flooring: Ceramic Tile</item>
					</item>
				</item>
				<item>
					<item>Square Footage</item>
					<item>
						<item>Sq. Ft. Lanai (Open): 45</item>
						<item>Sq. Ft. Roofed (Living): 959</item>
					</item>
				</item>
			</item>
		</item>
		<item>
			<item>Parking / Garage, Exterior Features, Multi-Unit Information, Homeowners Association</item>
			<item>
				<item>
					<item>Parking/Garage Information</item>
					<item>
						<item>Parking Features: Assigned, 1 Covered Spaces, Garage, 1 Open Space</item>
						<item># of Parking Spaces (Total): 2</item>
						<item># of Additional Parking Spaces: 650</item>
						<item>Condo Parking Unit: 334</item>
					</item>
				</item>
				<item>
					<item>Exterior Features</item>
					<item>
						<item>Security Features: Card, Key, Security Patrol</item>
					</item>
				</item>
				<item>
					<item>Multi-Unit Information</item>
					<item>
						<item>Unit Features: Corner/End, Even# Unit</item>
						<item>Amenities: BBQ, Heated Pool, Meeting Room, Pool, Resident Manager, Security Guard, Storage, Tennis Court, Trash Chute, Walking/Jogging Path</item>
					</item>
				</item>
				<item>
					<item>Homeowners Association Information</item>
					<item>
						<item>Maintenance Expense: 608.00</item>
						<item>Association Fee Total: $608</item>
						<item>Hot Water, Other Common Expenses, Sewer, Water</item>
						<item>Maintenance</item>
					</item>
				</item>
			</item>
		</item>
		<item>
			<item>School / Neighborhood, Taxes / Assessments, Location Details, Documents &amp; Disclosures</item>
			<item>
				<item>
					<item>School Information</item>
					<item>
						<item>Elementary School: ALVAH SCOTT</item>
						<item>Middle Or Junior School: Aiea</item>
						<item>High School: Aiea</item>
					</item>
				</item>
				<item>
					<item>Tax Information</item>
					<item>
						<item>Tax Amount: 131.00</item>
						<item>Tax Year: 2020</item>
						<item>Tax Assessed Value Land: 76000.00</item>
						<item>Tax Assessed Value Improvements: $370,600</item>
						<item>Tax Assessed Value: 446600.00</item>
						<item>Tax Exemption Owner Occupancy: 0</item>
					</item>
				</item>
				<item>
					<item>Location Details</item>
					<item>
						<item>Neighbourhood: PEARLRIDGE</item>
						<item>Floor Number: 12</item>
					</item>
				</item>
				<item>
					<item>Documents &amp; Disclosures</item>
					<item>
						<item>Disclosures: Call Listor, Pets Allowed (Verify), Property Disclosure Stmt</item>
					</item>
				</item>
			</item>
		</item>
		<item>
			<item>Property / Lot Details</item>
			<item>
				<item>
					<item>Property Information</item>
					<item>
						<item>Property Type: Condo/Townhouse</item>
						<item>Architectural Style: High-Rise 7+ Stories</item>
						<item>Property Condition: Above Average</item>
						<item>Year Remodeled: 2020</item>
						<item>Year Built: 1982</item>
						<item>Construction Materials: Concrete</item>
						<item>View: City, Coastline, Garden</item>
						<item>Building Name: Park At Pearlridge</item>
						<item>Stories Type: 15-20</item>
					</item>
				</item>
				<item>
					<item>Lot Information</item>
					<item>
						<item>Zoning: 12 - A-2 Medium Density Apartme</item>
						<item>Lot Size Area: 283096.00</item>
						<item>Parcel Number: 1-9-8-012-079-0219</item>
					</item>
				</item>
				<item>
					<item>Land Information</item>
					<item>
						<item>Land Tenure: FS - Fee Simple</item>
						<item>Remodelled: Partial</item>
						<item>Land Recorded: Regular System</item>
						<item>Flood Zone: Zone X</item>
					</item>
				</item>
			</item>
		</item>
	</property_details>
	<public_facts>
		<Beds>2</Beds>
		<Baths>2</Baths>
		<Finished_Sq._Ft.>959</Finished_Sq._Ft.>
		<Unfinished_Sq._Ft.>—</Unfinished_Sq._Ft.>
		<Total_Sq._Ft.>959</Total_Sq._Ft.>
		<Stories>1</Stories>
		<Lot_Size>—</Lot_Size>
		<Style>Condo/Co-op</Style>
		<Year_Built>1982</Year_Built>
		<Year_Renovated>—</Year_Renovated>
		<County>Honolulu County</County>
		<APN>1 9 8 012 079 0219</APN>
	</public_facts>
</home>
