<?xml version="1.0" ?>
<home>
	<HomeInfo_Address>
		<street-address>98-729 Moanalua Loop #129 </street-address>
		<locality>Aiea, </locality>
		<region>HI</region>
		<postal-code>96701</postal-code>
	</HomeInfo_Address>
	<main_stats>
		<Price>$335,000</Price>
		<Beds>3</Beds>
		<Bath>1</Bath>
		<key name="$352 / Sq. Ft.">952</key>
	</main_stats>
	<text_base_description>Welcome home to a private, rarely available 3 bedroom 1 bath unit.  Looking for a unit without the hassle of stairs, this is the one!    Enjoy a refreshing beverage as you relax in your gated courtyard. Updated kitchen counter tops, and newer appliances.  Updated bathroom vanity.  Window AC unit recently installed for your comfort. Come with an open mind, great ideas and make this your own.  GREAT location within walking distance to Pearl Ridge Shopping Center, bus stops and future rail station.  1 assigned parking stall, guest stalls, community laundry and pool are in close proximity to unit.  This unit is in a well managed, pet friendly building (buyer's to verify) and is priced to sell! Get it before it's gone! Home is being sold, &quot;As-Is.&quot; </text_base_description>
	<listed_by>
		<name>Punahele Carnate (RA)</name>
		<org> • TLC Realty LLC </org>
	</listed_by>
	<price_insights>
		<List_Price>$335,000</List_Price>
		<Est._Mo._Payment>$1,278</Est._Mo._Payment>
		<Redfin_Estimate>$337,012</Redfin_Estimate>
		<key name="Price/Sq.Ft.">$352</key>
	</price_insights>
	<home_facts>
		<Status>Active</Status>
		<Time_on_Redfin>51 days</Time_on_Redfin>
		<Property_Type>Condo/Townhouse, Low-Rise 6 or Less Stories, Townhouse, Walk-Up</Property_Type>
		<HOA_Dues>$537/month</HOA_Dues>
		<Year_Built>1967</Year_Built>
		<Community>Waimalu</Community>
		<Lot_Size>1.69 Acres</Lot_Size>
		<key name="MLS#">202018613</key>
	</home_facts>
	<property_details>
		<item>
			<item>Interior Features</item>
			<item>
				<item>
					<item>Bathroom Information</item>
					<item>
						<item># of Bathrooms (Full): 1</item>
					</item>
				</item>
				<item>
					<item>Interior Features</item>
					<item>
						<item>Inclusions: A/C Window Unit, Drapes, Microwave, Range Hood, Range/Oven, Refrigerator</item>
						<item>Flooring: W/W Carpet</item>
					</item>
				</item>
				<item>
					<item>Square Footage</item>
					<item>
						<item>Sq. Ft. Roofed (Living): 952</item>
					</item>
				</item>
			</item>
		</item>
		<item>
			<item>Parking / Garage, Exterior Features, Multi-Unit Information, Homeowners Association</item>
			<item>
				<item>
					<item>Parking/Garage Information</item>
					<item>
						<item>Parking Features: Assigned, Guest, 1 Open Space</item>
						<item># of Parking Spaces (Total): 1</item>
						<item>Condo Parking Unit: 89</item>
					</item>
				</item>
				<item>
					<item>Exterior Features</item>
					<item>
						<item>Security Features: Key</item>
					</item>
				</item>
				<item>
					<item>Multi-Unit Information</item>
					<item>
						<item>Unit Features: Bedroom on 1st Level, Corner/End, Full Bath on 1st Floor, Ground Floor Unit, Odd# Unit, Single Level, Storage, Yard</item>
						<item>Amenities: Community Laundry, Pool, Resident Manager, Wall/Fence</item>
					</item>
				</item>
				<item>
					<item>Homeowners Association Information</item>
					<item>
						<item>Maintenance Expense: 536.74</item>
						<item>Association Fee Total: $537</item>
						<item>Sewer, Water</item>
					</item>
				</item>
			</item>
		</item>
		<item>
			<item>School / Neighborhood, Taxes / Assessments, Location Details, Documents &amp; Disclosures</item>
			<item>
				<item>
					<item>School Information</item>
					<item>
						<item>Elementary School: Waimalu</item>
						<item>Middle Or Junior School: Aiea</item>
						<item>High School: Aiea</item>
					</item>
				</item>
				<item>
					<item>Tax Information</item>
					<item>
						<item>Tax Amount: 92.60</item>
						<item>Tax Year: 2020</item>
						<item>Tax Assessed Value Land: 92200.00</item>
						<item>Tax Assessed Value Improvements: $225,300</item>
						<item>Tax Assessed Value: 317500.00</item>
						<item>Tax Exemption Owner Occupancy: 0</item>
					</item>
				</item>
				<item>
					<item>Location Details</item>
					<item>
						<item>Neighbourhood: WAIMALU</item>
						<item>Floor Number: 1</item>
					</item>
				</item>
				<item>
					<item>Documents &amp; Disclosures</item>
					<item>
						<item>Disclosures: Pet on Property, Pets Allowed (Verify), Property Disclosure Stmt</item>
					</item>
				</item>
			</item>
		</item>
		<item>
			<item>Property / Lot Details</item>
			<item>
				<item>
					<item>Property Information</item>
					<item>
						<item>Property Type: Condo/Townhouse</item>
						<item>Architectural Style: Low-Rise 6 or Less Stories, Townhouse, Walk-Up</item>
						<item>Property Frontage: Other</item>
						<item>Property Condition: Above Average, Average</item>
						<item>Year Remodeled: 2017</item>
						<item>Year Built: 1967</item>
						<item>Construction Materials: Concrete</item>
						<item>Building Name: Pearl Ridge Terraces</item>
						<item>Stories Type: One</item>
					</item>
				</item>
				<item>
					<item>Lot Information</item>
					<item>
						<item>Zoning: 12 - A-2 Medium Density Apartme</item>
						<item>Lot Size Area: 73486.00</item>
						<item>Parcel Number: 1-9-8-010-001-0047</item>
					</item>
				</item>
				<item>
					<item>Land Information</item>
					<item>
						<item>Land Tenure: FS - Fee Simple</item>
						<item>Remodelled: Partial</item>
						<item>Land Recorded: Regular System</item>
						<item>Flood Zone: Zone X</item>
					</item>
				</item>
			</item>
		</item>
	</property_details>
	<public_facts>
		<Beds>3</Beds>
		<Baths>1</Baths>
		<Finished_Sq._Ft.>952</Finished_Sq._Ft.>
		<Unfinished_Sq._Ft.>—</Unfinished_Sq._Ft.>
		<Total_Sq._Ft.>952</Total_Sq._Ft.>
		<Stories>1</Stories>
		<Lot_Size>—</Lot_Size>
		<Style>Condo/Co-op</Style>
		<Year_Built>1967</Year_Built>
		<Year_Renovated>—</Year_Renovated>
		<County>Honolulu County</County>
		<APN>1 9 8 010 001 0047</APN>
	</public_facts>
</home>
