<?xml version="1.0" ?>
<home>
	<HomeInfo_Address>
		<street-address>98-500 Koauka Loop Unit 5L </street-address>
		<locality>Aiea, </locality>
		<region>HI</region>
		<postal-code>96701</postal-code>
	</HomeInfo_Address>
	<main_stats>
		<Price>$399,000</Price>
		<Beds>2</Beds>
		<Bath>1</Bath>
		<key name="$451 / Sq. Ft.">884</key>
	</main_stats>
	<text_base_description>Beautiful renovated 2 bedroom, 1 bath condo at Pearl One. New kitchen and carpet with upgraded bathroom and custom closet doors. W/D in unit. Building offers guest parking, secured entrance, pool, BBQ area and more. Conveniently located close to Pearlridge Shopping Center and restaurants. One or more photos have been enhanced. Property is virtually staged. No staging items are in the property. </text_base_description>
	<listed_by>
		<name>Erik Taniguchi (R)</name>
		<org> • Keller Williams Honolulu </org>
	</listed_by>
	<price_insights>
		<List_Price>$399,000</List_Price>
		<Est._Mo._Payment>$1,491</Est._Mo._Payment>
		<Redfin_Estimate>$398,810</Redfin_Estimate>
		<key name="Price/Sq.Ft.">$451</key>
	</price_insights>
	<home_facts>
		<Status>In Escrow Showing</Status>
		<Time_on_Redfin>44 days</Time_on_Redfin>
		<Property_Type>Condo/Townhouse, High-Rise 7+ Stories</Property_Type>
		<HOA_Dues>$535/month</HOA_Dues>
		<Year_Built>1975</Year_Built>
		<Community>Pearlridge</Community>
		<key name="MLS#">202020304</key>
	</home_facts>
	<property_details>
		<item>
			<item>Interior Features</item>
			<item>
				<item>
					<item>Bathroom Information</item>
					<item>
						<item># of Bathrooms (Full): 1</item>
					</item>
				</item>
				<item>
					<item>Interior Features</item>
					<item>
						<item>Inclusions: A/C Window Unit, Dishwasher, Drapes, Dryer, Range Hood, Range/Oven, Refrigerator, Washer</item>
						<item>Flooring: Ceramic Tile, W/W Carpet</item>
					</item>
				</item>
				<item>
					<item>Square Footage</item>
					<item>
						<item>Sq. Ft. Lanai (Open): 97</item>
						<item>Sq. Ft. Roofed (Living): 884</item>
					</item>
				</item>
			</item>
		</item>
		<item>
			<item>Parking / Garage, Exterior Features, Multi-Unit Information, Homeowners Association</item>
			<item>
				<item>
					<item>Parking/Garage Information</item>
					<item>
						<item>Parking Features: Assigned, 1 Covered Spaces, Garage</item>
						<item># of Parking Spaces (Total): 1</item>
						<item>Condo Parking Unit: TBA</item>
					</item>
				</item>
				<item>
					<item>Exterior Features</item>
					<item>
						<item>Security Features: Card, Key, Video</item>
					</item>
				</item>
				<item>
					<item>Multi-Unit Information</item>
					<item>
						<item>Unit Features: Odd# Unit</item>
						<item>Amenities: BBQ, Pool, Recreation Area, Recreation Room, Resident Manager, Security Guard, Trash Chute</item>
					</item>
				</item>
				<item>
					<item>Homeowners Association Information</item>
					<item>
						<item>Maintenance Expense: 534.99</item>
						<item>Association Fee Total: $535</item>
						<item>Hot Water, Sewer, Water</item>
					</item>
				</item>
			</item>
		</item>
		<item>
			<item>Taxes / Assessments, Location Details, Documents &amp; Disclosures</item>
			<item>
				<item>
					<item>Tax Information</item>
					<item>
						<item>Tax Amount: 78.93</item>
						<item>Tax Year: 2020</item>
						<item>Tax Assessed Value Land: 147600.00</item>
						<item>Tax Assessed Value Improvements: $263,000</item>
						<item>Tax Assessed Value: 410600.00</item>
						<item>Tax Exemption Owner Occupancy: 140000</item>
					</item>
				</item>
				<item>
					<item>Location Details</item>
					<item>
						<item>Neighbourhood: PEARLRIDGE</item>
						<item>Floor Number: 5</item>
					</item>
				</item>
				<item>
					<item>Documents &amp; Disclosures</item>
					<item>
						<item>Disclosures: Property Disclosure Stmt</item>
					</item>
				</item>
			</item>
		</item>
		<item>
			<item>Property / Lot Details</item>
			<item>
				<item>
					<item>Property Information</item>
					<item>
						<item>Property Type: Condo/Townhouse</item>
						<item>Architectural Style: High-Rise 7+ Stories</item>
						<item>Property Frontage: Other</item>
						<item>Property Condition: Excellent</item>
						<item>Year Built: 1975</item>
						<item>Construction Materials: Concrete, Other</item>
						<item>View: Mountain</item>
						<item>Building Name: Pearl 1</item>
						<item>Stories Type: One</item>
					</item>
				</item>
				<item>
					<item>Lot Information</item>
					<item>
						<item>Zoning: 12 - A-2 Medium Density Apartme</item>
						<item>Parcel Number: 1-9-8-030-053-0059</item>
					</item>
				</item>
				<item>
					<item>Land Information</item>
					<item>
						<item>Land Tenure: FS - Fee Simple</item>
						<item>Land Recorded: Regular System</item>
						<item>Flood Zone: Zone AE</item>
					</item>
				</item>
			</item>
		</item>
	</property_details>
	<public_facts>
		<Beds>2</Beds>
		<Baths>1</Baths>
		<Finished_Sq._Ft.>884</Finished_Sq._Ft.>
		<Unfinished_Sq._Ft.>—</Unfinished_Sq._Ft.>
		<Total_Sq._Ft.>884</Total_Sq._Ft.>
		<Stories>1</Stories>
		<Lot_Size>—</Lot_Size>
		<Style>Condo/Co-op</Style>
		<Year_Built>1975</Year_Built>
		<Year_Renovated>—</Year_Renovated>
		<County>Honolulu County</County>
		<APN>1 9 8 030 053 0059</APN>
	</public_facts>
</home>
