<?xml version="1.0" ?>
<home>
	<HomeInfo_Address>
		<street-address>98-501 Koauka Loop Unit A1302 </street-address>
		<locality>Aiea, </locality>
		<region>HI</region>
		<postal-code>96701</postal-code>
	</HomeInfo_Address>
	<main_stats>
		<Price>$487,500</Price>
		<Beds>2</Beds>
		<Baths>2</Baths>
		<key name="$508 / Sq. Ft.">959</key>
	</main_stats>
	<text_base_description>Newly renovated, luxurious 2 bd, 2 br modern home in the heart of Leeward! Conveniently located minutes away from Pearlridge shopping mall, restaurants &amp; thrilling nightlife; yet still tucked away in a tranquil &amp; quiet condo setting. Step out into the lanai to enjoy your morning coffee or unwind with a spectacular sunset view overlooking the ocean &amp; coastline from the 13th floor. Remodeled kitchen w/ granite countertops, backsplash, &amp; all brand new appliances. Upgraded bathrooms give off resort-like feel! </text_base_description>
	<listed_by>
		<name>Vincent Santabarbara (RA)</name>
		<org> • Century 21 Island Homes </org>
	</listed_by>
	<price_insights>
		<List_Price>$487,500</List_Price>
		<Est._Mo._Payment>$1,851</Est._Mo._Payment>
		<Redfin_Estimate>$484,834</Redfin_Estimate>
		<key name="Price/Sq.Ft.">$508</key>
	</price_insights>
	<home_facts>
		<Status>In Escrow Showing</Status>
		<Time_on_Redfin>55 days</Time_on_Redfin>
		<Property_Type>Condo/Townhouse, High-Rise 7+ Stories</Property_Type>
		<HOA_Dues>$607/month</HOA_Dues>
		<Year_Built>1982</Year_Built>
		<Community>Pearlridge</Community>
		<Lot_Size>6.50 Acres</Lot_Size>
		<key name="MLS#">202018351</key>
	</home_facts>
	<property_details>
		<item>
			<item>Interior Features</item>
			<item>
				<item>
					<item>Bathroom Information</item>
					<item>
						<item># of Bathrooms (Full): 2</item>
					</item>
				</item>
				<item>
					<item>Interior Features</item>
					<item>
						<item># of Elevators: 2</item>
						<item>Inclusions: A/C Split, Dishwasher, Disposal, Dryer, Range/Oven, Refrigerator, Smoke Detector, Washer</item>
						<item>Furnished: Partial</item>
						<item>Flooring: Vinyl</item>
					</item>
				</item>
				<item>
					<item>Square Footage</item>
					<item>
						<item>Sq. Ft. Lanai (Open): 45</item>
						<item>Sq. Ft. Roofed (Living): 959</item>
					</item>
				</item>
			</item>
		</item>
		<item>
			<item>Parking / Garage, Exterior Features, Multi-Unit Information, Homeowners Association</item>
			<item>
				<item>
					<item>Parking/Garage Information</item>
					<item>
						<item>Parking Features: 1 Covered Spaces</item>
						<item># of Parking Spaces (Total): 1</item>
						<item>Condo Parking Unit: 238</item>
					</item>
				</item>
				<item>
					<item>Exterior Features</item>
					<item>
						<item>Security Features: Key, Security Patrol</item>
					</item>
				</item>
				<item>
					<item>Multi-Unit Information</item>
					<item>
						<item>Unit Features: Corner/End, Single Level</item>
						<item>Amenities: BBQ, Meeting Room, Pool, Resident Manager, Tennis Court, Trash Chute, Whirlpool</item>
					</item>
				</item>
				<item>
					<item>Homeowners Association Information</item>
					<item>
						<item>Maintenance Expense: 607.00</item>
						<item>Association Fee Total: $607</item>
						<item>Hot Water, Water</item>
					</item>
				</item>
			</item>
		</item>
		<item>
			<item>School / Neighborhood, Taxes / Assessments, Location Details, Documents &amp; Disclosures</item>
			<item>
				<item>
					<item>School Information</item>
					<item>
						<item>Elementary School: ALVAH SCOTT</item>
						<item>Middle Or Junior School: Aiea</item>
						<item>High School: Aiea</item>
					</item>
				</item>
				<item>
					<item>Tax Information</item>
					<item>
						<item>Tax Amount: 115.00</item>
						<item>Tax Year: 2020</item>
						<item>Tax Assessed Value Land: 56300.00</item>
						<item>Tax Assessed Value Improvements: $346,900</item>
						<item>Tax Assessed Value: 431800.00</item>
						<item>Tax Exemption Owner Occupancy: 0</item>
					</item>
				</item>
				<item>
					<item>Location Details</item>
					<item>
						<item>Neighbourhood: PEARLRIDGE</item>
						<item>Floor Number: 13</item>
					</item>
				</item>
				<item>
					<item>Documents &amp; Disclosures</item>
					<item>
						<item>Disclosures: Property Disclosure Stmt</item>
					</item>
				</item>
			</item>
		</item>
		<item>
			<item>Property / Lot Details</item>
			<item>
				<item>
					<item>Property Information</item>
					<item>
						<item>Property Type: Condo/Townhouse</item>
						<item>Architectural Style: High-Rise 7+ Stories</item>
						<item>Property Condition: Above Average</item>
						<item>Year Remodeled: 2020</item>
						<item>Year Built: 1982</item>
						<item>Construction Materials: Concrete</item>
						<item>View: Mountain, Ocean, Sunset</item>
						<item>Building Name: Park at Pearlridge</item>
						<item>Stories Type: One</item>
					</item>
				</item>
				<item>
					<item>Lot Information</item>
					<item>
						<item>Zoning: 12 - A-2 Medium Density Apartme</item>
						<item>Lot Size Area: 283096.00</item>
						<item>Parcel Number: 1-9-8-012-079-0090</item>
					</item>
				</item>
				<item>
					<item>Land Information</item>
					<item>
						<item>Land Tenure: FS - Fee Simple</item>
						<item>Remodelled: Full</item>
						<item>Land Recorded: Regular System</item>
						<item>Flood Zone: Zone X</item>
					</item>
				</item>
			</item>
		</item>
	</property_details>
	<public_facts>
		<Beds>2</Beds>
		<Baths>2</Baths>
		<Finished_Sq._Ft.>959</Finished_Sq._Ft.>
		<Unfinished_Sq._Ft.>—</Unfinished_Sq._Ft.>
		<Total_Sq._Ft.>959</Total_Sq._Ft.>
		<Stories>1</Stories>
		<Lot_Size>—</Lot_Size>
		<Style>Condo/Co-op</Style>
		<Year_Built>1982</Year_Built>
		<Year_Renovated>—</Year_Renovated>
		<County>Honolulu County</County>
		<APN>1 9 8 012 079 0090</APN>
	</public_facts>
</home>
