<?xml version="1.0" ?>
<home>
	<HomeInfo_Address>
		<street-address>98-437 Kilihea Way #18 </street-address>
		<locality>Aiea, </locality>
		<region>HI</region>
		<postal-code>96701</postal-code>
	</HomeInfo_Address>
	<main_stats>
		<Price>$725,000</Price>
		<Beds>3</Beds>
		<Baths>2.5</Baths>
		<key name="$493 / Sq. Ft.">1,470</key>
	</main_stats>
	<text_base_description>A beautiful, rarely available and move-in ready, well-maintained 3 bedroom, 2.5 bath split level residence in lower Newtown!  New laminate vinyl flooring, with vaulted ceilings, new window A/C nits, freshly painted interior and exterior, new carpet, and new outside front fence.  Located next to neighborhood park for kids to play, and belongs to Newtown Recreation Center (pool, rec area, etc.)  Very close to Pearlridge Shopping Center, Newtown Driving Range, Waimalu Shopping Plaza, and convenient freeway access.  Oven-range not included.  Sold in 'as is' condition.  Click on the film reel for the virtual tour. </text_base_description>
	<listed_by>
		<name>Isaiah Cureton (RA)</name>
		<org> • ILC &amp; Swell Realty LLC </org>
	</listed_by>
	<price_insights>
		<List_Price>$725,000</List_Price>
		<Est._Mo._Payment>$2,772</Est._Mo._Payment>
		<Redfin_Estimate>$723,915</Redfin_Estimate>
		<key name="Price/Sq.Ft.">$493</key>
	</price_insights>
	<home_facts>
		<Status>In Escrow Showing</Status>
		<Time_on_Redfin>43 days</Time_on_Redfin>
		<Property_Type>Single Family, Cluster Development, CPR, Detach Single Family</Property_Type>
		<HOA_Dues>$239/month</HOA_Dues>
		<Year_Built>1980</Year_Built>
		<Community>Newtown</Community>
		<Lot_Size>2,914 Sq. Ft.</Lot_Size>
		<key name="MLS#">202020361</key>
	</home_facts>
	<property_details>
		<item>
			<item>Virtual Tour, Parking / Garage, Exterior Features, Homeowners Association</item>
			<item>
				<item>
					<item>Virtual Tour</item>
					<item>
						<item>Virtual Tour (External Link)</item>
					</item>
				</item>
				<item>
					<item>Parking/Garage Information</item>
					<item>
						<item>Parking Features: 2 Car, Carport</item>
						<item># of Parking Spaces (Total): 2</item>
					</item>
				</item>
				<item>
					<item>Exterior Features</item>
					<item>
						<item>Roof: Asphalt Shingle</item>
						<item>Pool Features: None</item>
					</item>
				</item>
				<item>
					<item>Homeowners Association Information</item>
					<item>
						<item>Maintenance Expense: 239.00</item>
						<item>Association Fee Total: $239</item>
						<item>Association, Maintenance, Other Common Expenses</item>
					</item>
				</item>
			</item>
		</item>
		<item>
			<item>Interior Features</item>
			<item>
				<item>
					<item>Bathroom Information</item>
					<item>
						<item># of Bathrooms (1/2): 1</item>
						<item># of Bathrooms (Full): 2</item>
					</item>
				</item>
				<item>
					<item>Interior Features</item>
					<item>
						<item>Inclusions: A/C Window Unit, Blinds, Ceiling Fan, Dryer, Refrigerator, Smoke Detector</item>
						<item>Flooring: Vinyl, W/W Carpet</item>
						<item>Exclusions: Other</item>
					</item>
				</item>
				<item>
					<item>Square Footage</item>
					<item>
						<item>Sq. Ft. Roofed (Living): 1,470</item>
					</item>
				</item>
			</item>
		</item>
		<item>
			<item>School / Neighborhood, Utilities, Taxes / Assessments, Location Details</item>
			<item>
				<item>
					<item>School Information</item>
					<item>
						<item>Elementary School: Waimalu</item>
						<item>Middle Or Junior School: Aiea</item>
						<item>High School: Aiea</item>
					</item>
				</item>
				<item>
					<item>Utility Information</item>
					<item>
						<item>Utilities: Cable, Gas, Internet, Other, Public Water, Telephone, Water</item>
					</item>
				</item>
				<item>
					<item>Tax Information</item>
					<item>
						<item>Tax Amount: 207.00</item>
						<item>Tax Year: 2020</item>
						<item>Tax Assessed Value Land: 513100.00</item>
						<item>Tax Assessed Value Improvements: $193,400</item>
						<item>Tax Paid By Seller </item>
						<item>Tax Assessed Value: 706500.00</item>
						<item>Tax Exemption Owner Occupancy: 0</item>
					</item>
				</item>
				<item>
					<item>Location Details</item>
					<item>
						<item>Location: Dead End</item>
						<item>Neighbourhood: NEWTOWN</item>
					</item>
				</item>
			</item>
		</item>
		<item>
			<item>Property / Lot Details</item>
			<item>
				<item>
					<item>Property Information</item>
					<item>
						<item>Property Type: Single Family</item>
						<item>Property Sub Type: Single Family</item>
						<item>Architectural Style: Cluster Development, CPR, Detach Single Family</item>
						<item>Property Condition: Above Average</item>
						<item>Year Built: 1980</item>
						<item>Construction Materials: Wood Frame</item>
						<item>View: Other</item>
						<item>Building Name: Newtown Villa 2</item>
						<item>Stories Type: Two</item>
						<item>Condo Property Regime </item>
					</item>
				</item>
				<item>
					<item>Lot Information</item>
					<item>
						<item>Lot Features: Other</item>
						<item>Zoning: 11 - A-1 Low Density Apartment</item>
						<item>Road Frontage: Private Road</item>
						<item>Lot Size Area: 2914.00</item>
						<item>Parcel Number: 1-9-8-060-019-0018</item>
					</item>
				</item>
				<item>
					<item>Land Information</item>
					<item>
						<item>Topography: Level</item>
						<item>Land Tenure: FS - Fee Simple</item>
						<item>Land Recorded: Land Court</item>
						<item>Flood Zone: Zone D</item>
					</item>
				</item>
			</item>
		</item>
		<item>
			<item>Documents &amp; Disclosures</item>
			<item>
				<item>
					<item>Documents &amp; Disclosures</item>
					<item>
						<item>Disclosures: Property Disclosure Stmt</item>
					</item>
				</item>
			</item>
		</item>
	</property_details>
	<public_facts>
		<Beds>3</Beds>
		<Baths>2.5</Baths>
		<Finished_Sq._Ft.>1,470</Finished_Sq._Ft.>
		<Unfinished_Sq._Ft.>—</Unfinished_Sq._Ft.>
		<Total_Sq._Ft.>1,470</Total_Sq._Ft.>
		<Stories>1</Stories>
		<Lot_Size>—</Lot_Size>
		<Style>Condo/Co-op</Style>
		<Year_Built>1980</Year_Built>
		<Year_Renovated>—</Year_Renovated>
		<County>Honolulu County</County>
		<APN>1 9 8 060 019 0018</APN>
	</public_facts>
</home>
