<?xml version="1.0" ?>
<home>
	<HomeInfo_Address>
		<street-address>98731 Moanalua Loop #220 </street-address>
		<locality>Aiea, </locality>
		<region>HI</region>
		<postal-code>96701</postal-code>
	</HomeInfo_Address>
	<main_stats>
		<Price>$324,000</Price>
		<Beds>2</Beds>
		<Bath>1</Bath>
		<key name="$358 / Sq. Ft.">906</key>
	</main_stats>
	<text_base_description>Nicely Remodeled about 4 yrs ago. Part of living room was made to a separate room. End unit. Cooler spacious Lanai overlooking unit's assigned parking. Resident Manager and pool on property. HART Rail Station is Next to main entrance parking of the Bldg. Bank, stores/restaurants, West Ridge and  Pearl Ridge Shopping Malls are like next door. Owner's Realtor/Listor. </text_base_description>
	<listed_by>
		<name>Alfredo Salon (DR)</name>
		<org> • Fred Salon Realty </org>
	</listed_by>
	<price_insights>
		<List_Price>$324,000</List_Price>
		<Est._Mo._Payment>$1,235</Est._Mo._Payment>
		<Redfin_Estimate>$318,213</Redfin_Estimate>
		<key name="Price/Sq.Ft.">$358</key>
	</price_insights>
	<home_facts>
		<Status>Active</Status>
		<Time_on_Redfin>101 days</Time_on_Redfin>
		<Property_Type>Condo/Townhouse, Low-Rise 6 or Less Stories, Walk-Up</Property_Type>
		<HOA_Dues>$510/month</HOA_Dues>
		<Year_Built>1967</Year_Built>
		<Community>Waimalu</Community>
		<key name="MLS#">202012583</key>
	</home_facts>
	<property_details>
		<item>
			<item>Interior Features</item>
			<item>
				<item>
					<item>Bathroom Information</item>
					<item>
						<item># of Bathrooms (Full): 1</item>
					</item>
				</item>
				<item>
					<item>Interior Features</item>
					<item>
						<item>Inclusions: A/C Window Unit, Cable TV, Ceiling Fan, Disposal, Drapes, Microwave, Range Hood, Range/Oven, Refrigerator</item>
						<item>Furnished: Partial</item>
						<item>Flooring: Ceramic Tile, Laminate, W/W Carpet</item>
						<item>Exclusions: Other</item>
					</item>
				</item>
				<item>
					<item>Square Footage</item>
					<item>
						<item>Sq. Ft. Roofed (Living): 906</item>
					</item>
				</item>
			</item>
		</item>
		<item>
			<item>Parking / Garage, Exterior Features, Multi-Unit Information, Homeowners Association</item>
			<item>
				<item>
					<item>Parking/Garage Information</item>
					<item>
						<item>Parking Features: Assigned, Guest, 1 Open Space, Street</item>
						<item># of Parking Spaces (Total): 1</item>
						<item>Condo Parking Unit: 97</item>
					</item>
				</item>
				<item>
					<item>Exterior Features</item>
					<item>
						<item>Security Features: Key</item>
					</item>
				</item>
				<item>
					<item>Multi-Unit Information</item>
					<item>
						<item>Unit Features: Corner/End, Single Level</item>
						<item>Amenities: Community Laundry, Pool, Resident Manager</item>
					</item>
				</item>
				<item>
					<item>Homeowners Association Information</item>
					<item>
						<item>Maintenance Expense: 509.90</item>
						<item>Association Fee Total: $510</item>
						<item>Sewer, Water</item>
					</item>
				</item>
			</item>
		</item>
		<item>
			<item>School / Neighborhood, Taxes / Assessments, Location Details, Documents &amp; Disclosures</item>
			<item>
				<item>
					<item>School Information</item>
					<item>
						<item>Elementary School: Waimalu</item>
						<item>Middle Or Junior School: Aiea</item>
						<item>High School: Aiea</item>
					</item>
				</item>
				<item>
					<item>Tax Information</item>
					<item>
						<item>Tax Amount: 83.00</item>
						<item>Tax Year: 2020</item>
						<item>Tax Assessed Value Land: 87600.00</item>
						<item>Tax Assessed Value Improvements: $215,000</item>
						<item>Tax Assessed Value: 302600.00</item>
						<item>Tax Exemption Owner Occupancy: 0</item>
					</item>
				</item>
				<item>
					<item>Location Details</item>
					<item>
						<item>Neighbourhood: WAIMALU</item>
						<item>Floor Number: 1</item>
					</item>
				</item>
				<item>
					<item>Documents &amp; Disclosures</item>
					<item>
						<item>Disclosures: Licensed Owner, Listor Owner, Property Disclosure Stmt</item>
					</item>
				</item>
			</item>
		</item>
		<item>
			<item>Property / Lot Details</item>
			<item>
				<item>
					<item>Property Information</item>
					<item>
						<item>Property Type: Condo/Townhouse</item>
						<item>Architectural Style: Low-Rise 6 or Less Stories, Walk-Up</item>
						<item>Property Frontage: Other</item>
						<item>Property Condition: Above Average</item>
						<item>Year Remodeled: 2016</item>
						<item>Year Built: 1967</item>
						<item>Construction Materials: Concrete, Steel Frame</item>
						<item>View: Mountain</item>
						<item>Building Name: Pearl Ridge Terraces</item>
						<item>Stories Type: Three</item>
					</item>
				</item>
				<item>
					<item>Lot Information</item>
					<item>
						<item>Zoning: 12 - A-2 Medium Density Apartme</item>
						<item>Parcel Number: 1-9-8-010-001-0068</item>
					</item>
				</item>
				<item>
					<item>Land Information</item>
					<item>
						<item>Land Tenure: FS - Fee Simple</item>
						<item>Remodelled: Partial</item>
						<item>Land Recorded: Land Court</item>
						<item>Flood Zone: Zone X</item>
					</item>
				</item>
			</item>
		</item>
	</property_details>
	<public_facts>
		<Beds>2</Beds>
		<Baths>1</Baths>
		<Finished_Sq._Ft.>906</Finished_Sq._Ft.>
		<Unfinished_Sq._Ft.>—</Unfinished_Sq._Ft.>
		<Total_Sq._Ft.>906</Total_Sq._Ft.>
		<Stories>1</Stories>
		<Lot_Size>—</Lot_Size>
		<Style>Condo/Co-op</Style>
		<Year_Built>1967</Year_Built>
		<Year_Renovated>—</Year_Renovated>
		<County>Honolulu County</County>
		<APN>1 9 8 010 001 0068</APN>
	</public_facts>
</home>
