<?xml version="1.0" ?>
<home>
	<HomeInfo_Address>
		<street-address>98-161 Aiea Kai Way </street-address>
		<locality>Aiea, </locality>
		<region>HI</region>
		<postal-code>96701</postal-code>
	</HomeInfo_Address>
	<main_stats>
		<Price>$1,700,000</Price>
		<Beds>4</Beds>
		<Baths>4</Baths>
		<key name="$899 / Sq. Ft.">1,890</key>
	</main_stats>
	<text_base_description>Very rare waterfront property located in Aiea. Close to Pearlridge and the Aloha Stadium, overlooks Pearl Harbor/Ford Island/Arizona Memorial. Property  CPR into 4 different parcels, so possible to build 3 more homes. One home existing, needs TLC. Property currently used as a chicken farm, but look beyond the farm, and you will see raw land perfect for development. Build your very own family retreat in a excellent &amp; convenient location. Adjoining property is a protected bird sanctuary. Even in the warmest days, the lanai right next to the water stays nice and cool. Throw a fishing pole in the water and enjoy the beautiful view!  Buyer responsible for their own due diligence. </text_base_description>
	<listed_by>
		<name>Margaret Walker (RA)</name>
		<org> • Coldwell Banker Realty </org>
	</listed_by>
	<price_insights>
		<List_Price>$1,700,000</List_Price>
		<Est._Mo._Payment>$6,263</Est._Mo._Payment>
		<Redfin_Estimate>$1,595,576</Redfin_Estimate>
		<key name="Price/Sq.Ft.">$899</key>
	</price_insights>
	<home_facts>
		<Status>In Escrow Showing</Status>
		<Time_on_Redfin>128 days</Time_on_Redfin>
		<Property_Type>Single Family, CPR, Detach Single Family</Property_Type>
		<Year_Built>1974</Year_Built>
		<Community>Aiea Area</Community>
		<Lot_Size>0.85 Acres</Lot_Size>
		<key name="MLS#">202004785</key>
	</home_facts>
	<property_details>
		<item>
			<item>Interior Features</item>
			<item>
				<item>
					<item>Bathroom Information</item>
					<item>
						<item># of Bathrooms (Full): 4</item>
					</item>
				</item>
				<item>
					<item>Interior Features</item>
					<item>
						<item>Flooring: Other</item>
					</item>
				</item>
				<item>
					<item>Square Footage</item>
					<item>
						<item>Sq. Ft. Roofed (Living): 1,890</item>
					</item>
				</item>
			</item>
		</item>
		<item>
			<item>Parking / Garage, Exterior Features, Multi-Unit Information, Utilities</item>
			<item>
				<item>
					<item>Parking/Garage Information</item>
					<item>
						<item>Parking Features: 3 Car+, Carport, Driveway</item>
						<item># of Parking Spaces (Total): 2</item>
						<item>Sq. Ft. Garage Carport: 418</item>
					</item>
				</item>
				<item>
					<item>Exterior Features</item>
					<item>
						<item>Roof: Asphalt Shingle</item>
						<item>Pool Features: None</item>
					</item>
				</item>
				<item>
					<item>Multi-Unit Information</item>
					<item>
						<item>Amenities: Bedroom on 1st Floor, Full Bath on 1st Floor, Patio/Deck, Storage, Wall/Fence, Workshop</item>
					</item>
				</item>
				<item>
					<item>Utility Information</item>
					<item>
						<item>Utilities: Telephone, Underground Electricity, Water</item>
					</item>
				</item>
			</item>
		</item>
		<item>
			<item>Taxes / Assessments, Location Details, Documents &amp; Disclosures</item>
			<item>
				<item>
					<item>Tax Information</item>
					<item>
						<item>Tax Amount: 432.00</item>
						<item>Tax Year: 2019</item>
						<item>Tax Assessed Value Land: 2026000.00</item>
						<item>Tax Assessed Value Improvements: $547,000</item>
						<item>Tax Paid By Seller </item>
						<item>Tax Assessed Value: 2573000.00</item>
						<item>Tax Exemption Owner Occupancy: 0</item>
					</item>
				</item>
				<item>
					<item>Location Details</item>
					<item>
						<item>Location: Inside</item>
						<item>Neighbourhood: AIEA AREA</item>
					</item>
				</item>
				<item>
					<item>Documents &amp; Disclosures</item>
					<item>
						<item>Disclosures: Property Disclosure Stmt</item>
					</item>
				</item>
			</item>
		</item>
		<item>
			<item>Property / Lot Details</item>
			<item>
				<item>
					<item>Property Information</item>
					<item>
						<item>Property Type: Single Family</item>
						<item>Property Sub Type: Single Family</item>
						<item>Architectural Style: CPR, Detach Single Family</item>
						<item>Property Frontage: Conservation, Marina, Ocean, Preservation, Waterfront</item>
						<item>Property Condition: Average</item>
						<item>Year Built: 1974</item>
						<item>Construction Materials: Above Ground</item>
						<item>View: Coastline, Marina/Canal, Mountain, Ocean</item>
						<item>Stories Type: One</item>
						<item>Condo Property Regime </item>
					</item>
				</item>
				<item>
					<item>Lot Information</item>
					<item>
						<item>Lot Features: Other</item>
						<item>Zoning: 05 - R-5 Residential District</item>
						<item>Easements: Driveway, Electric, Other, Sewer, Water</item>
						<item>Road Frontage: Paved Road</item>
						<item>Lot Size Area: 37100.00</item>
						<item>Parcel Number: 1-9-8-015-058-0000</item>
					</item>
				</item>
				<item>
					<item>Land Information</item>
					<item>
						<item>Topography: Level</item>
						<item>Land Tenure: FS - Fee Simple</item>
						<item>Land Recorded: Regular System</item>
						<item>Flood Zone: Zone X</item>
					</item>
				</item>
			</item>
		</item>
	</property_details>
	<public_facts>
		<Beds>—</Beds>
		<Baths>—</Baths>
		<Finished_Sq._Ft.>—</Finished_Sq._Ft.>
		<Unfinished_Sq._Ft.>—</Unfinished_Sq._Ft.>
		<Total_Sq._Ft.>—</Total_Sq._Ft.>
		<Stories>—</Stories>
		<Lot_Size>0.85 Acres</Lot_Size>
		<Style>Other</Style>
		<Year_Built>—</Year_Built>
		<Year_Renovated>—</Year_Renovated>
		<County>Honolulu County</County>
		<APN>1 9 8 015 058 0000</APN>
	</public_facts>
</home>
