<?xml version="1.0" ?>
<home>
	<HomeInfo_Address>
		<street-address>98-715 Iho Pl #4603 </street-address>
		<locality>Aiea, </locality>
		<region>HI</region>
		<postal-code>96701</postal-code>
	</HomeInfo_Address>
	<main_stats>
		<Price>$430,000</Price>
		<Beds>2</Beds>
		<Baths>2</Baths>
		<key name="$441 / Sq. Ft.">976</key>
	</main_stats>
	<text_base_description>Popular &quot;C&quot; model with bedrooms on either side of the living room. The master bedroom is extra large with walk-in closet and remodeled bath. Beautifully remodeled open kitchen with stainless appliances, granite countertops and more. Kitchen and living area are open to to enjoy the view over the golf course to Pearl Harbor. Full size washer and dryer. One full size covered parking stall on same level as the unit. The Colonnade is a gated community with an abundance of amenities including heated pool, BBQ area, basketball area, practice putting green, recreation area with pool and ping pong tables and more. </text_base_description>
	<listed_by>
		<name>Catherine Matthews (BC)</name>
		<org> • Callahan Realty Ltd </org>
	</listed_by>
	<price_insights>
		<List_Price>$430,000</List_Price>
		<Est._Mo._Payment>$1,646</Est._Mo._Payment>
		<Redfin_Estimate>$428,252</Redfin_Estimate>
		<key name="Price/Sq.Ft.">$441</key>
	</price_insights>
	<home_facts>
		<Status>In Escrow Showing</Status>
		<Time_on_Redfin>6 days</Time_on_Redfin>
		<Property_Type>Condo/Townhouse, High-Rise 7+ Stories</Property_Type>
		<HOA_Dues>$858/month</HOA_Dues>
		<Year_Built>1976</Year_Built>
		<Community>Pearlridge</Community>
		<Lot_Size>6.85 Acres</Lot_Size>
		<key name="MLS#">202024125</key>
	</home_facts>
	<property_details>
		<item>
			<item>Interior Features</item>
			<item>
				<item>
					<item>Bathroom Information</item>
					<item>
						<item># of Bathrooms (Full): 2</item>
					</item>
				</item>
				<item>
					<item>Interior Features</item>
					<item>
						<item># of Elevators: 1</item>
						<item>Inclusions: A/C Window Unit, Cable TV, Ceiling Fan, Dishwasher, Disposal, Dryer, Range/Oven, Refrigerator, Smoke Detector, Washer</item>
						<item>Flooring: Ceramic Tile, Laminate, W/W Carpet</item>
					</item>
				</item>
				<item>
					<item>Square Footage</item>
					<item>
						<item>Sq. Ft. Lanai (Open): 91</item>
						<item>Sq. Ft. Roofed (Living): 976</item>
					</item>
				</item>
			</item>
		</item>
		<item>
			<item>Parking / Garage, Exterior Features, Multi-Unit Information, Homeowners Association</item>
			<item>
				<item>
					<item>Parking/Garage Information</item>
					<item>
						<item>Parking Features: Assigned, 1 Covered Spaces, Guest, Secured Entry</item>
						<item># of Parking Spaces (Total): 1</item>
						<item>Condo Parking Unit: E74</item>
					</item>
				</item>
				<item>
					<item>Exterior Features</item>
					<item>
						<item>Security Features: Gated Community, Security Patrol, Video</item>
					</item>
				</item>
				<item>
					<item>Multi-Unit Information</item>
					<item>
						<item>Unit Features: Odd# Unit, Single Level, Storage</item>
						<item>Amenities: BBQ, Exercise Room, Heated Pool, Putting Green, Recreation Area, Resident Manager, Sauna, Security Guard, Storage, Tennis Court, Walking/Jogging Path, Whirlpool</item>
					</item>
				</item>
				<item>
					<item>Homeowners Association Information</item>
					<item>
						<item>Association Fee 2: $49</item>
						<item>Maintenance Expense: 809.00</item>
						<item>Association Fee Total: $858</item>
						<item>Cable TV, Hot Water, Internet Service, Sewer</item>
					</item>
				</item>
			</item>
		</item>
		<item>
			<item>School / Neighborhood, Taxes / Assessments, Location Details, Documents &amp; Disclosures</item>
			<item>
				<item>
					<item>School Information</item>
					<item>
						<item>Elementary School: Pearl Ridge</item>
						<item>Middle Or Junior School: Aiea</item>
						<item>High School: Aiea</item>
					</item>
				</item>
				<item>
					<item>Tax Information</item>
					<item>
						<item>Tax Amount: 124.00</item>
						<item>Tax Year: 2020</item>
						<item>Tax Assessed Value Land: 124300.00</item>
						<item>Tax Assessed Value Improvements: $300,700</item>
						<item>Tax Paid By Seller </item>
						<item>Tax Assessed Value: 425000.00</item>
						<item>Tax Exemption Owner Occupancy: 0</item>
					</item>
				</item>
				<item>
					<item>Location Details</item>
					<item>
						<item>Neighbourhood: PEARLRIDGE</item>
						<item>Floor Number: 6</item>
					</item>
				</item>
				<item>
					<item>Documents &amp; Disclosures</item>
					<item>
						<item>Disclosures: Pets Allowed (Verify), Property Disclosure Stmt</item>
					</item>
				</item>
			</item>
		</item>
		<item>
			<item>Property / Lot Details</item>
			<item>
				<item>
					<item>Property Information</item>
					<item>
						<item>Property Type: Condo/Townhouse</item>
						<item>Architectural Style: High-Rise 7+ Stories</item>
						<item>Property Condition: Excellent</item>
						<item>Year Built: 1976</item>
						<item>Construction Materials: Concrete, Hollow Tile</item>
						<item>View: Golf Course, Mountain, Ocean</item>
						<item>Model Site Contact Phone: 808-487-5252</item>
						<item>Building Name: Colonnade on Greens</item>
						<item>Stories Type: 15-20</item>
					</item>
				</item>
				<item>
					<item>Lot Information</item>
					<item>
						<item>Zoning: 12 - A-2 Medium Density Apartme</item>
						<item>Lot Size Area: 298212.00</item>
						<item>Parcel Number: 1-9-8-011-042-0167</item>
					</item>
				</item>
				<item>
					<item>Land Information</item>
					<item>
						<item>Land Tenure: FS - Fee Simple</item>
						<item>Land Recorded: Regular System</item>
						<item>Flood Zone: Zone X</item>
					</item>
				</item>
			</item>
		</item>
	</property_details>
	<public_facts>
		<Beds>2</Beds>
		<Baths>2</Baths>
		<Finished_Sq._Ft.>976</Finished_Sq._Ft.>
		<Unfinished_Sq._Ft.>—</Unfinished_Sq._Ft.>
		<Total_Sq._Ft.>976</Total_Sq._Ft.>
		<Stories>1</Stories>
		<Lot_Size>—</Lot_Size>
		<Style>Condo/Co-op</Style>
		<Year_Built>1976</Year_Built>
		<Year_Renovated>—</Year_Renovated>
		<County>Honolulu County</County>
		<APN>1 9 8 011 042 0167</APN>
	</public_facts>
</home>
