<?xml version="1.0" ?>
<home>
	<HomeInfo_Address>
		<street-address>98-949 Kaonohi St Unit D </street-address>
		<locality>Aiea, </locality>
		<region>HI</region>
		<postal-code>96701</postal-code>
	</HomeInfo_Address>
	<main_stats>
		<Price>$559,000</Price>
		<Beds>3</Beds>
		<Baths>1.5</Baths>
		<key name="$457 / Sq. Ft.">1,222</key>
	</main_stats>
	<text_base_description>Welcome to Ridgeway!  Located in the highly desired city of Aiea: very close proximity to Pearl Harbor &amp; Hikam AFB.  This completely remodeled unit (2020) is ready to be enjoyed by its newest owners for the first time.  Upgrades include new luxury vinyl flooring throughout, new kitchen cabinets, new counters, new appliances, new half bath downstairs, new full bath upstairs, new bathtub, new fixtures, new paint, new doors, etc. You will love the view of the ocean &amp; sunset from your personal lanai in the master bedroom. This 3 bedroom 1.5 bath townhouse includes 2 parking stalls, a courtyard, and much needed street parking for all of your vehicles.  Please do not miss out on your opportunity to own a beautiful corner unit townhouse in Aiea.  Call your realtor to schedule a showing today! </text_base_description>
	<listed_by>
		<name>Justin Taparra (RA)</name>
		<org> • CENTURY 21 Homefinders of HI </org>
	</listed_by>
	<price_insights>
		<List_Price>$559,000</List_Price>
		<Est._Mo._Payment>$2,115</Est._Mo._Payment>
		<Redfin_Estimate>$525,570</Redfin_Estimate>
		<key name="Price/Sq.Ft.">$457</key>
	</price_insights>
	<home_facts>
		<Status>In Escrow Showing</Status>
		<Time_on_Redfin>11 days</Time_on_Redfin>
		<Property_Type>Condo/Townhouse, Townhouse</Property_Type>
		<HOA_Dues>$550/month</HOA_Dues>
		<Year_Built>1972</Year_Built>
		<Community>Pearlridge</Community>
		<Lot_Size>12.84 Acres</Lot_Size>
		<key name="MLS#">202023700</key>
	</home_facts>
	<property_details>
		<item>
			<item>Interior Features</item>
			<item>
				<item>
					<item>Bathroom Information</item>
					<item>
						<item># of Bathrooms (1/2): 1</item>
						<item># of Bathrooms (Full): 1</item>
					</item>
				</item>
				<item>
					<item>Interior Features</item>
					<item>
						<item>Inclusions: Cable TV, Chandelier, Disposal, Dryer, Microwave Hood, Range/Oven, Refrigerator, Smoke Detector</item>
						<item>Flooring: Vinyl</item>
					</item>
				</item>
				<item>
					<item>Square Footage</item>
					<item>
						<item>Sq. Ft. Lanai (Open): 120</item>
						<item>Sq. Ft. Roofed (Living): 1,222</item>
					</item>
				</item>
			</item>
		</item>
		<item>
			<item>Parking / Garage, Exterior Features, Multi-Unit Information, Homeowners Association</item>
			<item>
				<item>
					<item>Parking/Garage Information</item>
					<item>
						<item>Parking Features: Assigned, Guest, 2 Open Spaces, Street</item>
						<item># of Parking Spaces (Total): 2</item>
						<item>Condo Parking Unit: 240, 241</item>
					</item>
				</item>
				<item>
					<item>Exterior Features</item>
					<item>
						<item>Security Features: Key</item>
					</item>
				</item>
				<item>
					<item>Multi-Unit Information</item>
					<item>
						<item>Unit Features: Corner/End, Multi Level, Split Level, Yard</item>
						<item>Amenities: Other, Patio/Deck, Pool, Private Yard, Resident Manager, Walking/Jogging Path, Wall/Fence</item>
					</item>
				</item>
				<item>
					<item>Homeowners Association Information</item>
					<item>
						<item>Maintenance Expense: 550.00</item>
						<item>Association Fee Total: $550</item>
						<item>Other Common Expenses, Sewer, Water</item>
						<item>Maintenance</item>
					</item>
				</item>
			</item>
		</item>
		<item>
			<item>Taxes / Assessments, Location Details, Documents &amp; Disclosures</item>
			<item>
				<item>
					<item>Tax Information</item>
					<item>
						<item>Tax Amount: 136.64</item>
						<item>Tax Year: 2020</item>
						<item>Tax Assessed Value Land: 394200.00</item>
						<item>Tax Assessed Value Improvements: $74,300</item>
						<item>Tax Assessed Value: 468500.00</item>
						<item>Tax Exemption Owner Occupancy: 0</item>
					</item>
				</item>
				<item>
					<item>Location Details</item>
					<item>
						<item>Neighbourhood: PEARLRIDGE</item>
						<item>Floor Number: 1</item>
					</item>
				</item>
				<item>
					<item>Documents &amp; Disclosures</item>
					<item>
						<item>Disclosures: Property Disclosure Stmt</item>
					</item>
				</item>
			</item>
		</item>
		<item>
			<item>Property / Lot Details</item>
			<item>
				<item>
					<item>Property Information</item>
					<item>
						<item>Property Type: Condo/Townhouse</item>
						<item>Architectural Style: Townhouse</item>
						<item>Property Condition: Above Average, Excellent</item>
						<item>Year Remodeled: 2020</item>
						<item>Year Built: 1972</item>
						<item>Construction Materials: Double Wall</item>
						<item>View: Ocean, Sunset</item>
						<item>Building Name: Ridgeway B2</item>
						<item>Stories Type: Two</item>
					</item>
				</item>
				<item>
					<item>Lot Information</item>
					<item>
						<item>Zoning: 11 - A-1 Low Density Apartment</item>
						<item>Lot Size Area: 559093.00</item>
						<item>Parcel Number: 1-9-8-011-041-0027</item>
					</item>
				</item>
				<item>
					<item>Land Information</item>
					<item>
						<item>Land Tenure: FS - Fee Simple</item>
						<item>Remodelled: Partial</item>
						<item>Land Recorded: Land Court</item>
						<item>Flood Zone: Zone D</item>
					</item>
				</item>
			</item>
		</item>
	</property_details>
	<public_facts>
		<Beds>3</Beds>
		<Baths>1.5</Baths>
		<Finished_Sq._Ft.>1,222</Finished_Sq._Ft.>
		<Unfinished_Sq._Ft.>—</Unfinished_Sq._Ft.>
		<Total_Sq._Ft.>1,222</Total_Sq._Ft.>
		<Stories>1</Stories>
		<Lot_Size>—</Lot_Size>
		<Style>Condo/Co-op</Style>
		<Year_Built>1972</Year_Built>
		<Year_Renovated>—</Year_Renovated>
		<County>Honolulu County</County>
		<APN>1 9 8 011 041 0027</APN>
	</public_facts>
</home>
