<?xml version="1.0" ?>
<home>
	<HomeInfo_Address>
		<street-address>98-703 Iho Pl Unit 1/801 </street-address>
		<locality>Aiea, </locality>
		<region>HI</region>
		<postal-code>96701</postal-code>
	</HomeInfo_Address>
	<main_stats>
		<Price>$450,000</Price>
		<Beds>3</Beds>
		<Baths>2</Baths>
		<key name="$408 / Sq. Ft.">1,104</key>
	</main_stats>
	<text_base_description>Absolute bargain! Unbelievable price! Move-in ready 3BR/2BA condo in Pearlridge area of Aiea. Extensively and tastefully remodeled. A must see! Nicest condominium in the complex. Breathtaking views! Close to Pearlridge Mall, restaurants, golf courses, and major military bases including Camp Smith, JB Pearl Harbor/Hickam, Tripler AMC, and Fort Shafter. Includes two covered parking stalls. The Colonnade on the Greens is a very secure condominium complex with 24-hour guards on duty and offers amenities such as game room, pool/spa, exercise room, tennis/paddle tennis, barbecue area, and much, much more. Hurry, it won't last long at this price. </text_base_description>
	<listed_by>
		<name>Jeffrey Steinly (R)</name>
		<org> • Keller Williams Honolulu </org>
	</listed_by>
	<price_insights>
		<List_Price>$450,000</List_Price>
		<Est._Mo._Payment>$1,683</Est._Mo._Payment>
		<Redfin_Estimate>$449,287</Redfin_Estimate>
		<key name="Price/Sq.Ft.">$408</key>
	</price_insights>
	<home_facts>
		<Status>In Escrow Showing</Status>
		<Time_on_Redfin>30 days</Time_on_Redfin>
		<Property_Type>Condo/Townhouse, High-Rise 7+ Stories</Property_Type>
		<HOA_Dues>$964/month</HOA_Dues>
		<Year_Built>1976</Year_Built>
		<Community>Pearlridge</Community>
		<key name="MLS#">202020933</key>
	</home_facts>
	<property_details>
		<item>
			<item>Interior Features</item>
			<item>
				<item>
					<item>Bathroom Information</item>
					<item>
						<item># of Bathrooms (Full): 2</item>
					</item>
				</item>
				<item>
					<item>Interior Features</item>
					<item>
						<item>Inclusions: Cable TV, Ceiling Fan, Dishwasher, Drapes, Dryer, Microwave, Range/Oven, Refrigerator, Washer</item>
						<item>Flooring: Other, W/W Carpet</item>
					</item>
				</item>
				<item>
					<item>Square Footage</item>
					<item>
						<item>Sq. Ft. Lanai (Open): 91</item>
						<item>Sq. Ft. Roofed (Living): 1,104</item>
					</item>
				</item>
			</item>
		</item>
		<item>
			<item>Parking / Garage, Exterior Features, Multi-Unit Information, Homeowners Association</item>
			<item>
				<item>
					<item>Parking/Garage Information</item>
					<item>
						<item>Parking Features: 1 Covered Spaces, Guest, Secured Entry</item>
						<item># of Parking Spaces (Total): 2</item>
						<item>Condo Parking Unit: B3 and F8</item>
					</item>
				</item>
				<item>
					<item>Exterior Features</item>
					<item>
						<item>Security Features: Gated Community, Security Patrol, Video</item>
					</item>
				</item>
				<item>
					<item>Multi-Unit Information</item>
					<item>
						<item>Unit Features: Corner/End, Single Level, Storage</item>
						<item>Amenities: BBQ, Club House, Exercise Room, Heated Pool, Meeting Room, Patio/Deck, Putting Green, Recreation Area, Recreation Room, Sauna, Security Guard, Storage, Tennis Court, Walking/Jogging Path</item>
					</item>
				</item>
				<item>
					<item>Homeowners Association Information</item>
					<item>
						<item>Association Fee 2: $49</item>
						<item>Maintenance Expense: 915.00</item>
						<item>Association Fee Total: $964</item>
						<item>Cable TV, Hot Water, Other Common Expenses, Sewer, Water</item>
					</item>
				</item>
			</item>
		</item>
		<item>
			<item>Taxes / Assessments, Location Details, Documents &amp; Disclosures</item>
			<item>
				<item>
					<item>Tax Information</item>
					<item>
						<item>Tax Amount: 131.00</item>
						<item>Tax Year: 2020</item>
						<item>Tax Assessed Value Land: 140500.00</item>
						<item>Tax Assessed Value Improvements: $308,500</item>
						<item>Tax Paid By Seller </item>
						<item>Tax Assessed Value: 449000.00</item>
						<item>Tax Exemption Owner Occupancy: 100000</item>
					</item>
				</item>
				<item>
					<item>Location Details</item>
					<item>
						<item>Neighbourhood: PEARLRIDGE</item>
						<item>Floor Number: 8</item>
					</item>
				</item>
				<item>
					<item>Documents &amp; Disclosures</item>
					<item>
						<item>Disclosures: None</item>
					</item>
				</item>
			</item>
		</item>
		<item>
			<item>Property / Lot Details</item>
			<item>
				<item>
					<item>Property Information</item>
					<item>
						<item>Property Type: Condo/Townhouse</item>
						<item>Architectural Style: High-Rise 7+ Stories</item>
						<item>Property Frontage: Other</item>
						<item>Property Condition: Excellent</item>
						<item>Year Remodeled: 2010</item>
						<item>Year Built: 1976</item>
						<item>Construction Materials: Concrete</item>
						<item>View: City, Garden</item>
						<item>Building Name: Colonnade On Greens</item>
						<item>Stories Type: 8-14</item>
					</item>
				</item>
				<item>
					<item>Lot Information</item>
					<item>
						<item>Zoning: 12 - A-2 Medium Density Apartme</item>
						<item>Parcel Number: 1-9-8-011-042-0017</item>
					</item>
				</item>
				<item>
					<item>Land Information</item>
					<item>
						<item>Land Tenure: FS - Fee Simple</item>
						<item>Land Recorded: Regular System</item>
						<item>Flood Zone: Zone X</item>
					</item>
				</item>
			</item>
		</item>
	</property_details>
	<public_facts>
		<Beds>3</Beds>
		<Baths>2</Baths>
		<Finished_Sq._Ft.>1,104</Finished_Sq._Ft.>
		<Unfinished_Sq._Ft.>—</Unfinished_Sq._Ft.>
		<Total_Sq._Ft.>1,104</Total_Sq._Ft.>
		<Stories>1</Stories>
		<Lot_Size>—</Lot_Size>
		<Style>Condo/Co-op</Style>
		<Year_Built>1976</Year_Built>
		<Year_Renovated>—</Year_Renovated>
		<County>Honolulu County</County>
		<APN>1 9 8 011 042 0017</APN>
	</public_facts>
</home>
