<?xml version="1.0" ?>
<home>
	<HomeInfo_Address>
		<street-address>98-447 Ponohale St </street-address>
		<locality>Aiea, </locality>
		<region>HI</region>
		<postal-code>96701</postal-code>
	</HomeInfo_Address>
	<main_stats>
		<Price>$799,000</Price>
		<Beds>3</Beds>
		<Baths>1.5</Baths>
		<key name="$793 / Sq. Ft.">1,008</key>
	</main_stats>
	<text_base_description>Priced to Sell! Well maintained single story home on a large level lot- over 6700 sq ft. An opportunity to expand for multi-family living or possibly build an ADU for rental income- opportunities await you! New luxury laminate flooring, freshly painted kitchen &amp; bathroom. Large covered patio &amp; carport w/ room to park 4 cars (2x2 tandem) with lots of storage. Single-wall construction, exterior walls reinforced w/ another layer of vinyl siding. Fully enclosed fenced in yard for more privacy in this peaceful Waimalu Mauka neighborhood. Views of the mountains, minutes to freeway access, Pearl Harbor, Pearlridge Mall, Walmart, Sams Club, and many popular eateries. The neighbors are wonderful! VIDEO available (copy &amp; paste) https://drive.google.com/file/d/1fxQ_CFxaNVnvVIx1XXxAbM--Fx6gc4Sl/view </text_base_description>
	<listed_by>
		<name>Lisa Kennedy (RA)</name>
		<org> • Locations LLC </org>
	</listed_by>
	<price_insights>
		<List_Price>$799,000</List_Price>
		<Est._Mo._Payment>$3,013</Est._Mo._Payment>
		<Redfin_Estimate>$788,907</Redfin_Estimate>
		<key name="Price/Sq.Ft.">$793</key>
	</price_insights>
	<home_facts>
		<Status>Active</Status>
		<Time_on_Redfin>21 days</Time_on_Redfin>
		<Property_Type>Single Family, Detach Single Family</Property_Type>
		<Year_Built>1959</Year_Built>
		<Community>Waimalu</Community>
		<Lot_Size>6,778 Sq. Ft.</Lot_Size>
		<key name="MLS#">202022008</key>
	</home_facts>
	<property_details>
		<item>
			<item>Virtual Tour, Parking / Garage, Exterior Features, Multi-Unit Information</item>
			<item>
				<item>
					<item>Virtual Tour</item>
					<item>
						<item>Virtual Tour (External Link)</item>
					</item>
				</item>
				<item>
					<item>Parking/Garage Information</item>
					<item>
						<item>Parking Features: 3 Car+, Boat, Carport, Driveway, Garage, Street</item>
						<item># of Parking Spaces (Total): 4</item>
						<item>Sq. Ft. Garage Carport: 520</item>
					</item>
				</item>
				<item>
					<item>Exterior Features</item>
					<item>
						<item>Roof: Wood Shake</item>
						<item>Pool Features: None</item>
					</item>
				</item>
				<item>
					<item>Multi-Unit Information</item>
					<item>
						<item>Amenities: Bedroom on 1st Floor, Full Bath on 1st Floor, Patio/Deck, Storage, Wall/Fence</item>
					</item>
				</item>
			</item>
		</item>
		<item>
			<item>Interior Features</item>
			<item>
				<item>
					<item>Bathroom Information</item>
					<item>
						<item># of Bathrooms (1/2): 1</item>
						<item># of Bathrooms (Full): 1</item>
					</item>
				</item>
				<item>
					<item>Interior Features</item>
					<item>
						<item>Inclusions: Ceiling Fan, Disposal, Drapes, Dryer, Range/Oven, Refrigerator, Smoke Detector, Washer</item>
						<item>Flooring: Laminate, Other</item>
						<item>Exclusions: Other</item>
					</item>
				</item>
				<item>
					<item>Square Footage</item>
					<item>
						<item>Sq. Ft. Roofed (Living): 1,008</item>
						<item>Sq. Ft. Roofed (Other): 256</item>
					</item>
				</item>
			</item>
		</item>
		<item>
			<item>School / Neighborhood, Utilities, Taxes / Assessments, Location Details</item>
			<item>
				<item>
					<item>School Information</item>
					<item>
						<item>Elementary School: Waimalu</item>
						<item>Middle Or Junior School: Aiea</item>
						<item>High School: Aiea</item>
					</item>
				</item>
				<item>
					<item>Utility Information</item>
					<item>
						<item>Utilities: Public Water, Underground Electricity, Water</item>
					</item>
				</item>
				<item>
					<item>Tax Information</item>
					<item>
						<item>Tax Amount: 193.00</item>
						<item>Tax Year: 2020</item>
						<item>Tax Assessed Value Land: 626100.00</item>
						<item>Tax Assessed Value Improvements: $134,500</item>
						<item>Tax Assessed Value: 760600.00</item>
						<item>Tax Exemption Owner Occupancy: 0</item>
					</item>
				</item>
				<item>
					<item>Location Details</item>
					<item>
						<item>Location: Inside</item>
						<item>Neighbourhood: WAIMALU</item>
					</item>
				</item>
			</item>
		</item>
		<item>
			<item>Property / Lot Details</item>
			<item>
				<item>
					<item>Property Information</item>
					<item>
						<item>Property Type: Single Family</item>
						<item>Property Sub Type: Single Family</item>
						<item>Architectural Style: Detach Single Family</item>
						<item>Property Condition: Average</item>
						<item>Year Remodeled: 2020</item>
						<item>Year Built: 1959</item>
						<item>Construction Materials: Single Wall, Wood Frame</item>
						<item>View: Mountain</item>
						<item>Stories Type: One</item>
					</item>
				</item>
				<item>
					<item>Lot Information</item>
					<item>
						<item>Lot Features: Clear</item>
						<item>Zoning: 05 - R-5 Residential District</item>
						<item>Road Frontage: Paved Road</item>
						<item>Lot Size Area: 6778.00</item>
						<item>Parcel Number: 1-9-8-028-051-0000</item>
					</item>
				</item>
				<item>
					<item>Land Information</item>
					<item>
						<item>Topography: Level</item>
						<item>Land Tenure: FS - Fee Simple</item>
						<item>Land Recorded: Regular System</item>
						<item>Flood Zone: Zone D</item>
					</item>
				</item>
			</item>
		</item>
		<item>
			<item>Documents &amp; Disclosures</item>
			<item>
				<item>
					<item>Documents &amp; Disclosures</item>
					<item>
						<item>Disclosures: Licensed Owner, Property Disclosure Stmt</item>
					</item>
				</item>
			</item>
		</item>
	</property_details>
	<public_facts>
		<Beds>3</Beds>
		<Baths>1.5</Baths>
		<Finished_Sq._Ft.>1,008</Finished_Sq._Ft.>
		<Unfinished_Sq._Ft.>—</Unfinished_Sq._Ft.>
		<Total_Sq._Ft.>1,008</Total_Sq._Ft.>
		<Stories>1</Stories>
		<Lot_Size>6,778 Sq. Ft.</Lot_Size>
		<Style>Single Family Residential</Style>
		<Year_Built>1959</Year_Built>
		<Year_Renovated>1970</Year_Renovated>
		<County>Honolulu County</County>
		<APN>1 9 8 028 051 0000</APN>
	</public_facts>
</home>
