<?xml version="1.0" ?>
<home>
	<HomeInfo_Address>
		<street-address>98-742 Kaamilo St </street-address>
		<locality>Aiea, </locality>
		<region>HI</region>
		<postal-code>96701</postal-code>
	</HomeInfo_Address>
	<main_stats>
		<Price>$1,100,000</Price>
		<Beds>5</Beds>
		<Baths>3.5</Baths>
		<key name="$745 / Sq. Ft.">1,476</key>
	</main_stats>
	<text_base_description>Amazing opportunity to own a home designed for fun and entertaining!  Relax on the large lanai while enjoying the beautiful golf course view and breathtaking sunsets.  Four bedrooms and two bathrooms in the main home, with a separate entry for an additional one bedroom and one bathroom unit provide flexible living accommodations.  Don’t miss out on this unique opportunity! </text_base_description>
	<listed_by>
		<name>Jordan Kam (RA)</name>
		<org> • Coldwell Banker Realty </org>
	</listed_by>
	<price_insights>
		<List_Price>$1,100,000</List_Price>
		<Est._Mo._Payment>$4,023</Est._Mo._Payment>
		<Redfin_Estimate>$1,085,141</Redfin_Estimate>
		<key name="Price/Sq.Ft.">$745</key>
	</price_insights>
	<home_facts>
		<Status>In Escrow Showing</Status>
		<Time_on_Redfin>23 days</Time_on_Redfin>
		<Property_Type>Single Family, Detach Single Family</Property_Type>
		<Year_Built>1964</Year_Built>
		<Community>Aiea Heights</Community>
		<Lot_Size>0.39 Acres</Lot_Size>
		<key name="MLS#">202021756</key>
	</home_facts>
	<property_details>
		<item>
			<item>Virtual Tour, Parking / Garage, Exterior Features, Utilities</item>
			<item>
				<item>
					<item>Virtual Tour</item>
					<item>
						<item>Virtual Tour (External Link)</item>
					</item>
				</item>
				<item>
					<item>Parking/Garage Information</item>
					<item>
						<item>Parking Features: 3 Car+, Carport, Street</item>
						<item># of Parking Spaces (Total): 3</item>
						<item>Sq. Ft. Garage Carport: 557</item>
					</item>
				</item>
				<item>
					<item>Exterior Features</item>
					<item>
						<item>Roof: Other</item>
						<item>Pool Features: None</item>
					</item>
				</item>
				<item>
					<item>Utility Information</item>
					<item>
						<item>Utilities: Cable, Internet, Public Water, Sewer Fee, Telephone</item>
					</item>
				</item>
			</item>
		</item>
		<item>
			<item>Interior Features</item>
			<item>
				<item>
					<item>Bathroom Information</item>
					<item>
						<item># of Bathrooms (1/2): 1</item>
						<item># of Bathrooms (Full): 3</item>
					</item>
				</item>
				<item>
					<item>Interior Features</item>
					<item>
						<item>Inclusions: Disposal, Dryer, Range Hood, Range/Oven, Refrigerator, Washer</item>
						<item>Flooring: Hardwood, Vinyl, W/W Carpet</item>
					</item>
				</item>
				<item>
					<item>Square Footage</item>
					<item>
						<item>Sq. Ft. Lanai (Open): 981</item>
						<item>Sq. Ft. Roofed (Living): 1,476</item>
						<item>Sq. Ft. Roofed (Other): 498</item>
					</item>
				</item>
			</item>
		</item>
		<item>
			<item>Taxes / Assessments, Location Details, Documents &amp; Disclosures</item>
			<item>
				<item>
					<item>Tax Information</item>
					<item>
						<item>Tax Amount: 283.53</item>
						<item>Tax Year: 2020</item>
						<item>Tax Assessed Value Land: 871400.00</item>
						<item>Tax Assessed Value Improvements: $240,700</item>
						<item>Tax Assessed Value: 1112100.00</item>
						<item>Tax Exemption Owner Occupancy: 140000</item>
					</item>
				</item>
				<item>
					<item>Location Details</item>
					<item>
						<item>Location: Other</item>
						<item>Neighbourhood: AIEA HEIGHTS</item>
					</item>
				</item>
				<item>
					<item>Documents &amp; Disclosures</item>
					<item>
						<item>Disclosures: Property Disclosure Stmt</item>
					</item>
				</item>
			</item>
		</item>
		<item>
			<item>Property / Lot Details</item>
			<item>
				<item>
					<item>Property Information</item>
					<item>
						<item>Property Type: Single Family</item>
						<item>Property Sub Type: Single Family</item>
						<item>Architectural Style: Detach Single Family</item>
						<item>Property Condition: Average</item>
						<item>Year Built: 1964</item>
						<item>Construction Materials: Single Wall, Slab</item>
						<item>View: City, Coastline, Garden, Golf Course, Ocean, Sunset</item>
						<item>Stories Type: One</item>
					</item>
				</item>
				<item>
					<item>Lot Information</item>
					<item>
						<item>Lot Features: Clear</item>
						<item>Zoning: 04 - R-7.5 Residential District</item>
						<item>Easements: Electric</item>
						<item>Road Frontage: Paved Road</item>
						<item>Lot Size Area: 17186.00</item>
						<item>Parcel Number: 1-9-8-033-046-0000</item>
					</item>
				</item>
				<item>
					<item>Land Information</item>
					<item>
						<item>Topography: Down Slope, Gentle Slope, Level</item>
						<item>Land Tenure: FS - Fee Simple</item>
						<item>Land Recorded: Regular System</item>
						<item>Flood Zone: Zone D</item>
					</item>
				</item>
			</item>
		</item>
	</property_details>
	<public_facts>
		<Beds>5</Beds>
		<Baths>3</Baths>
		<Finished_Sq._Ft.>1,476</Finished_Sq._Ft.>
		<Unfinished_Sq._Ft.>—</Unfinished_Sq._Ft.>
		<Total_Sq._Ft.>1,476</Total_Sq._Ft.>
		<Stories>1</Stories>
		<Lot_Size>0.39 Acres</Lot_Size>
		<Style>Single Family Residential</Style>
		<Year_Built>1964</Year_Built>
		<Year_Renovated>1969</Year_Renovated>
		<County>Honolulu County</County>
		<APN>1 9 8 033 046 0000</APN>
	</public_facts>
</home>
