<?xml version="1.0" ?>
<home>
	<HomeInfo_Address>
		<street-address>98-1038 Moanalua Rd Unit 7-208 </street-address>
		<locality>Aiea, </locality>
		<region>HI</region>
		<postal-code>96701</postal-code>
	</HomeInfo_Address>
	<main_stats>
		<Price>$310,000</Price>
		<Beds>2</Beds>
		<Baths>2</Baths>
		<key name="$406 / Sq. Ft.">763</key>
	</main_stats>
	<text_base_description>UPDATE: Tenant on 1 bedroom side will vacate at the END of September 2020! Completely brand NEW interior with all new appliances, flooring and paint. A unique (2) bedroom with two separate/private entrances and a lockable middle door. A 1 bedroom with a bathroom, kitchen and living room on the left. The second bedroom (aka the studio) with a bathroom and refrigerator/counter space on the right. Tenants currently pay $1,300 for the 1 bedroom (now ending 9/2020) and $850 for the studio (month to month). </text_base_description>
	<listed_by>
		<name>Eric Yamamoto (R)</name>
		<org> • Coldwell Banker Realty </org>
	</listed_by>
	<price_insights>
		<List_Price>$310,000</List_Price>
		<Est._Mo._Payment>$1,185</Est._Mo._Payment>
		<Redfin_Estimate>$306,012</Redfin_Estimate>
		<key name="Price/Sq.Ft.">$406</key>
	</price_insights>
	<home_facts>
		<Status>Active</Status>
		<Time_on_Redfin>210 days</Time_on_Redfin>
		<Property_Type>Condo/Townhouse, High-Rise 7+ Stories</Property_Type>
		<HOA_Dues>$876/month</HOA_Dues>
		<Year_Built>1976</Year_Built>
		<Community>Pearlridge</Community>
		<key name="MLS#">202003478</key>
	</home_facts>
	<property_details>
		<item>
			<item>Interior Features</item>
			<item>
				<item>
					<item>Bathroom Information</item>
					<item>
						<item># of Bathrooms (Full): 2</item>
					</item>
				</item>
				<item>
					<item>Interior Features</item>
					<item>
						<item>Inclusions: A/C Window Unit, Drapes, Microwave, Range/Oven, Refrigerator</item>
						<item>Flooring: Vinyl</item>
					</item>
				</item>
				<item>
					<item>Square Footage</item>
					<item>
						<item>Sq. Ft. Lanai (Open): 60</item>
						<item>Sq. Ft. Roofed (Living): 763</item>
					</item>
				</item>
			</item>
		</item>
		<item>
			<item>Parking / Garage, Exterior Features, Multi-Unit Information, Homeowners Association</item>
			<item>
				<item>
					<item>Parking/Garage Information</item>
					<item>
						<item>Parking Features: 1 Covered Spaces</item>
						<item># of Parking Spaces (Total): 1</item>
						<item>Condo Parking Unit: A100</item>
					</item>
				</item>
				<item>
					<item>Exterior Features</item>
					<item>
						<item>Security Features: Key</item>
					</item>
				</item>
				<item>
					<item>Multi-Unit Information</item>
					<item>
						<item>Unit Features: Single Level</item>
						<item>Amenities: Community Laundry, Pool, Sauna</item>
					</item>
				</item>
				<item>
					<item>Homeowners Association Information</item>
					<item>
						<item>Association Fee 2: $301</item>
						<item>Maintenance Expense: 574.96</item>
						<item>Association Fee Total: $876</item>
						<item>Cable TV, Hot Water, Other Common Expenses, Sewer, Water</item>
						<item>Special Assessment</item>
					</item>
				</item>
			</item>
		</item>
		<item>
			<item>School / Neighborhood, Taxes / Assessments, Location Details, Documents &amp; Disclosures</item>
			<item>
				<item>
					<item>School Information</item>
					<item>
						<item>Elementary School: Pearl Ridge</item>
						<item>Middle Or Junior School: Aiea</item>
						<item>High School: Aiea</item>
					</item>
				</item>
				<item>
					<item>Tax Information</item>
					<item>
						<item>Tax Amount: 85.55</item>
						<item>Tax Year: 2020</item>
						<item>Tax Assessed Value Land: 113700.00</item>
						<item>Tax Assessed Value Improvements: $186,400</item>
						<item>Tax Assessed Value: 300100.00</item>
						<item>Tax Exemption Owner Occupancy: 0</item>
					</item>
				</item>
				<item>
					<item>Location Details</item>
					<item>
						<item>Neighbourhood: PEARLRIDGE</item>
						<item>Floor Number: 2</item>
					</item>
				</item>
				<item>
					<item>Documents &amp; Disclosures</item>
					<item>
						<item>Disclosures: Property Disclosure Stmt</item>
					</item>
				</item>
			</item>
		</item>
		<item>
			<item>Property / Lot Details</item>
			<item>
				<item>
					<item>Property Information</item>
					<item>
						<item>Property Type: Condo/Townhouse</item>
						<item>Architectural Style: High-Rise 7+ Stories</item>
						<item>Property Condition: Excellent</item>
						<item>Year Remodeled: 2019</item>
						<item>Year Built: 1976</item>
						<item>Construction Materials: Above Ground, Concrete, Double Wall</item>
						<item>Building Name: Pearl Ridge Gdns &amp; Twr</item>
						<item>Stories Type: 21+</item>
					</item>
				</item>
				<item>
					<item>Lot Information</item>
					<item>
						<item>Zoning: 13 - A-3 High Density Apartment</item>
						<item>Parcel Number: 1-9-8-039-003-0129</item>
					</item>
				</item>
				<item>
					<item>Land Information</item>
					<item>
						<item>Land Tenure: FS - Fee Simple</item>
						<item>Remodelled: Full</item>
						<item>Land Recorded: Regular System</item>
						<item>Flood Zone: Zone X</item>
					</item>
				</item>
			</item>
		</item>
	</property_details>
	<public_facts>
		<Beds>2</Beds>
		<Baths>2</Baths>
		<Finished_Sq._Ft.>763</Finished_Sq._Ft.>
		<Unfinished_Sq._Ft.>—</Unfinished_Sq._Ft.>
		<Total_Sq._Ft.>763</Total_Sq._Ft.>
		<Stories>1</Stories>
		<Lot_Size>—</Lot_Size>
		<Style>Condo/Co-op</Style>
		<Year_Built>1976</Year_Built>
		<Year_Renovated>—</Year_Renovated>
		<County>Honolulu County</County>
		<APN>1 9 8 039 003 0129</APN>
	</public_facts>
</home>
