<?xml version="1.0" ?>
<home>
	<HomeInfo_Address>
		<street-address>98-842 Kaonohi St Unit C </street-address>
		<locality>Aiea, </locality>
		<region>HI</region>
		<postal-code>96701</postal-code>
	</HomeInfo_Address>
	<main_stats>
		<Price>$509,000</Price>
		<Beds>3</Beds>
		<Baths>1.5</Baths>
		<key name="$417 / Sq. Ft.">1,222</key>
	</main_stats>
	<text_base_description>Rarely available in Ridgeway D. Spacious 3/1 1/2 bath townhouse with New Carpets, vinyl floors, paint and a new refrigerator on order. Lanai and 2 assigned parking stalls side by side. Conveniently located near Pearlridge Shopping Center, Pearl Country Club and Pali Momi Hospital. Pool and playground temporarily closed due to Covid 19. Shows well but to be sold AS Is. OPEN HOUSE CANCELLED FOR JULY 26, 2020. </text_base_description>
	<listed_by>
		<name>Roy Ninomiya (BC)</name>
		<org> • West Oahu Realty, Inc. </org>
	</listed_by>
	<price_insights>
		<List_Price>$509,000</List_Price>
		<Est._Mo._Payment>$1,908</Est._Mo._Payment>
		<Redfin_Estimate>$505,117</Redfin_Estimate>
		<key name="Price/Sq.Ft.">$417</key>
	</price_insights>
	<home_facts>
		<Status>In Escrow Showing</Status>
		<Time_on_Redfin>65 days</Time_on_Redfin>
		<Property_Type>Condo/Townhouse, Townhouse</Property_Type>
		<HOA_Dues>$566/month</HOA_Dues>
		<Year_Built>1971</Year_Built>
		<Community>Pearlridge</Community>
		<Lot_Size>7.48 Acres</Lot_Size>
		<key name="MLS#">202017623</key>
	</home_facts>
	<property_details>
		<item>
			<item>Interior Features</item>
			<item>
				<item>
					<item>Bathroom Information</item>
					<item>
						<item># of Bathrooms (1/2): 1</item>
						<item># of Bathrooms (Full): 1</item>
					</item>
				</item>
				<item>
					<item>Interior Features</item>
					<item>
						<item>Inclusions: A/C Window Unit, Cable TV, Dishwasher, Disposal, Dryer, Microwave, Range/Oven, Refrigerator, Washer</item>
						<item>Flooring: Vinyl, W/W Carpet</item>
					</item>
				</item>
				<item>
					<item>Square Footage</item>
					<item>
						<item>Sq. Ft. Lanai (Open): 120</item>
						<item>Sq. Ft. Roofed (Living): 1,222</item>
					</item>
				</item>
			</item>
		</item>
		<item>
			<item>Parking / Garage, Multi-Unit Information, Homeowners Association, Taxes / Assessments</item>
			<item>
				<item>
					<item>Parking/Garage Information</item>
					<item>
						<item>Parking Features: Assigned, 2 Open Spaces</item>
						<item># of Parking Spaces (Total): 2</item>
						<item>Condo Parking Unit: 110,111</item>
					</item>
				</item>
				<item>
					<item>Multi-Unit Information</item>
					<item>
						<item>Unit Features: Split Level</item>
						<item>Amenities: Pool, Resident Manager</item>
					</item>
				</item>
				<item>
					<item>Homeowners Association Information</item>
					<item>
						<item>Maintenance Expense: 566.06</item>
						<item>Association Fee Total: $566</item>
						<item>Sewer, Water</item>
						<item>Maintenance</item>
					</item>
				</item>
				<item>
					<item>Tax Information</item>
					<item>
						<item>Tax Amount: 106.87</item>
						<item>Tax Year: 2020</item>
						<item>Tax Assessed Value Land: 300300.00</item>
						<item>Tax Assessed Value Improvements: $166,100</item>
						<item>Tax Assessed Value: 466400.00</item>
						<item>Tax Exemption Owner Occupancy: 100,000</item>
					</item>
				</item>
			</item>
		</item>
		<item>
			<item>Property / Lot Details</item>
			<item>
				<item>
					<item>Property Information</item>
					<item>
						<item>Property Type: Condo/Townhouse</item>
						<item>Architectural Style: Townhouse</item>
						<item>Property Condition: Above Average</item>
						<item>Year Built: 1971</item>
						<item>Construction Materials: Above Ground, Double Wall</item>
						<item>View: Mountain, Ocean</item>
						<item>Building Name: Ridgeway D</item>
					</item>
				</item>
				<item>
					<item>Lot Information</item>
					<item>
						<item>Zoning: 11 - A-1 Low Density Apartment</item>
						<item>Lot Size Area: 325698.00</item>
						<item>Parcel Number: 1-9-8-011-050-0081</item>
					</item>
				</item>
				<item>
					<item>Land Information</item>
					<item>
						<item>Land Tenure: FS - Fee Simple</item>
						<item>Land Recorded: Regular System</item>
						<item>Flood Zone: Zone X</item>
					</item>
				</item>
			</item>
		</item>
		<item>
			<item>Location Details, Documents &amp; Disclosures</item>
			<item>
				<item>
					<item>Location Details</item>
					<item>
						<item>Neighbourhood: PEARLRIDGE</item>
						<item>Floor Number: 1</item>
					</item>
				</item>
				<item>
					<item>Documents &amp; Disclosures</item>
					<item>
						<item>Disclosures: Property Disclosure Stmt</item>
					</item>
				</item>
			</item>
		</item>
	</property_details>
	<public_facts>
		<Beds>3</Beds>
		<Baths>1.5</Baths>
		<Finished_Sq._Ft.>1,222</Finished_Sq._Ft.>
		<Unfinished_Sq._Ft.>—</Unfinished_Sq._Ft.>
		<Total_Sq._Ft.>1,222</Total_Sq._Ft.>
		<Stories>1</Stories>
		<Lot_Size>—</Lot_Size>
		<Style>Condo/Co-op</Style>
		<Year_Built>1971</Year_Built>
		<Year_Renovated>—</Year_Renovated>
		<County>Honolulu County</County>
		<APN>1 9 8 011 050 0081</APN>
	</public_facts>
</home>
