<?xml version="1.0" ?>
<home>
	<HomeInfo_Address>
		<street-address>99-568 Kaholi Pl </street-address>
		<locality>Aiea, </locality>
		<region>HI</region>
		<postal-code>96701</postal-code>
	</HomeInfo_Address>
	<main_stats>
		<Price>$860,000</Price>
		<Beds>3</Beds>
		<Baths>2</Baths>
		<key name="$814 / Sq. Ft.">1,056</key>
	</main_stats>
	<text_base_description>SOLD BEFORE LISTED, ON MLS FOR MLS PURPOSES </text_base_description>
	<listed_by>
		<name>Sean Sonoda (R)</name>
		<org> • Keller Williams Honolulu </org>
	</listed_by>
	<price_insights>
		<List_Price>$860,000</List_Price>
		<Est._Mo._Payment>$3,278</Est._Mo._Payment>
		<Redfin_Estimate>$856,189</Redfin_Estimate>
		<key name="Price/Sq.Ft.">$814</key>
	</price_insights>
	<home_facts>
		<Status>In Escrow Showing</Status>
		<Time_on_Redfin>4 days</Time_on_Redfin>
		<Property_Type>Single Family, Detach Single Family</Property_Type>
		<Year_Built>1963</Year_Built>
		<Community>Halawa</Community>
		<Lot_Size>7,523 Sq. Ft.</Lot_Size>
		<key name="MLS#">202024270</key>
	</home_facts>
	<property_details>
		<item>
			<item>Interior Features</item>
			<item>
				<item>
					<item>Bathroom Information</item>
					<item>
						<item># of Bathrooms (Full): 2</item>
					</item>
				</item>
				<item>
					<item>Interior Features</item>
					<item>
						<item>Inclusions: A/C Window Unit, Ceiling Fan, Dishwasher, Disposal, Dryer, Lawn Sprinkler, Range/Oven, Refrigerator, Washer</item>
						<item>Flooring: Vinyl, W/W Carpet</item>
					</item>
				</item>
				<item>
					<item>Square Footage</item>
					<item>
						<item>Sq. Ft. Roofed (Living): 1,056</item>
					</item>
				</item>
			</item>
		</item>
		<item>
			<item>Parking / Garage, Exterior Features, Utilities, Taxes / Assessments</item>
			<item>
				<item>
					<item>Parking/Garage Information</item>
					<item>
						<item>Parking Features: 2 Car, Carport, Driveway, Street</item>
						<item># of Parking Spaces (Total): 2</item>
					</item>
				</item>
				<item>
					<item>Exterior Features</item>
					<item>
						<item>Roof: Asphalt Shingle</item>
						<item>Pool Features: None</item>
					</item>
				</item>
				<item>
					<item>Utility Information</item>
					<item>
						<item>Utilities: Cable, Overhead Electricity, Public Water</item>
					</item>
				</item>
				<item>
					<item>Tax Information</item>
					<item>
						<item>Tax Amount: 234.00</item>
						<item>Tax Year: 2020</item>
						<item>Tax Assessed Value Land: 690500.00</item>
						<item>Tax Assessed Value Improvements: $111,300</item>
						<item>Tax Assessed Value: 801800.00</item>
						<item>Tax Exemption Owner Occupancy: 0</item>
					</item>
				</item>
			</item>
		</item>
		<item>
			<item>Property / Lot Details</item>
			<item>
				<item>
					<item>Property Information</item>
					<item>
						<item>Property Type: Single Family</item>
						<item>Property Sub Type: Single Family</item>
						<item>Architectural Style: Detach Single Family</item>
						<item>Property Condition: Excellent</item>
						<item>Year Remodeled: 2020</item>
						<item>Year Built: 1963</item>
						<item>Construction Materials: Wood Frame</item>
						<item>View: Coastline, Ocean</item>
						<item>Stories Type: One</item>
					</item>
				</item>
				<item>
					<item>Lot Information</item>
					<item>
						<item>Lot Features: Clear</item>
						<item>Zoning: 04 - R-7.5 Residential District</item>
						<item>Road Frontage: County Rd</item>
						<item>Lot Size Area: 7523.00</item>
						<item>Parcel Number: 1-9-9-032-001-0000</item>
					</item>
				</item>
				<item>
					<item>Land Information</item>
					<item>
						<item>Topography: Down Slope, Level</item>
						<item>Land Tenure: FS - Fee Simple</item>
						<item>Remodelled: Full</item>
						<item>Land Recorded: Land Court</item>
						<item>Flood Zone: Zone D</item>
					</item>
				</item>
			</item>
		</item>
		<item>
			<item>Location Details, Documents &amp; Disclosures</item>
			<item>
				<item>
					<item>Location Details</item>
					<item>
						<item>Location: Corner</item>
						<item>Neighbourhood: HALAWA</item>
					</item>
				</item>
				<item>
					<item>Documents &amp; Disclosures</item>
					<item>
						<item>Disclosures: Property Disclosure Stmt</item>
					</item>
				</item>
			</item>
		</item>
	</property_details>
	<public_facts>
		<Beds>3</Beds>
		<Baths>1.5</Baths>
		<Finished_Sq._Ft.>1,056</Finished_Sq._Ft.>
		<Unfinished_Sq._Ft.>—</Unfinished_Sq._Ft.>
		<Total_Sq._Ft.>1,056</Total_Sq._Ft.>
		<Stories>1</Stories>
		<Lot_Size>7,523 Sq. Ft.</Lot_Size>
		<Style>Single Family Residential</Style>
		<Year_Built>1963</Year_Built>
		<Year_Renovated>—</Year_Renovated>
		<County>Honolulu County</County>
		<APN>1 9 9 032 001 0000</APN>
	</public_facts>
</home>
