<?xml version="1.0" ?>
<home>
	<HomeInfo_Address>
		<street-address>98-312 Kaonohi St Unit 3/322 </street-address>
		<locality>Aiea, </locality>
		<region>HI</region>
		<postal-code>96701</postal-code>
	</HomeInfo_Address>
	<main_stats>
		<Price>$179,900</Price>
		<Beds>3</Beds>
		<Baths>2.5</Baths>
		<key name="$133 / Sq. Ft.">1,356</key>
	</main_stats>
	<text_base_description>This is a HomeSteps property. This property is eligible under the Freddie Mac First Look Initiative through 8/14/2020. HomeSteps First Look program, no investor offers the first 20 days of listing, expires 8/14/2020. This spacious, move-in ready unit is freshly painted and offers a converted garage. Located at Village West which is centrally located and close to schools, parks, recreation, shopping, and buslines. PLEASE NOTE: This is a LEASEHOLD UNIT with LEASE RENTS of $1,488.50/mo. LEASE expiration is 12/31/2024. </text_base_description>
	<listed_by>
		<name>Chandra Garces (R)</name>
		<org> • CENTURY 21 Homefinders of HI </org>
	</listed_by>
	<price_insights>
		<List_Price>$179,900</List_Price>
		<Est._Mo._Payment>$777</Est._Mo._Payment>
		<Redfin_Estimate>$268,630</Redfin_Estimate>
		<key name="Price/Sq.Ft.">$133</key>
	</price_insights>
	<home_facts>
		<Status>Active</Status>
		<Time_on_Redfin>61 days</Time_on_Redfin>
		<Property_Type>Condo/Townhouse, Low-Rise 6 or Less Stories, No Unit Above or Below, Townhouse, Walk-Up</Property_Type>
		<HOA_Dues>$591/month</HOA_Dues>
		<Year_Built>1970</Year_Built>
		<Community>Pearlridge</Community>
		<Lot_Size>7.98 Acres</Lot_Size>
		<key name="MLS#">202017873</key>
	</home_facts>
	<property_details>
		<item>
			<item>Interior Features</item>
			<item>
				<item>
					<item>Bathroom Information</item>
					<item>
						<item># of Bathrooms (1/2): 1</item>
						<item># of Bathrooms (Full): 2</item>
					</item>
				</item>
				<item>
					<item>Interior Features</item>
					<item>
						<item>Flooring: Laminate, W/W Carpet</item>
					</item>
				</item>
				<item>
					<item>Square Footage</item>
					<item>
						<item>Sq. Ft. Roofed (Living): 1,356</item>
					</item>
				</item>
			</item>
		</item>
		<item>
			<item>Parking / Garage, Exterior Features, Multi-Unit Information, Homeowners Association</item>
			<item>
				<item>
					<item>Parking/Garage Information</item>
					<item>
						<item>Parking Features: 2 Open Spaces</item>
						<item># of Parking Spaces (Total): 2</item>
						<item>Condo Parking Unit: 0</item>
					</item>
				</item>
				<item>
					<item>Exterior Features</item>
					<item>
						<item>Security Features: Key</item>
					</item>
				</item>
				<item>
					<item>Multi-Unit Information</item>
					<item>
						<item>Unit Features: Multi Level, Odd# Unit</item>
					</item>
				</item>
				<item>
					<item>Homeowners Association Information</item>
					<item>
						<item>Maintenance Expense: 591.00</item>
						<item>Association Fee Total: $591</item>
						<item>Sewer, Water</item>
					</item>
				</item>
			</item>
		</item>
		<item>
			<item>Taxes / Assessments, Lease / Rent Details, Location Details, Documents &amp; Disclosures</item>
			<item>
				<item>
					<item>Tax Information</item>
					<item>
						<item>Tax Amount: 138.00</item>
						<item>Tax Year: 2019</item>
						<item>Tax Assessed Value Land: 222300.00</item>
						<item>Tax Assessed Value Improvements: $252,600</item>
						<item>Tax Assessed Value: 474900.00</item>
						<item>Tax Exemption Owner Occupancy: 0</item>
					</item>
				</item>
				<item>
					<item>Lease Details</item>
					<item>
						<item>Lessor Name: Kidani</item>
						<item>Lease Fee Month: 1488.50</item>
						<item>Lease Expiration Date: 2024-12-31</item>
						<item>Lease Expiration Year: 2024</item>
						<item>Lease Renegotiation Date: 2019-12-31</item>
					</item>
				</item>
				<item>
					<item>Location Details</item>
					<item>
						<item>Neighbourhood: PEARLRIDGE</item>
						<item>Floor Number: 2</item>
					</item>
				</item>
				<item>
					<item>Documents &amp; Disclosures</item>
					<item>
						<item>Disclosures: None</item>
					</item>
				</item>
			</item>
		</item>
		<item>
			<item>Property / Lot Details</item>
			<item>
				<item>
					<item>Property Information</item>
					<item>
						<item>Property Type: Condo/Townhouse</item>
						<item>Architectural Style: Low-Rise 6 or Less Stories, No Unit Above or Below, Townhouse, Walk-Up</item>
						<item>Property Frontage: Other</item>
						<item>Property Condition: Above Average</item>
						<item>Year Built: 1970</item>
						<item>Construction Materials: Double Wall, Slab, Wood Frame</item>
						<item>Building Name: Village West The</item>
						<item>Stories Type: Three</item>
					</item>
				</item>
				<item>
					<item>Lot Information</item>
					<item>
						<item>Zoning: 11 - A-1 Low Density Apartment</item>
						<item>Lot Size Area: 347739.00</item>
						<item>Parcel Number: 1-9-8-040-006-0012</item>
					</item>
				</item>
				<item>
					<item>Land Information</item>
					<item>
						<item>Land Tenure: LH - Leasehold</item>
						<item>Land Recorded: Regular System</item>
						<item>Flood Zone: Zone X</item>
					</item>
				</item>
			</item>
		</item>
	</property_details>
	<public_facts>
		<Beds>3</Beds>
		<Baths>2.5</Baths>
		<Finished_Sq._Ft.>1,356</Finished_Sq._Ft.>
		<Unfinished_Sq._Ft.>—</Unfinished_Sq._Ft.>
		<Total_Sq._Ft.>1,356</Total_Sq._Ft.>
		<Stories>1</Stories>
		<Lot_Size>—</Lot_Size>
		<Style>Condo/Co-op</Style>
		<Year_Built>1970</Year_Built>
		<Year_Renovated>—</Year_Renovated>
		<County>Honolulu County</County>
		<APN>1 9 8 040 006 0012</APN>
	</public_facts>
</home>
