<?xml version="1.0" ?>
<home>
	<HomeInfo_Address>
		<street-address>99-544 Paihi St </street-address>
		<locality>Aiea, </locality>
		<region>HI</region>
		<postal-code>96701</postal-code>
	</HomeInfo_Address>
	<main_stats>
		<Price>$869,000</Price>
		<Beds>3</Beds>
		<Baths>1.5</Baths>
		<key name="$599 / Sq. Ft.">1,450</key>
	</main_stats>
	<text_base_description>Halawa Special! Nicely upgraded 3 bedroom 1.5 bath home with den on 7755 sf zoned R-5. Property has 2 mature mango and citrus trees. This house features freshly painted interior and exterior, upgraded electrical, new kitchen cabinets with quartz counter tops, luxury vinyl planks throughout the interior, new toilets and vanity. There is a den that can be utilized for a home office. The backyard allows for many outdoor activities and expansion possibilities. Great established neighborhood with easy access to major thoroughfares. </text_base_description>
	<listed_by>
		<name>Neal Tachibana (BC)</name>
		<org> • Realty Edge Inc </org>
	</listed_by>
	<price_insights>
		<List_Price>$869,000</List_Price>
		<Est._Mo._Payment>$3,312</Est._Mo._Payment>
		<Redfin_Estimate>$870,391</Redfin_Estimate>
		<key name="Price/Sq.Ft.">$599</key>
	</price_insights>
	<home_facts>
		<Status>In Escrow Showing</Status>
		<Time_on_Redfin>34 days</Time_on_Redfin>
		<Property_Type>Single Family, Detach Single Family</Property_Type>
		<Year_Built>1961</Year_Built>
		<Community>Halawa</Community>
		<Lot_Size>7,755 Sq. Ft.</Lot_Size>
		<key name="MLS#">202021007</key>
	</home_facts>
	<property_details>
		<item>
			<item>Interior Features</item>
			<item>
				<item>
					<item>Bathroom Information</item>
					<item>
						<item># of Bathrooms (1/2): 1</item>
						<item># of Bathrooms (Full): 1</item>
					</item>
				</item>
				<item>
					<item>Interior Features</item>
					<item>
						<item>Inclusions: Ceiling Fan, Disposal, Smoke Detector</item>
						<item>Flooring: Vinyl</item>
					</item>
				</item>
				<item>
					<item>Square Footage</item>
					<item>
						<item>Sq. Ft. Roofed (Living): 1,450</item>
						<item>Sq. Ft. Roofed (Other): 104</item>
					</item>
				</item>
			</item>
		</item>
		<item>
			<item>Parking / Garage, Exterior Features, Multi-Unit Information, School / Neighborhood</item>
			<item>
				<item>
					<item>Parking/Garage Information</item>
					<item>
						<item>Parking Features: 1 Car, Driveway, Street</item>
						<item># of Parking Spaces (Total): 3</item>
						<item>Sq. Ft. Garage Carport: 341</item>
					</item>
				</item>
				<item>
					<item>Exterior Features</item>
					<item>
						<item>Roof: Asphalt Shingle</item>
						<item>Pool Features: None</item>
					</item>
				</item>
				<item>
					<item>Multi-Unit Information</item>
					<item>
						<item>Amenities: Bedroom on 1st Floor, Entry, Full Bath on 1st Floor, Storage, Wall/Fence, Workshop</item>
					</item>
				</item>
				<item>
					<item>School Information</item>
					<item>
						<item>Elementary School: Webling</item>
						<item>Middle Or Junior School: Aiea</item>
						<item>High School: Aiea</item>
					</item>
				</item>
			</item>
		</item>
		<item>
			<item>Utilities, Taxes / Assessments, Location Details, Documents &amp; Disclosures</item>
			<item>
				<item>
					<item>Utility Information</item>
					<item>
						<item>Utilities: Public Water, Sewer Fee, Water</item>
					</item>
				</item>
				<item>
					<item>Tax Information</item>
					<item>
						<item>Tax Amount: 236.00</item>
						<item>Tax Year: 2020</item>
						<item>Tax Assessed Value Land: 710600.00</item>
						<item>Tax Assessed Value Improvements: $98,200</item>
						<item>Tax Assessed Value: 808800.00</item>
						<item>Tax Exemption Owner Occupancy: 0</item>
					</item>
				</item>
				<item>
					<item>Location Details</item>
					<item>
						<item>Location: Inside</item>
						<item>Neighbourhood: HALAWA</item>
					</item>
				</item>
				<item>
					<item>Documents &amp; Disclosures</item>
					<item>
						<item>Disclosures: Property Disclosure Stmt</item>
					</item>
				</item>
			</item>
		</item>
		<item>
			<item>Property / Lot Details</item>
			<item>
				<item>
					<item>Property Information</item>
					<item>
						<item>Property Type: Single Family</item>
						<item>Property Sub Type: Single Family</item>
						<item>Architectural Style: Detach Single Family</item>
						<item>Property Frontage: Ocean</item>
						<item>Property Condition: Above Average</item>
						<item>Year Built: 1961</item>
						<item>Construction Materials: Hollow Tile, Single Wall, Wood Frame</item>
						<item>View: Sunset</item>
						<item>Stories Type: One</item>
					</item>
				</item>
				<item>
					<item>Lot Information</item>
					<item>
						<item>Lot Features: Other</item>
						<item>Zoning: 05 - R-5 Residential District</item>
						<item>Road Frontage: County Rd, Paved Road</item>
						<item>Lot Size Area: 7755.00</item>
						<item>Parcel Number: 1-9-9-052-006-0000</item>
					</item>
				</item>
				<item>
					<item>Land Information</item>
					<item>
						<item>Topography: Level, Terraced</item>
						<item>Land Tenure: FS - Fee Simple</item>
						<item>Land Recorded: Regular System</item>
						<item>Flood Zone: Zone D</item>
					</item>
				</item>
			</item>
		</item>
	</property_details>
	<public_facts>
		<Beds>3</Beds>
		<Baths>1.5</Baths>
		<Finished_Sq._Ft.>1,564</Finished_Sq._Ft.>
		<Unfinished_Sq._Ft.>—</Unfinished_Sq._Ft.>
		<Total_Sq._Ft.>1,564</Total_Sq._Ft.>
		<Stories>1</Stories>
		<Lot_Size>7,755 Sq. Ft.</Lot_Size>
		<Style>Single Family Residential</Style>
		<Year_Built>1961</Year_Built>
		<Year_Renovated>1965</Year_Renovated>
		<County>Honolulu County</County>
		<APN>1 9 9 052 006 0000</APN>
	</public_facts>
</home>
