<?xml version="1.0" ?>
<home>
	<HomeInfo_Address>
		<street-address>98-1032 Moanalua Rd Unit 3-102 </street-address>
		<locality>Aiea, </locality>
		<region>HI</region>
		<postal-code>96701</postal-code>
	</HomeInfo_Address>
	<main_stats>
		<Price>$114,900</Price>
		<Beds>2</Beds>
		<Baths>2</Baths>
		<key name="$148 / Sq. Ft.">778</key>
	</main_stats>
	<text_base_description>2-bedroom, 2-bath condominium unit, conveniently located across Pearl Ridge Shopping mall and other business establishments such as banks, hospital, restaurants. Easy access to the freeway and near bus stops.  You may have to complete the repair job that seller has started- adding your own touch, taste and imagination. Property offers option for you: live in it or rent it. Just imagine the possibilities once you see and own this unit. </text_base_description>
	<listed_by>
		<name>Jack Legal (DR)</name>
		<org> • Legal Realty </org>
	</listed_by>
	<price_insights>
		<List_Price>$114,900</List_Price>
		<Est._Mo._Payment>$495</Est._Mo._Payment>
		<Redfin_Estimate>$113,611</Redfin_Estimate>
		<key name="Price/Sq.Ft.">$148</key>
	</price_insights>
	<home_facts>
		<Status>Active</Status>
		<Time_on_Redfin>19 days</Time_on_Redfin>
		<Property_Type>Condo/Townhouse, Low-Rise 6 or Less Stories</Property_Type>
		<HOA_Dues>$544/month</HOA_Dues>
		<Year_Built>1976</Year_Built>
		<Community>Pearlridge</Community>
		<Lot_Size>5.75 Acres</Lot_Size>
		<key name="MLS#">202023221</key>
	</home_facts>
	<property_details>
		<item>
			<item>Interior Features</item>
			<item>
				<item>
					<item>Bathroom Information</item>
					<item>
						<item># of Bathrooms (Full): 2</item>
					</item>
				</item>
				<item>
					<item>Interior Features</item>
					<item>
						<item>Flooring: Vinyl</item>
					</item>
				</item>
				<item>
					<item>Square Footage</item>
					<item>
						<item>Sq. Ft. Roofed (Living): 778</item>
					</item>
				</item>
			</item>
		</item>
		<item>
			<item>Parking / Garage, Multi-Unit Information, Homeowners Association, School / Neighborhood</item>
			<item>
				<item>
					<item>Parking/Garage Information</item>
					<item>
						<item>Parking Features: Assigned, Guest, 1 Open Space</item>
						<item># of Parking Spaces (Total): 1</item>
						<item>Condo Parking Unit: B-80</item>
					</item>
				</item>
				<item>
					<item>Multi-Unit Information</item>
					<item>
						<item>Unit Features: Ground Floor Unit</item>
						<item>Amenities: BBQ, Resident Manager</item>
					</item>
				</item>
				<item>
					<item>Homeowners Association Information</item>
					<item>
						<item>Maintenance Expense: 544.00</item>
						<item>Association Fee Total: $544</item>
						<item>Other Common Expenses, Sewer, Water</item>
						<item>Lease Rent</item>
					</item>
				</item>
				<item>
					<item>School Information</item>
					<item>
						<item>Elementary School: Pearl Ridge</item>
						<item>Middle Or Junior School: Aiea</item>
						<item>High School: Aiea</item>
					</item>
				</item>
			</item>
		</item>
		<item>
			<item>Taxes / Assessments, Lease / Rent Details, Location Details, Documents &amp; Disclosures</item>
			<item>
				<item>
					<item>Tax Information</item>
					<item>
						<item>Tax Amount: 88.00</item>
						<item>Tax Year: 2020</item>
						<item>Tax Assessed Value Land: 107500.00</item>
						<item>Tax Assessed Value Improvements: $195,000</item>
						<item>Tax Assessed Value: 302500.00</item>
						<item>Tax Exemption Owner Occupancy: 0</item>
					</item>
				</item>
				<item>
					<item>Lease Details</item>
					<item>
						<item>Lessor Name: New Direction IRA Inc</item>
						<item>Lease Fee Month: 344.00</item>
						<item>Lease Expiration Date: 2031-02-28</item>
						<item>Lease Expiration Year: 2031</item>
					</item>
				</item>
				<item>
					<item>Location Details</item>
					<item>
						<item>Neighbourhood: PEARLRIDGE</item>
						<item>Floor Number: 1</item>
					</item>
				</item>
				<item>
					<item>Documents &amp; Disclosures</item>
					<item>
						<item>Disclosures: None</item>
					</item>
				</item>
			</item>
		</item>
		<item>
			<item>Property / Lot Details</item>
			<item>
				<item>
					<item>Property Information</item>
					<item>
						<item>Property Type: Condo/Townhouse</item>
						<item>Architectural Style: Low-Rise 6 or Less Stories</item>
						<item>Property Condition: Needs Major Repair</item>
						<item>Year Built: 1976</item>
						<item>Construction Materials: Concrete</item>
						<item>Building Name: Pearl Ridge Gdns &amp; Twr</item>
						<item>Stories Type: One</item>
					</item>
				</item>
				<item>
					<item>Lot Information</item>
					<item>
						<item>Zoning: 13 - A-3 High Density Apartment</item>
						<item>Lot Size Area: 250557.00</item>
						<item>Parcel Number: 1-9-8-039-003-0034</item>
					</item>
				</item>
				<item>
					<item>Land Information</item>
					<item>
						<item>Land Tenure: LH - Leasehold</item>
						<item>Land Recorded: Regular System</item>
						<item>Flood Zone: Zone X</item>
					</item>
				</item>
			</item>
		</item>
	</property_details>
	<public_facts>
		<Beds>2</Beds>
		<Baths>2</Baths>
		<Finished_Sq._Ft.>778</Finished_Sq._Ft.>
		<Unfinished_Sq._Ft.>—</Unfinished_Sq._Ft.>
		<Total_Sq._Ft.>778</Total_Sq._Ft.>
		<Stories>1</Stories>
		<Lot_Size>—</Lot_Size>
		<Style>Condo/Co-op</Style>
		<Year_Built>1976</Year_Built>
		<Year_Renovated>—</Year_Renovated>
		<County>Honolulu County</County>
		<APN>1 9 8 039 003 0034</APN>
	</public_facts>
</home>
