<?xml version="1.0" ?>
<home>
	<HomeInfo_Address>
		<street-address>98-042 Lokowai St </street-address>
		<locality>Aiea, </locality>
		<region>HI</region>
		<postal-code>96701</postal-code>
	</HomeInfo_Address>
	<main_stats>
		<Price>$998,000</Price>
		<Beds>5</Beds>
		<Baths>2.5</Baths>
		<key name="$616 / Sq. Ft.">1,620</key>
	</main_stats>
	<text_base_description>Built in 2007 single level home in the heart of Aiea. This 5 bedroom and 2 and 1/2 bath home is completely fenced in. Perfect for multi-family with 3 bedrooms, 1 bath, full kitchen and 1/2 bathroom in the garage and 2 bedrooms, full bath and wet bar with separate entrance on back portion of this home. Large lanai of 720 square feet for your family gatherings or enclose in the future. Central location that is near bus stops, minutes to Best Buy and Pearlridge Mall.  Come home within minutes to be on/off the freeway. </text_base_description>
	<listed_by>
		<name>Belinda Miranda (RA)</name>
		<org> • Nakamoto Realty LLC </org>
	</listed_by>
	<price_insights>
		<List_Price>$998,000</List_Price>
		<Est._Mo._Payment>$3,616</Est._Mo._Payment>
		<Redfin_Estimate>$979,571</Redfin_Estimate>
		<key name="Price/Sq.Ft.">$616</key>
	</price_insights>
	<home_facts>
		<Status>Active</Status>
		<Time_on_Redfin>43 days</Time_on_Redfin>
		<Property_Type>Single Family, Detach Single Family</Property_Type>
		<Year_Built>2007</Year_Built>
		<Community>Waimalu</Community>
		<Lot_Size>6,000 Sq. Ft.</Lot_Size>
		<key name="MLS#">202020383</key>
	</home_facts>
	<property_details>
		<item>
			<item>Interior Features</item>
			<item>
				<item>
					<item>Bathroom Information</item>
					<item>
						<item># of Bathrooms (1/2): 1</item>
						<item># of Bathrooms (Full): 2</item>
					</item>
				</item>
				<item>
					<item>Interior Features</item>
					<item>
						<item>Inclusions: A/C Central, Auto Garage Door Opener, Ceiling Fan, Disposal, Dryer, Range Hood, Range/Oven, Refrigerator, Smoke Detector, Washer</item>
						<item>Flooring: Ceramic Tile, Laminate</item>
					</item>
				</item>
				<item>
					<item>Square Footage</item>
					<item>
						<item>Sq. Ft. Roofed (Living): 1,620</item>
						<item>Sq. Ft. Roofed (Other): 720</item>
					</item>
				</item>
			</item>
		</item>
		<item>
			<item>Parking / Garage, Exterior Features, Multi-Unit Information, School / Neighborhood</item>
			<item>
				<item>
					<item>Parking/Garage Information</item>
					<item>
						<item>Parking Features: 2 Car, Garage</item>
						<item># of Parking Spaces (Total): 4</item>
						<item>Sq. Ft. Garage Carport: 480</item>
					</item>
				</item>
				<item>
					<item>Exterior Features</item>
					<item>
						<item>Roof: Composition</item>
						<item>Pool Features: None</item>
					</item>
				</item>
				<item>
					<item>Multi-Unit Information</item>
					<item>
						<item>Amenities: Entry, Patio/Deck, Storage, Wall/Fence</item>
					</item>
				</item>
				<item>
					<item>School Information</item>
					<item>
						<item>Elementary School: Waimalu</item>
						<item>Middle Or Junior School: Aiea</item>
						<item>High School: Aiea</item>
					</item>
				</item>
			</item>
		</item>
		<item>
			<item>Utilities, Taxes / Assessments, Location Details, Documents &amp; Disclosures</item>
			<item>
				<item>
					<item>Utility Information</item>
					<item>
						<item>Utilities: Cable, Connected</item>
					</item>
				</item>
				<item>
					<item>Tax Information</item>
					<item>
						<item>Tax Amount: 234.47</item>
						<item>Tax Year: 2020</item>
						<item>Tax Assessed Value Land: 603800.00</item>
						<item>Tax Assessed Value Improvements: $340,100</item>
						<item>Tax Assessed Value: 943900.00</item>
						<item>Tax Exemption Owner Occupancy: 140000</item>
					</item>
				</item>
				<item>
					<item>Location Details</item>
					<item>
						<item>Location: Inside</item>
						<item>Neighbourhood: WAIMALU</item>
					</item>
				</item>
				<item>
					<item>Documents &amp; Disclosures</item>
					<item>
						<item>Disclosures: Property Disclosure Stmt, See Remarks</item>
					</item>
				</item>
			</item>
		</item>
		<item>
			<item>Property / Lot Details</item>
			<item>
				<item>
					<item>Property Information</item>
					<item>
						<item>Property Type: Single Family</item>
						<item>Property Sub Type: Single Family</item>
						<item>Architectural Style: Detach Single Family</item>
						<item>Property Condition: Above Average</item>
						<item>Year Built: 2007</item>
						<item>Construction Materials: Double Wall, Masonry/Stucco, Slab</item>
						<item>Stories Type: One</item>
					</item>
				</item>
				<item>
					<item>Lot Information</item>
					<item>
						<item>Lot Features: Other</item>
						<item>Zoning: 05 - R-5 Residential District</item>
						<item>Easements: Other</item>
						<item>Road Frontage: Paved Road</item>
						<item>Lot Size Area: 6000.00</item>
						<item>Parcel Number: 1-9-8-022-041-0000</item>
					</item>
				</item>
				<item>
					<item>Land Information</item>
					<item>
						<item>Topography: Level</item>
						<item>Land Tenure: FS - Fee Simple</item>
						<item>Land Recorded: Regular System</item>
						<item>Flood Zone: Zone AE</item>
					</item>
				</item>
			</item>
		</item>
	</property_details>
	<public_facts>
		<Beds>5</Beds>
		<Baths>2.5</Baths>
		<Finished_Sq._Ft.>1,620</Finished_Sq._Ft.>
		<Unfinished_Sq._Ft.>—</Unfinished_Sq._Ft.>
		<Total_Sq._Ft.>1,620</Total_Sq._Ft.>
		<Stories>1</Stories>
		<Lot_Size>6,000 Sq. Ft.</Lot_Size>
		<Style>Single Family Residential</Style>
		<Year_Built>2007</Year_Built>
		<Year_Renovated>—</Year_Renovated>
		<County>Honolulu County</County>
		<APN>1 9 8 022 041 0000</APN>
	</public_facts>
</home>
