<?xml version="1.0" ?>
<home>
	<HomeInfo_Address>
		<street-address>99-606 Hoio St </street-address>
		<locality>Aiea, </locality>
		<region>HI</region>
		<postal-code>96701</postal-code>
	</HomeInfo_Address>
	<main_stats>
		<Price>$998,000</Price>
		<Beds>3</Beds>
		<Baths>3</Baths>
		<key name="$477 / Sq. Ft.">2,092</key>
	</main_stats>
	<text_base_description>Great opportunity to buy, rarely available! Beautiful View of Pearl Harbor and Mountains!! This property is located in an amazing and quiet neighborhood. High ceilings and huge living room. Remodeled 2019. Price below assessed value! Sold in &quot;AS-IS&quot; condition. </text_base_description>
	<listed_by>
		<name>Si Emmons (RA)</name>
		<org> • Coldwell Banker Realty </org>
	</listed_by>
	<price_insights>
		<List_Price>$998,000</List_Price>
		<Est._Mo._Payment>$4,013</Est._Mo._Payment>
		<Redfin_Estimate>$966,801</Redfin_Estimate>
		<key name="Price/Sq.Ft.">$477</key>
	</price_insights>
	<home_facts>
		<Status>Active</Status>
		<Time_on_Redfin>241 days</Time_on_Redfin>
		<Property_Type>Single Family, Detach Single Family</Property_Type>
		<Year_Built>1978</Year_Built>
		<Community>Aiea Heights</Community>
		<Lot_Size>9,316 Sq. Ft.</Lot_Size>
		<key name="MLS#">202001849</key>
	</home_facts>
	<property_details>
		<item>
			<item>Interior Features</item>
			<item>
				<item>
					<item>Bathroom Information</item>
					<item>
						<item># of Bathrooms (Full): 3</item>
					</item>
				</item>
				<item>
					<item>Interior Features</item>
					<item>
						<item>Inclusions: Ceiling Fan, Disposal, Dryer, Range/Oven, Refrigerator, Washer</item>
						<item>Flooring: Ceramic Tile, Vinyl</item>
					</item>
				</item>
				<item>
					<item>Square Footage</item>
					<item>
						<item>Sq. Ft. Roofed (Living): 2,092</item>
					</item>
				</item>
			</item>
		</item>
		<item>
			<item>Parking / Garage, Exterior Features, School / Neighborhood, Utilities</item>
			<item>
				<item>
					<item>Parking/Garage Information</item>
					<item>
						<item>Parking Features: 2 Car, Garage</item>
						<item># of Parking Spaces (Total): 4</item>
						<item>Sq. Ft. Garage Carport: 420</item>
					</item>
				</item>
				<item>
					<item>Exterior Features</item>
					<item>
						<item>Security Features: Key</item>
						<item>Roof: Tile</item>
						<item>Pool Features: None</item>
					</item>
				</item>
				<item>
					<item>School Information</item>
					<item>
						<item>Elementary School: ALVAH SCOTT</item>
						<item>Middle Or Junior School: Aiea</item>
						<item>High School: Aiea</item>
					</item>
				</item>
				<item>
					<item>Utility Information</item>
					<item>
						<item>Utilities: Cable, Connected, Internet, Public Water, Sewer Connection Reqd, Sewer Fee, Underground Electricity, Water</item>
					</item>
				</item>
			</item>
		</item>
		<item>
			<item>Taxes / Assessments, Location Details, Documents &amp; Disclosures</item>
			<item>
				<item>
					<item>Tax Information</item>
					<item>
						<item>Tax Amount: 445.00</item>
						<item>Tax Year: 2019</item>
						<item>Tax Assessed Value Land: 755600.00</item>
						<item>Tax Assessed Value Improvements: $324,300</item>
						<item>Tax Assessed Value: 1079900.00</item>
						<item>Tax Exemption Owner Occupancy: 0</item>
					</item>
				</item>
				<item>
					<item>Location Details</item>
					<item>
						<item>Location: Inside</item>
						<item>Neighbourhood: AIEA HEIGHTS</item>
					</item>
				</item>
				<item>
					<item>Documents &amp; Disclosures</item>
					<item>
						<item>Disclosures: None</item>
					</item>
				</item>
			</item>
		</item>
		<item>
			<item>Property / Lot Details</item>
			<item>
				<item>
					<item>Property Information</item>
					<item>
						<item>Property Type: Single Family</item>
						<item>Property Sub Type: Single Family</item>
						<item>Architectural Style: Detach Single Family</item>
						<item>Property Condition: Excellent</item>
						<item>Year Remodeled: 2019</item>
						<item>Year Built: 1978</item>
						<item>Construction Materials: Concrete, Wood Frame</item>
						<item>View: Mountain, Ocean</item>
						<item>Stories Type: One</item>
					</item>
				</item>
				<item>
					<item>Lot Information</item>
					<item>
						<item>Lot Features: Clear</item>
						<item>Zoning: 04 - R-7.5 Residential District</item>
						<item>Road Frontage: Paved Road</item>
						<item>Lot Size Area: 9316.00</item>
						<item>Parcel Number: 1-9-9-070-018-0000</item>
					</item>
				</item>
				<item>
					<item>Land Information</item>
					<item>
						<item>Topography: Steep Slope, Up Slope</item>
						<item>Land Tenure: FS - Fee Simple</item>
						<item>Remodelled: Partial</item>
						<item>Land Recorded: Regular System</item>
						<item>Flood Zone: Zone D</item>
					</item>
				</item>
			</item>
		</item>
	</property_details>
	<public_facts>
		<Beds>3</Beds>
		<Baths>3</Baths>
		<Finished_Sq._Ft.>2,092</Finished_Sq._Ft.>
		<Unfinished_Sq._Ft.>—</Unfinished_Sq._Ft.>
		<Total_Sq._Ft.>2,092</Total_Sq._Ft.>
		<Stories>1</Stories>
		<Lot_Size>9,316 Sq. Ft.</Lot_Size>
		<Style>Single Family Residential</Style>
		<Year_Built>1978</Year_Built>
		<Year_Renovated>1983</Year_Renovated>
		<County>Honolulu County</County>
		<APN>1 9 9 070 018 0000</APN>
	</public_facts>
</home>
