<?xml version="1.0" ?>
<home>
	<HomeInfo_Address>
		<street-address>98-487 Koauka Loop Unit B806 </street-address>
		<locality>Aiea, </locality>
		<region>HI</region>
		<postal-code>96701</postal-code>
	</HomeInfo_Address>
	<main_stats>
		<Price>$454,000</Price>
		<Beds>2</Beds>
		<Baths>2</Baths>
		<key name="$473 / Sq. Ft.">959</key>
	</main_stats>
	<text_base_description>Spacious 2 bedroom, 2 bathroom and 1 secured parking stall in a pet friendly building. Home faces the mountains which gives it a very nice trade wind breeze. Building offers many amenities such as heated pool, whirlpool, tennis court, golf driving range, BBQ, club house, and ample guest parking. Located very near Pearl Ridge Mall gives lots of options for eating out and or entertainment. Convenient freeway access to Downtown, military bases, Honolulu Airport and Aloha Stadium. </text_base_description>
	<listed_by>
		<name>Nicholaus Morris (RA)</name>
		<org> • Locations LLC </org>
	</listed_by>
	<price_insights>
		<List_Price>$454,000</List_Price>
		<Est._Mo._Payment>$1,730</Est._Mo._Payment>
		<Redfin_Estimate>$448,828</Redfin_Estimate>
		<key name="Price/Sq.Ft.">$473</key>
	</price_insights>
	<home_facts>
		<Status>Active</Status>
		<Time_on_Redfin>105 days</Time_on_Redfin>
		<Property_Type>Condo/Townhouse, High-Rise 7+ Stories</Property_Type>
		<HOA_Dues>$608/month</HOA_Dues>
		<Year_Built>1982</Year_Built>
		<Community>Pearlridge</Community>
		<key name="MLS#">202012873</key>
	</home_facts>
	<property_details>
		<item>
			<item>Interior Features</item>
			<item>
				<item>
					<item>Bathroom Information</item>
					<item>
						<item># of Bathrooms (Full): 2</item>
					</item>
				</item>
				<item>
					<item>Interior Features</item>
					<item>
						<item>Inclusions: A/C Window Unit, Blinds, Dishwasher, Disposal, Dryer, Range/Oven, Refrigerator, Washer</item>
						<item>Flooring: Laminate</item>
					</item>
				</item>
				<item>
					<item>Square Footage</item>
					<item>
						<item>Sq. Ft. Roofed (Living): 959</item>
					</item>
				</item>
			</item>
		</item>
		<item>
			<item>Parking / Garage, Exterior Features, Multi-Unit Information, Homeowners Association</item>
			<item>
				<item>
					<item>Parking/Garage Information</item>
					<item>
						<item>Parking Features: 1 Open Space</item>
						<item># of Parking Spaces (Total): 1</item>
						<item>Condo Parking Unit: 712</item>
					</item>
				</item>
				<item>
					<item>Exterior Features</item>
					<item>
						<item>Security Features: Key</item>
					</item>
				</item>
				<item>
					<item>Multi-Unit Information</item>
					<item>
						<item>Unit Features: Even# Unit, Single Level</item>
						<item>Amenities: BBQ, Heated Pool, Meeting Room, Other, Patio/Deck, Pool, Resident Manager, Security Guard, Tennis Court</item>
					</item>
				</item>
				<item>
					<item>Homeowners Association Information</item>
					<item>
						<item>Maintenance Expense: 608.00</item>
						<item>Association Fee Total: $608</item>
						<item>Hot Water, Other Common Expenses, Sewer, Water</item>
						<item>Association</item>
					</item>
				</item>
			</item>
		</item>
		<item>
			<item>School / Neighborhood, Taxes / Assessments, Location Details, Documents &amp; Disclosures</item>
			<item>
				<item>
					<item>School Information</item>
					<item>
						<item>Elementary School: ALVAH SCOTT</item>
						<item>Middle Or Junior School: Aiea</item>
						<item>High School: Aiea</item>
					</item>
				</item>
				<item>
					<item>Tax Information</item>
					<item>
						<item>Tax Amount: 124.00</item>
						<item>Tax Year: 2020</item>
						<item>Tax Assessed Value Land: 76000.00</item>
						<item>Tax Assessed Value Improvements: $346,100</item>
						<item>Tax Paid By Seller </item>
						<item>Tax Assessed Value: 422100.00</item>
						<item>Tax Exemption Owner Occupancy: 0</item>
					</item>
				</item>
				<item>
					<item>Location Details</item>
					<item>
						<item>Neighbourhood: PEARLRIDGE</item>
						<item>Floor Number: 8</item>
					</item>
				</item>
				<item>
					<item>Documents &amp; Disclosures</item>
					<item>
						<item>Disclosures: Property Disclosure Stmt</item>
					</item>
				</item>
			</item>
		</item>
		<item>
			<item>Property / Lot Details</item>
			<item>
				<item>
					<item>Property Information</item>
					<item>
						<item>Property Type: Condo/Townhouse</item>
						<item>Architectural Style: High-Rise 7+ Stories</item>
						<item>Property Frontage: Other</item>
						<item>Property Condition: Excellent</item>
						<item>Year Built: 1982</item>
						<item>Construction Materials: Concrete, Double Wall, Masonry/Stucco</item>
						<item>View: Mountain</item>
						<item>Building Name: Park At Pearlridge</item>
						<item>Stories Type: One</item>
					</item>
				</item>
				<item>
					<item>Lot Information</item>
					<item>
						<item>Zoning: 12 - A-2 Medium Density Apartme</item>
						<item>Parcel Number: 1-9-8-012-079-0191</item>
					</item>
				</item>
				<item>
					<item>Land Information</item>
					<item>
						<item>Land Tenure: FS - Fee Simple</item>
						<item>Remodelled: Full</item>
						<item>Land Recorded: Regular System</item>
						<item>Flood Zone: Zone D</item>
					</item>
				</item>
			</item>
		</item>
	</property_details>
	<public_facts>
		<Beds>2</Beds>
		<Baths>2</Baths>
		<Finished_Sq._Ft.>959</Finished_Sq._Ft.>
		<Unfinished_Sq._Ft.>—</Unfinished_Sq._Ft.>
		<Total_Sq._Ft.>959</Total_Sq._Ft.>
		<Stories>1</Stories>
		<Lot_Size>—</Lot_Size>
		<Style>Condo/Co-op</Style>
		<Year_Built>1982</Year_Built>
		<Year_Renovated>—</Year_Renovated>
		<County>Honolulu County</County>
		<APN>1 9 8 012 079 0191</APN>
	</public_facts>
</home>
