<?xml version="1.0" ?>
<home>
	<HomeInfo_Address>
		<street-address>4415 Harrison St NW </street-address>
		<locality>Washington, </locality>
		<region>DC</region>
		<postal-code>20015</postal-code>
	</HomeInfo_Address>
	<main_stats>
		<Price>$898,000</Price>
		<Beds>3</Beds>
		<Baths>2.5</Baths>
		<key name="$465 / Sq. Ft.">1,931</key>
	</main_stats>
	<text_base_description>Ideally located, bright and sunny Mid-Century Modern semi-detached with a wonderful open floor plan, recently renovated kitchen, newly painted interior and refinished hardwood floors. Upper level with three nicely proportioned bedrooms; fully finished lower level with au pair/in-law apartment with kitchen, full bath and rear entrance. Enjoy the quiet setting while sitting on your front porch or relaxing with a glass of wine on the back deck. One block to the popular Friendship Heights Metro, Shops, Restaurants and more!!  Great price and even greater opportunity!  Grab it now!! </text_base_description>
	<listed_by>
		<name>Anne Killeen</name>
		<org> • Washington Fine Properties, LLC </org>
	</listed_by>
	<price_insights>
		<List_Price>$898,000</List_Price>
		<Est._Mo._Payment>$3,513</Est._Mo._Payment>
		<Redfin_Estimate>$896,659</Redfin_Estimate>
		<key name="Price/Sq.Ft.">$465</key>
	</price_insights>
	<home_facts>
		<Status>Active</Status>
		<Time_on_Redfin>13 days</Time_on_Redfin>
		<Year_Built>1953</Year_Built>
		<Style>Art Deco, Colonial</Style>
		<Community>AMERICAN UNIV. PARK</Community>
		<Lot_Size>2,068 Sq. Ft.</Lot_Size>
		<key name="MLS#">DCDC486004</key>
	</home_facts>
	<property_details>
		<item>
			<item>Interior Features</item>
			<item>
				<item>
					<item>Bedroom Information</item>
					<item>
						<item># of Bedrooms On 1st Upper Level: 3</item>
					</item>
				</item>
				<item>
					<item>Bathroom Information</item>
					<item>
						<item># of Bathrooms (Full) On 1st Upper Level: 1</item>
						<item># of Bathrooms (Half) On Main Level: 1</item>
						<item># of Bathrooms (Full) On 1st Lower Level: 1</item>
						<item># of Bathrooms (Full) On All Upper Levels: 1</item>
						<item># of Bathrooms (Full) On All Lower Levels: 1</item>
						<item># of Bathrooms (Half): 1</item>
						<item># of Bathrooms (Full): 2</item>
					</item>
				</item>
				<item>
					<item>Interior Information</item>
					<item>
						<item>Appliances: Built-In Range, Dishwasher, Disposal, Dryer, Exhaust Fan, Icemaker, Microwave, Oven - Single, Washer, Water Heater</item>
						<item>Flooring Type: Hardwood</item>
						<item>Interior Features: 2nd Kitchen, Built-Ins, Carpet, Combination Dining/Living, Dining Area, Family Room Off Kitchen, Stall Shower, Upgraded Countertops, Wood Floors, CeilngFan(s), Floor Plan - Open, Recessed Lighting</item>
						<item>Living Area Sq.Ft. Source: Estimated</item>
					</item>
				</item>
				<item>
					<item>Room Information</item>
					<item>
						<item>Living Room, Dining Room, Bedroom 2, Bedroom 3, Kitchen, Bedroom 1, Bonus Room, Full Bath, Half Bath</item>
						<item>Laundry Type: Main Floor, Lower Floor</item>
					</item>
				</item>
				<item>
					<item>Basement Information</item>
					<item>
						<item>Fully Finished, Daylight, Partial, Full, Heated, Improved, Outside Entrance, Rear Entrance, Walkout Level, Windows</item>
					</item>
				</item>
			</item>
		</item>
		<item>
			<item>Parking / Garage, School / Neighborhood, Utilities, Location Details</item>
			<item>
				<item>
					<item>Parking Information</item>
					<item>
						<item>On Street</item>
					</item>
				</item>
				<item>
					<item>School Information</item>
					<item>
						<item>Elementary School: JANNEY</item>
						<item>Middle Or Junior School: DEAL</item>
						<item>High School: WILSON</item>
						<item>School District Name: DISTRICT OF COLUMBIA PUBLIC SCHOOLS</item>
						<item>Elementary School Source: Listing Agent</item>
						<item>Middle School Source: Listing Agent</item>
						<item>High School Source: Listing Agent</item>
						<item>School District Source: Listing Agent</item>
					</item>
				</item>
				<item>
					<item>Utilities Information</item>
					<item>
						<item>Central Air</item>
						<item>Cooling Type: Central A/C</item>
						<item>Cooling Fuel: Electric</item>
						<item>Forced Air</item>
						<item>Heating Fuel: Natural Gas</item>
						<item>Hot Water: Natural Gas</item>
						<item>Sewer Septic: Public Sewer</item>
						<item>Water Source: Public</item>
					</item>
				</item>
				<item>
					<item>Location Information</item>
					<item>
						<item>Outside City Limits</item>
						<item>Directions: River Road left on Western right on Harrison</item>
						<item>Road Responsibility: City/County</item>
						<item>Road Surface Type: Black Top</item>
					</item>
				</item>
			</item>
		</item>
		<item>
			<item>Taxes / Assessments</item>
			<item>
				<item>
					<item>Tax Information</item>
					<item>
						<item>City/Town Tax: $2,820</item>
						<item>Tax Assessed Value: $761,290</item>
						<item>Tax Year: 2019</item>
						<item>Tax Annual Amount: $2,820</item>
					</item>
				</item>
				<item>
					<item>Assessments Information</item>
					<item>
						<item>Year Assessed: 2019</item>
					</item>
				</item>
			</item>
		</item>
		<item>
			<item>Property / Lot Details</item>
			<item>
				<item>
					<item>Property Information</item>
					<item>
						<item>Total Below Grade Sq. Ft.: 600</item>
						<item>Improvement Assessed Value: $322,810</item>
						<item>Ownership Interest: Fee Simple</item>
						<item>Property Condition: Very Good</item>
						<item>Year Built Source: Assessor</item>
					</item>
				</item>
				<item>
					<item>Building Information</item>
					<item>
						<item>Construction Materials: Brick</item>
						<item>Other Structures: Above Grade, Below Grade</item>
						<item>Outdoor Living Structures: Deck(s), Porch(es)</item>
						<item>Structure Type: Semi-Detached</item>
					</item>
				</item>
				<item>
					<item>Exterior Information</item>
					<item>
						<item>Street Lights</item>
					</item>
				</item>
				<item>
					<item>Lot Information</item>
					<item>
						<item>Lot Features: Landscaping, Level, Rear Yard</item>
						<item>Tidal Water: No</item>
					</item>
				</item>
				<item>
					<item>Land Information</item>
					<item>
						<item>Land Assessed Value: $438,480</item>
					</item>
				</item>
				<item>
					<item>Above Grade Information</item>
					<item>
						<item>Finished Sq.Ft.: 1,331</item>
						<item>Finished Sq.Ft. Source: Assessor</item>
					</item>
				</item>
				<item>
					<item>Below Grade Information</item>
					<item>
						<item>Finished Sq.Ft.: 600</item>
						<item>Finished Sq.Ft. Source: Estimated</item>
					</item>
				</item>
			</item>
		</item>
	</property_details>
	<public_facts>
		<Beds>3</Beds>
		<Baths>1.5</Baths>
		<Finished_Sq._Ft.>1,331</Finished_Sq._Ft.>
		<Unfinished_Sq._Ft.>—</Unfinished_Sq._Ft.>
		<Total_Sq._Ft.>1,331</Total_Sq._Ft.>
		<Stories>2</Stories>
		<Lot_Size>2,068 Sq. Ft.</Lot_Size>
		<Style>Townhouse</Style>
		<Year_Built>1953</Year_Built>
		<Year_Renovated>—</Year_Renovated>
		<County>District of Columbia</County>
		<APN>1580    0028</APN>
	</public_facts>
</home>
