<?xml version="1.0" ?>
<home>
	<HomeInfo_Address>
		<street-address>5300 43rd St NW Ph 201 </street-address>
		<locality>Washington, </locality>
		<region>DC</region>
		<postal-code>20015</postal-code>
	</HomeInfo_Address>
	<main_stats>
		<Price>$724,900</Price>
		<Beds>2</Beds>
		<Baths>2</Baths>
		<key name="$490 / Sq. Ft.">1,480</key>
	</main_stats>
	<text_base_description>HUGE PRICE REDUCTION | Amazing Opportunity to own a Penthouse Level 1,480 square foot 2 Bedroom  + Den | 2 Bath Condo with dramatic soaring ceilings. The spacious living room has a wood burning fireplace and direct access to the private balcony. The large open loft (den) overlooks the living room and is a perfect place for that much desired home office. The kitchen has table space seating, and the master bedroom suite features great closets and its own bathroom with a soaking tub and a separate walk-in shower. There is a sun-filled 2nd bedroom and hall bathroom. Washer  &amp;  Dryer in unit. Garage Parking is available at $150/month.  </text_base_description>
	<listed_by>
		<name>Greg Gaddy</name>
		<org> • TTR Sotheby's International Realty </org>
	</listed_by>
	<price_insights>
		<List_Price>$724,900</List_Price>
		<Est._Mo._Payment>$3,156</Est._Mo._Payment>
		<key name="Price/Sq.Ft.">$490</key>
	</price_insights>
	<home_facts>
		<Status>Active</Status>
		<Time_on_Redfin>24 days</Time_on_Redfin>
		<HOA_Dues>$375/month</HOA_Dues>
		<Year_Built>1990</Year_Built>
		<Style>Traditional, Contemporary</Style>
		<Community>CHEVY CHASE</Community>
		<key name="MLS#">DCDC484594</key>
	</home_facts>
	<property_details>
		<item>
			<item>Virtual Tour, Parking / Garage, Homeowners Association, School / Neighborhood</item>
			<item>
				<item>
					<item>Virtual Tour</item>
					<item>
						<item>Virtual Tour Unbranded (External Link)</item>
					</item>
				</item>
				<item>
					<item>Parking Information</item>
					<item>
						<item># of Attached Garage Spaces: 2</item>
						<item>Garage Features: Garage Door Opener</item>
						<item># of Total Garage and Parking Spaces: 2</item>
						<item>Has Garage</item>
						<item># of Garage Spaces: 2</item>
						<item>Attached Garage, Other</item>
					</item>
				</item>
				<item>
					<item>Homeowners Association Information</item>
					<item>
						<item>Condo/Coop Fee: $375</item>
						<item>Condo/Coop Fee Frequency: Monthly</item>
						<item>HOA/Condo/Coop Management Type: Professional - Off-site</item>
						<item>HOA/Condo/Coop Fee Includes: Common Area Maintenance, Management, Insurance, Reserve Funds, Sewer, Snow Removal, Trash, Water</item>
						<item>HOA/Condo/Coop Amenities: Other</item>
					</item>
				</item>
				<item>
					<item>School Information</item>
					<item>
						<item>School District Name: DISTRICT OF COLUMBIA PUBLIC SCHOOLS</item>
						<item>School District Source: Listing Agent</item>
					</item>
				</item>
			</item>
		</item>
		<item>
			<item>Interior Features</item>
			<item>
				<item>
					<item>Bedroom Information</item>
					<item>
						<item># of Bedrooms On Main Level: 2</item>
					</item>
				</item>
				<item>
					<item>Bathroom Information</item>
					<item>
						<item># of Bathrooms (Full) On Main Level: 2</item>
						<item># of Bathrooms (Full): 2</item>
					</item>
				</item>
				<item>
					<item>Interior Information</item>
					<item>
						<item>Appliances: Dishwasher, Disposal, Dryer, Microwave, Oven/Range - Electric, Refrigerator, Washer</item>
						<item>Interior Features: Dining Area, Kitchen - Table Space, Floor Plan - Open, Floor Plan - Traditional</item>
						<item>Living Area Sq.Ft. Source: Assessor</item>
					</item>
				</item>
				<item>
					<item>Room Information</item>
					<item>
						<item>Loft</item>
						<item>Laundry Type: Dryer In Unit, Washer In Unit</item>
					</item>
				</item>
				<item>
					<item>Fireplace Information</item>
					<item>
						<item>Has Fireplace</item>
						<item># of Fireplaces: 1</item>
						<item>Wood</item>
					</item>
				</item>
			</item>
		</item>
		<item>
			<item>Utilities, Lease / Rent Details, Location Details</item>
			<item>
				<item>
					<item>Utilities Information</item>
					<item>
						<item>Central Air</item>
						<item>Cooling Type: Central A/C</item>
						<item>Cooling Fuel: Electric</item>
						<item>Central</item>
						<item>Heating Fuel: Central</item>
						<item>Hot Water: Electric</item>
						<item>Sewer Septic: Public Sewer</item>
						<item>Water Source: Public</item>
					</item>
				</item>
				<item>
					<item>Lease Information</item>
					<item>
						<item>Lease Considered: No</item>
					</item>
				</item>
				<item>
					<item>Location Information</item>
					<item>
						<item>In City Limits</item>
						<item>Directions: Corner of Jenifer Street, NW and 43rd Street, NW</item>
						<item>Entry Floor Number: 1</item>
					</item>
				</item>
			</item>
		</item>
		<item>
			<item>Taxes / Assessments</item>
			<item>
				<item>
					<item>Tax Information</item>
					<item>
						<item>City/Town Tax: $6,101</item>
						<item>Tax Assessed Value: $764,820</item>
						<item>Tax Year: 2019</item>
						<item>Tax Annual Amount: $6,101</item>
					</item>
				</item>
				<item>
					<item>Assessments Information</item>
					<item>
						<item>Year Assessed: 2019</item>
					</item>
				</item>
			</item>
		</item>
		<item>
			<item>Property / Lot Details</item>
			<item>
				<item>
					<item>Property Information</item>
					<item>
						<item>Not Federal Flood Zone</item>
						<item>Property Manager Present</item>
						<item>Total Below Grade Sq. Ft.: 0</item>
						<item>Accessibility Features: Other</item>
						<item># of Floors In Unit: 2</item>
						<item>Improvement Assessed Value: $535,370</item>
						<item>Ownership Interest: Condominium</item>
						<item>Property Condition: Very Good</item>
						<item>Year Built Source: Assessor</item>
					</item>
				</item>
				<item>
					<item>Building Information</item>
					<item>
						<item>Unit Building Type: Garden 1 - 4 Floors</item>
						<item>Building Name: CHEVY CHASE PLAZA RESIDENCES</item>
						<item># of Units (Total): 5</item>
						<item>Construction Materials: Brick</item>
						<item>Other Structures: Above Grade, Below Grade</item>
						<item>Pets Allowed: Yes</item>
						<item>Pet Restrictions: No Pet Restrictions</item>
						<item>Structure Type: Penthouse</item>
					</item>
				</item>
				<item>
					<item>Lot Information</item>
					<item>
						<item>Tidal Water: No</item>
					</item>
				</item>
				<item>
					<item>Land Information</item>
					<item>
						<item>Land Assessed Value: $229,450</item>
						<item>Soil Types: Urban Land-Manor-Gleneig</item>
					</item>
				</item>
				<item>
					<item>Above Grade Information</item>
					<item>
						<item>Finished Sq.Ft.: 1,480</item>
						<item>Finished Sq.Ft. Source: Assessor</item>
					</item>
				</item>
				<item>
					<item>Below Grade Information</item>
					<item>
						<item>Unfinished Sq.Ft. Source: Assessor</item>
						<item>Finished Sq.Ft. Source: Assessor</item>
					</item>
				</item>
			</item>
		</item>
	</property_details>
	<public_facts>
		<Beds>2</Beds>
		<Baths>2.5</Baths>
		<Finished_Sq._Ft.>—</Finished_Sq._Ft.>
		<Unfinished_Sq._Ft.>—</Unfinished_Sq._Ft.>
		<Total_Sq._Ft.>1,480</Total_Sq._Ft.>
		<Stories>—</Stories>
		<Lot_Size>—</Lot_Size>
		<Style>Condo/Co-op</Style>
		<Year_Built>1990</Year_Built>
		<Year_Renovated>—</Year_Renovated>
		<County>District of Columbia</County>
		<APN>1661    2002</APN>
	</public_facts>
</home>
