<?xml version="1.0" ?>
<home>
	<HomeInfo_Address>
		<street-address>5335 42nd St NW </street-address>
		<locality>Washington, </locality>
		<region>DC</region>
		<postal-code>20015</postal-code>
	</HomeInfo_Address>
	<main_stats>
		<Price>$999,000</Price>
		<Beds>3</Beds>
		<Baths>2.5</Baths>
		<key name="$521 / Sq. Ft.">1,916</key>
	</main_stats>
	<text_base_description>JUST LISTED! OPEN SAT 9/19  &amp;  SUN 9/20  2-4 PM  FRIENDSHIP HTS  PLUS 2 BLOCKS TO METRO!! Lovingly cared for by its 17-year owner, this classic semi-detached town-home is conveniently located 2 blocks from METRO in vibrant Friendship Heights. The traditional floor plan features: elegant Living Room with wood-burning fireplace and custom built-ins; open Dining Room and updated Kitchen; Family Room; and, Half Bath on main level. Second level highlighted by a Owner Bedroom with walk-in closet; two additional Bedrooms; Office/Den; and two Full Baths. Level walk-out Lower Level features Recreation area; Laundry and Storage areas; and Utility Room; PLUS ATTACHED ONE-CAR GARAGE! All complemented by covered Front Porch and large Deck and PARKING! Living in the Chevy Chase neighborhood of Friendship Heights gives you city living at its best; close to schools, parks, entertainment, restaurants, shops of every sort and of course Metro!  Come, make this happy home yours! </text_base_description>
	<listed_by>
		<name>Ty Hreben</name>
		<org> • Compass </org>
	</listed_by>
	<price_insights>
		<List_Price>$999,000</List_Price>
		<Est._Mo._Payment>$4,181</Est._Mo._Payment>
		<Redfin_Estimate>$1,003,131</Redfin_Estimate>
		<key name="Price/Sq.Ft.">$521</key>
	</price_insights>
	<home_facts>
		<Status>Active</Status>
		<Time_on_Redfin>10 days</Time_on_Redfin>
		<Year_Built>1926</Year_Built>
		<Style>Colonial</Style>
		<Community>CHEVY CHASE</Community>
		<Lot_Size>2,594 Sq. Ft.</Lot_Size>
		<key name="MLS#">DCDC486786</key>
	</home_facts>
	<property_details>
		<item>
			<item>Virtual Tour, Parking / Garage, School / Neighborhood, Utilities</item>
			<item>
				<item>
					<item>Virtual Tour</item>
					<item>
						<item>Virtual Tour Unbranded (External Link)</item>
					</item>
				</item>
				<item>
					<item>Parking Information</item>
					<item>
						<item># of Attached Garage Spaces: 1</item>
						<item>Garage Features: Basement Garage, Garage - Rear Entry, Garage Door Opener, Inside Access</item>
						<item># of Total Garage and Parking Spaces: 2</item>
						<item>Has Garage</item>
						<item># of Garage Spaces: 1</item>
						<item>Driveway - # of Spaces: 1</item>
						<item>Concrete Driveway</item>
						<item>Attached Garage, Driveway</item>
					</item>
				</item>
				<item>
					<item>School Information</item>
					<item>
						<item>Elementary School: JANNEY</item>
						<item>Middle Or Junior School: DEAL JUNIOR HIGH SCHOOL</item>
						<item>High School: WILSON SENIOR</item>
						<item>School District Name: DISTRICT OF COLUMBIA PUBLIC SCHOOLS</item>
						<item>Elementary School Source: Listing Agent</item>
						<item>Middle School Source: Listing Agent</item>
						<item>High School Source: Listing Agent</item>
						<item>School District Source: Listing Agent</item>
					</item>
				</item>
				<item>
					<item>Utilities Information</item>
					<item>
						<item>Central Air</item>
						<item>Cooling Type: Central A/C</item>
						<item>Cooling Fuel: Electric</item>
						<item>Radiator</item>
						<item>Heating Fuel: Natural Gas</item>
						<item>Hot Water: Natural Gas</item>
						<item>Sewer Septic: Public Sewer</item>
						<item>Natural Gas Available, Cable TV</item>
						<item>Water Source: Public</item>
					</item>
				</item>
			</item>
		</item>
		<item>
			<item>Interior Features</item>
			<item>
				<item>
					<item>Bedroom Information</item>
					<item>
						<item># of Bedrooms On 1st Upper Level: 3</item>
					</item>
				</item>
				<item>
					<item>Bathroom Information</item>
					<item>
						<item># of Bathrooms (Full) On 1st Upper Level: 2</item>
						<item># of Bathrooms (Half) On Main Level: 1</item>
						<item># of Bathrooms (Full) On All Upper Levels: 2</item>
						<item># of Bathrooms (Half): 1</item>
						<item># of Bathrooms (Full): 2</item>
					</item>
				</item>
				<item>
					<item>Interior Information</item>
					<item>
						<item>Appliances: Dishwasher, Disposal, Oven/Range - Gas, Refrigerator, Built-In Microwave, Dryer, Microwave, Oven - Self Cleaning, Washer, Water Heater</item>
						<item>Flooring Type: Wood, Carpet, Ceramic Tile, Vinyl</item>
						<item>Not Furnished</item>
						<item>Interior Features: Built-Ins, Combination Kitchen/Dining, Floor Plan - Traditional, Kitchen - Island, Master Bedroom - Ocean Front, Stall Shower, Tub Shower, Wainscotting, Walk-in Closet(s), Wood Floors, Window Treatments, Carpet</item>
						<item>Living Area Sq.Ft. Source: Estimated</item>
					</item>
				</item>
				<item>
					<item>Room Information</item>
					<item>
						<item>Living Room, Dining Room, Master Bedroom, Bedroom 2, Bedroom 3, Kitchen, Family Room, Foyer, Laundry, Office, Recreation Room, Bathroom 1, Bathroom 2, Half Bath</item>
						<item>Laundry Type: Basement</item>
					</item>
				</item>
				<item>
					<item>Fireplace Information</item>
					<item>
						<item>Has Fireplace</item>
						<item># of Fireplaces: 1</item>
						<item>Brick, Wood</item>
					</item>
				</item>
				<item>
					<item>Basement Information</item>
					<item>
						<item>Connecting Stairway, Daylight, Partial, Garage Access, Outside Entrance, Partially Finished, Rear Entrance, Walkout Level, Windows</item>
					</item>
				</item>
			</item>
		</item>
		<item>
			<item>Taxes / Assessments</item>
			<item>
				<item>
					<item>Tax Information</item>
					<item>
						<item>City/Town Tax: $6,390</item>
						<item>Tax Assessed Value: $849,140</item>
						<item>Tax Year: 2019</item>
						<item>Tax Annual Amount: $6,390</item>
					</item>
				</item>
				<item>
					<item>Assessments Information</item>
					<item>
						<item>Year Assessed: 2019</item>
					</item>
				</item>
			</item>
		</item>
		<item>
			<item>Property / Lot Details</item>
			<item>
				<item>
					<item>Property Information</item>
					<item>
						<item>Not Federal Flood Zone</item>
						<item>Total Below Grade Sq. Ft.: 698</item>
						<item>Horse: No</item>
						<item>Improvement Assessed Value: $375,320</item>
						<item>Ownership Interest: Fee Simple</item>
						<item>Property Condition: Very Good</item>
						<item>Year Built Source: Assessor</item>
					</item>
				</item>
				<item>
					<item>Building Information</item>
					<item>
						<item># of Levels (Total): 2</item>
						<item>Construction Materials: Brick</item>
						<item>Main Entrance Orientation: West</item>
						<item>Other Structures: Above Grade, Below Grade</item>
						<item>Outdoor Living Structures: Deck(s), Porch(es)</item>
						<item>Structure Type: Semi-Detached</item>
						<item>Window Features: Wood Frame, Vinyl Clad, Double Pane</item>
					</item>
				</item>
				<item>
					<item>Exterior Information</item>
					<item>
						<item>Sidewalks</item>
					</item>
				</item>
				<item>
					<item>Lot Information</item>
					<item>
						<item>Lot Features: Front Yard, Landscaping, Rear Yard</item>
						<item>Tidal Water: No</item>
					</item>
				</item>
				<item>
					<item>Land Information</item>
					<item>
						<item>Land Assessed Value: $473,820</item>
						<item>Soil Types: Urban Land-Sassafras-Chillum</item>
					</item>
				</item>
				<item>
					<item>Above Grade Information</item>
					<item>
						<item>Finished Sq.Ft.: 1,916</item>
						<item>Finished Sq.Ft. Source: Estimated</item>
					</item>
				</item>
				<item>
					<item>Below Grade Information</item>
					<item>
						<item>Unfinished Sq.Ft.: 698</item>
						<item>Unfinished Sq.Ft. Source: Assessor</item>
						<item>Finished Sq.Ft. Source: Assessor</item>
					</item>
				</item>
			</item>
		</item>
		<item>
			<item>Location Details</item>
			<item>
				<item>
					<item>Location Information</item>
					<item>
						<item>In City Limits</item>
						<item>Cross Street: Military Road, NW</item>
						<item>Directions: North on Wisconsin Ave, NW make a Right on Harrison St, NW make a left on 42nd St, NW</item>
						<item>Entry Floor Number: 1</item>
						<item>Location Type: Urban</item>
						<item>Transportation: Metro/Subway Station less than 1 mile, Bus Stop less than 1 mile, Airport less than 10 miles</item>
					</item>
				</item>
			</item>
		</item>
	</property_details>
	<public_facts>
		<Beds>4</Beds>
		<Baths>2.5</Baths>
		<Finished_Sq._Ft.>1,216</Finished_Sq._Ft.>
		<Unfinished_Sq._Ft.>—</Unfinished_Sq._Ft.>
		<Total_Sq._Ft.>1,216</Total_Sq._Ft.>
		<Stories>2</Stories>
		<Lot_Size>2,594 Sq. Ft.</Lot_Size>
		<Style>Townhouse</Style>
		<Year_Built>1926</Year_Built>
		<Year_Renovated>1998</Year_Renovated>
		<County>District of Columbia</County>
		<APN>1742    0078</APN>
	</public_facts>
</home>
