<?xml version="1.0" ?>
<home>
	<HomeInfo_Address>
		<street-address>5410 Connecticut Ave NW #517 </street-address>
		<locality>Washington, </locality>
		<region>DC</region>
		<postal-code>20015</postal-code>
	</HomeInfo_Address>
	<main_stats>
		<Price>$289,000</Price>
		<Bed>1</Bed>
		<Bath>1</Bath>
		<key name="$333 / Sq. Ft.">867</key>
	</main_stats>
	<text_base_description>Welcome to the Stylish 1 BR/ 1 BA Condo in the Well Managed  &amp;  Maintained 166-unit Mid Century Modern  Garfield Condominium. Condo Fee Includes All Utilities:  Gas, Electricity, Water  &amp;  Sewer, Trash/Recycling and Snow Removal; as well as the Many Building Amenities:  24/7 Front Desk/Concierge, On -Site Manager, Amazing Roof Deck, Gym, Meeting Room, Laundry Room and  2 Elevators. Fully Renovated Large 867 Sq foot Unit, this Unit has an Abundance of  Windows  &amp;  Closets as well as Wall Space and Built-Ins Ideal for Displaying Artwork. Appealing Floor Plan and Define Spaces in the Living and Dinning Areas. *  * Newly Updated Kitchen *  * Stainless Steel Appliances *  * Premium Fully Renovated Bathroom  *  * Gleaming  Engineered Hardwood Floors *  * Tons of Storage Space *  *  Located in the Premium Tier on the quiet side of the building with Large Windows throughout filling the Home with Natural Light. Super convenient Location Just Blocks From the Many Shopping, Dining, &amp;  Community Amenities of Chevy Chase DC -- Over 50 Opportunities to &quot;Shop Local&quot; along Connecticut Ave. And, the Friendship Heights Metro and the Surrounding Shops and Restaurants are Only 5 blocks away. The Garfield has a No Pet Policy. Call  Showing Contact for Combo Code.  </text_base_description>
	<listed_by>
		<name>sreedhar Maram</name>
		<org> • Maram Realty LLC </org>
	</listed_by>
	<price_insights>
		<List_Price>$289,000</List_Price>
		<Est._Mo._Payment>$1,260</Est._Mo._Payment>
		<Redfin_Estimate>$282,946</Redfin_Estimate>
		<key name="Price/Sq.Ft.">$333</key>
	</price_insights>
	<home_facts>
		<Status>Active</Status>
		<Time_on_Redfin>200 days</Time_on_Redfin>
		<HOA_Dues>$758/month</HOA_Dues>
		<Year_Built>1957</Year_Built>
		<Style>Contemporary</Style>
		<Community>CHEVY CHASE</Community>
		<key name="MLS#">DCDC461330</key>
	</home_facts>
	<property_details>
		<item>
			<item>Interior Features</item>
			<item>
				<item>
					<item>Bedroom Information</item>
					<item>
						<item># of Bedrooms On Main Level: 1</item>
					</item>
				</item>
				<item>
					<item>Bathroom Information</item>
					<item>
						<item># of Bathrooms (Full) On Main Level: 1</item>
						<item># of Bathrooms (Full): 1</item>
					</item>
				</item>
				<item>
					<item>Interior Information</item>
					<item>
						<item>Appliances: Stainless Steel Appliances, Refrigerator, Oven/Range - Gas, Built-In Microwave, Dishwasher, Disposal</item>
						<item>Flooring Type: Ceramic Tile, Hardwood</item>
						<item>Not Furnished</item>
						<item>Interior Features: Wood Floors, Dining Area, Kitchen - Gourmet</item>
						<item>Living Area Sq.Ft. Source: Assessor</item>
					</item>
				</item>
				<item>
					<item>Room Information</item>
					<item>
						<item>Living Room, Dining Room, Kitchen, Bedroom 1, Bathroom 1</item>
						<item>Laundry Type: Common, Shared</item>
					</item>
				</item>
			</item>
		</item>
		<item>
			<item>Parking / Garage, Homeowners Association, School / Neighborhood, Utilities</item>
			<item>
				<item>
					<item>Parking Information</item>
					<item>
						<item>On Street</item>
					</item>
				</item>
				<item>
					<item>Homeowners Association Information</item>
					<item>
						<item>Condo/Coop Fee: $758</item>
						<item>Condo/Coop Fee Frequency: Monthly</item>
						<item>HOA/Condo/Coop Fee Includes: Common Area Maintenance, Electricity, Gas, Heat, Sewer, Trash, Water, Ext Bldg Maint, Insurance, Management, Reserve Funds</item>
						<item>HOA/Condo/Coop Amenities: Exercise Room, Elevator, Laundry Facilities, Meeting Room, Concierge</item>
					</item>
				</item>
				<item>
					<item>School Information</item>
					<item>
						<item>School District Name: DISTRICT OF COLUMBIA PUBLIC SCHOOLS</item>
						<item>School District Source: Listing Agent</item>
					</item>
				</item>
				<item>
					<item>Utilities Information</item>
					<item>
						<item>Central Air</item>
						<item>Cooling Type: Central A/C, Wall Unit</item>
						<item>Cooling Fuel: Electric</item>
						<item>Forced Air</item>
						<item>Heating Fuel: Natural Gas</item>
						<item>Hot Water: Natural Gas</item>
						<item>Sewer Septic: Public Septic, Public Sewer</item>
					</item>
				</item>
			</item>
		</item>
		<item>
			<item>Taxes / Assessments</item>
			<item>
				<item>
					<item>Tax Information</item>
					<item>
						<item>City/Town Tax: $2,453</item>
						<item>Tax Assessed Value: $305,150</item>
						<item>Tax Year: 2019</item>
						<item>Tax Annual Amount: $2,453</item>
					</item>
				</item>
				<item>
					<item>Assessments Information</item>
					<item>
						<item>Year Assessed: 2019</item>
					</item>
				</item>
			</item>
		</item>
		<item>
			<item>Lease / Rent Details, Location Details</item>
			<item>
				<item>
					<item>Lease Information</item>
					<item>
						<item>Lease Considered: No</item>
					</item>
				</item>
				<item>
					<item>Location Information</item>
					<item>
						<item>In City Limits</item>
						<item>Directions: Take the ramp onto SR 301 $south Turn left onto Lagrange Road (SR 301) Continue onto Lattasburg-Elyria Road (SR 301). Turn right onto Diagonal Road. Turn left onto Whitehead Road43. You have arrived at your destination, on the right</item>
						<item>Entry Floor Number: 5</item>
					</item>
				</item>
			</item>
		</item>
		<item>
			<item>Property / Lot Details</item>
			<item>
				<item>
					<item>Property Information</item>
					<item>
						<item>Not Federal Flood Zone</item>
						<item>Property Manager Present</item>
						<item>Total Below Grade Sq. Ft.: 0</item>
						<item>Accessibility Features: Elevator</item>
						<item>Horse: No</item>
						<item>Improvement Assessed Value: $213,610</item>
						<item>Ownership Interest: Condominium</item>
						<item>Property Condition: Very Good</item>
						<item>Year Built Source: Assessor</item>
						<item>Year Major Reno/Remodel: 2019</item>
					</item>
				</item>
				<item>
					<item>Building Information</item>
					<item>
						<item>Unit Building Type: Hi-Rise 9+ Floors</item>
						<item>Building Name: CHEVY CHASE</item>
						<item>Construction Materials: Brick, Concrete</item>
						<item>Other Structures: Above Grade, Below Grade</item>
						<item>Pets Allowed: No</item>
						<item>Structure Type: Unit/Flat</item>
						<item>Window Features: Double Pane</item>
					</item>
				</item>
				<item>
					<item>Lot Information</item>
					<item>
						<item>Tidal Water: No</item>
					</item>
				</item>
				<item>
					<item>Land Information</item>
					<item>
						<item>Land Assessed Value: $91,540</item>
					</item>
				</item>
				<item>
					<item>Above Grade Information</item>
					<item>
						<item>Finished Sq.Ft.: 867</item>
						<item>Finished Sq.Ft. Source: Assessor</item>
					</item>
				</item>
				<item>
					<item>Below Grade Information</item>
					<item>
						<item>Unfinished Sq.Ft. Source: Assessor</item>
						<item>Finished Sq.Ft. Source: Assessor</item>
					</item>
				</item>
			</item>
		</item>
	</property_details>
	<public_facts>
		<Beds>1</Beds>
		<Baths>1</Baths>
		<Finished_Sq._Ft.>—</Finished_Sq._Ft.>
		<Unfinished_Sq._Ft.>—</Unfinished_Sq._Ft.>
		<Total_Sq._Ft.>867</Total_Sq._Ft.>
		<Stories>—</Stories>
		<Lot_Size>—</Lot_Size>
		<Style>Condo/Co-op</Style>
		<Year_Built>1957</Year_Built>
		<Year_Renovated>1978</Year_Renovated>
		<County>District of Columbia</County>
		<APN>1857    2088</APN>
	</public_facts>
</home>
