<?xml version="1.0" ?>
<home>
	<HomeInfo_Address>
		<street-address>5410 Connecticut Ave NW #911 </street-address>
		<locality>Washington, </locality>
		<region>DC</region>
		<postal-code>20015</postal-code>
	</HomeInfo_Address>
	<main_stats>
		<Price>$300,000</Price>
		<Bed>1</Bed>
		<Bath>1</Bath>
		<key name="$364 / Sq. Ft.">825</key>
	</main_stats>
	<text_base_description>This expansive one bedroom plus den checks every box for someone who needs to work from home. The apartment offers an extremely large and open dining room, living room with room for a work space. There is an additional den which offers an office or another workspace. The kitchen and bath have both been renovated and the entire home has hardwood floors. There are large closets throughout so storage won't be an issue, especially with an additional storage room down the hall. The large corner unit offers two exposures so that you'll enjoy light from every room. This is a wonderful full service high-rise that covers all utilities, has a gym, front deck and a beautiful roof deck. There are also no rental restrictions!  All this just a block from &quot;The Avenue&quot; with all of Chevy Chases favorite restaurants and stores.  </text_base_description>
	<listed_by>
		<name>Jennifer Knoll</name>
		<org> • Compass </org>
	</listed_by>
	<price_insights>
		<List_Price>$300,000</List_Price>
		<Est._Mo._Payment>$1,300</Est._Mo._Payment>
		<key name="Price/Sq.Ft.">$364</key>
	</price_insights>
	<home_facts>
		<Status>Active</Status>
		<Time_on_Redfin>22 days</Time_on_Redfin>
		<HOA_Dues>$765/month</HOA_Dues>
		<Year_Built>1957</Year_Built>
		<Style>Condo/Unit</Style>
		<Community>CHEVY CHASE</Community>
		<key name="MLS#">DCDC484658</key>
	</home_facts>
	<property_details>
		<item>
			<item>Virtual Tour, Parking / Garage, Homeowners Association, School / Neighborhood</item>
			<item>
				<item>
					<item>Virtual Tour</item>
					<item>
						<item>Virtual Tour Unbranded (External Link)</item>
					</item>
				</item>
				<item>
					<item>Parking Information</item>
					<item>
						<item>On-site - Rent</item>
						<item>Other</item>
					</item>
				</item>
				<item>
					<item>Homeowners Association Information</item>
					<item>
						<item>Condo/Coop Fee: $765</item>
						<item>Condo/Coop Fee Frequency: Monthly</item>
						<item>HOA/Condo/Coop Fee Includes: Air Conditioning, Common Area Maintenance, Electricity, Ext Bldg Maint, Gas, Heat, Insurance, Management, Reserve Funds, Sewer, Snow Removal, Trash, Water</item>
						<item>HOA/Condo/Coop Amenities: Fitness Center, Common Grounds, Concierge</item>
					</item>
				</item>
				<item>
					<item>School Information</item>
					<item>
						<item>School District Name: DISTRICT OF COLUMBIA PUBLIC SCHOOLS</item>
						<item>School District Source: Listing Agent</item>
					</item>
				</item>
			</item>
		</item>
		<item>
			<item>Interior Features</item>
			<item>
				<item>
					<item>Bedroom Information</item>
					<item>
						<item># of Bedrooms On Main Level: 1</item>
					</item>
				</item>
				<item>
					<item>Bathroom Information</item>
					<item>
						<item># of Bathrooms (Full) On Main Level: 1</item>
						<item># of Bathrooms (Full): 1</item>
					</item>
				</item>
				<item>
					<item>Interior Information</item>
					<item>
						<item>Living Area Sq.Ft. Source: Estimated</item>
					</item>
				</item>
				<item>
					<item>Room Information</item>
					<item>
						<item>Den</item>
					</item>
				</item>
			</item>
		</item>
		<item>
			<item>Utilities, Location Details</item>
			<item>
				<item>
					<item>Utilities Information</item>
					<item>
						<item>Cooling Type: Heat Pump(s)</item>
						<item>Cooling Fuel: Electric</item>
						<item>Heat Pump(s)</item>
						<item>Heating Fuel: Electric</item>
						<item>Hot Water: Natural Gas</item>
						<item>Sewer Septic: Public Sewer</item>
						<item>Water Source: Public</item>
					</item>
				</item>
				<item>
					<item>Location Information</item>
					<item>
						<item>In City Limits</item>
						<item>Directions: Head northwest on Connecticut Ave NW toward Military Rd NW. Just past Military Rd NW, destination will be on the left. </item>
						<item>Entry Floor Number: 9</item>
					</item>
				</item>
			</item>
		</item>
		<item>
			<item>Taxes / Assessments</item>
			<item>
				<item>
					<item>Tax Information</item>
					<item>
						<item>City/Town Tax: $2,457</item>
						<item>Tax Assessed Value: $305,230</item>
						<item>Tax Year: 2019</item>
						<item>Tax Annual Amount: $2,457</item>
					</item>
				</item>
				<item>
					<item>Assessments Information</item>
					<item>
						<item>Year Assessed: 2019</item>
					</item>
				</item>
			</item>
		</item>
		<item>
			<item>Property / Lot Details</item>
			<item>
				<item>
					<item>Property Information</item>
					<item>
						<item>Total Below Grade Sq. Ft.: 0</item>
						<item>Accessibility Features: Elevator</item>
						<item>Improvement Assessed Value: $213,660</item>
						<item>Ownership Interest: Condominium</item>
						<item>Year Built Source: Assessor</item>
					</item>
				</item>
				<item>
					<item>Building Information</item>
					<item>
						<item>Unit Building Type: Hi-Rise 9+ Floors</item>
						<item>Building Name: CHEVY CHASE</item>
						<item>Construction Materials: Combination</item>
						<item>Other Structures: Above Grade, Below Grade</item>
						<item>Pets Allowed: No</item>
						<item>Structure Type: Unit/Flat</item>
					</item>
				</item>
				<item>
					<item>Lot Information</item>
					<item>
						<item>Tidal Water: No</item>
					</item>
				</item>
				<item>
					<item>Land Information</item>
					<item>
						<item>Land Assessed Value: $91,570</item>
						<item>Soil Types: Manor-Gleneig</item>
					</item>
				</item>
				<item>
					<item>Above Grade Information</item>
					<item>
						<item>Finished Sq.Ft.: 825</item>
						<item>Finished Sq.Ft. Source: Estimated</item>
					</item>
				</item>
				<item>
					<item>Below Grade Information</item>
					<item>
						<item>Unfinished Sq.Ft. Source: Assessor</item>
						<item>Finished Sq.Ft. Source: Assessor</item>
					</item>
				</item>
			</item>
		</item>
	</property_details>
	<public_facts>
		<Beds>1</Beds>
		<Baths>1</Baths>
		<Finished_Sq._Ft.>—</Finished_Sq._Ft.>
		<Unfinished_Sq._Ft.>—</Unfinished_Sq._Ft.>
		<Total_Sq._Ft.>808</Total_Sq._Ft.>
		<Stories>—</Stories>
		<Lot_Size>—</Lot_Size>
		<Style>Condo/Co-op</Style>
		<Year_Built>1957</Year_Built>
		<Year_Renovated>1978</Year_Renovated>
		<County>District of Columbia</County>
		<APN>1857    2158</APN>
	</public_facts>
</home>
