<?xml version="1.0" ?>
<home>
	<HomeInfo_Address>
		<street-address>5431 Connecticut Ave NW #2 </street-address>
		<locality>Washington, </locality>
		<region>DC</region>
		<postal-code>20015</postal-code>
	</HomeInfo_Address>
	<main_stats>
		<Price>$399,950</Price>
		<Beds>2</Beds>
		<Bath>1</Bath>
		<key name="$487 / Sq. Ft.">821</key>
	</main_stats>
	<text_base_description>Stunning  &amp;  spacious updated two bedroom one bath unit with separately deeded parking space included. Hardwood floors throughout  &amp;  multiple windows bring the unit to life. One of the few units in the building to have in-unit washer/dryer. The updated galley kitchen boasts gas cooking, granite countertops, stainless steel appliances, and even a charming window. Lots of closets make organizing a breeze. ALL UTILITIES included in the condo fee, only pay for cable/internet. Large parking space located behind the unit. Just a few steps to Safeway grocery store, additional shopping, dining, and entertainment amenities of Chevy Chase and Friendship Heights. Pet-friendly building, just 15 minutes to Friendship Heights Red Line metro! HPAP WELCOME! </text_base_description>
	<listed_by>
		<name>Chris Chambers</name>
		<org> • The ONE Street Company </org>
	</listed_by>
	<price_insights>
		<List_Price>$399,950</List_Price>
		<Est._Mo._Payment>$1,647</Est._Mo._Payment>
		<Redfin_Estimate>$393,177</Redfin_Estimate>
		<key name="Price/Sq.Ft.">$487</key>
	</price_insights>
	<home_facts>
		<Status>Active</Status>
		<Time_on_Redfin>106 days</Time_on_Redfin>
		<HOA_Dues>$527/month</HOA_Dues>
		<Year_Built>1956</Year_Built>
		<Style>Traditional</Style>
		<Community>CHEVY CHASE</Community>
		<key name="MLS#">DCDC469500</key>
	</home_facts>
	<property_details>
		<item>
			<item>Virtual Tour, Parking / Garage, Homeowners Association, School / Neighborhood</item>
			<item>
				<item>
					<item>Virtual Tour</item>
					<item>
						<item>Virtual Tour Unbranded (External Link)</item>
					</item>
				</item>
				<item>
					<item>Parking Information</item>
					<item>
						<item># of Total Garage and Parking Spaces: 1</item>
						<item># of Assigned Spaces: 1</item>
						<item>Assigned Parking Space Number(s): P14</item>
						<item>Parking Lot - # of Spaces: 1</item>
						<item>Assigned</item>
						<item>Parking Lot</item>
					</item>
				</item>
				<item>
					<item>Homeowners Association Information</item>
					<item>
						<item>Condo/Coop Fee: $527.96</item>
						<item>Condo/Coop Fee Frequency: Monthly</item>
						<item>HOA/Condo/Coop Management Type: Professional - Off-site</item>
						<item>HOA/Condo/Coop Fee Includes: Air Conditioning, Common Area Maintenance, Custodial Services Maintenance, Electricity, Gas, Heat, Insurance, Lawn Maintenance, Management, Reserve Funds, Sewer, Trash, Water</item>
						<item>HOA/Condo/Coop Amenities: Elevator, Laundry Facilities</item>
					</item>
				</item>
				<item>
					<item>School Information</item>
					<item>
						<item>School District Name: DISTRICT OF COLUMBIA PUBLIC SCHOOLS</item>
						<item>School District Source: Listing Agent</item>
					</item>
				</item>
			</item>
		</item>
		<item>
			<item>Interior Features</item>
			<item>
				<item>
					<item>Bedroom Information</item>
					<item>
						<item># of Bedrooms On Main Level: 2</item>
					</item>
				</item>
				<item>
					<item>Bathroom Information</item>
					<item>
						<item># of Bathrooms (Full) On Main Level: 1</item>
						<item># of Bathrooms (Full): 1</item>
					</item>
				</item>
				<item>
					<item>Interior Information</item>
					<item>
						<item>Appliances: Built-In Microwave</item>
						<item>Common Walls: 1 Common Wall</item>
						<item>Flooring Type: Hardwood</item>
						<item>Interior Features: Combination Dining/Living, Dining Area, Floor Plan - Open, Kitchen - Galley, Tub Shower, Wood Floors</item>
						<item>Living Area Sq.Ft. Source: Assessor</item>
					</item>
				</item>
			</item>
		</item>
		<item>
			<item>Utilities, Location Details</item>
			<item>
				<item>
					<item>Utilities Information</item>
					<item>
						<item>Central Air</item>
						<item>Cooling Type: Central A/C</item>
						<item>Cooling Fuel: Electric</item>
						<item>Central</item>
						<item>Heating Fuel: Electric</item>
						<item>Hot Water: Other</item>
						<item>Sewer Septic: Public Sewer</item>
						<item>Water Source: Public</item>
					</item>
				</item>
				<item>
					<item>Location Information</item>
					<item>
						<item>In City Limits</item>
						<item>Directions: Google</item>
						<item>Entry Floor Number: 1</item>
					</item>
				</item>
			</item>
		</item>
		<item>
			<item>Taxes / Assessments</item>
			<item>
				<item>
					<item>Tax Information</item>
					<item>
						<item>Agricultural Tax Due: No</item>
						<item>City/Town Tax: $2,243</item>
						<item>Tax Assessed Value: $338,960</item>
						<item>Tax Year: 2019</item>
						<item>Tax Annual Amount: $2,243</item>
					</item>
				</item>
				<item>
					<item>Assessments Information</item>
					<item>
						<item>Year Assessed: 2019</item>
					</item>
				</item>
			</item>
		</item>
		<item>
			<item>Property / Lot Details</item>
			<item>
				<item>
					<item>Property Information</item>
					<item>
						<item>Property Manager Present</item>
						<item>Total Below Grade Sq. Ft.: 0</item>
						<item>Horse: No</item>
						<item>Improvement Assessed Value: $237,270</item>
						<item>Ownership Interest: Condominium</item>
						<item>Property Condition: Excellent</item>
						<item>Year Built Source: Assessor</item>
					</item>
				</item>
				<item>
					<item>Building Information</item>
					<item>
						<item>Unit Building Type: Garden 1 - 4 Floors</item>
						<item>Building Name: CHEVY CHASE</item>
						<item>Construction Materials: Brick</item>
						<item>Other Structures: Above Grade, Below Grade</item>
						<item>Structure Type: Unit/Flat</item>
					</item>
				</item>
				<item>
					<item>Lot Information</item>
					<item>
						<item>Tidal Water: No</item>
					</item>
				</item>
				<item>
					<item>Land Information</item>
					<item>
						<item>Land Assessed Value: $101,690</item>
					</item>
				</item>
				<item>
					<item>Above Grade Information</item>
					<item>
						<item>Finished Sq.Ft.: 821</item>
						<item>Finished Sq.Ft. Source: Assessor</item>
					</item>
				</item>
				<item>
					<item>Below Grade Information</item>
					<item>
						<item>Unfinished Sq.Ft. Source: Assessor</item>
						<item>Finished Sq.Ft. Source: Assessor</item>
					</item>
				</item>
			</item>
		</item>
	</property_details>
	<public_facts>
		<Beds>2</Beds>
		<Baths>1</Baths>
		<Finished_Sq._Ft.>—</Finished_Sq._Ft.>
		<Unfinished_Sq._Ft.>—</Unfinished_Sq._Ft.>
		<Total_Sq._Ft.>821</Total_Sq._Ft.>
		<Stories>—</Stories>
		<Lot_Size>—</Lot_Size>
		<Style>Condo/Co-op</Style>
		<Year_Built>1956</Year_Built>
		<Year_Renovated>1987</Year_Renovated>
		<County>District of Columbia</County>
		<APN>1869    2002</APN>
	</public_facts>
</home>
