<?xml version="1.0" ?>
<home>
	<HomeInfo_Address>
		<street-address>5320 27th St NW </street-address>
		<locality>Washington, </locality>
		<region>DC</region>
		<postal-code>20015</postal-code>
	</HomeInfo_Address>
	<main_stats>
		<Price>$11,750,000</Price>
		<Beds>5</Beds>
		<Baths>8</Baths>
		<key name="$1028 / Sq. Ft.">11,434</key>
	</main_stats>
	<text_base_description>Ninety years after it was built in one of Washington's finest neighborhoods at the edge of Rock Creek Park, this grand old estate has only improved with age, thanks to Georgetown architect George Stavropoulos' thorough, 21st-century renovation and expansion that more than doubled its size. But make no mistake: its historical roots are central to the design, because the original owners ran a prominent construction business and built the home using only the best materials available. Hence, the modern side additions are clad with slate roofs and 12-inch-thick Vermont granite to match the original structure. The decorative plasterwork, intricate trim, ornate fireplaces and fine wood paneling are restored to their Roaring Twenties grandeur. But unlike those days, it now boasts luxury en-suite bathrooms with every bedroom, a movie theater and walk-in wine cellar~and a kitchen to rival any of today's best. From inside out, this special home wears the gracious beauty of its past while its infrastructure and amenities befit an active family that lives fully in the present. THERE ARE TWO LOTS: 0825 and 0823. TOTAL LOT SIZE IS 1.31 ACRES. SEE DOCUMENTS FOR THE TWO TAX RECORDS.  </text_base_description>
	<listed_by>
		<name>Patrick Chauvin</name>
		<org> • Compass </org>
	</listed_by>
	<price_insights>
		<List_Price>$11,750,000</List_Price>
		<Est._Mo._Payment>$46,791</Est._Mo._Payment>
		<Redfin_Estimate>$9,716,572</Redfin_Estimate>
		<key name="Price/Sq.Ft.">$1,028</key>
	</price_insights>
	<home_facts>
		<Status>Active</Status>
		<Time_on_Redfin>374 days</Time_on_Redfin>
		<Baths>5 full, 3 partial</Baths>
		<Year_Built>1928</Year_Built>
		<Style>Colonial</Style>
		<Community>CHEVY CHASE</Community>
		<Lot_Size>1.31 Acres</Lot_Size>
		<key name="MLS#">DCDC440880</key>
	</home_facts>
	<property_details>
		<item>
			<item>Interior Features</item>
			<item>
				<item>
					<item>Bedroom Information</item>
					<item>
						<item># of Bedrooms On 1st Upper Level: 3</item>
						<item># of Bedrooms On 2nd Upper Level: 1</item>
						<item># of Bedrooms On 1st Lower Level: 1</item>
					</item>
				</item>
				<item>
					<item>Bathroom Information</item>
					<item>
						<item># of Bathrooms (Full) On 1st Upper Level: 3</item>
						<item># of Bathrooms (Full) On 2nd Upper Level: 1</item>
						<item># of Bathrooms (Half) On Main Level: 2</item>
						<item># of Bathrooms (Half) On 1st Lower Level: 1</item>
						<item># of Bathrooms (Full) On 1st Lower Level: 1</item>
						<item># of Bathrooms (Full) On All Upper Levels: 4</item>
						<item># of Bathrooms (Half) On All Lower Levels: 1</item>
						<item># of Bathrooms (Full) On All Lower Levels: 1</item>
						<item># of Bathrooms (Half): 3</item>
						<item># of Bathrooms (Full): 5</item>
					</item>
				</item>
				<item>
					<item>Interior Information</item>
					<item>
						<item>Interior Features: Breakfast Area, Built-Ins, Crown Moldings, Family Room Off Kitchen, Exposed Beams, Floor Plan - Traditional, Formal/Separate Dining Room, Kitchen - Gourmet, Kitchen - Island, Master Bath(s), Recessed Lighting, Soaking Tub, Walk-in Closet(s), Wet/Dry Bar, Wood Floors</item>
						<item>Living Area Sq.Ft. Source: Assessor</item>
					</item>
				</item>
				<item>
					<item>Room Information</item>
					<item>
						<item>Living Room, Dining Room, Sitting Room, Kitchen, Family Room, Library, Foyer, Breakfast Room, Exercise Room, Great Room, Loft, Office, Solarium, Storage Room, Media Room</item>
					</item>
				</item>
				<item>
					<item>Fireplace Information</item>
					<item>
						<item>Has Fireplace</item>
						<item># of Fireplaces: 2</item>
					</item>
				</item>
				<item>
					<item>Basement Information</item>
					<item>
						<item>Connecting Stairway, Fully Finished, Interior Access, Outside Entrance, Walkout Level</item>
					</item>
				</item>
			</item>
		</item>
		<item>
			<item>Parking / Garage, School / Neighborhood, Utilities, Location Details</item>
			<item>
				<item>
					<item>Parking Information</item>
					<item>
						<item># of Attached Garage Spaces: 2</item>
						<item># of Attached Carport Spaces: 1</item>
						<item>Garage Features: Garage - Side Entry</item>
						<item># of Total Garage and Parking Spaces: 3</item>
						<item># of Carport Spaces: 1</item>
						<item>Has Garage</item>
						<item># of Garage Spaces: 2</item>
						<item>Circular Driveway</item>
						<item>Attached Carport, Attached Garage, Driveway</item>
					</item>
				</item>
				<item>
					<item>School Information</item>
					<item>
						<item>School District Name: DISTRICT OF COLUMBIA PUBLIC SCHOOLS</item>
						<item>School District Source: Listing Agent</item>
					</item>
				</item>
				<item>
					<item>Utilities Information</item>
					<item>
						<item>Central Air</item>
						<item>Cooling Type: Central A/C</item>
						<item>Cooling Fuel: Electric</item>
						<item>Forced Air, Radiator</item>
						<item>Heating Fuel: Natural Gas</item>
						<item>Sewer Septic: Public Sewer</item>
						<item>Water Source: Public</item>
					</item>
				</item>
				<item>
					<item>Location Information</item>
					<item>
						<item>In City Limits</item>
						<item>Directions: Wisconsin Ave north to a right on Tenley Circle. Stay straight to go onto Nebraska Ave. Right on Military Road. Right on 27th Street to 5320 on the right. </item>
					</item>
				</item>
			</item>
		</item>
		<item>
			<item>Taxes / Assessments</item>
			<item>
				<item>
					<item>Tax Information</item>
					<item>
						<item>City/Town Tax: $46,581</item>
						<item>Tax Assessed Value: $5,461,300</item>
						<item>Tax Year: 2019</item>
						<item>Tax Annual Amount: $46,581</item>
					</item>
				</item>
				<item>
					<item>Assessments Information</item>
					<item>
						<item>Year Assessed: 2019</item>
					</item>
				</item>
			</item>
		</item>
		<item>
			<item>Property / Lot Details</item>
			<item>
				<item>
					<item>Property Information</item>
					<item>
						<item>Total Below Grade Sq. Ft.: 3412</item>
						<item>Historic</item>
						<item>Improvement Assessed Value: $4,808,000</item>
						<item>Ownership Interest: Fee Simple</item>
						<item>Property Condition: Very Good</item>
						<item>Year Built Source: Assessor</item>
					</item>
				</item>
				<item>
					<item>Building Information</item>
					<item>
						<item>Construction Materials: Stone</item>
						<item>Other Structures: Above Grade, Below Grade</item>
						<item>Outdoor Living Structures: Balcony, Patio(s), Terrace</item>
						<item>Structure Type: Detached</item>
					</item>
				</item>
				<item>
					<item>Exterior Information</item>
					<item>
						<item>Extensive Hardscape, Exterior Lighting, Tennis Court(s)</item>
					</item>
				</item>
				<item>
					<item>Pool Information</item>
					<item>
						<item>Personal Pool</item>
						<item>Heated, In Ground</item>
					</item>
				</item>
				<item>
					<item>Lot Information</item>
					<item>
						<item>Lot Size Dimensions: Check tax records - there are two lots (0823 and 0825)</item>
						<item>Tidal Water: No</item>
					</item>
				</item>
				<item>
					<item>Land Information</item>
					<item>
						<item>Additional Parcels</item>
						<item>Additional Parcels Description: See public records - Lots 0823 and 0825.</item>
						<item>Land Assessed Value: $653,300</item>
						<item>Soil Types: Urban Land-Brandywine</item>
					</item>
				</item>
				<item>
					<item>Above Grade Information</item>
					<item>
						<item>Finished Sq.Ft.: 9,470</item>
						<item>Finished Sq.Ft. Source: Assessor</item>
					</item>
				</item>
				<item>
					<item>Below Grade Information</item>
					<item>
						<item>Unfinished Sq.Ft.: 1,448</item>
						<item>Unfinished Sq.Ft. Source: Assessor</item>
						<item>Finished Sq.Ft.: 1,964</item>
						<item>Finished Sq.Ft. Source: Assessor</item>
					</item>
				</item>
			</item>
		</item>
	</property_details>
	<public_facts>
		<Beds>5</Beds>
		<Baths>6.5</Baths>
		<Finished_Sq._Ft.>9,470</Finished_Sq._Ft.>
		<Unfinished_Sq._Ft.>—</Unfinished_Sq._Ft.>
		<Total_Sq._Ft.>9,470</Total_Sq._Ft.>
		<Stories>2.5</Stories>
		<Lot_Size>1.06 Acres</Lot_Size>
		<Style>Single Family Residential</Style>
		<Year_Built>1928</Year_Built>
		<Year_Renovated>2002</Year_Renovated>
		<County>District of Columbia</County>
		<APN>2292    0823</APN>
	</public_facts>
</home>
