<?xml version="1.0" ?>
<home>
	<HomeInfo_Address>
		<street-address>2732 Mckinley St NW </street-address>
		<locality>Washington, </locality>
		<region>DC</region>
		<postal-code>20015</postal-code>
	</HomeInfo_Address>
	<main_stats>
		<Price>$2,999,000</Price>
		<Beds>6</Beds>
		<Baths>5.5</Baths>
		<key name="$373 / Sq. Ft.">8,035</key>
	</main_stats>
	<text_base_description>Expansive, new, upscale home located on a quiet cul-de-sac in Chevy Chase, DC. Contemporary design and meticulous construction distinguish this special property, creating the perfect harmony between luxury and comfort for superior livability, both in today's environment and for years to come. Versatile spaces including six bedrooms and five and a half baths across three above-grade levels, with 10-foot ceilings throughout, offer room to congregate and to separate, providing areas to work and to play for every generation. On the main level, a grand two-story entry foyer sets the tone of the home's tailored modern aesthetic. A gourmet kitchen with a large island flows to an open dining area and family room. This level has a private office, a temperature-controlled wine room, a mudroom adjacent to an ample two-car garage, and a bedroom suite with a full bath. The main level (itself a total of 2,630 square feet) has no steps, ramp entry from the garage, a curb-less shower and a large bedroom suite make it perfect for multi-generational living or aging in place. On the second level, a spacious, airy sitting area overlooks the entry foyer and offers abundant light. Also on this level are a generous owner suite with dual walk-in closets and a spa-like bath; a laundry room; two additional bedrooms sharing a Jack and Jill bath; a fifth bedroom with walk-in closet and attached bath; and a large storage closet. The third level provides an enormous open play space with treetop views, a media room, bedroom six, plus a full bath. The exterior has a grilling patio with a built-in natural gas grill and stainless steel cabinetry, perfect for entertaining and enjoying dinners al fresco. With over 8,000 square feet of finished living space (over 8,500 square feet total), set on an 11,823 square foot lot, this majestic home provides suburban-scale living in a peaceful setting without sacrificing the conveniences of city living. *  *  Be sure to View Video Tour *  *  </text_base_description>
	<listed_by>
		<name>Mary Lynn White</name>
		<org> • Compass </org>
	</listed_by>
	<price_insights>
		<List_Price>$2,999,000</List_Price>
		<Est._Mo._Payment>$11,604</Est._Mo._Payment>
		<Redfin_Estimate>$2,959,229</Redfin_Estimate>
		<key name="Price/Sq.Ft.">$373</key>
	</price_insights>
	<home_facts>
		<Status>Active</Status>
		<Time_on_Redfin>29 days</Time_on_Redfin>
		<Year_Built>2020</Year_Built>
		<Community>CHEVY CHASE</Community>
		<Lot_Size>0.27 Acres</Lot_Size>
		<key name="MLS#">DCDC480218</key>
	</home_facts>
	<property_details>
		<item>
			<item>Virtual Tour, Parking / Garage, School / Neighborhood, Utilities</item>
			<item>
				<item>
					<item>Virtual Tour</item>
					<item>
						<item>Virtual Tour Unbranded (External Link)</item>
					</item>
				</item>
				<item>
					<item>Parking Information</item>
					<item>
						<item># of Attached Garage Spaces: 2</item>
						<item>Garage Features: Garage - Side Entry</item>
						<item># of Total Garage and Parking Spaces: 2</item>
						<item>Has Garage</item>
						<item># of Garage Spaces: 2</item>
						<item>Attached Garage</item>
					</item>
				</item>
				<item>
					<item>School Information</item>
					<item>
						<item>Elementary School: LAFAYETTE</item>
						<item>Middle Or Junior School: DEAL</item>
						<item>High School: WILSON SENIOR</item>
						<item>School District Name: DISTRICT OF COLUMBIA PUBLIC SCHOOLS</item>
						<item>Elementary School Source: 3rd Party</item>
						<item>Middle School Source: 3rd Party</item>
						<item>High School Source: 3rd Party</item>
						<item>School District Source: 3rd Party</item>
					</item>
				</item>
				<item>
					<item>Utilities Information</item>
					<item>
						<item>Central Air</item>
						<item>Cooling Type: Central A/C, Zoned</item>
						<item>Cooling Fuel: Electric</item>
						<item>Forced Air, Zoned</item>
						<item>Heating Fuel: Natural Gas</item>
						<item>Hot Water: Natural Gas, Tankless</item>
						<item>Sewer Septic: Public Sewer</item>
						<item>Water Source: Public</item>
					</item>
				</item>
			</item>
		</item>
		<item>
			<item>Interior Features</item>
			<item>
				<item>
					<item>Bedroom Information</item>
					<item>
						<item># of Bedrooms On 1st Upper Level: 4</item>
						<item># of Bedrooms On 2nd Upper Level: 1</item>
						<item># of Bedrooms On Main Level: 1</item>
					</item>
				</item>
				<item>
					<item>Bathroom Information</item>
					<item>
						<item># of Bathrooms (Full) On 1st Upper Level: 3</item>
						<item># of Bathrooms (Full) On 2nd Upper Level: 1</item>
						<item># of Bathrooms (Half) On Main Level: 1</item>
						<item># of Bathrooms (Full) On Main Level: 1</item>
						<item># of Bathrooms (Full) On All Upper Levels: 4</item>
						<item># of Bathrooms (Half): 1</item>
						<item># of Bathrooms (Full): 5</item>
					</item>
				</item>
				<item>
					<item>Interior Information</item>
					<item>
						<item>Appliances: Built-In Microwave, Dishwasher, Disposal, Dryer - Front Loading, Exhaust Fan, Icemaker, Microwave, Oven/Range - Gas, Range Hood, Refrigerator, Six Burner Stove, Stainless Steel Appliances, Washer - Front Loading, Water Heater - Tankless</item>
						<item>Door Features: Double Entry, Sliding Glass</item>
						<item>Flooring Type: Hardwood, Ceramic Tile</item>
						<item>Interior Features: Breakfast Area, Entry Level Bedroom, Floor Plan - Open, Kitchen - Eat-In, Kitchen - Gourmet, Kitchen - Island, Kitchen - Table Space, Master Bath(s), Recessed Lighting, Soaking Tub, Upgraded Countertops, Walk-in Closet(s), Wine Storage, Wood Floors, Built-Ins, CeilngFan(s), Skylight(s), Stall Shower, Other</item>
						<item>Living Area Sq.Ft. Source: Estimated</item>
						<item>Wall &amp; Ceiling Types: 9'+ Ceilings, Cathedral Ceilings, Wood Ceilings</item>
					</item>
				</item>
				<item>
					<item>Room Information</item>
					<item>
						<item>Living Room, Dining Room, Bedroom 3, Bedroom 4, Bedroom 5, Kitchen, Family Room, Library, Bedroom 1, Laundry, Mud Room, Office, Media Room, Bedroom 6, Bathroom 1, Master Bathroom, Half Bath</item>
						<item>Laundry Type: Upper Floor</item>
					</item>
				</item>
				<item>
					<item>Fireplace Information</item>
					<item>
						<item>Has Fireplace</item>
						<item># of Fireplaces: 2</item>
						<item>Gas/Propane</item>
					</item>
				</item>
			</item>
		</item>
		<item>
			<item>Taxes / Assessments, Location Details</item>
			<item>
				<item>
					<item>Tax Information</item>
					<item>
						<item>Tax Year: 2020</item>
					</item>
				</item>
				<item>
					<item>Location Information</item>
					<item>
						<item>Outside City Limits</item>
						<item>Directions: Out Nebraska, Right on Utah, Left on Mckinley</item>
					</item>
				</item>
			</item>
		</item>
		<item>
			<item>Property / Lot Details</item>
			<item>
				<item>
					<item>Property Information</item>
					<item>
						<item>Total Below Grade Sq. Ft.: 0</item>
						<item>Accessibility Features: Level Entry - Main, Low Closet Rods, Other Bath Mod, Roll-in Shower</item>
						<item>Ownership Interest: Fee Simple</item>
						<item>Property Condition: Excellent</item>
						<item>Year Built Source: Estimated</item>
					</item>
				</item>
				<item>
					<item>Building Information</item>
					<item>
						<item>Builder Name: WJ Developement, LLC</item>
						<item>Construction Completed</item>
						<item>Construction Materials: HardiPlank Type</item>
						<item>Main Entrance Orientation: Northwest</item>
						<item>Other Structures: Above Grade, Below Grade</item>
						<item>Roof: Metal, Shingle</item>
						<item>Structure Type: Detached</item>
						<item>Window Features: Double Pane, Energy Efficient, Skylights</item>
					</item>
				</item>
				<item>
					<item>Exterior Information</item>
					<item>
						<item>BBQ Grill, Exterior Lighting</item>
						<item>Fencing: Partially</item>
					</item>
				</item>
				<item>
					<item>Lot Information</item>
					<item>
						<item>Lot Features: Cul-de-sac, Front Yard, Level, Rear Yard</item>
						<item>Tidal Water: No</item>
					</item>
				</item>
				<item>
					<item>Land Information</item>
					<item>
						<item>Soil Types: Urban Land-Manor-Gleneig</item>
					</item>
				</item>
				<item>
					<item>Above Grade Information</item>
					<item>
						<item>Unfinished Sq.Ft.: 505</item>
						<item>Unfinished Sq.Ft. Source: Estimated</item>
						<item>Finished Sq.Ft.: 8,035</item>
						<item>Finished Sq.Ft. Source: Estimated</item>
					</item>
				</item>
				<item>
					<item>Below Grade Information</item>
					<item>
						<item>Unfinished Sq.Ft. Source: Assessor</item>
						<item>Finished Sq.Ft. Source: Assessor</item>
					</item>
				</item>
			</item>
		</item>
	</property_details>
	<public_facts>
		<Beds>4</Beds>
		<Baths>2</Baths>
		<Finished_Sq._Ft.>2,454</Finished_Sq._Ft.>
		<Unfinished_Sq._Ft.>—</Unfinished_Sq._Ft.>
		<Total_Sq._Ft.>2,454</Total_Sq._Ft.>
		<Stories>1</Stories>
		<Lot_Size>0.27 Acres</Lot_Size>
		<Style>Single Family Residential</Style>
		<Year_Built>1953</Year_Built>
		<Year_Renovated>—</Year_Renovated>
		<County>District of Columbia</County>
		<APN>2308    0007</APN>
	</public_facts>
</home>
