<?xml version="1.0" ?>
<home>
	<HomeInfo_Address>
		<street-address>6160 31st St NW </street-address>
		<locality>Washington, </locality>
		<region>DC</region>
		<postal-code>20015</postal-code>
	</HomeInfo_Address>
	<main_stats>
		<Price>$1,150,000</Price>
		<Beds>3</Beds>
		<Baths>3</Baths>
		<key name="$436 / Sq. Ft.">2,638</key>
	</main_stats>
	<text_base_description>Style and charm abound in this storybook brick colonial on a picturesque tree lined Chevy Chase block. Thoughtful renovations include a Gilday custom kitchen open to family room, generous living areas, finished basement with full bath, 3 bedrooms, 2 baths on 2nd floor, full 2 car garage w/ bonus loft storage space, all in turn-key condition. Newly installed features include roof with architectural shingles and expensive copper gutters, re-lined chimney flue, perimeter privacy fencing, professional landscaping. Other features include rear deck, custom moldings , recessed lighting, plantation shutters, beautiful hardwood floors  throughout house. Large  charming front porch.  </text_base_description>
	<listed_by>
		<name>Mary Cunningham</name>
		<org> • Washington Investment Properties, LLC </org>
	</listed_by>
	<price_insights>
		<List_Price>$1,150,000</List_Price>
		<Est._Mo._Payment>$4,848</Est._Mo._Payment>
		<Redfin_Estimate>$1,149,106</Redfin_Estimate>
		<key name="Price/Sq.Ft.">$436</key>
	</price_insights>
	<home_facts>
		<Status>Active</Status>
		<Time_on_Redfin>2 hours</Time_on_Redfin>
		<Year_Built>1934</Year_Built>
		<Style>Colonial</Style>
		<Community>CHEVY CHASE</Community>
		<Lot_Size>5,500 Sq. Ft.</Lot_Size>
		<key name="MLS#">DCDC488180</key>
	</home_facts>
	<property_details>
		<item>
			<item>Virtual Tour, Parking / Garage, School / Neighborhood, Utilities</item>
			<item>
				<item>
					<item>Virtual Tour</item>
					<item>
						<item>Virtual Tour Unbranded (External Link)</item>
					</item>
				</item>
				<item>
					<item>Parking Information</item>
					<item>
						<item># of Detached Garage Spaces: 2</item>
						<item>Garage Features: Additional Storage Area, Oversized, Garage Door Opener</item>
						<item># of Total Garage and Parking Spaces: 2</item>
						<item>Has Garage</item>
						<item># of Garage Spaces: 2</item>
						<item>Detached Garage</item>
					</item>
				</item>
				<item>
					<item>School Information</item>
					<item>
						<item>Elementary School: LAFAYETTE</item>
						<item>Middle Or Junior School: DEAL</item>
						<item>High School: WILSON SENIOR</item>
						<item>School District Name: DISTRICT OF COLUMBIA PUBLIC SCHOOLS</item>
						<item>Elementary School Source: 3rd Party</item>
						<item>Middle School Source: 3rd Party</item>
						<item>High School Source: 3rd Party</item>
						<item>School District Source: 3rd Party</item>
					</item>
				</item>
				<item>
					<item>Utilities Information</item>
					<item>
						<item>Central Air</item>
						<item>Cooling Type: Central A/C</item>
						<item>Cooling Fuel: Electric</item>
						<item>Forced Air</item>
						<item>Heating Fuel: Natural Gas</item>
						<item>Hot Water: Natural Gas</item>
						<item>Sewer Septic: Public Sewer</item>
						<item>Water Source: Public</item>
					</item>
				</item>
			</item>
		</item>
		<item>
			<item>Interior Features</item>
			<item>
				<item>
					<item>Bedroom Information</item>
					<item>
						<item># of Bedrooms On 1st Upper Level: 3</item>
					</item>
				</item>
				<item>
					<item>Bathroom Information</item>
					<item>
						<item># of Bathrooms (Full) On 1st Upper Level: 2</item>
						<item># of Bathrooms (Full) On 1st Lower Level: 1</item>
						<item># of Bathrooms (Full) On All Upper Levels: 2</item>
						<item># of Bathrooms (Full) On All Lower Levels: 1</item>
						<item># of Bathrooms (Full): 3</item>
					</item>
				</item>
				<item>
					<item>Interior Information</item>
					<item>
						<item>Appliances: Built-In Microwave, Dishwasher, Dryer - Front Loading, Icemaker, Oven/Range - Gas, Refrigerator, Stainless Steel Appliances, Washer - Front Loading, Range Hood</item>
						<item>Interior Features: Attic, Built-Ins, Crown Moldings, Chair Railings, Kitchen - Eat-In, Kitchen - Gourmet, Recessed Lighting, Wainscotting, Window Treatments, Wood Floors</item>
						<item>Living Area Sq.Ft. Source: Assessor</item>
					</item>
				</item>
				<item>
					<item>Fireplace Information</item>
					<item>
						<item># of Fireplaces: 2</item>
					</item>
				</item>
			</item>
		</item>
		<item>
			<item>Taxes / Assessments</item>
			<item>
				<item>
					<item>Tax Information</item>
					<item>
						<item>Agricultural Tax Due: No</item>
						<item>City/Town Tax: $7,767</item>
						<item>Tax Assessed Value: $1,008,650</item>
						<item>Tax Year: 2019</item>
						<item>Tax Annual Amount: $7,767</item>
					</item>
				</item>
				<item>
					<item>Assessments Information</item>
					<item>
						<item>Year Assessed: 2019</item>
					</item>
				</item>
			</item>
		</item>
		<item>
			<item>Property / Lot Details</item>
			<item>
				<item>
					<item>Property Information</item>
					<item>
						<item>Total Below Grade Sq. Ft.: 873</item>
						<item>Improvement Assessed Value: $528,330</item>
						<item>Ownership Interest: Fee Simple</item>
						<item>Property Condition: Excellent</item>
						<item>Year Built Source: Assessor</item>
					</item>
				</item>
				<item>
					<item>Building Information</item>
					<item>
						<item>Construction Materials: Brick</item>
						<item>Other Structures: Above Grade, Below Grade</item>
						<item>Structure Type: Detached</item>
					</item>
				</item>
				<item>
					<item>Exterior Information</item>
					<item>
						<item>Fencing: Board</item>
					</item>
				</item>
				<item>
					<item>Lot Information</item>
					<item>
						<item>Lot Features: Landscaping</item>
						<item>Tidal Water: No</item>
					</item>
				</item>
				<item>
					<item>Land Information</item>
					<item>
						<item>Land Assessed Value: $480,320</item>
					</item>
				</item>
				<item>
					<item>Above Grade Information</item>
					<item>
						<item>Finished Sq.Ft.: 2,138</item>
						<item>Finished Sq.Ft. Source: Assessor</item>
					</item>
				</item>
				<item>
					<item>Below Grade Information</item>
					<item>
						<item>Unfinished Sq.Ft.: 373</item>
						<item>Unfinished Sq.Ft. Source: Assessor</item>
						<item>Finished Sq.Ft.: 500</item>
						<item>Finished Sq.Ft. Source: Assessor</item>
					</item>
				</item>
			</item>
		</item>
		<item>
			<item>Location Details</item>
			<item>
				<item>
					<item>Location Information</item>
					<item>
						<item>In City Limits</item>
						<item>Directions: North on Utah St NW, right on 31st Street. </item>
						<item>Transportation: Metro/Subway Station 1 to 3 miles</item>
					</item>
				</item>
			</item>
		</item>
	</property_details>
	<public_facts>
		<Beds>3</Beds>
		<Baths>3</Baths>
		<Finished_Sq._Ft.>2,138</Finished_Sq._Ft.>
		<Unfinished_Sq._Ft.>—</Unfinished_Sq._Ft.>
		<Total_Sq._Ft.>2,138</Total_Sq._Ft.>
		<Stories>2</Stories>
		<Lot_Size>5,500 Sq. Ft.</Lot_Size>
		<Style>Single Family Residential</Style>
		<Year_Built>1934</Year_Built>
		<Year_Renovated>2011</Year_Renovated>
		<County>District of Columbia</County>
		<APN>2333    0802</APN>
	</public_facts>
</home>
