<?xml version="1.0" ?>
<home>
	<HomeInfo_Address>
		<street-address>2749 Unicorn Ln NW </street-address>
		<locality>Washington, </locality>
		<region>DC</region>
		<postal-code>20015</postal-code>
	</HomeInfo_Address>
	<main_stats>
		<Price>$1,149,000</Price>
		<Beds>3</Beds>
		<Baths>3.5</Baths>
		<key name="$368 / Sq. Ft.">3,120</key>
	</main_stats>
	<text_base_description> * Lafayette ES, Deal MS and Wilson HS district! *  Rarely-available 3-bed, 3.5-bath townhome with over 3100 sq ft in idyllic Chatsworth: a quiet enclave of townhomes across from Rock Creek Park! Gorgeous hardwood floors throughout. Stunning light-filled great room with 2-story ceiling is the centerpiece of this home. Relax by the cozy wood-burning fireplace or enjoy the serene tree-lined views from the balcony. Bright and airy kitchen with white cabinets, gleaming granite countertops, stainless steel appliances, french-door refrigerator, and eat-in breakfast peninsula. Kitchen opens to large formal dining room with overlook views of great room. Spacious lower-level family room boasts beautiful wood built-ins, renovated full bath, and access to fully-fenced outdoor patio with slate tiles, perfect for a BBQ or evening drink in your own private oasis! Owner's Suite offers ample closet space, spa-like bath with dual-sink vanity and tiled stand-up shower, plus peaceful views of wooded area. Two additional bedrooms and full bath complete the upper level. One-car garage and driveway plus plenty of visitor parking throughout. Unbeatable location is just steps to Rock Creek Park and easy access to downtown DC, White House, Capitol Hill, Friendship Heights, Bethesda, Chevy Chase, and more.  </text_base_description>
	<listed_by>
		<name>Sheena Saydam</name>
		<org> • Keller Williams Capital Properties </org>
	</listed_by>
	<price_insights>
		<List_Price>$1,149,000</List_Price>
		<Est._Mo._Payment>$4,842</Est._Mo._Payment>
		<Redfin_Estimate>$1,145,679</Redfin_Estimate>
		<key name="Price/Sq.Ft.">$368</key>
	</price_insights>
	<home_facts>
		<Status>Active</Status>
		<Time_on_Redfin>14 days</Time_on_Redfin>
		<HOA_Dues>$150/month</HOA_Dues>
		<Year_Built>1979</Year_Built>
		<Style>Colonial</Style>
		<Community>CHEVY CHASE</Community>
		<Lot_Size>2,080 Sq. Ft.</Lot_Size>
		<key name="MLS#">DCDC484172</key>
	</home_facts>
	<property_details>
		<item>
			<item>Virtual Tour, Parking / Garage, Homeowners Association, School / Neighborhood</item>
			<item>
				<item>
					<item>Virtual Tour</item>
					<item>
						<item>Virtual Tour Unbranded (External Link)</item>
					</item>
				</item>
				<item>
					<item>Parking Information</item>
					<item>
						<item># of Attached Garage Spaces: 1</item>
						<item>Garage Features: Garage - Front Entry</item>
						<item># of Total Garage and Parking Spaces: 2</item>
						<item>Has Garage</item>
						<item># of Garage Spaces: 1</item>
						<item>Driveway - # of Spaces: 1</item>
						<item>Attached Garage, Driveway</item>
					</item>
				</item>
				<item>
					<item>Homeowners Association Information</item>
					<item>
						<item>HOA/Condo/Coop Fee Includes: Common Area Maintenance</item>
						<item>HOA Fee: $1,800</item>
						<item>HOA Fee Frequency: Annually</item>
					</item>
				</item>
				<item>
					<item>School Information</item>
					<item>
						<item>Elementary School: LAFAYETTE</item>
						<item>Middle Or Junior School: DEAL JUNIOR HIGH SCHOOL</item>
						<item>High School: WILSON</item>
						<item>School District Name: DISTRICT OF COLUMBIA PUBLIC SCHOOLS</item>
						<item>Elementary School Source: Listing Agent</item>
						<item>Middle School Source: Listing Agent</item>
						<item>High School Source: Listing Agent</item>
						<item>School District Source: Listing Agent</item>
					</item>
				</item>
			</item>
		</item>
		<item>
			<item>Interior Features</item>
			<item>
				<item>
					<item>Bedroom Information</item>
					<item>
						<item># of Bedrooms On 1st Upper Level: 3</item>
					</item>
				</item>
				<item>
					<item>Bathroom Information</item>
					<item>
						<item># of Bathrooms (Full) On 1st Upper Level: 2</item>
						<item># of Bathrooms (Half) On Main Level: 1</item>
						<item># of Bathrooms (Full) On 1st Lower Level: 1</item>
						<item># of Bathrooms (Full) On All Upper Levels: 2</item>
						<item># of Bathrooms (Full) On All Lower Levels: 1</item>
						<item># of Bathrooms (Half): 1</item>
						<item># of Bathrooms (Full): 3</item>
					</item>
				</item>
				<item>
					<item>Interior Information</item>
					<item>
						<item>Appliances: Built-In Microwave, Dishwasher, Disposal, Refrigerator, Stove, Washer, Dryer, Stainless Steel Appliances</item>
						<item>Flooring Type: Hardwood</item>
						<item>Interior Features: Kitchen - Gourmet, Wood Floors, Built-Ins, CeilngFan(s), Chair Railings, Crown Moldings</item>
						<item>Living Area Sq.Ft. Source: Assessor</item>
					</item>
				</item>
				<item>
					<item>Fireplace Information</item>
					<item>
						<item>Has Fireplace</item>
						<item># of Fireplaces: 1</item>
						<item>Wood</item>
					</item>
				</item>
			</item>
		</item>
		<item>
			<item>Utilities, Location Details</item>
			<item>
				<item>
					<item>Utilities Information</item>
					<item>
						<item>Central Air</item>
						<item>Cooling Type: Central A/C</item>
						<item>Cooling Fuel: Electric</item>
						<item>Forced Air</item>
						<item>Heating Fuel: Electric</item>
						<item>Hot Water: Electric</item>
						<item>Sewer Septic: Public Sewer</item>
						<item>Water Source: Public</item>
					</item>
				</item>
				<item>
					<item>Location Information</item>
					<item>
						<item>Outside City Limits</item>
						<item>Directions: google maps</item>
						<item>Location Type: Near National Park</item>
					</item>
				</item>
			</item>
		</item>
		<item>
			<item>Taxes / Assessments</item>
			<item>
				<item>
					<item>Tax Information</item>
					<item>
						<item>City/Town Tax: $7,753</item>
						<item>Tax Assessed Value: $1,014,900</item>
						<item>Tax Year: 2019</item>
						<item>Tax Annual Amount: $7,753</item>
					</item>
				</item>
				<item>
					<item>Assessments Information</item>
					<item>
						<item>Year Assessed: 2019</item>
					</item>
				</item>
			</item>
		</item>
		<item>
			<item>Property / Lot Details</item>
			<item>
				<item>
					<item>Property Information</item>
					<item>
						<item>Total Below Grade Sq. Ft.: 0</item>
						<item>Improvement Assessed Value: $603,270</item>
						<item>Ownership Interest: Fee Simple</item>
						<item>Year Built Source: Assessor</item>
					</item>
				</item>
				<item>
					<item>Building Information</item>
					<item>
						<item>Construction Materials: Brick</item>
						<item>Other Structures: Above Grade, Below Grade</item>
						<item>Outdoor Living Structures: Patio(s), Balcony</item>
						<item>Structure Type: Interior Townhouse/Rowhouse</item>
					</item>
				</item>
				<item>
					<item>Lot Information</item>
					<item>
						<item>Tidal Water: No</item>
					</item>
				</item>
				<item>
					<item>Land Information</item>
					<item>
						<item>Land Assessed Value: $411,630</item>
						<item>Soil Types: Udorthents, Loam</item>
					</item>
				</item>
				<item>
					<item>Above Grade Information</item>
					<item>
						<item>Finished Sq.Ft.: 3,120</item>
						<item>Finished Sq.Ft. Source: Assessor</item>
					</item>
				</item>
				<item>
					<item>Below Grade Information</item>
					<item>
						<item>Unfinished Sq.Ft. Source: Assessor</item>
						<item>Finished Sq.Ft. Source: Assessor</item>
					</item>
				</item>
			</item>
		</item>
	</property_details>
	<public_facts>
		<Beds>3</Beds>
		<Baths>3.5</Baths>
		<Finished_Sq._Ft.>3,120</Finished_Sq._Ft.>
		<Unfinished_Sq._Ft.>—</Unfinished_Sq._Ft.>
		<Total_Sq._Ft.>3,120</Total_Sq._Ft.>
		<Stories>3</Stories>
		<Lot_Size>2,080 Sq. Ft.</Lot_Size>
		<Style>Townhouse</Style>
		<Year_Built>1979</Year_Built>
		<Year_Renovated>—</Year_Renovated>
		<County>District of Columbia</County>
		<APN>2345    0022</APN>
	</public_facts>
</home>
